season,round,session,driver_slug,lap,stint,lap_time,sector1,sector2,sector3,compound,tyre_life,fresh_tyre,speed_trap,is_personal_best,deleted,is_accurate
2018,1,fp1,vandoorne,1,1,,50.217,26.276,,ULTRASOFT,1,1,199.0,0,0,0
2018,1,fp1,vandoorne,2,2,,38.376,24.973,,ULTRASOFT,2,0,194.0,0,0,0
2018,1,fp1,vandoorne,3,3,104.092,40.062,25.482,38.548,SOFT,1,1,202.0,0,0,0
2018,1,fp1,vandoorne,4,3,89.558,29.362,24.068,36.128,SOFT,2,1,292.0,1,0,1
2018,1,fp1,vandoorne,5,3,,29.632,24.11,,SOFT,3,1,293.0,0,0,0
2018,1,fp1,vandoorne,6,4,120.978,57.109,25.451,38.418,SOFT,4,0,204.0,0,0,0
2018,1,fp1,vandoorne,7,4,87.797,29.067,23.839,34.891,SOFT,5,0,292.0,1,0,1
2018,1,fp1,vandoorne,8,4,95.9,29.041,23.842,43.017,SOFT,6,0,295.0,0,0,1
2018,1,fp1,vandoorne,9,4,86.541,28.611,23.629,34.301,SOFT,7,0,302.0,1,0,1
2018,1,fp1,vandoorne,10,4,96.092,32.462,26.316,37.314,SOFT,8,0,279.0,0,0,1
2018,1,fp1,vandoorne,11,4,98.273,31.923,25.347,41.003,SOFT,9,0,306.0,0,0,1
2018,1,fp1,vandoorne,12,4,86.482,28.723,23.47,34.289,SOFT,10,0,303.0,1,0,1
2018,1,fp1,vandoorne,13,4,88.045,28.801,24.268,34.976,SOFT,11,0,302.0,0,0,1
2018,1,fp1,vandoorne,14,4,148.469,35.572,28.287,84.61,SOFT,12,0,281.0,0,0,1
2018,1,fp1,vandoorne,15,4,,34.489,26.712,,SOFT,13,0,242.0,0,0,0
2018,1,fp1,ricciardo,1,1,,59.606,28.389,,ULTRASOFT,1,1,194.0,0,0,0
2018,1,fp1,ricciardo,2,2,103.443,40.056,25.007,38.38,ULTRASOFT,2,0,192.0,0,0,0
2018,1,fp1,ricciardo,3,2,87.608,28.934,23.395,35.279,ULTRASOFT,3,0,298.0,1,0,0
2018,1,fp1,ricciardo,4,2,108.849,38.062,29.677,41.11,ULTRASOFT,4,0,280.0,0,0,0
2018,1,fp1,ricciardo,5,2,86.299,28.735,23.257,34.307,ULTRASOFT,5,0,299.0,1,0,0
2018,1,fp1,ricciardo,6,2,109.175,36.307,30.111,42.757,ULTRASOFT,6,0,262.0,0,0,0
2018,1,fp1,ricciardo,7,2,85.462,28.37,23.073,34.019,ULTRASOFT,7,0,304.0,1,0,1
2018,1,fp1,ricciardo,8,2,111.096,37.94,30.386,42.77,ULTRASOFT,8,0,225.0,0,0,1
2018,1,fp1,ricciardo,9,2,85.063,28.235,23.122,33.706,ULTRASOFT,9,0,302.0,1,0,1
2018,1,fp1,ricciardo,10,2,,33.492,25.522,,ULTRASOFT,10,0,259.0,0,0,0
2018,1,fp1,ricciardo,11,3,105.258,41.25,26.367,37.641,SUPERSOFT,1,1,207.0,0,0,0
2018,1,fp1,ricciardo,12,3,85.13,28.203,23.041,33.886,SUPERSOFT,2,1,302.0,0,0,1
2018,1,fp1,ricciardo,13,3,112.826,38.31,31.571,42.945,SUPERSOFT,3,1,265.0,0,0,1
2018,1,fp1,ricciardo,14,3,112.838,28.366,23.302,61.17,SUPERSOFT,4,1,299.0,0,0,0
2018,1,fp1,ricciardo,15,4,111.489,46.205,26.638,38.646,SUPERSOFT,5,0,189.0,0,0,0
2018,1,fp1,ricciardo,16,4,85.565,28.279,23.255,34.031,SUPERSOFT,6,0,304.0,0,0,1
2018,1,fp1,ricciardo,17,4,115.108,39.833,30.749,44.526,SUPERSOFT,7,0,300.0,0,0,1
2018,1,fp1,ricciardo,18,4,,28.368,23.273,,SUPERSOFT,8,0,303.0,0,0,0
2018,1,fp1,ricciardo,19,5,118.271,55.691,25.198,37.382,SUPERSOFT,9,0,196.0,0,0,0
2018,1,fp1,ricciardo,20,5,89.347,29.483,23.929,35.935,SUPERSOFT,10,0,282.0,0,0,1
2018,1,fp1,ricciardo,21,5,89.496,29.821,24.051,35.624,SUPERSOFT,11,0,283.0,0,0,1
2018,1,fp1,ricciardo,22,5,89.061,29.533,23.893,35.635,SUPERSOFT,12,0,281.0,0,0,1
2018,1,fp1,ricciardo,23,5,89.042,29.525,23.991,35.526,SUPERSOFT,13,0,280.0,0,0,1
2018,1,fp1,ricciardo,24,5,125.78,29.831,24.053,71.896,SUPERSOFT,14,0,277.0,0,0,1
2018,1,fp1,ricciardo,25,5,,38.339,26.551,,SUPERSOFT,15,0,191.0,0,0,0
2018,1,fp1,vettel,1,1,,42.499,27.149,,SOFT,1,1,188.0,0,0,0
2018,1,fp1,vettel,2,2,104.808,39.591,25.731,39.486,SOFT,2,0,205.0,0,0,0
2018,1,fp1,vettel,3,2,90.108,30.324,23.836,35.948,SOFT,3,0,289.0,1,0,0
2018,1,fp1,vettel,4,2,87.657,29.12,23.684,34.853,SOFT,4,0,300.0,1,0,0
2018,1,fp1,vettel,5,2,92.251,29.146,23.7,39.405,SOFT,5,0,304.0,0,0,0
2018,1,fp1,vettel,6,2,86.785,28.877,23.504,34.404,SOFT,6,0,304.0,1,0,0
2018,1,fp1,vettel,7,2,92.451,30.467,24.947,37.037,SOFT,7,0,308.0,0,0,1
2018,1,fp1,vettel,8,2,85.911,28.6,23.258,34.053,SOFT,8,0,313.0,1,0,1
2018,1,fp1,vettel,9,2,110.804,31.176,24.114,55.514,SOFT,9,0,278.0,0,0,0
2018,1,fp1,vettel,10,3,,69.524,29.419,,SOFT,10,0,208.0,0,0,0
2018,1,fp1,vettel,11,4,104.958,38.244,25.451,41.263,SUPERSOFT,1,1,213.0,0,0,0
2018,1,fp1,vettel,12,4,91.504,28.381,23.083,40.04,SUPERSOFT,2,1,305.0,0,0,1
2018,1,fp1,vettel,13,4,96.0,31.487,24.313,40.2,SUPERSOFT,3,1,270.0,0,0,1
2018,1,fp1,vettel,14,4,91.754,28.364,25.139,38.251,SUPERSOFT,4,1,313.0,0,0,1
2018,1,fp1,vettel,15,4,85.34,28.228,23.224,33.888,SUPERSOFT,5,1,310.0,1,0,1
2018,1,fp1,vettel,16,4,99.747,33.104,27.379,39.264,SUPERSOFT,6,1,281.0,0,0,1
2018,1,fp1,vettel,17,4,84.995,28.172,23.001,33.822,SUPERSOFT,7,1,311.0,1,0,1
2018,1,fp1,vettel,18,4,,32.305,26.53,,SUPERSOFT,8,1,235.0,0,0,0
2018,1,fp1,vettel,19,5,100.004,38.626,24.976,36.402,SUPERSOFT,9,0,213.0,0,0,0
2018,1,fp1,vettel,20,5,89.014,29.572,23.878,35.564,SUPERSOFT,10,0,285.0,0,0,1
2018,1,fp1,vettel,21,5,,30.538,29.937,92.425,SUPERSOFT,11,0,285.0,0,0,0
2018,1,fp1,vettel,22,5,,40.066,32.133,,SUPERSOFT,12,0,198.0,0,0,0
2018,1,fp1,raikkonen,1,1,,41.851,27.091,,SOFT,1,1,202.0,0,0,0
2018,1,fp1,raikkonen,2,2,105.081,38.835,25.671,40.575,SOFT,2,0,211.0,0,0,0
2018,1,fp1,raikkonen,3,2,86.989,29.013,23.491,34.485,SOFT,3,0,303.0,1,0,0
2018,1,fp1,raikkonen,4,2,93.167,29.18,25.665,38.322,SOFT,4,0,303.0,0,0,0
2018,1,fp1,raikkonen,5,2,92.296,30.201,25.699,36.396,SOFT,5,0,305.0,0,0,0
2018,1,fp1,raikkonen,6,2,95.605,28.644,26.068,40.893,SOFT,6,0,307.0,0,0,1
2018,1,fp1,raikkonen,7,2,85.842,28.249,23.255,34.338,SOFT,7,0,311.0,1,0,1
2018,1,fp1,raikkonen,8,2,107.889,31.787,24.882,51.22,SOFT,8,0,270.0,0,0,0
2018,1,fp1,raikkonen,9,3,,67.579,29.258,,SOFT,9,0,217.0,0,0,0
2018,1,fp1,raikkonen,10,4,102.187,37.905,25.372,38.91,SOFT,1,1,218.0,0,0,0
2018,1,fp1,raikkonen,11,4,85.488,28.248,23.21,34.03,SOFT,2,1,303.0,1,0,1
2018,1,fp1,raikkonen,12,4,105.409,34.431,28.626,42.352,SOFT,3,1,235.0,0,0,1
2018,1,fp1,raikkonen,13,4,85.734,28.334,23.361,34.039,SOFT,4,1,307.0,0,0,1
2018,1,fp1,raikkonen,14,4,102.661,34.91,23.985,43.766,SOFT,5,1,307.0,0,0,1
2018,1,fp1,raikkonen,15,4,95.615,28.336,24.839,42.44,SOFT,6,1,309.0,0,0,1
2018,1,fp1,raikkonen,16,4,96.818,31.078,26.525,39.215,SOFT,7,1,312.0,0,0,1
2018,1,fp1,raikkonen,17,4,84.875,28.118,23.053,33.704,SOFT,8,1,311.0,1,0,1
2018,1,fp1,raikkonen,18,4,,31.266,26.654,,SOFT,9,1,247.0,0,0,0
2018,1,fp1,raikkonen,19,5,99.732,37.901,25.004,36.827,SOFT,10,0,213.0,0,0,0
2018,1,fp1,raikkonen,20,5,89.193,29.342,24.058,35.793,SOFT,11,0,302.0,0,0,1
2018,1,fp1,raikkonen,21,5,88.68,29.384,23.941,35.355,SOFT,12,0,302.0,0,0,1
2018,1,fp1,raikkonen,22,5,,33.936,29.945,95.897,SOFT,13,0,302.0,0,0,0
2018,1,fp1,raikkonen,23,5,,33.27,24.057,,SOFT,14,0,241.0,0,0,0
2018,1,fp1,grosjean,1,1,,45.356,26.783,,SUPERSOFT,1,1,178.0,0,0,0
2018,1,fp1,grosjean,2,2,113.516,51.476,25.159,36.881,SUPERSOFT,2,0,211.0,0,0,0
2018,1,fp1,grosjean,3,2,92.274,29.7,24.042,38.532,SUPERSOFT,3,0,301.0,1,0,1
2018,1,fp1,grosjean,4,2,88.03,29.102,23.643,35.285,SUPERSOFT,4,0,301.0,1,0,1
2018,1,fp1,grosjean,5,2,98.689,30.178,24.359,44.152,SUPERSOFT,5,0,297.0,0,0,1
2018,1,fp1,grosjean,6,2,87.867,28.835,23.897,35.135,SUPERSOFT,6,0,301.0,1,0,1
2018,1,fp1,grosjean,7,2,87.799,29.036,23.754,35.009,SUPERSOFT,7,0,302.0,1,0,1
2018,1,fp1,grosjean,8,2,89.749,28.727,23.739,37.283,SUPERSOFT,8,0,303.0,0,0,1
2018,1,fp1,grosjean,9,2,,34.389,26.803,,SUPERSOFT,9,0,263.0,0,0,0
2018,1,fp1,grosjean,10,3,115.694,44.626,24.931,46.137,ULTRASOFT,1,1,210.0,0,0,0
2018,1,fp1,grosjean,11,3,86.458,28.55,23.523,34.385,ULTRASOFT,2,1,305.0,1,0,1
2018,1,fp1,grosjean,12,3,100.471,31.984,25.482,43.005,ULTRASOFT,3,1,277.0,0,0,1
2018,1,fp1,grosjean,13,3,89.434,28.662,23.707,37.065,ULTRASOFT,4,1,302.0,0,0,1
2018,1,fp1,grosjean,14,3,85.73,28.375,23.228,34.127,ULTRASOFT,5,1,300.0,1,0,1
2018,1,fp1,grosjean,15,3,102.869,33.867,26.599,42.403,ULTRASOFT,6,1,266.0,0,0,1
2018,1,fp1,grosjean,16,3,85.811,28.202,23.162,34.447,ULTRASOFT,7,1,309.0,0,0,1
2018,1,fp1,grosjean,17,3,,34.996,26.28,,ULTRASOFT,8,1,268.0,0,0,0
2018,1,fp1,grosjean,18,4,111.401,45.581,25.242,40.578,ULTRASOFT,9,0,208.0,0,0,0
2018,1,fp1,grosjean,19,4,90.18,29.67,24.153,36.357,ULTRASOFT,10,0,305.0,0,0,1
2018,1,fp1,grosjean,20,4,89.998,29.614,24.374,36.01,ULTRASOFT,11,0,305.0,0,0,1
2018,1,fp1,grosjean,21,4,89.848,29.49,24.365,35.993,ULTRASOFT,12,0,304.0,0,0,1
2018,1,fp1,grosjean,22,4,92.526,29.531,26.201,36.794,ULTRASOFT,13,0,308.0,0,0,1
2018,1,fp1,grosjean,23,4,,37.34,33.685,93.871,ULTRASOFT,14,0,248.0,0,0,0
2018,1,fp1,grosjean,24,4,,42.69,32.377,,ULTRASOFT,15,0,168.0,0,0,0
2018,1,fp1,ericsson,1,1,144.023,48.32,29.131,66.572,SUPERSOFT,1,1,160.0,0,0,0
2018,1,fp1,ericsson,2,2,,65.25,27.403,,SUPERSOFT,1,0,169.0,0,0,0
2018,1,fp1,ericsson,3,3,128.766,57.872,25.399,45.495,SUPERSOFT,3,0,159.0,0,0,0
2018,1,fp1,ericsson,4,3,92.015,30.787,24.714,36.514,SUPERSOFT,4,0,277.0,1,0,1
2018,1,fp1,ericsson,5,3,96.016,29.933,23.964,42.119,SUPERSOFT,5,0,284.0,0,0,1
2018,1,fp1,ericsson,6,3,96.492,29.507,23.951,43.034,SUPERSOFT,6,0,301.0,0,0,1
2018,1,fp1,ericsson,7,3,89.097,29.353,24.112,35.632,SUPERSOFT,7,0,297.0,1,0,1
2018,1,fp1,ericsson,8,3,89.118,29.389,23.932,35.797,SUPERSOFT,8,0,296.0,0,0,1
2018,1,fp1,ericsson,9,3,89.346,29.368,24.149,35.829,SUPERSOFT,9,0,292.0,0,0,1
2018,1,fp1,ericsson,10,3,,34.953,25.712,,SUPERSOFT,10,0,263.0,0,0,0
2018,1,fp1,ericsson,11,4,115.025,50.721,25.557,38.747,ULTRASOFT,1,1,195.0,0,0,0
2018,1,fp1,ericsson,12,4,88.437,29.178,23.846,35.413,ULTRASOFT,2,1,300.0,1,0,1
2018,1,fp1,ericsson,13,4,114.288,35.404,31.187,47.697,ULTRASOFT,3,1,232.0,0,0,1
2018,1,fp1,ericsson,14,4,88.332,29.208,23.8,35.324,ULTRASOFT,4,1,297.0,1,0,1
2018,1,fp1,ericsson,15,4,88.297,29.143,23.76,35.394,ULTRASOFT,5,1,301.0,1,0,1
2018,1,fp1,ericsson,16,4,88.05,29.029,23.821,35.2,ULTRASOFT,6,1,298.0,1,0,1
2018,1,fp1,ericsson,17,4,112.785,33.469,30.63,48.686,ULTRASOFT,7,1,273.0,0,0,1
2018,1,fp1,ericsson,18,4,87.964,28.906,23.858,35.2,ULTRASOFT,8,1,303.0,1,0,1
2018,1,fp1,ericsson,19,4,,37.004,28.96,,ULTRASOFT,9,1,252.0,0,0,0
2018,1,fp1,ericsson,20,5,116.717,54.132,25.037,37.548,ULTRASOFT,10,0,170.0,0,0,0
2018,1,fp1,ericsson,21,5,88.518,29.112,24.019,35.387,ULTRASOFT,11,0,298.0,0,0,1
2018,1,fp1,ericsson,22,5,88.9,29.395,24.045,35.46,ULTRASOFT,12,0,302.0,0,0,1
2018,1,fp1,ericsson,23,5,89.123,29.439,24.092,35.592,ULTRASOFT,13,0,304.0,0,0,1
2018,1,fp1,ericsson,24,5,89.632,29.709,24.433,35.49,ULTRASOFT,14,0,304.0,0,0,1
2018,1,fp1,ericsson,25,5,88.979,29.511,23.988,35.48,ULTRASOFT,15,0,302.0,0,0,1
2018,1,fp1,ericsson,26,5,88.913,29.263,24.135,35.515,ULTRASOFT,16,0,300.0,0,0,1
2018,1,fp1,ericsson,27,5,,36.513,29.127,85.501,ULTRASOFT,17,0,191.0,0,0,0
2018,1,fp1,ericsson,28,5,,40.181,27.849,,ULTRASOFT,18,0,158.0,0,0,0
2018,1,fp1,gasly,1,,122.753,46.335,28.316,48.102,,,1,184.0,0,0,0
2018,1,fp1,gasly,2,1,,33.255,25.15,,SUPERSOFT,1,1,251.0,0,0,0
2018,1,fp1,gasly,3,2,125.024,56.553,27.743,40.728,SUPERSOFT,3,0,210.0,0,0,0
2018,1,fp1,gasly,4,2,89.187,29.835,23.898,35.454,SUPERSOFT,4,0,293.0,1,0,0
2018,1,fp1,gasly,5,2,88.247,29.235,23.615,35.397,SUPERSOFT,5,0,292.0,1,0,1
2018,1,fp1,gasly,6,2,107.398,37.791,28.782,40.825,SUPERSOFT,6,0,264.0,0,0,1
2018,1,fp1,gasly,7,2,88.063,29.163,23.694,35.206,SUPERSOFT,7,0,294.0,1,0,1
2018,1,fp1,gasly,8,2,116.606,35.505,25.64,55.461,SUPERSOFT,8,0,292.0,0,0,0
2018,1,fp1,gasly,9,3,,38.041,24.878,,SUPERSOFT,9,0,223.0,0,0,0
2018,1,fp1,gasly,10,4,121.174,50.521,28.882,41.771,SUPERSOFT,1,1,208.0,0,0,0
2018,1,fp1,gasly,11,4,87.34,28.908,23.462,34.97,SUPERSOFT,2,1,305.0,1,0,1
2018,1,fp1,gasly,12,4,109.584,38.517,29.072,41.995,SUPERSOFT,3,1,243.0,0,0,1
2018,1,fp1,gasly,13,4,86.494,28.639,23.343,34.512,SUPERSOFT,4,1,304.0,1,0,1
2018,1,fp1,gasly,14,4,104.407,37.528,26.843,40.036,SUPERSOFT,5,1,273.0,0,0,1
2018,1,fp1,gasly,15,4,88.421,29.088,23.791,35.542,SUPERSOFT,6,1,294.0,0,0,1
2018,1,fp1,gasly,16,4,,35.048,31.928,,SUPERSOFT,7,1,306.0,0,0,0
2018,1,fp1,gasly,17,5,115.655,52.557,25.503,37.595,SUPERSOFT,8,0,200.0,0,0,0
2018,1,fp1,gasly,18,5,91.814,30.427,24.464,36.923,SUPERSOFT,9,0,281.0,0,0,1
2018,1,fp1,gasly,19,5,90.688,30.027,24.438,36.223,SUPERSOFT,10,0,287.0,0,0,1
2018,1,fp1,gasly,20,5,91.239,30.209,24.561,36.469,SUPERSOFT,11,0,284.0,0,0,1
2018,1,fp1,gasly,21,5,90.868,30.257,24.351,36.26,SUPERSOFT,12,0,283.0,0,0,1
2018,1,fp1,gasly,22,5,92.046,30.956,24.526,36.564,SUPERSOFT,13,0,283.0,0,0,1
2018,1,fp1,gasly,23,5,91.201,30.242,24.467,36.492,SUPERSOFT,14,0,284.0,0,0,1
2018,1,fp1,gasly,24,5,132.577,30.598,24.432,77.547,SUPERSOFT,15,0,279.0,0,0,1
2018,1,fp1,gasly,25,5,,40.027,28.385,,SUPERSOFT,16,0,233.0,0,0,0
2018,1,fp1,perez,1,1,111.346,43.9,27.546,39.9,ULTRASOFT,1,1,191.0,0,0,0
2018,1,fp1,perez,2,1,,35.302,26.266,,ULTRASOFT,2,1,212.0,0,0,0
2018,1,fp1,perez,3,2,106.307,39.958,24.846,41.503,ULTRASOFT,3,0,218.0,0,0,0
2018,1,fp1,perez,4,2,88.997,29.904,23.803,35.29,ULTRASOFT,4,0,297.0,1,0,0
2018,1,fp1,perez,5,2,102.439,32.315,28.294,41.83,ULTRASOFT,5,0,263.0,0,0,1
2018,1,fp1,perez,6,2,87.245,29.107,23.564,34.574,ULTRASOFT,6,0,311.0,1,0,1
2018,1,fp1,perez,7,2,105.604,34.573,29.384,41.647,ULTRASOFT,7,0,246.0,0,0,1
2018,1,fp1,perez,8,2,99.252,34.043,25.778,39.431,ULTRASOFT,8,0,310.0,0,0,1
2018,1,fp1,perez,9,2,86.841,28.73,23.545,34.566,ULTRASOFT,9,0,311.0,1,0,1
2018,1,fp1,perez,10,2,89.082,29.056,24.338,35.688,ULTRASOFT,10,0,316.0,0,0,1
2018,1,fp1,perez,11,2,,34.708,25.504,,ULTRASOFT,11,0,261.0,0,0,0
2018,1,fp1,perez,12,3,106.582,37.053,26.028,43.501,SUPERSOFT,1,1,221.0,0,0,0
2018,1,fp1,perez,13,3,87.6,28.561,23.741,35.298,SUPERSOFT,2,1,313.0,0,0,1
2018,1,fp1,perez,14,3,104.911,34.737,26.959,43.215,SUPERSOFT,3,1,231.0,0,0,1
2018,1,fp1,perez,15,3,87.499,28.958,23.546,34.995,SUPERSOFT,4,1,312.0,0,0,1
2018,1,fp1,perez,16,3,100.877,33.402,27.966,39.509,SUPERSOFT,5,1,236.0,0,0,1
2018,1,fp1,perez,17,3,86.767,28.731,23.505,34.531,SUPERSOFT,6,1,313.0,1,0,1
2018,1,fp1,perez,18,3,,37.774,31.918,,SUPERSOFT,7,1,265.0,0,0,0
2018,1,fp1,perez,19,4,102.021,38.213,24.851,38.957,SUPERSOFT,8,0,221.0,0,0,0
2018,1,fp1,perez,20,4,90.028,29.973,24.225,35.83,SUPERSOFT,9,0,292.0,0,0,1
2018,1,fp1,perez,21,4,90.33,29.693,24.537,36.1,SUPERSOFT,10,0,293.0,0,0,1
2018,1,fp1,perez,22,4,90.372,29.979,24.334,36.059,SUPERSOFT,11,0,296.0,0,0,1
2018,1,fp1,perez,23,4,90.169,29.858,24.379,35.932,SUPERSOFT,12,0,294.0,0,0,1
2018,1,fp1,perez,24,4,90.171,29.908,24.217,36.046,SUPERSOFT,13,0,294.0,0,0,1
2018,1,fp1,perez,25,4,,35.89,26.096,93.827,SUPERSOFT,14,0,223.0,0,0,0
2018,1,fp1,perez,26,4,,34.126,24.97,,SUPERSOFT,15,0,240.0,0,0,0
2018,1,fp1,alonso,1,1,,40.635,26.32,,ULTRASOFT,1,1,179.0,0,0,0
2018,1,fp1,alonso,2,2,,40.345,25.378,,ULTRASOFT,2,0,202.0,0,0,0
2018,1,fp1,alonso,3,3,102.545,40.974,24.867,36.704,SUPERSOFT,1,1,153.0,0,0,0
2018,1,fp1,alonso,4,3,86.638,28.853,23.466,34.319,SUPERSOFT,2,1,294.0,1,0,1
2018,1,fp1,alonso,5,3,88.034,29.026,23.789,35.219,SUPERSOFT,3,1,292.0,0,0,1
2018,1,fp1,alonso,6,3,96.359,30.752,25.797,39.81,SUPERSOFT,4,1,289.0,0,0,1
2018,1,fp1,alonso,7,3,86.285,28.727,23.546,34.012,SUPERSOFT,5,1,297.0,1,0,1
2018,1,fp1,alonso,8,3,100.535,33.956,27.642,38.937,SUPERSOFT,6,1,274.0,0,0,1
2018,1,fp1,alonso,9,3,85.896,28.485,23.312,34.099,SUPERSOFT,7,1,298.0,1,0,1
2018,1,fp1,alonso,10,3,,34.137,27.482,,SUPERSOFT,8,1,257.0,0,0,0
2018,1,fp1,alonso,11,4,115.334,53.772,25.266,36.296,SUPERSOFT,9,0,214.0,0,0,0
2018,1,fp1,alonso,12,4,87.618,28.877,23.701,35.04,SUPERSOFT,10,0,300.0,0,0,1
2018,1,fp1,alonso,13,4,91.69,29.76,24.116,37.814,SUPERSOFT,11,0,299.0,0,0,1
2018,1,fp1,alonso,14,4,87.055,28.586,23.415,35.054,SUPERSOFT,12,0,298.0,0,0,1
2018,1,fp1,alonso,15,4,,31.847,30.089,92.549,SUPERSOFT,13,0,226.0,0,0,0
2018,1,fp1,alonso,16,4,,32.276,24.302,,SUPERSOFT,14,0,250.0,0,0,0
2018,1,fp1,leclerc,1,1,140.255,46.393,30.774,63.088,SUPERSOFT,1,1,184.0,0,0,0
2018,1,fp1,leclerc,2,2,,62.986,29.812,,SUPERSOFT,1,0,191.0,0,0,0
2018,1,fp1,leclerc,3,3,127.977,59.534,27.412,41.031,SUPERSOFT,3,0,195.0,0,0,0
2018,1,fp1,leclerc,4,3,95.396,32.05,25.104,38.242,SUPERSOFT,4,0,267.0,1,0,1
2018,1,fp1,leclerc,5,3,93.576,30.634,24.641,38.301,SUPERSOFT,5,0,289.0,1,0,1
2018,1,fp1,leclerc,6,3,93.668,30.331,24.594,38.743,SUPERSOFT,6,0,295.0,0,0,1
2018,1,fp1,leclerc,7,3,91.34,30.617,24.408,36.315,SUPERSOFT,7,0,298.0,1,0,1
2018,1,fp1,leclerc,8,3,91.113,30.497,24.359,36.257,SUPERSOFT,8,0,280.0,1,0,1
2018,1,fp1,leclerc,9,3,92.363,30.009,25.509,36.845,SUPERSOFT,9,0,297.0,0,0,1
2018,1,fp1,leclerc,10,3,,34.22,25.537,,SUPERSOFT,10,0,296.0,0,0,0
2018,1,fp1,leclerc,11,4,120.246,55.839,25.646,38.761,ULTRASOFT,1,1,213.0,0,0,0
2018,1,fp1,leclerc,12,4,89.202,29.626,23.93,35.646,ULTRASOFT,2,1,291.0,1,0,1
2018,1,fp1,leclerc,13,4,99.955,34.192,26.472,39.291,ULTRASOFT,3,1,250.0,0,0,1
2018,1,fp1,leclerc,14,4,89.195,29.657,24.013,35.525,ULTRASOFT,4,1,298.0,1,0,1
2018,1,fp1,leclerc,15,4,89.226,29.589,23.909,35.728,ULTRASOFT,5,1,296.0,0,0,1
2018,1,fp1,leclerc,16,4,89.313,29.297,24.042,35.974,ULTRASOFT,6,1,293.0,0,0,1
2018,1,fp1,leclerc,17,4,93.316,29.657,26.242,37.417,ULTRASOFT,7,1,294.0,0,0,1
2018,1,fp1,leclerc,18,4,89.536,29.45,24.139,35.947,ULTRASOFT,8,1,304.0,0,0,1
2018,1,fp1,leclerc,19,4,90.498,30.103,24.404,35.991,ULTRASOFT,9,1,295.0,0,0,1
2018,1,fp1,leclerc,20,4,,34.377,25.038,,ULTRASOFT,10,1,265.0,0,0,0
2018,1,fp1,leclerc,21,5,115.879,51.965,26.046,37.868,ULTRASOFT,11,0,212.0,0,0,0
2018,1,fp1,leclerc,22,5,89.197,29.523,24.097,35.577,ULTRASOFT,12,0,297.0,0,0,1
2018,1,fp1,leclerc,23,5,88.853,29.384,24.05,35.419,ULTRASOFT,13,0,304.0,1,0,1
2018,1,fp1,leclerc,24,5,91.539,29.922,24.433,37.184,ULTRASOFT,14,0,299.0,0,0,1
2018,1,fp1,leclerc,25,5,99.774,35.876,26.448,37.45,ULTRASOFT,15,0,266.0,0,0,1
2018,1,fp1,leclerc,26,5,89.062,29.398,24.006,35.658,ULTRASOFT,16,0,299.0,0,0,1
2018,1,fp1,leclerc,27,5,141.151,35.909,27.03,78.212,ULTRASOFT,17,0,249.0,0,0,1
2018,1,fp1,leclerc,28,5,,37.228,30.29,,ULTRASOFT,18,0,228.0,0,0,0
2018,1,fp1,stroll,1,1,,43.985,28.632,,SOFT,1,1,194.0,0,0,0
2018,1,fp1,stroll,2,2,105.266,38.986,25.689,40.591,ULTRASOFT,1,1,210.0,0,0,0
2018,1,fp1,stroll,3,2,89.403,29.905,23.926,35.572,ULTRASOFT,2,1,297.0,1,0,0
2018,1,fp1,stroll,4,2,88.246,29.242,23.841,35.163,ULTRASOFT,3,1,299.0,1,0,0
2018,1,fp1,stroll,5,2,87.726,29.056,23.749,34.921,ULTRASOFT,4,1,302.0,1,0,0
2018,1,fp1,stroll,6,2,102.985,32.835,29.531,40.619,ULTRASOFT,5,1,283.0,0,0,0
2018,1,fp1,stroll,7,2,101.734,29.029,25.815,46.89,ULTRASOFT,6,1,300.0,0,0,0
2018,1,fp1,stroll,8,2,86.882,28.702,23.552,34.628,ULTRASOFT,7,1,304.0,1,0,1
2018,1,fp1,stroll,9,2,109.712,35.148,28.146,46.418,ULTRASOFT,8,1,231.0,0,0,1
2018,1,fp1,stroll,10,2,115.632,28.571,24.114,62.947,ULTRASOFT,9,1,303.0,0,0,0
2018,1,fp1,stroll,11,3,,55.006,28.225,,ULTRASOFT,10,0,168.0,0,0,0
2018,1,fp1,stroll,12,4,101.531,38.461,25.365,37.705,ULTRASOFT,1,1,209.0,0,0,0
2018,1,fp1,stroll,13,4,86.636,28.452,23.62,34.564,ULTRASOFT,2,1,302.0,1,0,1
2018,1,fp1,stroll,14,4,99.785,29.898,27.191,42.696,ULTRASOFT,3,1,304.0,0,0,1
2018,1,fp1,stroll,15,4,86.654,28.645,23.505,34.504,ULTRASOFT,4,1,302.0,0,0,1
2018,1,fp1,stroll,16,4,113.561,36.46,27.96,49.141,ULTRASOFT,5,1,228.0,0,0,1
2018,1,fp1,stroll,17,4,94.125,28.456,23.586,42.083,ULTRASOFT,6,1,302.0,0,0,1
2018,1,fp1,stroll,18,4,109.593,34.767,25.98,48.846,ULTRASOFT,7,1,236.0,0,0,1
2018,1,fp1,stroll,19,4,104.588,31.4,29.36,43.828,ULTRASOFT,8,1,303.0,0,0,1
2018,1,fp1,stroll,20,4,97.493,28.374,24.857,44.262,ULTRASOFT,9,1,304.0,0,0,1
2018,1,fp1,stroll,21,4,,28.497,23.74,,ULTRASOFT,10,1,307.0,0,0,0
2018,1,fp1,stroll,22,5,103.539,40.038,26.005,37.496,ULTRASOFT,11,0,200.0,0,0,0
2018,1,fp1,stroll,23,5,87.249,28.831,23.626,34.792,ULTRASOFT,12,0,301.0,0,0,1
2018,1,fp1,stroll,24,5,88.474,29.31,23.72,35.444,ULTRASOFT,13,0,297.0,0,0,1
2018,1,fp1,stroll,25,5,88.402,29.364,23.749,35.289,ULTRASOFT,14,0,291.0,0,0,1
2018,1,fp1,stroll,26,5,88.774,29.3,23.957,35.517,ULTRASOFT,15,0,290.0,0,0,1
2018,1,fp1,stroll,27,5,88.151,29.255,23.697,35.199,ULTRASOFT,16,0,292.0,0,0,1
2018,1,fp1,stroll,28,5,88.278,29.289,23.828,35.161,ULTRASOFT,17,0,292.0,0,0,1
2018,1,fp1,stroll,29,5,88.889,29.31,23.914,35.665,ULTRASOFT,18,0,293.0,0,0,1
2018,1,fp1,stroll,30,5,,29.831,24.225,,ULTRASOFT,19,0,280.0,0,0,0
2018,1,fp1,kevin_magnussen,1,1,,47.15,27.114,,SUPERSOFT,1,1,175.0,0,0,0
2018,1,fp1,kevin_magnussen,2,2,125.989,58.642,26.875,40.472,SUPERSOFT,2,0,194.0,0,0,0
2018,1,fp1,kevin_magnussen,3,2,89.345,29.694,23.953,35.698,SUPERSOFT,3,0,284.0,1,0,1
2018,1,fp1,kevin_magnussen,4,2,87.988,29.245,23.59,35.153,SUPERSOFT,4,0,307.0,1,0,1
2018,1,fp1,kevin_magnussen,5,2,,34.68,26.058,,SUPERSOFT,5,0,291.0,0,0,0
2018,1,fp1,kevin_magnussen,6,3,129.33,58.912,25.25,45.168,ULTRASOFT,1,1,215.0,0,0,0
2018,1,fp1,kevin_magnussen,7,3,,28.727,23.447,,ULTRASOFT,2,1,300.0,0,0,0
2018,1,fp1,kevin_magnussen,8,4,101.21,37.455,24.807,38.948,ULTRASOFT,3,0,213.0,0,0,0
2018,1,fp1,kevin_magnussen,9,4,87.035,29.115,23.479,34.441,ULTRASOFT,4,0,304.0,1,0,1
2018,1,fp1,kevin_magnussen,10,4,90.847,28.689,23.509,38.649,ULTRASOFT,5,0,305.0,0,0,1
2018,1,fp1,kevin_magnussen,11,4,91.275,31.314,24.145,35.816,ULTRASOFT,6,0,278.0,0,0,1
2018,1,fp1,kevin_magnussen,12,4,87.987,28.953,23.792,35.242,ULTRASOFT,7,0,297.0,0,0,1
2018,1,fp1,kevin_magnussen,13,4,,29.074,23.843,,ULTRASOFT,8,0,298.0,0,0,0
2018,1,fp1,hulkenberg,1,1,,65.057,29.966,,SOFT,1,1,148.0,0,0,0
2018,1,fp1,hulkenberg,2,2,,55.036,26.493,,SOFT,2,0,195.0,0,0,0
2018,1,fp1,hulkenberg,3,3,118.806,50.998,25.871,41.937,SOFT,3,0,202.0,0,0,0
2018,1,fp1,hulkenberg,4,3,88.761,29.515,23.826,35.42,SOFT,4,0,295.0,1,0,1
2018,1,fp1,hulkenberg,5,3,106.576,34.321,27.635,44.62,SOFT,5,0,238.0,0,0,1
2018,1,fp1,hulkenberg,6,3,87.653,29.017,23.724,34.912,SOFT,6,0,297.0,1,0,1
2018,1,fp1,hulkenberg,7,3,101.004,33.941,26.981,40.082,SOFT,7,0,238.0,0,0,1
2018,1,fp1,hulkenberg,8,3,87.505,29.08,23.754,34.671,SOFT,8,0,297.0,1,0,1
2018,1,fp1,hulkenberg,9,3,,31.77,24.629,,SOFT,9,0,269.0,0,0,0
2018,1,fp1,hulkenberg,10,4,120.902,53.963,28.156,38.783,SUPERSOFT,1,1,199.0,0,0,0
2018,1,fp1,hulkenberg,11,4,87.005,28.743,23.422,34.84,SUPERSOFT,2,1,297.0,1,0,1
2018,1,fp1,hulkenberg,12,4,102.446,34.251,26.975,41.22,SUPERSOFT,3,1,241.0,0,0,1
2018,1,fp1,hulkenberg,13,4,86.694,28.716,23.519,34.459,SUPERSOFT,4,1,297.0,1,0,1
2018,1,fp1,hulkenberg,14,4,112.16,36.367,31.286,44.507,SUPERSOFT,5,1,232.0,0,0,1
2018,1,fp1,hulkenberg,15,4,86.583,28.619,23.644,34.32,SUPERSOFT,6,1,296.0,1,0,1
2018,1,fp1,hulkenberg,16,4,,33.922,24.775,,SUPERSOFT,7,1,248.0,0,0,0
2018,1,fp1,hulkenberg,17,5,126.213,56.36,27.374,42.479,SUPERSOFT,8,0,208.0,0,0,0
2018,1,fp1,hulkenberg,18,5,86.709,28.639,23.582,34.488,SUPERSOFT,9,0,299.0,0,0,1
2018,1,fp1,hulkenberg,19,5,109.732,36.289,30.92,42.523,SUPERSOFT,10,0,243.0,0,0,1
2018,1,fp1,hulkenberg,20,5,87.292,28.907,23.533,34.852,SUPERSOFT,11,0,299.0,0,0,1
2018,1,fp1,hulkenberg,21,5,109.364,37.989,29.205,42.17,SUPERSOFT,12,0,217.0,0,0,1
2018,1,fp1,hulkenberg,22,5,86.586,28.697,23.461,34.428,SUPERSOFT,13,0,299.0,0,0,1
2018,1,fp1,hulkenberg,23,5,94.267,31.089,24.84,38.338,SUPERSOFT,14,0,275.0,0,0,1
2018,1,fp1,hulkenberg,24,5,138.531,32.335,26.292,79.904,SUPERSOFT,15,0,236.0,0,0,1
2018,1,fp1,hulkenberg,25,5,,34.929,23.813,,SUPERSOFT,16,0,200.0,0,0,0
2018,1,fp1,brendon_hartley,1,1,,52.639,33.681,,SOFT,1,1,168.0,0,0,0
2018,1,fp1,brendon_hartley,2,2,114.508,49.715,25.499,39.294,SOFT,2,0,211.0,0,0,0
2018,1,fp1,brendon_hartley,3,2,93.28,31.358,24.673,37.249,SOFT,3,0,281.0,1,0,0
2018,1,fp1,brendon_hartley,4,2,90.46,29.876,24.165,36.419,SOFT,4,0,292.0,1,0,1
2018,1,fp1,brendon_hartley,5,2,88.308,29.136,23.818,35.354,SOFT,5,0,303.0,1,0,1
2018,1,fp1,brendon_hartley,6,2,91.202,29.169,23.835,38.198,SOFT,6,0,298.0,0,0,1
2018,1,fp1,brendon_hartley,7,2,120.027,29.464,23.651,66.912,SOFT,7,0,302.0,0,0,0
2018,1,fp1,brendon_hartley,8,3,,39.155,24.115,,SOFT,8,0,223.0,0,0,0
2018,1,fp1,brendon_hartley,9,4,,44.985,29.405,,SUPERSOFT,1,1,166.0,0,0,0
2018,1,fp1,brendon_hartley,10,5,111.512,45.839,27.435,38.238,SUPERSOFT,2,0,174.0,0,0,0
2018,1,fp1,brendon_hartley,11,5,87.809,28.86,23.468,35.481,SUPERSOFT,3,0,308.0,1,0,1
2018,1,fp1,brendon_hartley,12,5,107.178,35.714,31.708,39.756,SUPERSOFT,4,0,281.0,0,0,1
2018,1,fp1,brendon_hartley,13,5,87.745,28.951,23.484,35.31,SUPERSOFT,5,0,309.0,1,0,1
2018,1,fp1,brendon_hartley,14,5,95.452,32.544,25.983,36.925,SUPERSOFT,6,0,296.0,0,0,1
2018,1,fp1,brendon_hartley,15,5,138.188,32.07,26.441,79.677,SUPERSOFT,7,0,295.0,0,0,1
2018,1,fp1,brendon_hartley,16,5,,35.297,26.307,,SUPERSOFT,8,0,237.0,0,0,0
2018,1,fp1,ocon,1,1,115.832,42.715,25.689,47.428,ULTRASOFT,1,1,198.0,0,0,0
2018,1,fp1,ocon,2,1,,36.224,24.964,,ULTRASOFT,2,1,194.0,0,0,0
2018,1,fp1,ocon,3,2,109.789,39.441,24.597,45.751,ULTRASOFT,3,0,169.0,0,0,0
2018,1,fp1,ocon,4,2,88.336,29.314,23.87,35.152,ULTRASOFT,4,0,296.0,1,0,0
2018,1,fp1,ocon,5,2,99.436,36.412,25.896,37.128,ULTRASOFT,5,0,224.0,0,0,1
2018,1,fp1,ocon,6,2,87.229,28.781,23.859,34.589,ULTRASOFT,6,0,308.0,1,0,1
2018,1,fp1,ocon,7,2,116.682,37.953,32.086,46.643,ULTRASOFT,7,0,226.0,0,0,1
2018,1,fp1,ocon,8,2,86.694,28.599,23.517,34.578,ULTRASOFT,8,0,309.0,1,0,1
2018,1,fp1,ocon,9,2,87.003,28.727,23.606,34.67,ULTRASOFT,9,0,309.0,0,0,1
2018,1,fp1,ocon,10,2,,34.626,25.375,,ULTRASOFT,10,0,239.0,0,0,0
2018,1,fp1,ocon,11,3,99.156,37.338,24.918,36.9,SUPERSOFT,1,1,221.0,0,0,0
2018,1,fp1,ocon,12,3,97.932,30.75,25.463,41.719,SUPERSOFT,2,1,310.0,0,0,1
2018,1,fp1,ocon,13,3,86.674,28.474,23.496,34.704,SUPERSOFT,3,1,308.0,1,0,1
2018,1,fp1,ocon,14,3,119.163,41.418,29.407,48.338,SUPERSOFT,4,1,217.0,0,0,1
2018,1,fp1,ocon,15,3,87.403,28.689,24.257,34.457,SUPERSOFT,5,1,309.0,0,0,1
2018,1,fp1,ocon,16,3,111.677,40.56,29.914,41.203,SUPERSOFT,6,1,221.0,0,0,1
2018,1,fp1,ocon,17,3,86.839,28.647,23.585,34.607,SUPERSOFT,7,1,305.0,0,0,1
2018,1,fp1,ocon,18,3,103.202,36.077,28.011,39.114,SUPERSOFT,8,1,247.0,0,0,1
2018,1,fp1,ocon,19,3,86.605,28.672,23.527,34.406,SUPERSOFT,9,1,307.0,1,0,1
2018,1,fp1,ocon,20,3,,34.717,25.934,,SUPERSOFT,10,1,233.0,0,0,0
2018,1,fp1,ocon,21,4,100.596,38.565,25.091,36.94,SUPERSOFT,11,0,216.0,0,0,0
2018,1,fp1,ocon,22,4,90.488,29.972,24.239,36.277,SUPERSOFT,12,0,293.0,0,0,1
2018,1,fp1,ocon,23,4,90.613,30.007,24.529,36.077,SUPERSOFT,13,0,291.0,0,0,1
2018,1,fp1,ocon,24,4,90.178,29.923,24.275,35.98,SUPERSOFT,14,0,295.0,0,0,1
2018,1,fp1,ocon,25,4,91.675,29.83,25.148,36.697,SUPERSOFT,15,0,296.0,0,0,1
2018,1,fp1,ocon,26,4,90.875,30.021,24.595,36.259,SUPERSOFT,16,0,295.0,0,0,1
2018,1,fp1,ocon,27,4,93.87,29.932,24.521,39.417,SUPERSOFT,17,0,296.0,0,0,1
2018,1,fp1,ocon,28,4,90.633,29.983,24.369,36.281,SUPERSOFT,18,0,296.0,0,0,1
2018,1,fp1,ocon,29,4,,36.086,26.349,88.255,SUPERSOFT,19,0,236.0,0,0,0
2018,1,fp1,ocon,30,4,,37.955,28.055,,SUPERSOFT,20,0,208.0,0,0,0
2018,1,fp1,max_verstappen,1,1,,54.761,26.557,,ULTRASOFT,1,1,200.0,0,0,0
2018,1,fp1,max_verstappen,2,2,101.076,39.043,25.025,37.008,ULTRASOFT,2,0,200.0,0,0,0
2018,1,fp1,max_verstappen,3,2,86.007,28.911,23.252,33.844,ULTRASOFT,3,0,299.0,1,0,0
2018,1,fp1,max_verstappen,4,2,102.221,33.31,25.835,43.076,ULTRASOFT,4,0,263.0,0,0,0
2018,1,fp1,max_verstappen,5,2,84.959,28.367,23.061,33.531,ULTRASOFT,5,0,303.0,1,0,1
2018,1,fp1,max_verstappen,6,2,105.378,34.272,27.496,43.61,ULTRASOFT,6,0,253.0,0,0,1
2018,1,fp1,max_verstappen,7,2,84.936,28.339,23.115,33.482,ULTRASOFT,7,0,300.0,1,0,1
2018,1,fp1,max_verstappen,8,2,112.161,37.905,28.982,45.274,ULTRASOFT,8,0,256.0,0,0,1
2018,1,fp1,max_verstappen,9,2,84.948,28.293,23.05,33.605,ULTRASOFT,9,0,299.0,0,0,1
2018,1,fp1,max_verstappen,10,2,,31.107,25.341,,ULTRASOFT,10,0,236.0,0,0,0
2018,1,fp1,max_verstappen,11,3,106.101,38.0,25.817,42.284,SUPERSOFT,1,1,205.0,0,0,0
2018,1,fp1,max_verstappen,12,3,84.771,28.12,23.048,33.603,SUPERSOFT,2,1,300.0,1,0,1
2018,1,fp1,max_verstappen,13,3,112.327,37.426,29.985,44.916,SUPERSOFT,3,1,245.0,0,0,1
2018,1,fp1,max_verstappen,14,3,101.988,30.933,27.799,43.256,SUPERSOFT,4,1,299.0,0,0,1
2018,1,fp1,max_verstappen,15,3,84.784,27.978,23.258,33.548,SUPERSOFT,5,1,301.0,0,0,1
2018,1,fp1,max_verstappen,16,3,112.448,37.079,30.586,44.783,SUPERSOFT,6,1,243.0,0,0,1
2018,1,fp1,max_verstappen,17,3,85.073,28.186,23.147,33.74,SUPERSOFT,7,1,301.0,0,0,1
2018,1,fp1,max_verstappen,18,3,,32.611,25.948,,SUPERSOFT,8,1,236.0,0,0,0
2018,1,fp1,max_verstappen,19,4,144.317,77.196,27.727,39.394,SUPERSOFT,9,0,137.0,0,0,0
2018,1,fp1,max_verstappen,20,4,89.013,29.371,23.909,35.733,SUPERSOFT,10,0,284.0,0,0,1
2018,1,fp1,max_verstappen,21,4,89.223,29.708,24.215,35.3,SUPERSOFT,11,0,276.0,0,0,1
2018,1,fp1,max_verstappen,22,4,89.32,29.591,24.154,35.575,SUPERSOFT,12,0,280.0,0,0,1
2018,1,fp1,max_verstappen,23,4,89.374,29.728,24.145,35.501,SUPERSOFT,13,0,277.0,0,0,1
2018,1,fp1,max_verstappen,24,4,96.383,29.543,24.035,42.805,SUPERSOFT,14,0,295.0,0,0,1
2018,1,fp1,max_verstappen,25,4,88.833,29.424,23.941,35.468,SUPERSOFT,15,0,283.0,0,0,1
2018,1,fp1,max_verstappen,26,4,,33.64,33.767,,SUPERSOFT,16,0,236.0,0,0,0
2018,1,fp1,sirotkin,1,1,,44.533,28.999,,SUPERSOFT,1,1,176.0,0,0,0
2018,1,fp1,sirotkin,2,2,108.251,41.528,26.884,39.839,ULTRASOFT,1,1,197.0,0,0,0
2018,1,fp1,sirotkin,3,2,92.057,31.505,24.512,36.04,ULTRASOFT,2,1,265.0,1,0,0
2018,1,fp1,sirotkin,4,2,89.342,29.937,24.118,35.287,ULTRASOFT,3,1,302.0,1,0,0
2018,1,fp1,sirotkin,5,2,88.275,29.26,23.963,35.052,ULTRASOFT,4,1,304.0,1,0,0
2018,1,fp1,sirotkin,6,2,88.125,29.115,23.883,35.127,ULTRASOFT,5,1,305.0,1,0,0
2018,1,fp1,sirotkin,7,2,88.615,29.102,24.464,35.049,ULTRASOFT,6,1,305.0,0,0,0
2018,1,fp1,sirotkin,8,2,112.646,37.187,30.598,44.861,ULTRASOFT,7,1,229.0,0,0,0
2018,1,fp1,sirotkin,9,2,87.82,29.237,23.636,34.947,ULTRASOFT,8,1,307.0,1,0,1
2018,1,fp1,sirotkin,10,2,107.558,35.123,28.45,43.985,ULTRASOFT,9,1,263.0,0,0,1
2018,1,fp1,sirotkin,11,2,87.501,28.702,23.886,34.913,ULTRASOFT,10,1,308.0,1,0,1
2018,1,fp1,sirotkin,12,2,,34.34,28.007,,ULTRASOFT,11,1,264.0,0,0,0
2018,1,fp1,sirotkin,13,3,112.34,42.028,29.167,41.145,ULTRASOFT,1,1,204.0,0,0,0
2018,1,fp1,sirotkin,14,3,87.319,28.583,23.308,35.428,ULTRASOFT,2,1,307.0,1,0,1
2018,1,fp1,sirotkin,15,3,124.188,37.474,34.701,52.013,ULTRASOFT,3,1,255.0,0,0,1
2018,1,fp1,sirotkin,16,3,87.035,28.864,23.581,34.59,ULTRASOFT,4,1,307.0,1,0,1
2018,1,fp1,sirotkin,17,3,120.354,38.606,34.512,47.236,ULTRASOFT,5,1,247.0,0,0,1
2018,1,fp1,sirotkin,18,3,86.536,28.544,23.456,34.536,ULTRASOFT,6,1,305.0,1,0,1
2018,1,fp1,sirotkin,19,3,,34.793,28.933,,ULTRASOFT,7,1,275.0,0,0,0
2018,1,fp1,sirotkin,20,4,106.319,43.123,25.856,37.34,ULTRASOFT,8,0,203.0,0,0,0
2018,1,fp1,sirotkin,21,4,90.971,30.033,24.489,36.449,ULTRASOFT,9,0,290.0,0,0,1
2018,1,fp1,sirotkin,22,4,93.65,31.898,24.4,37.352,ULTRASOFT,10,0,294.0,0,0,1
2018,1,fp1,sirotkin,23,4,90.755,29.951,24.369,36.435,ULTRASOFT,11,0,296.0,0,0,1
2018,1,fp1,sirotkin,24,4,,35.909,28.207,97.674,ULTRASOFT,12,0,255.0,0,0,0
2018,1,fp1,sirotkin,25,4,,38.729,29.025,,ULTRASOFT,13,0,241.0,0,0,0
2018,1,fp1,hamilton,1,1,,58.084,26.985,,ULTRASOFT,1,1,193.0,0,0,0
2018,1,fp1,hamilton,2,2,121.041,54.905,25.596,40.54,ULTRASOFT,2,0,187.0,0,0,0
2018,1,fp1,hamilton,3,2,96.522,29.982,24.048,42.492,ULTRASOFT,3,0,284.0,1,0,0
2018,1,fp1,hamilton,4,2,85.694,28.681,23.056,33.957,ULTRASOFT,4,0,306.0,1,0,0
2018,1,fp1,hamilton,5,2,116.323,43.993,27.988,44.342,ULTRASOFT,5,0,252.0,0,0,1
2018,1,fp1,hamilton,6,2,106.961,35.609,29.427,41.925,ULTRASOFT,6,0,271.0,0,0,1
2018,1,fp1,hamilton,7,2,84.914,28.045,23.084,33.785,ULTRASOFT,7,0,309.0,1,0,1
2018,1,fp1,hamilton,8,2,120.675,43.412,35.48,41.783,ULTRASOFT,8,0,254.0,0,0,1
2018,1,fp1,hamilton,9,2,84.531,28.059,22.856,33.616,ULTRASOFT,9,0,310.0,1,0,1
2018,1,fp1,hamilton,10,2,,32.711,26.053,,ULTRASOFT,10,0,286.0,0,0,0
2018,1,fp1,hamilton,11,3,123.805,57.811,26.661,39.333,ULTRASOFT,1,1,216.0,0,0,0
2018,1,fp1,hamilton,12,3,84.147,27.679,23.093,33.375,ULTRASOFT,2,1,310.0,1,0,1
2018,1,fp1,hamilton,13,3,130.581,46.387,32.512,51.682,ULTRASOFT,3,1,230.0,0,0,1
2018,1,fp1,hamilton,14,3,84.192,27.856,22.853,33.483,ULTRASOFT,4,1,309.0,0,0,1
2018,1,fp1,hamilton,15,3,127.646,46.231,35.417,45.998,ULTRASOFT,5,1,247.0,0,0,1
2018,1,fp1,hamilton,16,3,118.619,39.213,32.177,47.229,ULTRASOFT,6,1,260.0,0,0,1
2018,1,fp1,hamilton,17,3,84.026,27.72,22.794,33.512,ULTRASOFT,7,1,310.0,1,0,1
2018,1,fp1,hamilton,18,3,,36.896,27.664,,ULTRASOFT,8,1,239.0,0,0,0
2018,1,fp1,hamilton,19,4,118.731,54.141,26.425,38.165,ULTRASOFT,9,0,215.0,0,0,0
2018,1,fp1,hamilton,20,4,88.608,29.39,23.854,35.364,ULTRASOFT,10,0,287.0,0,0,1
2018,1,fp1,hamilton,21,4,88.934,29.348,24.109,35.477,ULTRASOFT,11,0,281.0,0,0,1
2018,1,fp1,hamilton,22,4,88.65,29.429,23.954,35.267,ULTRASOFT,12,0,284.0,0,0,1
2018,1,fp1,hamilton,23,4,91.997,29.864,24.177,37.956,ULTRASOFT,13,0,294.0,0,0,1
2018,1,fp1,hamilton,24,4,88.804,29.369,23.872,35.563,ULTRASOFT,14,0,293.0,0,0,1
2018,1,fp1,hamilton,25,4,89.073,29.336,24.169,35.568,ULTRASOFT,15,0,288.0,0,0,1
2018,1,fp1,hamilton,26,4,,35.167,28.585,95.984,ULTRASOFT,16,0,213.0,0,0,0
2018,1,fp1,hamilton,27,4,,34.321,27.059,,ULTRASOFT,17,0,240.0,0,0,0
2018,1,fp1,sainz,1,1,,55.127,30.118,68.161,SUPERSOFT,1,1,192.0,0,0,0
2018,1,fp1,sainz,2,2,,53.335,29.362,,SUPERSOFT,1,0,197.0,0,0,0
2018,1,fp1,sainz,3,3,125.478,53.654,24.934,46.89,SUPERSOFT,3,0,187.0,0,0,0
2018,1,fp1,sainz,4,3,88.426,29.563,23.83,35.033,SUPERSOFT,4,0,296.0,1,0,0
2018,1,fp1,sainz,5,3,87.823,29.215,23.873,34.735,SUPERSOFT,5,0,291.0,1,0,0
2018,1,fp1,sainz,6,3,108.297,37.392,30.412,40.493,SUPERSOFT,6,0,216.0,0,0,0
2018,1,fp1,sainz,7,3,87.094,28.837,23.45,34.807,SUPERSOFT,7,0,295.0,1,0,1
2018,1,fp1,sainz,8,3,107.607,39.343,28.445,39.819,SUPERSOFT,8,0,245.0,0,0,1
2018,1,fp1,sainz,9,3,86.8,28.853,23.565,34.382,SUPERSOFT,9,0,293.0,1,0,1
2018,1,fp1,sainz,10,3,,38.299,26.396,,SUPERSOFT,10,0,241.0,0,0,0
2018,1,fp1,sainz,11,4,117.017,52.51,25.644,38.863,SUPERSOFT,1,1,220.0,0,0,0
2018,1,fp1,sainz,12,4,86.21,28.501,23.362,34.347,SUPERSOFT,2,1,297.0,1,0,1
2018,1,fp1,sainz,13,4,129.174,42.067,35.42,51.687,SUPERSOFT,3,1,218.0,0,0,1
2018,1,fp1,sainz,14,4,86.297,28.671,23.435,34.191,SUPERSOFT,4,1,296.0,0,0,1
2018,1,fp1,sainz,15,4,133.05,46.444,37.369,49.237,SUPERSOFT,5,1,219.0,0,0,1
2018,1,fp1,sainz,16,4,85.922,28.472,23.376,34.074,SUPERSOFT,6,1,298.0,1,0,1
2018,1,fp1,sainz,17,4,,34.578,28.58,,SUPERSOFT,7,1,243.0,0,0,0
2018,1,fp1,sainz,18,5,124.236,53.523,27.964,42.749,SUPERSOFT,8,0,196.0,0,0,0
2018,1,fp1,sainz,19,5,86.805,28.543,23.718,34.544,SUPERSOFT,9,0,300.0,0,0,1
2018,1,fp1,sainz,20,5,117.145,40.881,36.066,40.198,SUPERSOFT,10,0,228.0,0,0,1
2018,1,fp1,sainz,21,5,86.645,28.439,23.5,34.706,SUPERSOFT,11,0,302.0,0,0,1
2018,1,fp1,sainz,22,5,88.983,29.223,23.984,35.776,SUPERSOFT,12,0,303.0,0,0,1
2018,1,fp1,sainz,23,5,,39.885,28.339,,SUPERSOFT,13,0,220.0,0,0,0
2018,1,fp1,bottas,1,1,,54.648,25.927,,SOFT,1,1,197.0,0,0,0
2018,1,fp1,bottas,2,2,117.125,53.139,25.917,38.069,ULTRASOFT,1,1,204.0,0,0,0
2018,1,fp1,bottas,3,2,86.499,29.025,23.156,34.318,ULTRASOFT,2,1,309.0,1,0,0
2018,1,fp1,bottas,4,2,103.141,34.492,28.692,39.957,ULTRASOFT,3,1,225.0,0,0,0
2018,1,fp1,bottas,5,2,86.044,28.733,23.272,34.039,ULTRASOFT,4,1,311.0,1,0,0
2018,1,fp1,bottas,6,2,104.453,36.936,27.179,40.338,ULTRASOFT,5,1,230.0,0,0,1
2018,1,fp1,bottas,7,2,,28.332,23.169,,ULTRASOFT,6,1,308.0,0,0,0
2018,1,fp1,bottas,8,3,120.639,56.138,26.817,37.684,ULTRASOFT,1,1,205.0,0,0,0
2018,1,fp1,bottas,9,3,84.577,28.123,22.929,33.525,ULTRASOFT,2,1,308.0,1,0,1
2018,1,fp1,bottas,10,3,103.967,36.483,26.668,40.816,ULTRASOFT,3,1,235.0,0,0,1
2018,1,fp1,bottas,11,3,96.803,28.503,27.144,41.156,ULTRASOFT,4,1,306.0,0,0,1
2018,1,fp1,bottas,12,3,85.196,28.184,23.071,33.941,ULTRASOFT,5,1,308.0,0,0,1
2018,1,fp1,bottas,13,3,122.941,36.238,30.769,55.934,ULTRASOFT,6,1,217.0,0,0,1
2018,1,fp1,bottas,14,3,95.395,29.536,26.316,39.543,ULTRASOFT,7,1,307.0,0,0,1
2018,1,fp1,bottas,15,3,85.004,28.037,23.008,33.959,ULTRASOFT,8,1,305.0,0,0,1
2018,1,fp1,bottas,16,3,115.274,37.764,31.556,45.954,ULTRASOFT,9,1,216.0,0,0,1
2018,1,fp1,bottas,17,3,85.283,28.043,23.175,34.065,ULTRASOFT,10,1,306.0,0,0,1
2018,1,fp1,bottas,18,3,,33.725,25.768,,ULTRASOFT,11,1,263.0,0,0,0
2018,1,fp1,bottas,19,4,119.833,54.577,26.61,38.646,ULTRASOFT,12,0,214.0,0,0,0
2018,1,fp1,bottas,20,4,88.831,29.406,23.941,35.484,ULTRASOFT,13,0,292.0,0,0,1
2018,1,fp1,bottas,21,4,89.514,29.642,24.15,35.722,ULTRASOFT,14,0,292.0,0,0,1
2018,1,fp1,bottas,22,4,89.254,29.69,23.967,35.597,ULTRASOFT,15,0,280.0,0,0,1
2018,1,fp1,bottas,23,4,89.458,29.65,23.99,35.818,ULTRASOFT,16,0,283.0,0,0,1
2018,1,fp1,bottas,24,4,89.549,29.761,24.0,35.788,ULTRASOFT,17,0,282.0,0,0,1
2018,1,fp1,bottas,25,4,89.674,29.685,24.084,35.905,ULTRASOFT,18,0,282.0,0,0,1
2018,1,fp1,bottas,26,4,89.548,29.611,23.935,36.002,ULTRASOFT,19,0,293.0,0,0,1
2018,1,fp1,bottas,27,4,89.345,29.481,23.916,35.948,ULTRASOFT,20,0,293.0,0,0,1
2018,1,fp1,bottas,28,4,,35.182,29.111,98.785,ULTRASOFT,21,0,234.0,0,0,0
2018,1,fp1,bottas,29,4,,34.758,29.084,,ULTRASOFT,22,0,259.0,0,0,0
2018,1,fp2,vandoorne,1,1,119.91,48.687,25.07,46.153,SUPERSOFT,1,1,206.0,0,0,0
2018,1,fp2,vandoorne,2,1,86.353,28.401,23.512,34.44,SUPERSOFT,2,1,302.0,1,0,0
2018,1,fp2,vandoorne,3,1,109.253,32.981,27.607,48.665,SUPERSOFT,3,1,263.0,0,0,0
2018,1,fp2,vandoorne,4,1,86.236,28.595,23.463,34.178,SUPERSOFT,4,1,305.0,1,0,0
2018,1,fp2,vandoorne,5,1,106.531,33.545,27.842,45.144,SUPERSOFT,5,1,291.0,0,0,0
2018,1,fp2,vandoorne,6,1,85.997,28.273,23.291,34.433,SUPERSOFT,6,1,312.0,1,0,0
2018,1,fp2,vandoorne,7,1,,32.966,26.796,,SUPERSOFT,7,1,265.0,0,0,0
2018,1,fp2,vandoorne,8,2,114.072,50.358,24.86,38.854,SUPERSOFT,8,0,192.0,0,0,0
2018,1,fp2,vandoorne,9,2,86.637,28.736,23.334,34.567,SUPERSOFT,9,0,302.0,0,0,0
2018,1,fp2,vandoorne,10,2,99.947,28.548,28.199,38.009,SUPERSOFT,10,0,301.0,0,0,0
2018,1,fp2,vandoorne,11,2,86.277,,25.95,34.359,SUPERSOFT,11,0,270.0,0,0,0
2018,1,fp2,vandoorne,12,2,,,,,SUPERSOFT,12,0,,0,0,0
2018,1,fp2,vandoorne,13,3,104.02,38.171,25.67,40.179,ULTRASOFT,1,1,204.0,0,0,0
2018,1,fp2,vandoorne,14,3,85.285,28.123,23.254,33.908,ULTRASOFT,2,1,302.0,1,0,1
2018,1,fp2,vandoorne,15,3,107.35,32.575,27.056,47.719,ULTRASOFT,3,1,275.0,0,0,1
2018,1,fp2,vandoorne,16,3,85.56,28.324,23.19,34.046,ULTRASOFT,4,1,305.0,0,0,1
2018,1,fp2,vandoorne,17,3,,31.81,25.488,,ULTRASOFT,5,1,269.0,0,0,0
2018,1,fp2,vandoorne,18,4,139.802,52.784,27.966,59.052,ULTRASOFT,6,0,198.0,0,0,0
2018,1,fp2,vandoorne,19,4,120.445,57.532,24.464,38.449,ULTRASOFT,7,0,219.0,0,0,0
2018,1,fp2,vandoorne,20,4,89.784,29.625,24.144,36.015,ULTRASOFT,8,0,282.0,0,0,1
2018,1,fp2,vandoorne,21,5,90.021,29.681,24.201,36.139,ULTRASOFT,7,0,277.0,0,0,1
2018,1,fp2,vandoorne,22,5,90.71,29.869,24.363,36.478,ULTRASOFT,8,0,308.0,0,0,1
2018,1,fp2,vandoorne,23,5,89.161,29.474,23.953,35.734,ULTRASOFT,9,0,282.0,0,0,1
2018,1,fp2,vandoorne,24,5,89.979,29.891,24.258,35.83,ULTRASOFT,10,0,276.0,0,0,1
2018,1,fp2,vandoorne,25,5,89.948,29.801,24.34,35.807,ULTRASOFT,11,0,271.0,0,0,1
2018,1,fp2,vandoorne,26,5,89.854,29.835,24.164,35.855,ULTRASOFT,12,0,273.0,0,0,1
2018,1,fp2,vandoorne,27,5,89.795,29.689,24.318,35.788,ULTRASOFT,13,0,278.0,0,0,1
2018,1,fp2,vandoorne,28,5,112.726,29.66,24.144,58.922,ULTRASOFT,14,0,278.0,0,0,0
2018,1,fp2,vandoorne,29,6,96.91,37.252,24.108,35.55,SUPERSOFT,13,0,185.0,0,0,0
2018,1,fp2,vandoorne,30,6,88.649,29.286,23.871,35.492,SUPERSOFT,14,0,280.0,0,0,1
2018,1,fp2,vandoorne,31,6,91.65,29.308,24.018,38.324,SUPERSOFT,15,0,295.0,0,0,1
2018,1,fp2,vandoorne,32,6,88.549,29.202,23.775,35.572,SUPERSOFT,16,0,295.0,0,0,1
2018,1,fp2,vandoorne,33,6,,35.519,29.039,88.012,SUPERSOFT,17,0,245.0,0,0,0
2018,1,fp2,ricciardo,1,1,107.263,40.866,24.177,42.22,SOFT,1,1,194.0,0,0,0
2018,1,fp2,ricciardo,2,1,84.947,28.154,23.051,33.742,SOFT,2,1,311.0,1,0,0
2018,1,fp2,ricciardo,3,1,120.745,42.173,33.532,45.04,SOFT,3,1,265.0,0,0,0
2018,1,fp2,ricciardo,4,1,85.118,28.243,23.158,33.717,SOFT,4,1,310.0,0,0,0
2018,1,fp2,ricciardo,5,1,136.114,43.205,36.416,56.493,SOFT,5,1,273.0,0,0,0
2018,1,fp2,ricciardo,6,1,106.679,28.38,27.579,50.72,SOFT,6,1,305.0,0,0,0
2018,1,fp2,ricciardo,7,1,84.907,28.173,23.026,33.708,SOFT,7,1,306.0,1,0,0
2018,1,fp2,ricciardo,8,1,117.158,41.724,30.289,45.145,SOFT,8,1,287.0,0,0,0
2018,1,fp2,ricciardo,9,1,84.721,28.26,22.902,33.559,SOFT,9,1,304.0,1,0,0
2018,1,fp2,ricciardo,10,1,,33.366,24.864,,SOFT,10,1,259.0,0,0,0
2018,1,fp2,ricciardo,11,2,102.43,39.091,25.312,38.027,ULTRASOFT,1,1,197.0,0,0,0
2018,1,fp2,ricciardo,12,2,,27.845,22.953,,ULTRASOFT,2,1,306.0,0,0,0
2018,1,fp2,ricciardo,13,3,129.524,63.21,26.027,40.287,ULTRASOFT,3,0,156.0,0,0,0
2018,1,fp2,ricciardo,14,3,88.075,29.163,23.595,35.317,ULTRASOFT,4,0,271.0,0,0,1
2018,1,fp2,ricciardo,15,3,89.058,29.571,23.981,35.506,ULTRASOFT,5,0,271.0,0,0,1
2018,1,fp2,ricciardo,16,3,88.83,29.363,23.905,35.562,ULTRASOFT,6,0,274.0,0,0,1
2018,1,fp2,ricciardo,17,3,88.705,29.409,23.813,35.483,ULTRASOFT,7,0,280.0,0,0,1
2018,1,fp2,ricciardo,18,3,88.565,29.34,23.861,35.364,ULTRASOFT,8,0,281.0,0,0,1
2018,1,fp2,ricciardo,19,3,106.924,,24.004,53.552,ULTRASOFT,9,0,281.0,0,0,0
2018,1,fp2,ricciardo,20,3,98.155,36.827,23.853,37.475,ULTRASOFT,10,0,182.0,0,0,0
2018,1,fp2,ricciardo,21,4,89.096,29.728,23.991,35.377,SOFT,11,0,280.0,0,0,1
2018,1,fp2,ricciardo,22,4,88.562,29.386,23.788,35.388,SOFT,12,0,279.0,0,0,1
2018,1,fp2,ricciardo,23,4,95.682,29.597,24.002,42.083,SOFT,13,0,278.0,0,0,1
2018,1,fp2,ricciardo,24,4,92.832,29.703,24.099,39.03,SOFT,14,0,277.0,0,0,1
2018,1,fp2,ricciardo,25,4,88.14,29.285,23.728,35.127,SOFT,15,0,280.0,0,0,1
2018,1,fp2,ricciardo,26,4,91.618,29.377,24.94,37.301,SOFT,16,0,282.0,0,0,1
2018,1,fp2,ricciardo,27,4,88.661,29.597,23.837,35.227,SOFT,17,0,282.0,0,0,1
2018,1,fp2,ricciardo,28,4,,35.928,24.302,,SOFT,18,0,283.0,0,0,0
2018,1,fp2,vettel,1,1,107.308,40.805,27.258,39.245,SOFT,1,1,215.0,0,0,0
2018,1,fp2,vettel,2,1,86.141,28.423,23.314,34.404,SOFT,2,1,310.0,1,0,0
2018,1,fp2,vettel,3,1,111.021,36.033,28.477,46.511,SOFT,3,1,238.0,0,0,0
2018,1,fp2,vettel,4,1,91.506,28.311,23.128,40.067,SOFT,4,1,310.0,0,0,0
2018,1,fp2,vettel,5,1,109.751,35.183,29.654,44.914,SOFT,5,1,255.0,0,0,0
2018,1,fp2,vettel,6,1,85.513,28.391,23.028,34.094,SOFT,6,1,315.0,1,0,0
2018,1,fp2,vettel,7,1,,32.938,27.076,,SOFT,7,1,268.0,0,0,0
2018,1,fp2,vettel,8,2,103.414,38.615,26.056,38.743,ULTRASOFT,1,1,310.0,0,0,0
2018,1,fp2,vettel,9,2,84.46,,22.855,33.671,ULTRASOFT,2,1,310.0,1,0,0
2018,1,fp2,vettel,10,2,113.98,37.496,32.02,44.455,ULTRASOFT,3,1,230.0,0,0,0
2018,1,fp2,vettel,11,2,84.504,27.853,22.837,33.814,ULTRASOFT,4,1,250.0,0,0,0
2018,1,fp2,vettel,12,2,112.35,33.142,26.776,52.432,ULTRASOFT,5,1,250.0,0,0,0
2018,1,fp2,vettel,13,3,,55.745,28.216,,ULTRASOFT,6,0,174.0,0,0,0
2018,1,fp2,vettel,14,4,125.402,49.809,24.8,50.793,ULTRASOFT,7,0,214.0,0,0,0
2018,1,fp2,vettel,15,5,111.151,50.271,24.211,36.669,ULTRASOFT,8,0,220.0,0,0,0
2018,1,fp2,vettel,16,5,89.383,29.603,23.939,35.841,ULTRASOFT,9,0,288.0,0,0,1
2018,1,fp2,vettel,17,5,94.272,29.705,24.126,40.441,ULTRASOFT,10,0,294.0,0,0,1
2018,1,fp2,vettel,18,5,88.845,29.363,23.919,35.563,ULTRASOFT,11,0,295.0,0,0,1
2018,1,fp2,vettel,19,5,89.029,29.462,24.023,35.544,ULTRASOFT,12,0,295.0,0,0,1
2018,1,fp2,vettel,20,5,103.651,29.51,24.292,49.849,ULTRASOFT,13,0,294.0,0,0,0
2018,1,fp2,vettel,21,6,97.453,36.951,24.47,36.032,ULTRASOFT,14,0,216.0,0,0,0
2018,1,fp2,vettel,22,6,88.971,29.527,24.019,35.425,ULTRASOFT,15,0,286.0,0,0,1
2018,1,fp2,vettel,23,6,89.013,29.612,23.915,35.486,ULTRASOFT,16,0,288.0,0,0,1
2018,1,fp2,vettel,24,6,,29.437,24.667,35.851,ULTRASOFT,17,0,291.0,0,0,0
2018,1,fp2,vettel,25,6,88.55,29.437,23.824,35.289,ULTRASOFT,18,0,298.0,0,0,1
2018,1,fp2,vettel,26,6,108.231,29.407,23.859,54.965,ULTRASOFT,19,0,298.0,0,0,0
2018,1,fp2,vettel,27,6,102.417,37.346,24.024,41.047,ULTRASOFT,20,0,211.0,0,0,0
2018,1,fp2,vettel,28,6,88.427,29.345,23.845,35.237,ULTRASOFT,21,0,289.0,0,0,1
2018,1,fp2,vettel,29,7,93.639,29.293,23.777,40.569,SOFT,8,0,291.0,0,0,1
2018,1,fp2,vettel,30,7,88.062,29.175,23.717,35.17,SOFT,9,0,293.0,0,0,1
2018,1,fp2,vettel,31,7,88.019,29.191,23.665,35.163,SOFT,10,0,294.0,0,0,1
2018,1,fp2,vettel,32,7,87.971,,23.739,35.134,SOFT,11,0,294.0,0,0,0
2018,1,fp2,vettel,33,7,89.289,29.402,23.867,36.02,SOFT,12,0,289.0,0,0,1
2018,1,fp2,vettel,34,7,89.504,30.096,23.983,35.425,SOFT,13,0,322.0,0,0,1
2018,1,fp2,vettel,35,7,88.429,29.151,23.752,35.526,SOFT,14,0,288.0,0,0,1
2018,1,fp2,vettel,36,7,88.188,29.175,23.764,35.249,SOFT,15,0,285.0,0,0,1
2018,1,fp2,vettel,37,7,143.089,32.869,28.777,81.443,SOFT,16,0,283.0,0,0,1
2018,1,fp2,vettel,38,7,,38.251,26.065,,SOFT,17,0,196.0,0,0,0
2018,1,fp2,raikkonen,1,1,112.471,41.495,27.187,43.789,SUPERSOFT,1,1,183.0,0,0,0
2018,1,fp2,raikkonen,2,1,85.566,28.287,23.104,34.175,SUPERSOFT,2,1,310.0,1,0,0
2018,1,fp2,raikkonen,3,1,107.201,36.108,27.558,43.535,SUPERSOFT,3,1,233.0,0,0,0
2018,1,fp2,raikkonen,4,1,84.848,27.928,22.85,34.07,SUPERSOFT,4,1,315.0,1,0,0
2018,1,fp2,raikkonen,5,1,111.968,36.508,26.465,48.995,SUPERSOFT,5,1,257.0,0,0,0
2018,1,fp2,raikkonen,6,1,85.549,28.022,23.03,34.497,SUPERSOFT,6,1,315.0,0,0,0
2018,1,fp2,raikkonen,7,1,,34.699,25.737,,SUPERSOFT,7,1,267.0,0,0,0
2018,1,fp2,raikkonen,8,2,112.119,42.046,27.496,42.577,ULTRASOFT,1,1,208.0,0,0,0
2018,1,fp2,raikkonen,9,2,84.214,27.789,22.745,33.68,ULTRASOFT,2,1,312.0,1,0,0
2018,1,fp2,raikkonen,10,2,122.282,37.862,35.243,49.177,ULTRASOFT,3,1,241.0,0,0,0
2018,1,fp2,raikkonen,11,2,95.978,28.161,30.252,37.565,ULTRASOFT,4,1,309.0,0,0,0
2018,1,fp2,raikkonen,12,2,84.552,27.918,22.859,33.775,ULTRASOFT,5,1,310.0,0,0,0
2018,1,fp2,raikkonen,13,2,117.075,32.071,28.807,56.197,ULTRASOFT,6,1,300.0,0,0,0
2018,1,fp2,raikkonen,14,3,,61.922,26.358,,ULTRASOFT,7,0,223.0,0,0,0
2018,1,fp2,raikkonen,15,4,118.835,38.029,24.67,56.136,ULTRASOFT,8,0,213.0,0,0,0
2018,1,fp2,raikkonen,16,5,111.646,47.209,23.803,40.634,ULTRASOFT,9,0,225.0,0,0,0
2018,1,fp2,raikkonen,17,5,88.269,29.261,23.802,35.206,ULTRASOFT,10,0,290.0,0,0,1
2018,1,fp2,raikkonen,18,5,89.157,29.312,24.062,35.783,ULTRASOFT,11,0,308.0,0,0,1
2018,1,fp2,raikkonen,19,5,89.127,29.54,23.986,35.601,ULTRASOFT,12,0,297.0,0,0,1
2018,1,fp2,raikkonen,20,5,89.065,29.408,23.928,35.729,ULTRASOFT,13,0,294.0,0,0,1
2018,1,fp2,raikkonen,21,5,89.344,29.665,24.052,35.627,ULTRASOFT,14,0,292.0,0,0,1
2018,1,fp2,raikkonen,22,5,88.999,29.537,23.985,35.477,ULTRASOFT,15,0,296.0,0,0,1
2018,1,fp2,raikkonen,23,5,108.445,29.708,24.14,54.597,ULTRASOFT,16,0,301.0,0,0,0
2018,1,fp2,raikkonen,24,6,95.539,35.844,24.043,35.652,SUPERSOFT,8,0,227.0,0,0,0
2018,1,fp2,raikkonen,25,6,89.392,29.797,24.072,35.523,SUPERSOFT,9,0,285.0,0,0,1
2018,1,fp2,raikkonen,26,6,93.095,,24.039,39.524,SUPERSOFT,10,0,285.0,0,0,0
2018,1,fp2,raikkonen,27,6,,32.281,23.838,35.801,SUPERSOFT,11,0,269.0,0,0,0
2018,1,fp2,raikkonen,28,6,92.8,32.281,24.033,36.486,SUPERSOFT,12,0,269.0,0,0,1
2018,1,fp2,raikkonen,29,6,89.181,29.415,24.029,35.737,SUPERSOFT,13,0,300.0,0,0,1
2018,1,fp2,raikkonen,30,6,89.572,29.523,24.005,36.044,SUPERSOFT,14,0,310.0,0,0,1
2018,1,fp2,raikkonen,31,6,88.869,29.352,23.797,35.72,SUPERSOFT,15,0,313.0,0,0,1
2018,1,fp2,raikkonen,32,6,88.895,29.268,23.882,35.745,SUPERSOFT,16,0,293.0,0,0,1
2018,1,fp2,raikkonen,33,6,89.271,29.515,24.182,35.574,SUPERSOFT,17,0,294.0,0,0,1
2018,1,fp2,raikkonen,34,6,98.742,29.399,32.868,36.475,SUPERSOFT,18,0,301.0,0,0,1
2018,1,fp2,raikkonen,35,6,88.418,29.221,23.844,35.353,SUPERSOFT,19,0,285.0,0,0,1
2018,1,fp2,raikkonen,36,6,88.55,29.325,23.77,35.455,SUPERSOFT,20,0,285.0,0,0,1
2018,1,fp2,raikkonen,37,6,88.39,29.44,23.734,35.216,SUPERSOFT,21,0,293.0,0,0,1
2018,1,fp2,raikkonen,38,6,140.138,36.312,27.155,76.671,SUPERSOFT,22,0,297.0,0,0,1
2018,1,fp2,raikkonen,39,6,,32.372,26.213,,SUPERSOFT,23,0,256.0,0,0,0
2018,1,fp2,grosjean,1,1,110.653,46.923,25.951,37.779,SUPERSOFT,1,1,199.0,0,0,0
2018,1,fp2,grosjean,2,1,86.412,28.602,23.379,34.431,SUPERSOFT,2,1,307.0,1,0,0
2018,1,fp2,grosjean,3,1,90.854,28.39,23.39,39.074,SUPERSOFT,3,1,309.0,0,0,0
2018,1,fp2,grosjean,4,1,90.608,28.414,23.501,38.693,SUPERSOFT,4,1,308.0,0,0,0
2018,1,fp2,grosjean,5,1,99.286,33.744,26.353,39.189,SUPERSOFT,5,1,261.0,0,0,0
2018,1,fp2,grosjean,6,1,85.928,28.585,23.088,34.255,SUPERSOFT,6,1,311.0,1,0,0
2018,1,fp2,grosjean,7,1,99.319,34.078,26.774,38.467,SUPERSOFT,7,1,314.0,0,0,0
2018,1,fp2,grosjean,8,1,92.066,28.214,23.255,40.597,SUPERSOFT,8,1,312.0,0,0,0
2018,1,fp2,grosjean,9,1,86.389,28.453,23.436,34.5,SUPERSOFT,9,1,312.0,0,0,0
2018,1,fp2,grosjean,10,1,,36.726,26.55,,SUPERSOFT,10,1,248.0,0,0,0
2018,1,fp2,grosjean,11,2,101.304,38.259,25.617,37.428,ULTRASOFT,1,1,213.0,0,0,0
2018,1,fp2,grosjean,12,2,84.648,28.004,23.063,33.581,ULTRASOFT,2,1,311.0,1,0,0
2018,1,fp2,grosjean,13,2,,34.751,30.323,,ULTRASOFT,3,1,260.0,0,0,0
2018,1,fp2,grosjean,14,2,108.823,46.13,25.444,37.249,ULTRASOFT,4,1,201.0,0,0,0
2018,1,fp2,grosjean,15,3,89.641,29.602,24.14,35.899,SUPERSOFT,11,0,295.0,0,0,1
2018,1,fp2,grosjean,16,3,89.846,29.838,24.024,35.984,SUPERSOFT,12,0,297.0,0,0,1
2018,1,fp2,grosjean,17,3,90.998,29.78,24.775,36.443,SUPERSOFT,13,0,286.0,0,0,1
2018,1,fp2,grosjean,18,3,90.53,29.701,24.654,36.175,SUPERSOFT,14,0,291.0,0,0,1
2018,1,fp2,grosjean,19,3,103.786,36.263,25.489,42.034,SUPERSOFT,15,0,299.0,0,0,1
2018,1,fp2,grosjean,20,3,89.976,29.933,24.078,35.965,SUPERSOFT,16,0,277.0,0,0,1
2018,1,fp2,grosjean,21,3,89.434,29.677,23.982,35.775,SUPERSOFT,17,0,285.0,0,0,1
2018,1,fp2,grosjean,22,3,89.099,29.634,23.933,35.532,SUPERSOFT,18,0,286.0,0,0,1
2018,1,fp2,grosjean,23,3,89.549,29.507,23.98,36.062,SUPERSOFT,19,0,289.0,0,0,1
2018,1,fp2,grosjean,24,3,119.076,29.614,24.203,65.259,SUPERSOFT,20,0,290.0,0,0,0
2018,1,fp2,grosjean,25,3,95.514,35.936,23.977,35.601,SUPERSOFT,21,0,295.0,0,0,0
2018,1,fp2,grosjean,26,4,89.767,29.336,23.876,36.555,ULTRASOFT,4,0,295.0,0,0,1
2018,1,fp2,grosjean,27,4,97.722,35.742,26.157,35.823,ULTRASOFT,5,0,294.0,0,0,1
2018,1,fp2,grosjean,28,4,88.514,29.269,23.784,35.461,ULTRASOFT,6,0,292.0,0,0,1
2018,1,fp2,grosjean,29,4,88.908,29.418,24.087,35.403,ULTRASOFT,7,0,290.0,0,0,1
2018,1,fp2,grosjean,30,4,100.002,34.854,26.757,38.391,ULTRASOFT,8,0,289.0,0,0,1
2018,1,fp2,grosjean,31,4,88.397,29.224,23.764,35.409,ULTRASOFT,9,0,291.0,0,0,1
2018,1,fp2,grosjean,32,4,88.237,29.218,23.76,35.259,ULTRASOFT,10,0,253.0,0,0,1
2018,1,fp2,grosjean,33,4,148.292,37.314,30.726,80.252,ULTRASOFT,11,0,253.0,0,0,1
2018,1,fp2,grosjean,34,4,,42.377,36.618,,ULTRASOFT,12,0,169.0,0,0,0
2018,1,fp2,ericsson,1,1,125.145,55.853,26.177,43.115,SUPERSOFT,1,1,169.0,0,0,0
2018,1,fp2,ericsson,2,1,87.412,28.932,23.607,34.873,SUPERSOFT,2,1,307.0,1,0,0
2018,1,fp2,ericsson,3,1,112.139,35.642,30.336,46.161,SUPERSOFT,3,1,215.0,0,0,0
2018,1,fp2,ericsson,4,1,,40.103,23.655,34.968,SUPERSOFT,4,1,227.0,0,0,0
2018,1,fp2,ericsson,5,1,120.401,40.103,31.603,48.695,SUPERSOFT,5,1,227.0,0,0,0
2018,1,fp2,ericsson,6,1,87.768,28.893,23.795,35.08,SUPERSOFT,6,1,307.0,0,0,0
2018,1,fp2,ericsson,7,1,,37.668,26.295,,SUPERSOFT,7,1,266.0,0,0,0
2018,1,fp2,ericsson,8,2,104.197,40.756,25.456,37.985,ULTRASOFT,1,1,189.0,0,0,0
2018,1,fp2,ericsson,9,2,86.814,28.432,23.504,34.878,ULTRASOFT,2,1,312.0,1,0,0
2018,1,fp2,ericsson,10,2,112.66,37.812,31.087,43.761,ULTRASOFT,3,1,266.0,0,0,0
2018,1,fp2,ericsson,11,2,87.236,28.462,23.478,35.296,ULTRASOFT,4,1,307.0,0,0,0
2018,1,fp2,ericsson,12,2,,39.234,30.794,,ULTRASOFT,5,1,233.0,0,0,0
2018,1,fp2,ericsson,13,3,137.497,51.797,26.254,59.446,SUPERSOFT,8,0,185.0,0,0,0
2018,1,fp2,ericsson,14,4,117.771,29.969,26.963,39.33,SUPERSOFT,9,0,302.0,0,0,0
2018,1,fp2,ericsson,15,4,91.535,29.969,25.017,36.549,SUPERSOFT,10,0,302.0,0,0,1
2018,1,fp2,ericsson,16,4,90.1,29.782,24.314,36.004,SUPERSOFT,11,0,301.0,0,0,1
2018,1,fp2,ericsson,17,4,90.792,29.816,24.546,36.43,SUPERSOFT,12,0,302.0,0,0,1
2018,1,fp2,ericsson,18,4,90.555,30.108,24.214,36.233,SUPERSOFT,13,0,290.0,0,0,1
2018,1,fp2,ericsson,19,4,90.498,29.958,24.305,36.235,SUPERSOFT,14,0,290.0,0,0,1
2018,1,fp2,ericsson,20,4,90.776,30.063,24.306,36.407,SUPERSOFT,15,0,294.0,0,0,1
2018,1,fp2,ericsson,21,4,90.59,29.814,24.326,36.45,SUPERSOFT,16,0,294.0,0,0,1
2018,1,fp2,ericsson,22,4,90.498,30.043,24.185,36.27,SUPERSOFT,17,0,293.0,0,0,1
2018,1,fp2,ericsson,23,4,90.614,29.865,24.235,36.514,SUPERSOFT,18,0,294.0,0,0,1
2018,1,fp2,ericsson,24,4,89.898,29.842,24.021,36.035,SUPERSOFT,19,0,291.0,0,0,1
2018,1,fp2,ericsson,25,4,90.225,29.762,24.255,36.208,SUPERSOFT,20,0,289.0,0,0,1
2018,1,fp2,ericsson,26,4,90.258,29.897,24.119,36.242,SUPERSOFT,21,0,286.0,0,0,1
2018,1,fp2,ericsson,27,4,94.806,31.55,26.784,36.472,SUPERSOFT,22,0,289.0,0,0,1
2018,1,fp2,ericsson,28,4,90.122,29.853,24.138,36.131,SUPERSOFT,23,0,297.0,0,0,1
2018,1,fp2,ericsson,29,4,89.953,29.757,24.132,36.064,SUPERSOFT,24,0,286.0,0,0,1
2018,1,fp2,ericsson,30,4,133.996,32.528,24.968,76.5,SUPERSOFT,25,0,240.0,0,0,1
2018,1,fp2,ericsson,31,4,,35.643,25.743,,SUPERSOFT,26,0,224.0,0,0,0
2018,1,fp2,gasly,1,1,109.035,40.122,28.185,40.728,SOFT,1,1,207.0,0,0,0
2018,1,fp2,gasly,2,1,86.895,28.752,23.589,34.554,SOFT,2,1,312.0,1,0,0
2018,1,fp2,gasly,3,1,109.613,35.88,31.135,42.598,SOFT,3,1,235.0,0,0,0
2018,1,fp2,gasly,4,1,101.533,30.779,29.406,41.348,SOFT,4,1,317.0,0,0,0
2018,1,fp2,gasly,5,1,86.491,28.484,23.634,34.373,SOFT,5,1,316.0,1,0,0
2018,1,fp2,gasly,6,1,102.151,35.764,27.136,39.251,SOFT,6,1,281.0,0,0,0
2018,1,fp2,gasly,7,1,86.365,28.315,23.331,34.719,SOFT,7,1,316.0,1,0,0
2018,1,fp2,gasly,8,1,,34.006,27.664,,SOFT,8,1,306.0,0,0,0
2018,1,fp2,gasly,9,2,104.046,40.034,25.851,38.161,ULTRASOFT,1,1,195.0,0,0,0
2018,1,fp2,gasly,10,2,85.945,28.142,23.117,34.686,ULTRASOFT,2,1,310.0,1,0,0
2018,1,fp2,gasly,11,2,121.025,43.121,32.884,45.02,ULTRASOFT,3,1,267.0,0,0,0
2018,1,fp2,gasly,12,2,86.26,28.294,23.479,34.487,ULTRASOFT,4,1,310.0,0,0,0
2018,1,fp2,gasly,13,2,,37.117,27.673,,ULTRASOFT,5,1,285.0,0,0,0
2018,1,fp2,gasly,14,3,134.493,51.985,26.31,56.198,ULTRASOFT,6,0,194.0,0,0,0
2018,1,fp2,gasly,15,4,113.994,48.587,24.975,40.432,ULTRASOFT,7,0,217.0,0,0,0
2018,1,fp2,gasly,16,4,90.918,30.116,24.238,36.564,ULTRASOFT,8,0,282.0,0,0,1
2018,1,fp2,gasly,17,4,90.829,30.115,24.381,36.333,ULTRASOFT,9,0,287.0,0,0,1
2018,1,fp2,gasly,18,4,91.268,30.204,24.587,36.477,ULTRASOFT,10,0,267.0,0,0,1
2018,1,fp2,gasly,19,4,91.226,30.406,24.435,36.385,ULTRASOFT,11,0,265.0,0,0,1
2018,1,fp2,gasly,20,4,91.232,30.367,24.478,36.387,ULTRASOFT,12,0,272.0,0,0,1
2018,1,fp2,gasly,21,4,91.891,30.485,24.472,36.934,ULTRASOFT,13,0,273.0,0,0,1
2018,1,fp2,gasly,22,4,91.775,30.849,24.307,36.619,ULTRASOFT,14,0,274.0,0,0,1
2018,1,fp2,gasly,23,4,93.743,30.141,24.512,39.09,ULTRASOFT,15,0,281.0,0,0,1
2018,1,fp2,gasly,24,4,91.355,30.372,24.429,36.554,ULTRASOFT,16,0,273.0,0,0,1
2018,1,fp2,gasly,25,4,109.693,30.279,24.306,55.108,ULTRASOFT,17,0,278.0,0,0,0
2018,1,fp2,gasly,26,4,97.088,36.477,24.424,36.187,ULTRASOFT,18,0,218.0,0,0,0
2018,1,fp2,gasly,27,5,89.958,29.84,24.141,35.977,SOFT,9,0,275.0,0,0,1
2018,1,fp2,gasly,28,5,90.523,29.896,24.156,36.471,SOFT,10,0,274.0,0,0,1
2018,1,fp2,gasly,29,5,91.784,31.163,24.561,36.06,SOFT,11,0,296.0,0,0,1
2018,1,fp2,gasly,30,5,90.225,29.832,24.332,36.061,SOFT,12,0,280.0,0,0,1
2018,1,fp2,gasly,31,5,90.289,29.896,24.157,36.236,SOFT,13,0,276.0,0,0,1
2018,1,fp2,gasly,32,5,89.786,29.726,24.08,35.98,SOFT,14,0,282.0,0,0,1
2018,1,fp2,gasly,33,5,91.206,30.054,24.105,37.047,SOFT,15,0,281.0,0,0,1
2018,1,fp2,gasly,34,5,90.301,30.018,24.151,36.132,SOFT,16,0,278.0,0,0,1
2018,1,fp2,gasly,35,5,89.867,29.66,24.074,36.133,SOFT,17,0,284.0,0,0,1
2018,1,fp2,gasly,36,5,89.448,29.599,23.959,35.89,SOFT,18,0,283.0,0,0,1
2018,1,fp2,gasly,37,5,89.632,29.587,23.97,36.075,SOFT,19,0,287.0,0,0,1
2018,1,fp2,gasly,38,5,144.514,35.208,26.876,82.43,SOFT,20,0,287.0,0,0,1
2018,1,fp2,gasly,39,5,,35.708,26.921,,SOFT,21,0,241.0,0,0,0
2018,1,fp2,perez,1,1,107.015,45.042,24.481,37.492,SOFT,1,1,202.0,0,0,0
2018,1,fp2,perez,2,1,86.684,28.579,23.413,34.692,SOFT,2,1,311.0,1,0,0
2018,1,fp2,perez,3,1,100.724,33.086,27.694,39.944,SOFT,3,1,269.0,0,0,0
2018,1,fp2,perez,4,1,86.544,28.585,23.431,34.528,SOFT,4,1,313.0,1,0,0
2018,1,fp2,perez,5,1,100.286,33.349,26.903,40.034,SOFT,5,1,256.0,0,0,0
2018,1,fp2,perez,6,1,96.037,31.867,25.817,38.353,SOFT,6,1,313.0,0,0,0
2018,1,fp2,perez,7,1,86.066,28.423,23.33,34.313,SOFT,7,1,312.0,1,0,0
2018,1,fp2,perez,8,1,,34.901,25.5,,SOFT,8,1,229.0,0,0,0
2018,1,fp2,perez,9,2,,,,,ULTRASOFT,1,1,218.0,0,0,0
2018,1,fp2,perez,10,3,103.291,40.204,24.439,38.648,ULTRASOFT,2,0,296.0,0,0,0
2018,1,fp2,perez,11,3,94.631,30.627,25.09,38.914,ULTRASOFT,3,0,296.0,0,0,1
2018,1,fp2,perez,12,3,85.413,28.075,23.136,34.202,ULTRASOFT,4,0,313.0,1,0,1
2018,1,fp2,perez,13,3,115.234,37.384,30.077,47.773,ULTRASOFT,5,0,314.0,0,0,1
2018,1,fp2,perez,14,3,,28.354,25.873,,ULTRASOFT,6,0,314.0,0,0,0
2018,1,fp2,perez,15,4,118.861,56.507,25.018,37.336,ULTRASOFT,7,0,203.0,0,0,0
2018,1,fp2,perez,16,4,90.204,30.11,24.128,35.966,ULTRASOFT,8,0,293.0,0,0,1
2018,1,fp2,perez,17,4,95.056,30.557,25.388,39.111,ULTRASOFT,9,0,298.0,0,0,1
2018,1,fp2,perez,18,4,89.549,29.743,24.097,35.709,ULTRASOFT,10,0,298.0,0,0,1
2018,1,fp2,perez,19,4,89.609,29.664,24.022,35.923,ULTRASOFT,11,0,298.0,0,0,1
2018,1,fp2,perez,20,4,93.167,30.796,24.787,37.584,ULTRASOFT,12,0,296.0,0,0,1
2018,1,fp2,perez,21,4,93.4,29.868,24.39,39.142,ULTRASOFT,13,0,299.0,0,0,1
2018,1,fp2,perez,22,4,89.513,29.518,24.167,35.828,ULTRASOFT,14,0,300.0,0,0,1
2018,1,fp2,perez,23,4,107.825,29.731,24.22,53.874,ULTRASOFT,15,0,299.0,0,0,0
2018,1,fp2,perez,24,5,99.917,37.039,23.907,38.192,SOFT,9,0,297.0,0,0,0
2018,1,fp2,perez,25,5,89.289,,,35.744,SOFT,10,0,300.0,0,0,0
2018,1,fp2,perez,26,5,90.722,29.584,24.445,36.693,SOFT,11,0,300.0,0,0,1
2018,1,fp2,perez,27,5,89.259,29.551,23.907,35.801,SOFT,12,0,299.0,0,0,1
2018,1,fp2,perez,28,5,89.324,29.564,24.007,35.753,SOFT,13,0,298.0,0,0,1
2018,1,fp2,perez,29,5,,38.05,28.101,86.28,SOFT,14,0,216.0,0,0,0
2018,1,fp2,alonso,1,1,117.712,53.456,26.165,38.091,SOFT,1,1,164.0,0,0,0
2018,1,fp2,alonso,2,1,85.823,28.393,23.363,34.067,SOFT,2,1,303.0,1,0,0
2018,1,fp2,alonso,3,1,103.401,34.349,26.613,42.439,SOFT,3,1,259.0,0,0,0
2018,1,fp2,alonso,4,1,89.16,28.551,23.162,37.447,SOFT,4,1,306.0,0,0,0
2018,1,fp2,alonso,5,1,101.436,33.804,27.771,39.861,SOFT,5,1,226.0,0,0,0
2018,1,fp2,alonso,6,1,85.552,28.288,23.252,34.012,SOFT,6,1,307.0,1,0,0
2018,1,fp2,alonso,7,1,,32.972,27.786,,SOFT,7,1,276.0,0,0,0
2018,1,fp2,alonso,8,2,101.053,37.701,25.689,37.663,ULTRASOFT,1,1,209.0,0,0,0
2018,1,fp2,alonso,9,2,85.553,28.243,23.142,34.158,ULTRASOFT,2,1,282.0,0,0,0
2018,1,fp2,alonso,10,2,104.483,,26.686,44.521,ULTRASOFT,3,1,304.0,0,0,0
2018,1,fp2,alonso,11,2,85.2,,23.068,33.847,ULTRASOFT,4,1,234.0,1,0,0
2018,1,fp2,alonso,12,2,,35.319,28.277,,ULTRASOFT,5,1,,0,0,0
2018,1,fp2,alonso,13,3,101.151,37.879,26.048,37.224,ULTRASOFT,6,0,205.0,0,0,0
2018,1,fp2,alonso,14,3,85.285,28.165,23.151,33.969,ULTRASOFT,7,0,303.0,0,0,1
2018,1,fp2,alonso,15,3,97.923,33.156,27.238,37.529,ULTRASOFT,8,0,248.0,0,0,1
2018,1,fp2,alonso,16,3,94.718,30.243,26.234,38.241,ULTRASOFT,9,0,303.0,0,0,1
2018,1,fp2,alonso,17,3,,28.318,23.914,,ULTRASOFT,10,0,304.0,0,0,0
2018,1,fp2,alonso,18,3,,58.477,28.366,67.733,ULTRASOFT,11,0,211.0,0,0,0
2018,1,fp2,alonso,19,4,118.649,54.326,24.36,39.963,SOFT,9,0,214.0,0,0,0
2018,1,fp2,alonso,20,4,89.024,29.577,23.883,35.564,SOFT,10,0,286.0,0,0,1
2018,1,fp2,alonso,21,4,89.514,29.675,24.215,35.624,SOFT,11,0,305.0,0,0,1
2018,1,fp2,alonso,22,4,94.14,29.515,24.188,40.437,SOFT,12,0,285.0,0,0,1
2018,1,fp2,alonso,23,4,89.351,,23.883,35.514,SOFT,13,0,285.0,0,0,0
2018,1,fp2,alonso,24,4,111.687,29.389,24.061,58.237,SOFT,14,0,284.0,0,0,0
2018,1,fp2,alonso,25,5,96.246,37.004,23.913,35.329,ULTRASOFT,11,0,204.0,0,0,0
2018,1,fp2,alonso,26,5,89.044,29.42,24.128,35.496,ULTRASOFT,12,0,296.0,0,0,1
2018,1,fp2,alonso,27,5,148.222,35.427,29.736,83.059,ULTRASOFT,13,0,253.0,0,0,1
2018,1,fp2,alonso,28,5,,35.25,27.189,,ULTRASOFT,14,0,255.0,0,0,0
2018,1,fp2,leclerc,1,1,124.12,56.418,26.376,41.326,SOFT,1,1,195.0,0,0,0
2018,1,fp2,leclerc,2,1,88.756,29.371,23.73,35.655,SOFT,2,1,302.0,1,0,0
2018,1,fp2,leclerc,3,1,108.834,34.097,28.326,46.411,SOFT,3,1,281.0,0,0,0
2018,1,fp2,leclerc,4,1,88.012,28.861,23.591,35.56,SOFT,4,1,309.0,1,0,0
2018,1,fp2,leclerc,5,1,107.571,34.352,30.359,42.86,SOFT,5,1,242.0,0,0,0
2018,1,fp2,leclerc,6,1,100.377,30.708,28.997,40.672,SOFT,6,1,314.0,0,0,0
2018,1,fp2,leclerc,7,1,88.61,29.122,24.064,35.424,SOFT,7,1,303.0,0,0,0
2018,1,fp2,leclerc,8,1,,34.627,26.532,,SOFT,8,1,281.0,0,0,0
2018,1,fp2,leclerc,9,2,106.071,39.234,26.703,40.134,ULTRASOFT,1,1,304.0,0,0,0
2018,1,fp2,leclerc,10,2,86.815,28.672,23.232,34.911,ULTRASOFT,2,1,304.0,1,0,0
2018,1,fp2,leclerc,11,2,104.494,34.835,27.831,41.828,ULTRASOFT,3,1,253.0,0,0,0
2018,1,fp2,leclerc,12,2,106.297,32.554,29.083,44.66,ULTRASOFT,4,1,308.0,0,0,0
2018,1,fp2,leclerc,13,2,86.923,28.648,23.412,34.863,ULTRASOFT,5,1,308.0,0,0,0
2018,1,fp2,leclerc,14,2,106.681,34.556,27.513,44.612,ULTRASOFT,6,1,253.0,0,0,0
2018,1,fp2,leclerc,15,2,,28.848,23.497,,ULTRASOFT,7,1,305.0,0,0,0
2018,1,fp2,leclerc,16,3,141.577,58.07,27.719,55.788,SOFT,9,0,191.0,0,0,0
2018,1,fp2,leclerc,17,4,113.605,50.605,25.95,37.05,SOFT,10,0,200.0,0,0,0
2018,1,fp2,leclerc,18,4,91.855,31.045,24.337,36.473,SOFT,11,0,296.0,0,0,1
2018,1,fp2,leclerc,19,4,91.258,30.006,24.828,36.424,SOFT,12,0,303.0,0,0,1
2018,1,fp2,leclerc,20,4,91.044,30.189,24.306,36.549,SOFT,13,0,287.0,0,0,1
2018,1,fp2,leclerc,21,4,91.184,30.171,24.4,36.613,SOFT,14,0,287.0,0,0,1
2018,1,fp2,leclerc,22,4,90.995,30.318,24.344,36.333,SOFT,15,0,286.0,0,0,1
2018,1,fp2,leclerc,23,4,93.066,30.271,25.544,37.251,SOFT,16,0,288.0,0,0,1
2018,1,fp2,leclerc,24,4,90.845,30.097,24.438,36.31,SOFT,17,0,291.0,0,0,1
2018,1,fp2,leclerc,25,4,90.78,30.224,24.265,36.291,SOFT,18,0,291.0,0,0,1
2018,1,fp2,leclerc,26,4,90.739,30.181,24.306,36.252,SOFT,19,0,293.0,0,0,1
2018,1,fp2,leclerc,27,4,90.338,29.866,24.168,36.304,SOFT,20,0,292.0,0,0,1
2018,1,fp2,leclerc,28,4,90.812,29.936,24.541,36.335,SOFT,21,0,292.0,0,0,1
2018,1,fp2,leclerc,29,4,91.028,30.069,24.451,36.508,SOFT,22,0,291.0,0,0,1
2018,1,fp2,leclerc,30,4,91.365,30.56,24.35,36.455,SOFT,23,0,287.0,0,0,1
2018,1,fp2,leclerc,31,4,90.999,30.239,24.293,36.467,SOFT,24,0,286.0,0,0,1
2018,1,fp2,leclerc,32,4,90.336,30.048,24.155,36.133,SOFT,25,0,287.0,0,0,1
2018,1,fp2,leclerc,33,4,90.752,30.005,24.348,36.399,SOFT,26,0,287.0,0,0,1
2018,1,fp2,leclerc,34,4,147.998,34.131,28.109,85.758,SOFT,27,0,259.0,0,0,1
2018,1,fp2,leclerc,35,4,,41.024,28.569,,SOFT,28,0,186.0,0,0,0
2018,1,fp2,stroll,1,1,111.719,40.722,27.091,43.906,ULTRASOFT,1,1,216.0,0,0,0
2018,1,fp2,stroll,2,1,86.324,28.425,23.364,34.535,ULTRASOFT,2,1,309.0,1,0,0
2018,1,fp2,stroll,3,1,109.669,36.49,27.709,45.47,ULTRASOFT,3,1,210.0,0,0,0
2018,1,fp2,stroll,4,1,101.795,33.866,27.105,40.824,ULTRASOFT,4,1,311.0,0,0,0
2018,1,fp2,stroll,5,1,89.378,28.322,23.312,37.744,ULTRASOFT,5,1,310.0,0,0,0
2018,1,fp2,stroll,6,1,109.996,38.231,28.742,43.023,ULTRASOFT,6,1,242.0,0,0,0
2018,1,fp2,stroll,7,1,86.465,28.415,23.387,34.663,ULTRASOFT,7,1,309.0,0,0,0
2018,1,fp2,stroll,8,1,,32.303,24.809,,ULTRASOFT,8,1,215.0,0,0,0
2018,1,fp2,stroll,9,2,99.051,37.651,24.847,36.553,ULTRASOFT,1,1,209.0,0,0,0
2018,1,fp2,stroll,10,2,,,,,ULTRASOFT,2,1,310.0,0,0,0
2018,1,fp2,stroll,11,3,97.773,36.872,24.69,36.211,ULTRASOFT,3,0,211.0,0,0,0
2018,1,fp2,stroll,12,3,85.543,28.178,23.13,34.235,ULTRASOFT,4,0,305.0,1,0,1
2018,1,fp2,stroll,13,3,101.758,35.212,27.775,38.771,ULTRASOFT,5,0,221.0,0,0,1
2018,1,fp2,stroll,14,3,85.601,28.221,23.083,34.297,ULTRASOFT,6,0,304.0,0,0,1
2018,1,fp2,stroll,15,3,,34.081,26.309,,ULTRASOFT,7,0,204.0,0,0,0
2018,1,fp2,stroll,16,4,123.272,41.154,27.601,54.517,ULTRASOFT,9,0,207.0,0,0,0
2018,1,fp2,stroll,17,5,129.83,49.107,24.547,56.176,ULTRASOFT,10,0,216.0,0,0,0
2018,1,fp2,stroll,18,6,95.029,35.578,23.91,35.541,SOFT,2,0,286.0,0,0,0
2018,1,fp2,stroll,19,6,89.999,29.619,24.197,36.183,SOFT,3,0,286.0,0,0,1
2018,1,fp2,stroll,20,6,90.655,30.039,24.311,36.305,SOFT,4,0,283.0,0,0,1
2018,1,fp2,stroll,21,6,91.068,30.346,24.36,36.362,SOFT,5,0,282.0,0,0,1
2018,1,fp2,stroll,22,6,90.728,30.098,24.353,36.277,SOFT,6,0,274.0,0,0,1
2018,1,fp2,stroll,23,6,90.455,29.919,24.247,36.289,SOFT,7,0,275.0,0,0,1
2018,1,fp2,stroll,24,6,91.785,30.895,24.388,36.502,SOFT,8,0,284.0,0,0,1
2018,1,fp2,stroll,25,6,90.802,30.15,24.375,36.277,SOFT,9,0,270.0,0,0,1
2018,1,fp2,stroll,26,6,90.712,30.233,24.228,36.251,SOFT,10,0,268.0,0,0,1
2018,1,fp2,stroll,27,6,90.244,,24.082,36.132,SOFT,11,0,268.0,0,0,0
2018,1,fp2,stroll,28,6,90.135,30.061,24.137,35.937,SOFT,12,0,267.0,0,0,1
2018,1,fp2,stroll,29,6,90.061,,24.067,36.04,SOFT,13,0,267.0,0,0,0
2018,1,fp2,stroll,30,6,90.164,30.015,24.094,36.055,SOFT,14,0,275.0,0,0,1
2018,1,fp2,stroll,31,6,,32.009,26.264,,SOFT,15,0,266.0,0,0,0
2018,1,fp2,stroll,32,6,,99.569,26.264,,SOFT,16,0,49.0,0,0,0
2018,1,fp2,kevin_magnussen,1,,114.734,51.794,25.194,37.746,,,1,207.0,0,0,0
2018,1,fp2,kevin_magnussen,2,1,87.412,28.952,23.679,34.781,SOFT,1,1,305.0,1,0,0
2018,1,fp2,kevin_magnussen,3,1,87.041,28.753,23.617,34.671,SOFT,2,1,304.0,1,0,0
2018,1,fp2,kevin_magnussen,4,1,97.404,30.123,23.992,43.289,SOFT,3,1,306.0,0,0,0
2018,1,fp2,kevin_magnussen,5,1,97.538,36.736,25.009,35.793,SOFT,4,1,310.0,0,0,0
2018,1,fp2,kevin_magnussen,6,1,91.748,29.409,23.841,38.498,SOFT,5,1,309.0,0,0,0
2018,1,fp2,kevin_magnussen,7,1,87.259,28.605,23.694,34.96,SOFT,6,1,313.0,0,0,0
2018,1,fp2,kevin_magnussen,8,1,97.05,34.476,24.673,37.901,SOFT,7,1,312.0,0,0,0
2018,1,fp2,kevin_magnussen,9,1,91.072,28.895,25.512,36.665,SOFT,8,1,311.0,0,0,0
2018,1,fp2,kevin_magnussen,10,1,,28.755,23.735,,SOFT,9,1,307.0,0,0,0
2018,1,fp2,kevin_magnussen,11,2,101.541,38.255,24.514,38.772,ULTRASOFT,1,1,206.0,0,0,0
2018,1,fp2,kevin_magnussen,12,2,85.246,28.077,23.165,34.004,ULTRASOFT,2,1,309.0,1,0,1
2018,1,fp2,kevin_magnussen,13,2,97.398,34.851,25.751,36.796,ULTRASOFT,3,1,258.0,0,0,1
2018,1,fp2,kevin_magnussen,14,2,97.686,33.688,25.074,38.924,ULTRASOFT,4,1,304.0,0,0,1
2018,1,fp2,kevin_magnussen,15,2,86.618,28.26,23.31,35.048,ULTRASOFT,5,1,311.0,0,0,1
2018,1,fp2,kevin_magnussen,16,2,,36.635,25.458,,ULTRASOFT,6,1,264.0,0,0,0
2018,1,fp2,kevin_magnussen,17,3,115.397,54.257,24.39,36.75,ULTRASOFT,7,0,157.0,0,0,0
2018,1,fp2,kevin_magnussen,18,3,92.009,30.765,24.559,36.685,ULTRASOFT,8,0,301.0,0,0,1
2018,1,fp2,kevin_magnussen,19,3,96.628,34.529,25.103,36.996,ULTRASOFT,9,0,301.0,0,0,1
2018,1,fp2,kevin_magnussen,20,3,90.891,30.17,24.33,36.391,ULTRASOFT,10,0,293.0,0,0,1
2018,1,fp2,kevin_magnussen,21,3,90.377,30.05,24.206,36.121,ULTRASOFT,11,0,289.0,0,0,1
2018,1,fp2,kevin_magnussen,22,3,90.456,29.88,24.325,36.251,ULTRASOFT,12,0,291.0,0,0,1
2018,1,fp2,kevin_magnussen,23,3,91.992,31.1,24.307,36.585,ULTRASOFT,13,0,279.0,0,0,1
2018,1,fp2,kevin_magnussen,24,3,108.765,29.818,24.264,54.683,ULTRASOFT,14,0,291.0,0,0,0
2018,1,fp2,kevin_magnussen,25,4,107.848,47.709,24.19,35.949,SOFT,11,0,211.0,0,0,0
2018,1,fp2,kevin_magnussen,26,4,89.782,29.9,24.099,35.783,SOFT,12,0,284.0,0,0,1
2018,1,fp2,kevin_magnussen,27,4,89.162,29.615,23.989,35.558,SOFT,13,0,284.0,0,0,1
2018,1,fp2,kevin_magnussen,28,4,89.343,29.748,24.044,35.551,SOFT,14,0,278.0,0,0,1
2018,1,fp2,kevin_magnussen,29,4,142.888,32.508,26.022,84.358,SOFT,15,0,230.0,0,0,1
2018,1,fp2,kevin_magnussen,30,4,,,28.225,,SOFT,16,0,230.0,0,0,0
2018,1,fp2,hulkenberg,1,1,127.534,51.921,28.289,47.324,SUPERSOFT,1,1,199.0,0,0,0
2018,1,fp2,hulkenberg,2,1,86.376,28.572,23.487,34.317,SUPERSOFT,2,1,309.0,1,0,0
2018,1,fp2,hulkenberg,3,1,123.99,39.583,31.233,53.174,SUPERSOFT,3,1,226.0,0,0,0
2018,1,fp2,hulkenberg,4,1,86.087,28.471,23.341,34.275,SUPERSOFT,4,1,313.0,1,0,0
2018,1,fp2,hulkenberg,5,1,113.948,37.589,30.569,45.79,SUPERSOFT,5,1,241.0,0,0,0
2018,1,fp2,hulkenberg,6,1,86.235,28.508,23.315,34.412,SUPERSOFT,6,1,310.0,0,0,0
2018,1,fp2,hulkenberg,7,1,,33.864,25.602,,SUPERSOFT,7,1,242.0,0,0,0
2018,1,fp2,hulkenberg,8,2,119.087,43.018,23.387,46.371,ULTRASOFT,1,1,310.0,0,0,0
2018,1,fp2,hulkenberg,9,2,85.471,,,34.013,ULTRASOFT,2,1,310.0,1,0,0
2018,1,fp2,hulkenberg,10,2,112.568,38.325,29.132,45.103,ULTRASOFT,3,1,304.0,0,0,0
2018,1,fp2,hulkenberg,11,2,85.839,,23.218,34.175,ULTRASOFT,4,1,304.0,0,0,0
2018,1,fp2,hulkenberg,12,2,,36.629,,,ULTRASOFT,5,1,239.0,0,0,0
2018,1,fp2,hulkenberg,13,3,115.265,55.43,24.121,35.714,ULTRASOFT,6,0,221.0,0,0,0
2018,1,fp2,hulkenberg,14,3,89.821,29.777,24.055,35.989,ULTRASOFT,7,0,282.0,0,0,1
2018,1,fp2,hulkenberg,15,3,91.082,29.863,24.262,36.957,ULTRASOFT,8,0,286.0,0,0,1
2018,1,fp2,hulkenberg,16,3,90.646,30.212,24.119,36.315,ULTRASOFT,9,0,289.0,0,0,1
2018,1,fp2,hulkenberg,17,3,90.47,29.947,24.27,36.253,ULTRASOFT,10,0,286.0,0,0,1
2018,1,fp2,hulkenberg,18,3,91.022,29.976,24.41,36.636,ULTRASOFT,11,0,288.0,0,0,1
2018,1,fp2,hulkenberg,19,3,90.446,29.855,24.332,36.259,ULTRASOFT,12,0,287.0,0,0,1
2018,1,fp2,hulkenberg,20,3,90.497,29.937,24.317,36.243,ULTRASOFT,13,0,289.0,0,0,1
2018,1,fp2,hulkenberg,21,3,113.506,30.003,24.493,59.01,ULTRASOFT,14,0,287.0,0,0,0
2018,1,fp2,hulkenberg,22,3,95.516,35.487,23.989,36.04,ULTRASOFT,15,0,222.0,0,0,0
2018,1,fp2,hulkenberg,23,4,89.727,29.771,23.985,35.971,SUPERSOFT,8,0,291.0,0,0,1
2018,1,fp2,hulkenberg,24,4,89.556,29.567,24.059,35.93,SUPERSOFT,9,0,290.0,0,0,1
2018,1,fp2,hulkenberg,25,4,90.125,29.699,24.253,36.173,SUPERSOFT,10,0,293.0,0,0,1
2018,1,fp2,hulkenberg,26,4,89.868,29.572,24.089,36.207,SUPERSOFT,11,0,293.0,0,0,1
2018,1,fp2,hulkenberg,27,4,92.635,29.75,24.042,38.843,SUPERSOFT,12,0,292.0,0,0,1
2018,1,fp2,hulkenberg,28,4,89.163,29.434,23.907,35.822,SUPERSOFT,13,0,291.0,0,0,1
2018,1,fp2,hulkenberg,29,4,89.936,30.021,24.11,35.805,SUPERSOFT,14,0,291.0,0,0,1
2018,1,fp2,hulkenberg,30,4,93.911,,24.272,40.114,SUPERSOFT,15,0,291.0,0,0,0
2018,1,fp2,hulkenberg,31,4,89.045,29.538,23.934,35.573,SUPERSOFT,16,0,289.0,0,0,1
2018,1,fp2,hulkenberg,32,4,88.924,29.367,23.83,35.727,SUPERSOFT,17,0,289.0,0,0,1
2018,1,fp2,hulkenberg,33,4,89.177,29.396,23.953,35.828,SUPERSOFT,18,0,253.0,0,0,1
2018,1,fp2,hulkenberg,34,4,137.544,33.812,25.593,78.139,SUPERSOFT,19,0,253.0,0,0,1
2018,1,fp2,hulkenberg,35,4,,35.742,33.875,,SUPERSOFT,20,0,228.0,0,0,0
2018,1,fp2,brendon_hartley,1,1,123.341,45.326,29.727,48.288,SUPERSOFT,1,1,174.0,0,0,0
2018,1,fp2,brendon_hartley,2,1,86.781,28.66,23.508,34.613,SUPERSOFT,2,1,310.0,1,0,0
2018,1,fp2,brendon_hartley,3,1,108.265,35.552,28.235,44.478,SUPERSOFT,3,1,290.0,0,0,0
2018,1,fp2,brendon_hartley,4,1,86.708,28.402,23.31,34.996,SUPERSOFT,4,1,314.0,1,0,0
2018,1,fp2,brendon_hartley,5,1,114.443,35.382,31.752,47.309,SUPERSOFT,5,1,293.0,0,0,0
2018,1,fp2,brendon_hartley,6,1,103.115,33.769,27.43,41.916,SUPERSOFT,6,1,264.0,0,0,0
2018,1,fp2,brendon_hartley,7,1,88.462,28.55,23.305,36.607,SUPERSOFT,7,1,312.0,0,0,0
2018,1,fp2,brendon_hartley,8,1,120.395,36.222,33.094,51.079,SUPERSOFT,8,1,292.0,0,0,0
2018,1,fp2,brendon_hartley,9,1,87.229,28.563,23.363,35.303,SUPERSOFT,9,1,311.0,0,0,0
2018,1,fp2,brendon_hartley,10,1,,32.037,25.442,,SUPERSOFT,10,1,298.0,0,0,0
2018,1,fp2,brendon_hartley,11,2,112.368,42.686,27.615,42.067,ULTRASOFT,1,1,191.0,0,0,0
2018,1,fp2,brendon_hartley,12,2,85.925,28.164,23.148,34.613,ULTRASOFT,2,1,308.0,1,0,0
2018,1,fp2,brendon_hartley,13,2,107.038,34.046,30.432,42.56,ULTRASOFT,3,1,298.0,0,0,0
2018,1,fp2,brendon_hartley,14,2,85.981,28.343,23.184,34.454,ULTRASOFT,4,1,310.0,0,0,0
2018,1,fp2,brendon_hartley,15,2,,32.929,26.633,,ULTRASOFT,5,1,298.0,0,0,0
2018,1,fp2,brendon_hartley,16,3,135.961,50.311,28.129,57.521,ULTRASOFT,6,0,203.0,0,0,0
2018,1,fp2,brendon_hartley,17,4,108.505,46.779,24.75,36.976,ULTRASOFT,7,0,214.0,0,0,0
2018,1,fp2,brendon_hartley,18,4,90.586,29.885,24.203,36.498,ULTRASOFT,8,0,279.0,0,0,1
2018,1,fp2,brendon_hartley,19,4,90.484,29.743,24.189,36.552,ULTRASOFT,9,0,280.0,0,0,1
2018,1,fp2,brendon_hartley,20,4,90.431,29.936,24.026,36.469,ULTRASOFT,10,0,281.0,0,0,1
2018,1,fp2,brendon_hartley,21,4,90.337,29.653,24.061,36.623,ULTRASOFT,11,0,282.0,0,0,1
2018,1,fp2,brendon_hartley,22,4,91.557,30.107,24.471,36.979,ULTRASOFT,12,0,279.0,0,0,1
2018,1,fp2,brendon_hartley,23,4,90.428,29.873,24.116,36.439,ULTRASOFT,13,0,281.0,0,0,1
2018,1,fp2,brendon_hartley,24,4,90.697,29.948,24.152,36.597,ULTRASOFT,14,0,276.0,0,0,1
2018,1,fp2,brendon_hartley,25,4,91.416,30.02,24.328,37.068,ULTRASOFT,15,0,284.0,0,0,1
2018,1,fp2,brendon_hartley,26,4,108.518,29.799,24.236,54.483,ULTRASOFT,16,0,281.0,0,0,0
2018,1,fp2,brendon_hartley,27,5,101.473,37.164,26.641,37.668,SUPERSOFT,11,0,222.0,0,0,0
2018,1,fp2,brendon_hartley,28,5,90.372,29.8,24.131,36.441,SUPERSOFT,12,0,279.0,0,0,1
2018,1,fp2,brendon_hartley,29,5,91.052,30.467,24.102,36.483,SUPERSOFT,13,0,283.0,0,0,1
2018,1,fp2,brendon_hartley,30,5,90.438,29.884,24.26,36.294,SUPERSOFT,14,0,279.0,0,0,1
2018,1,fp2,brendon_hartley,31,5,89.77,29.554,24.216,36.0,SUPERSOFT,15,0,279.0,0,0,1
2018,1,fp2,brendon_hartley,32,5,91.262,29.952,24.004,37.306,SUPERSOFT,16,0,287.0,0,0,1
2018,1,fp2,brendon_hartley,33,5,92.924,30.939,24.9,37.085,SUPERSOFT,17,0,275.0,0,0,1
2018,1,fp2,brendon_hartley,34,5,89.599,29.602,23.983,36.014,SUPERSOFT,18,0,299.0,0,0,1
2018,1,fp2,brendon_hartley,35,5,89.266,29.342,24.003,35.921,SUPERSOFT,19,0,293.0,0,0,1
2018,1,fp2,brendon_hartley,36,5,92.616,29.55,24.019,39.047,SUPERSOFT,20,0,285.0,0,0,1
2018,1,fp2,brendon_hartley,37,5,89.445,29.375,24.044,36.026,SUPERSOFT,21,0,280.0,0,0,1
2018,1,fp2,brendon_hartley,38,5,108.166,30.028,23.974,54.164,SUPERSOFT,22,0,284.0,0,0,0
2018,1,fp2,brendon_hartley,39,6,95.854,35.507,24.156,36.191,ULTRASOFT,17,0,225.0,0,0,0
2018,1,fp2,brendon_hartley,40,6,149.167,36.277,26.782,85.777,ULTRASOFT,18,0,238.0,0,0,0
2018,1,fp2,ocon,1,1,101.324,39.7,24.567,37.057,SOFT,1,1,194.0,0,0,0
2018,1,fp2,ocon,2,1,90.81,28.681,23.588,38.541,SOFT,2,1,313.0,1,0,0
2018,1,fp2,ocon,3,1,97.795,32.51,26.582,38.703,SOFT,3,1,244.0,0,0,0
2018,1,fp2,ocon,4,1,,41.577,29.219,,SOFT,4,1,317.0,0,0,0
2018,1,fp2,ocon,5,2,99.036,37.286,24.337,37.413,SOFT,5,0,220.0,0,0,0
2018,1,fp2,ocon,6,2,91.039,29.955,24.302,36.782,SOFT,6,0,283.0,0,0,0
2018,1,fp2,ocon,7,2,87.035,28.844,23.494,34.697,SOFT,7,0,310.0,1,0,0
2018,1,fp2,ocon,8,2,103.892,34.906,27.629,41.357,SOFT,8,0,247.0,0,0,0
2018,1,fp2,ocon,9,2,86.948,28.82,23.628,34.5,SOFT,9,0,309.0,1,0,0
2018,1,fp2,ocon,10,2,,35.375,25.498,,SOFT,10,0,214.0,0,0,0
2018,1,fp2,ocon,11,3,102.76,36.665,26.197,39.898,ULTRASOFT,1,1,217.0,0,0,0
2018,1,fp2,ocon,12,3,,28.443,,,ULTRASOFT,2,1,314.0,0,0,0
2018,1,fp2,ocon,13,4,97.388,36.575,24.454,36.359,ULTRASOFT,3,0,224.0,0,0,0
2018,1,fp2,ocon,14,4,91.386,29.758,24.289,37.339,ULTRASOFT,4,0,304.0,0,0,1
2018,1,fp2,ocon,15,4,85.917,28.354,23.365,34.198,ULTRASOFT,5,0,311.0,1,0,1
2018,1,fp2,ocon,16,4,109.844,37.415,29.913,42.516,ULTRASOFT,6,0,228.0,0,0,1
2018,1,fp2,ocon,17,4,85.888,28.4,23.36,34.128,ULTRASOFT,7,0,313.0,1,0,1
2018,1,fp2,ocon,18,4,,35.097,25.78,,ULTRASOFT,8,0,218.0,0,0,0
2018,1,fp2,ocon,19,5,115.046,53.935,24.534,36.577,ULTRASOFT,9,0,212.0,0,0,0
2018,1,fp2,ocon,20,5,93.234,31.331,24.423,37.48,ULTRASOFT,10,0,292.0,0,0,1
2018,1,fp2,ocon,21,5,90.644,29.818,24.386,36.44,ULTRASOFT,11,0,298.0,0,0,1
2018,1,fp2,ocon,22,5,90.931,30.045,24.558,36.328,ULTRASOFT,12,0,301.0,0,0,1
2018,1,fp2,ocon,23,5,93.369,30.143,24.605,38.621,ULTRASOFT,13,0,302.0,0,0,1
2018,1,fp2,ocon,24,5,90.39,29.82,24.337,36.233,ULTRASOFT,14,0,299.0,0,0,1
2018,1,fp2,ocon,25,5,89.993,29.824,24.197,35.972,ULTRASOFT,15,0,300.0,0,0,1
2018,1,fp2,ocon,26,5,108.817,29.957,24.32,54.54,ULTRASOFT,16,0,300.0,0,0,0
2018,1,fp2,ocon,27,6,96.571,36.39,24.211,35.97,SOFT,11,0,224.0,0,0,0
2018,1,fp2,ocon,28,6,89.319,29.535,24.04,35.726,SOFT,12,0,294.0,0,0,0
2018,1,fp2,ocon,29,6,89.23,29.535,24.022,35.673,SOFT,13,0,296.0,0,0,1
2018,1,fp2,ocon,30,6,89.539,29.56,24.017,35.962,SOFT,14,0,296.0,0,0,1
2018,1,fp2,ocon,31,6,89.502,29.638,24.005,35.859,SOFT,15,0,297.0,0,0,1
2018,1,fp2,ocon,32,6,142.09,36.333,25.922,79.835,SOFT,16,0,193.0,0,0,1
2018,1,fp2,ocon,33,6,,38.219,25.788,,SOFT,17,0,193.0,0,0,0
2018,1,fp2,max_verstappen,1,1,102.167,38.778,24.913,38.476,SOFT,1,1,208.0,0,0,0
2018,1,fp2,max_verstappen,2,1,85.064,28.283,23.016,33.765,SOFT,2,1,308.0,1,0,0
2018,1,fp2,max_verstappen,3,1,114.088,37.196,31.044,45.848,SOFT,3,1,262.0,0,0,0
2018,1,fp2,max_verstappen,4,1,104.869,32.524,29.024,43.321,SOFT,4,1,309.0,0,0,0
2018,1,fp2,max_verstappen,5,1,84.699,28.11,23.018,33.571,SOFT,5,1,309.0,1,0,0
2018,1,fp2,max_verstappen,6,1,124.584,38.672,22.903,50.864,SOFT,6,1,307.0,0,0,0
2018,1,fp2,max_verstappen,7,1,84.401,,,33.482,SOFT,7,1,307.0,1,0,0
2018,1,fp2,max_verstappen,8,1,,31.318,25.068,,SOFT,8,1,265.0,0,0,0
2018,1,fp2,max_verstappen,9,2,110.137,40.258,26.984,42.895,ULTRASOFT,1,1,207.0,0,0,0
2018,1,fp2,max_verstappen,10,2,84.058,27.906,22.782,33.37,ULTRASOFT,2,1,303.0,1,0,0
2018,1,fp2,max_verstappen,11,2,,33.508,25.856,,ULTRASOFT,3,1,252.0,0,0,0
2018,1,fp2,max_verstappen,12,3,112.974,51.395,25.117,36.462,ULTRASOFT,4,0,207.0,0,0,0
2018,1,fp2,max_verstappen,13,3,88.301,29.331,23.715,35.255,ULTRASOFT,5,0,285.0,0,0,1
2018,1,fp2,max_verstappen,14,3,89.026,29.65,23.865,35.511,ULTRASOFT,6,0,271.0,0,0,1
2018,1,fp2,max_verstappen,15,3,89.033,29.705,23.944,35.384,ULTRASOFT,7,0,280.0,0,0,1
2018,1,fp2,max_verstappen,16,3,89.14,29.561,23.962,35.617,ULTRASOFT,8,0,281.0,0,0,1
2018,1,fp2,max_verstappen,17,3,91.84,29.574,25.775,36.491,ULTRASOFT,9,0,280.0,0,0,1
2018,1,fp2,max_verstappen,18,3,89.012,29.464,24.115,35.433,ULTRASOFT,10,0,287.0,0,0,1
2018,1,fp2,max_verstappen,19,3,88.882,29.421,24.037,35.424,ULTRASOFT,11,0,280.0,0,0,1
2018,1,fp2,max_verstappen,20,3,89.038,29.467,23.943,35.628,ULTRASOFT,12,0,285.0,0,0,1
2018,1,fp2,max_verstappen,21,3,107.958,29.842,24.573,53.543,ULTRASOFT,13,0,282.0,0,0,0
2018,1,fp2,max_verstappen,22,3,96.092,36.088,23.92,36.084,ULTRASOFT,14,0,213.0,0,0,0
2018,1,fp2,max_verstappen,23,4,89.06,29.681,23.954,35.425,SOFT,9,0,293.0,0,0,1
2018,1,fp2,max_verstappen,24,4,90.122,29.755,24.022,36.345,SOFT,10,0,297.0,0,0,1
2018,1,fp2,max_verstappen,25,4,89.051,29.807,23.841,35.403,SOFT,11,0,275.0,0,0,1
2018,1,fp2,max_verstappen,26,4,88.879,29.627,23.911,35.341,SOFT,12,0,278.0,0,0,1
2018,1,fp2,max_verstappen,27,4,88.621,29.572,23.843,35.206,SOFT,13,0,265.0,0,0,1
2018,1,fp2,max_verstappen,28,4,88.308,29.369,23.859,35.08,SOFT,14,0,280.0,0,0,1
2018,1,fp2,max_verstappen,29,4,88.261,,23.881,35.016,SOFT,15,0,280.0,0,0,0
2018,1,fp2,max_verstappen,30,4,93.029,29.318,23.95,39.761,SOFT,16,0,279.0,0,0,1
2018,1,fp2,max_verstappen,31,4,88.673,29.186,24.186,35.301,SOFT,17,0,281.0,0,0,1
2018,1,fp2,max_verstappen,32,4,92.29,30.006,24.759,37.525,SOFT,18,0,282.0,0,0,1
2018,1,fp2,max_verstappen,33,4,88.448,29.255,23.869,35.324,SOFT,19,0,269.0,0,0,1
2018,1,fp2,max_verstappen,34,4,,33.095,29.313,,SOFT,20,0,249.0,0,0,0
2018,1,fp2,sirotkin,1,1,113.636,43.454,27.78,42.402,ULTRASOFT,1,1,198.0,0,0,0
2018,1,fp2,sirotkin,2,1,86.837,28.497,23.382,34.958,ULTRASOFT,2,1,306.0,1,0,0
2018,1,fp2,sirotkin,3,1,112.459,39.339,29.45,43.67,ULTRASOFT,3,1,262.0,0,0,0
2018,1,fp2,sirotkin,4,1,86.945,28.566,23.775,34.604,ULTRASOFT,4,1,311.0,0,0,0
2018,1,fp2,sirotkin,5,1,114.865,39.044,30.39,45.431,ULTRASOFT,5,1,280.0,0,0,0
2018,1,fp2,sirotkin,6,1,87.245,28.734,23.558,34.953,ULTRASOFT,6,1,316.0,0,0,0
2018,1,fp2,sirotkin,7,1,115.376,39.603,32.841,42.932,ULTRASOFT,7,1,275.0,0,0,0
2018,1,fp2,sirotkin,8,1,86.59,28.461,23.486,34.643,ULTRASOFT,8,1,310.0,1,0,0
2018,1,fp2,sirotkin,9,1,,36.109,27.243,,ULTRASOFT,9,1,275.0,0,0,0
2018,1,fp2,sirotkin,10,2,114.278,42.324,29.36,42.594,ULTRASOFT,1,1,194.0,0,0,0
2018,1,fp2,sirotkin,11,2,86.165,28.251,23.374,34.54,ULTRASOFT,2,1,307.0,1,0,0
2018,1,fp2,sirotkin,12,2,111.803,38.392,30.441,42.97,ULTRASOFT,3,1,254.0,0,0,0
2018,1,fp2,sirotkin,13,2,86.087,28.36,23.337,34.39,ULTRASOFT,4,1,310.0,1,0,0
2018,1,fp2,sirotkin,14,2,112.578,37.988,31.206,43.384,ULTRASOFT,5,1,266.0,0,0,0
2018,1,fp2,sirotkin,15,2,85.974,28.308,23.358,34.308,ULTRASOFT,6,1,306.0,1,0,0
2018,1,fp2,sirotkin,16,2,,,,,ULTRASOFT,7,1,262.0,0,0,0
2018,1,fp2,sirotkin,17,3,,56.669,28.409,69.928,ULTRASOFT,8,0,199.0,0,0,0
2018,1,fp2,sirotkin,18,4,117.647,56.112,24.843,36.692,ULTRASOFT,9,0,218.0,0,0,0
2018,1,fp2,sirotkin,19,4,90.608,30.007,24.159,36.442,ULTRASOFT,10,0,292.0,0,0,1
2018,1,fp2,sirotkin,20,4,90.681,29.96,24.184,36.374,ULTRASOFT,11,0,290.0,0,0,0
2018,1,fp2,sirotkin,21,4,91.396,29.96,24.503,36.933,ULTRASOFT,12,0,290.0,0,0,1
2018,1,fp2,sirotkin,22,4,94.793,30.206,26.434,38.153,ULTRASOFT,13,0,297.0,0,0,1
2018,1,fp2,sirotkin,23,4,110.888,30.894,24.436,55.558,ULTRASOFT,14,0,293.0,0,0,0
2018,1,fp2,sirotkin,24,5,102.716,41.351,24.567,36.798,SUPERSOFT,2,0,202.0,0,0,0
2018,1,fp2,sirotkin,25,5,90.341,29.725,24.334,36.282,SUPERSOFT,3,0,279.0,0,0,1
2018,1,fp2,sirotkin,26,5,90.218,29.776,24.241,36.201,SUPERSOFT,4,0,292.0,0,0,1
2018,1,fp2,sirotkin,27,5,90.313,29.755,24.232,36.326,SUPERSOFT,5,0,290.0,0,0,1
2018,1,fp2,sirotkin,28,5,91.39,30.157,24.401,36.832,SUPERSOFT,6,0,291.0,0,0,1
2018,1,fp2,sirotkin,29,5,91.337,30.341,24.516,36.48,SUPERSOFT,7,0,294.0,0,0,1
2018,1,fp2,sirotkin,30,5,90.858,29.909,24.348,36.601,SUPERSOFT,8,0,294.0,0,0,1
2018,1,fp2,sirotkin,31,5,90.679,29.993,24.318,36.368,SUPERSOFT,9,0,294.0,0,0,1
2018,1,fp2,sirotkin,32,5,96.289,30.406,24.533,41.35,SUPERSOFT,10,0,290.0,0,0,1
2018,1,fp2,sirotkin,33,5,90.777,29.974,24.277,36.526,SUPERSOFT,11,0,288.0,0,0,1
2018,1,fp2,sirotkin,34,5,89.939,29.753,24.099,36.087,SUPERSOFT,12,0,292.0,0,0,1
2018,1,fp2,sirotkin,35,5,90.03,29.82,24.269,35.941,SUPERSOFT,13,0,290.0,0,0,1
2018,1,fp2,sirotkin,36,5,149.539,34.85,29.671,85.018,SUPERSOFT,14,0,263.0,0,0,1
2018,1,fp2,sirotkin,37,5,,41.497,30.509,,SUPERSOFT,15,0,193.0,0,0,0
2018,1,fp2,hamilton,1,1,132.214,58.369,26.37,47.475,SUPERSOFT,1,1,211.0,0,0,0
2018,1,fp2,hamilton,2,1,84.569,27.978,23.082,33.509,SUPERSOFT,2,1,316.0,1,0,0
2018,1,fp2,hamilton,3,1,112.328,35.759,27.462,49.107,SUPERSOFT,3,1,231.0,0,0,0
2018,1,fp2,hamilton,4,1,84.972,28.088,23.085,33.799,SUPERSOFT,4,1,320.0,0,0,0
2018,1,fp2,hamilton,5,1,118.256,42.91,31.15,44.196,SUPERSOFT,5,1,247.0,0,0,0
2018,1,fp2,hamilton,6,1,84.385,27.79,23.003,33.592,SUPERSOFT,6,1,314.0,1,0,0
2018,1,fp2,hamilton,7,1,,32.626,25.388,,SUPERSOFT,7,1,247.0,0,0,0
2018,1,fp2,hamilton,8,2,103.106,38.941,26.325,37.84,ULTRASOFT,1,1,213.0,0,0,0
2018,1,fp2,hamilton,9,2,83.931,27.595,22.946,33.39,ULTRASOFT,2,1,312.0,1,0,0
2018,1,fp2,hamilton,10,2,120.499,44.213,30.805,45.481,ULTRASOFT,3,1,266.0,0,0,0
2018,1,fp2,hamilton,11,2,,27.599,22.999,,ULTRASOFT,4,1,312.0,0,0,0
2018,1,fp2,hamilton,12,3,144.025,63.26,27.107,53.658,ULTRASOFT,5,0,212.0,0,0,0
2018,1,fp2,hamilton,13,4,121.436,60.995,24.722,35.719,ULTRASOFT,6,0,217.0,0,0,0
2018,1,fp2,hamilton,14,4,89.052,29.508,23.919,35.625,ULTRASOFT,7,0,285.0,0,0,1
2018,1,fp2,hamilton,15,4,88.747,29.455,23.911,35.381,ULTRASOFT,8,0,285.0,0,0,1
2018,1,fp2,hamilton,16,4,88.664,29.325,23.891,35.448,ULTRASOFT,9,0,288.0,0,0,1
2018,1,fp2,hamilton,17,4,88.551,29.298,23.925,35.328,ULTRASOFT,10,0,286.0,0,0,1
2018,1,fp2,hamilton,18,4,88.888,29.428,23.906,35.554,ULTRASOFT,11,0,282.0,0,0,1
2018,1,fp2,hamilton,19,4,90.347,29.576,25.064,35.707,ULTRASOFT,12,0,284.0,0,0,1
2018,1,fp2,hamilton,20,4,89.085,29.327,23.877,35.881,ULTRASOFT,13,0,280.0,0,0,1
2018,1,fp2,hamilton,21,4,91.003,30.071,24.523,36.409,ULTRASOFT,14,0,279.0,0,0,1
2018,1,fp2,hamilton,22,4,89.019,29.249,24.16,35.61,ULTRASOFT,15,0,283.0,0,0,1
2018,1,fp2,hamilton,23,4,88.717,29.132,23.754,35.831,ULTRASOFT,16,0,282.0,0,0,1
2018,1,fp2,hamilton,24,4,106.922,29.33,24.045,53.547,ULTRASOFT,17,0,287.0,0,0,0
2018,1,fp2,hamilton,25,5,95.239,36.135,23.892,35.212,SUPERSOFT,8,0,224.0,0,0,0
2018,1,fp2,hamilton,26,5,88.428,29.128,23.748,35.552,SUPERSOFT,9,0,280.0,0,0,1
2018,1,fp2,hamilton,27,5,87.99,29.226,23.74,35.024,SUPERSOFT,10,0,293.0,0,0,1
2018,1,fp2,hamilton,28,5,87.968,29.167,23.691,35.11,SUPERSOFT,11,0,281.0,0,0,1
2018,1,fp2,hamilton,29,5,87.602,29.031,23.565,35.006,SUPERSOFT,12,0,287.0,0,0,1
2018,1,fp2,hamilton,30,5,88.112,29.185,23.771,35.156,SUPERSOFT,13,0,280.0,0,0,1
2018,1,fp2,hamilton,31,5,87.948,29.011,23.926,35.011,SUPERSOFT,14,0,276.0,0,0,1
2018,1,fp2,hamilton,32,5,105.355,28.997,23.867,52.491,SUPERSOFT,15,0,282.0,0,0,0
2018,1,fp2,hamilton,33,6,97.759,38.016,24.187,35.556,ULTRASOFT,18,0,221.0,0,0,0
2018,1,fp2,hamilton,34,6,,33.846,28.281,98.303,ULTRASOFT,19,0,240.0,0,0,0
2018,1,fp2,sainz,1,1,120.786,51.855,25.319,43.612,SOFT,1,1,104.0,0,0,0
2018,1,fp2,sainz,2,1,86.537,28.604,23.55,34.383,SOFT,2,1,308.0,1,0,0
2018,1,fp2,sainz,3,1,120.815,41.005,33.248,46.562,SOFT,3,1,202.0,0,0,0
2018,1,fp2,sainz,4,1,86.271,28.516,23.531,34.224,SOFT,4,1,308.0,1,0,0
2018,1,fp2,sainz,5,1,112.463,40.35,29.77,42.343,SOFT,5,1,238.0,0,0,0
2018,1,fp2,sainz,6,1,85.485,28.203,23.301,33.981,SOFT,6,1,310.0,1,0,0
2018,1,fp2,sainz,7,1,,37.168,27.076,,SOFT,7,1,232.0,0,0,0
2018,1,fp2,sainz,8,2,106.283,40.226,27.395,38.662,ULTRASOFT,1,1,202.0,0,0,0
2018,1,fp2,sainz,9,2,,27.903,31.163,43.544,ULTRASOFT,2,1,214.0,0,0,0
2018,1,fp2,sainz,10,2,111.29,,,42.16,ULTRASOFT,3,1,214.0,0,0,0
2018,1,fp2,sainz,11,2,85.39,28.222,23.179,33.989,ULTRASOFT,4,1,306.0,1,0,0
2018,1,fp2,sainz,12,2,,38.508,30.631,,ULTRASOFT,5,1,246.0,0,0,0
2018,1,fp2,sainz,13,3,135.795,55.098,26.158,54.539,ULTRASOFT,6,0,205.0,0,0,0
2018,1,fp2,sainz,14,4,111.66,50.784,24.636,36.24,ULTRASOFT,7,0,286.0,0,0,0
2018,1,fp2,sainz,15,4,89.847,29.906,24.039,35.902,ULTRASOFT,8,0,286.0,0,0,1
2018,1,fp2,sainz,16,4,90.636,30.14,24.321,36.175,ULTRASOFT,9,0,279.0,0,0,1
2018,1,fp2,sainz,17,4,90.111,29.948,24.291,35.872,ULTRASOFT,10,0,279.0,0,0,1
2018,1,fp2,sainz,18,4,90.186,29.991,24.289,35.906,ULTRASOFT,11,0,280.0,0,0,1
2018,1,fp2,sainz,19,4,90.334,30.133,24.353,35.848,ULTRASOFT,12,0,275.0,0,0,1
2018,1,fp2,sainz,20,4,90.711,30.066,24.429,36.216,ULTRASOFT,13,0,281.0,0,0,1
2018,1,fp2,sainz,21,4,90.574,30.139,24.353,36.082,ULTRASOFT,14,0,286.0,0,0,1
2018,1,fp2,sainz,22,4,96.578,30.184,24.552,41.842,ULTRASOFT,15,0,283.0,0,0,1
2018,1,fp2,sainz,23,4,90.152,29.976,24.206,35.97,ULTRASOFT,16,0,290.0,0,0,1
2018,1,fp2,sainz,24,4,109.439,29.82,24.313,55.306,ULTRASOFT,17,0,280.0,0,0,0
2018,1,fp2,sainz,25,4,96.46,36.672,24.259,35.529,ULTRASOFT,18,0,217.0,0,0,0
2018,1,fp2,sainz,26,5,89.041,29.469,24.045,35.527,SOFT,8,0,284.0,0,0,1
2018,1,fp2,sainz,27,5,89.209,29.551,24.043,35.615,SOFT,9,0,281.0,0,0,1
2018,1,fp2,sainz,28,5,89.278,29.515,24.15,35.613,SOFT,10,0,280.0,0,0,1
2018,1,fp2,sainz,29,5,89.522,29.65,24.042,35.83,SOFT,11,0,292.0,0,0,1
2018,1,fp2,sainz,30,5,91.176,,24.445,36.382,SOFT,12,0,292.0,0,0,0
2018,1,fp2,sainz,31,5,102.453,33.963,29.32,39.17,SOFT,13,0,279.0,0,0,1
2018,1,fp2,sainz,32,5,89.316,29.66,24.004,35.652,SOFT,14,0,281.0,0,0,1
2018,1,fp2,sainz,33,5,89.228,29.54,24.067,35.621,SOFT,15,0,275.0,0,0,1
2018,1,fp2,sainz,34,5,139.358,35.352,29.22,74.786,SOFT,16,0,275.0,0,0,1
2018,1,fp2,sainz,35,5,,44.965,26.51,,SOFT,17,0,196.0,0,0,0
2018,1,fp2,bottas,1,1,130.373,57.6,27.25,45.523,SOFT,2,0,206.0,0,0,0
2018,1,fp2,bottas,2,1,84.719,28.073,23.029,33.617,SOFT,3,0,310.0,1,0,0
2018,1,fp2,bottas,3,1,115.358,38.248,32.952,44.158,SOFT,4,0,218.0,0,0,0
2018,1,fp2,bottas,4,1,,46.269,28.253,,SOFT,5,0,318.0,0,0,0
2018,1,fp2,bottas,5,2,107.237,40.401,27.389,39.447,ULTRASOFT,1,1,198.0,0,0,0
2018,1,fp2,bottas,6,2,84.159,27.725,22.936,33.498,ULTRASOFT,2,1,310.0,1,0,0
2018,1,fp2,bottas,7,2,117.026,38.342,31.877,46.807,ULTRASOFT,3,1,231.0,0,0,0
2018,1,fp2,bottas,8,2,84.788,27.964,22.933,33.891,ULTRASOFT,4,1,309.0,0,0,0
2018,1,fp2,bottas,9,2,,33.91,26.091,,ULTRASOFT,5,1,237.0,0,0,0
2018,1,fp2,bottas,10,3,,58.486,30.152,62.558,ULTRASOFT,6,0,207.0,0,0,0
2018,1,fp2,bottas,11,3,124.8,60.905,25.691,38.204,ULTRASOFT,7,0,214.0,0,0,0
2018,1,fp2,bottas,12,4,88.822,29.272,23.924,35.626,ULTRASOFT,7,0,292.0,0,0,1
2018,1,fp2,bottas,13,4,88.869,29.311,23.898,35.66,ULTRASOFT,8,0,292.0,0,0,1
2018,1,fp2,bottas,14,4,89.175,29.522,23.889,35.764,ULTRASOFT,9,0,292.0,0,0,1
2018,1,fp2,bottas,15,4,97.062,29.548,28.638,38.876,ULTRASOFT,10,0,290.0,0,0,1
2018,1,fp2,bottas,16,4,90.319,29.776,24.39,36.153,ULTRASOFT,11,0,283.0,0,0,1
2018,1,fp2,bottas,17,4,89.205,29.627,23.952,35.626,ULTRASOFT,12,0,287.0,0,0,1
2018,1,fp2,bottas,18,4,88.916,29.392,24.154,35.37,ULTRASOFT,13,0,292.0,0,0,1
2018,1,fp2,bottas,19,4,88.739,29.316,23.88,35.543,ULTRASOFT,14,0,295.0,0,0,1
2018,1,fp2,bottas,20,4,113.738,30.235,25.297,58.206,ULTRASOFT,15,0,289.0,0,0,0
2018,1,fp2,bottas,21,4,95.448,35.782,24.078,35.588,ULTRASOFT,16,0,223.0,0,0,0
2018,1,fp2,bottas,22,5,88.46,29.394,23.814,35.252,SOFT,6,0,280.0,0,0,1
2018,1,fp2,bottas,23,5,94.422,29.653,23.903,40.866,SOFT,7,0,289.0,0,0,1
2018,1,fp2,bottas,24,5,88.273,29.169,23.736,35.368,SOFT,8,0,287.0,0,0,1
2018,1,fp2,bottas,25,5,88.321,29.22,23.708,35.393,SOFT,9,0,284.0,0,0,1
2018,1,fp2,bottas,26,5,87.896,29.119,23.575,35.202,SOFT,10,0,291.0,0,0,1
2018,1,fp2,bottas,27,5,88.299,29.051,23.982,35.266,SOFT,11,0,284.0,0,0,1
2018,1,fp2,bottas,28,5,97.019,,24.675,43.033,SOFT,12,0,284.0,0,0,0
2018,1,fp2,bottas,29,5,88.263,29.158,23.722,35.383,SOFT,13,0,292.0,0,0,1
2018,1,fp2,bottas,30,5,88.307,29.129,23.802,35.376,SOFT,14,0,291.0,0,0,1
2018,1,fp2,bottas,31,5,106.052,29.444,23.781,52.827,SOFT,15,0,289.0,0,0,0
2018,1,fp2,bottas,32,6,106.877,37.59,27.237,42.05,ULTRASOFT,17,0,225.0,0,0,0
2018,1,fp2,bottas,33,6,,37.187,29.349,85.841,ULTRASOFT,18,0,205.0,0,0,0
2018,1,fp2,bottas,34,6,,36.599,31.967,,ULTRASOFT,19,0,263.0,0,0,0
2018,1,fp3,vandoorne,1,1,,59.505,30.507,,WET,1,1,191.0,0,0,0
2018,1,fp3,vandoorne,2,2,115.781,43.581,28.486,43.714,INTERMEDIATE,1,1,192.0,0,0,0
2018,1,fp3,vandoorne,3,2,101.148,33.951,26.63,40.567,INTERMEDIATE,2,1,270.0,1,0,0
2018,1,fp3,vandoorne,4,2,99.675,33.471,26.249,39.955,INTERMEDIATE,3,1,271.0,1,0,0
2018,1,fp3,vandoorne,5,2,116.358,35.565,28.722,52.071,INTERMEDIATE,4,1,261.0,0,0,0
2018,1,fp3,vandoorne,6,2,99.342,32.727,26.727,39.888,INTERMEDIATE,5,1,283.0,1,0,0
2018,1,fp3,vandoorne,7,2,106.263,36.743,27.913,41.607,INTERMEDIATE,6,1,234.0,0,0,0
2018,1,fp3,vandoorne,8,2,98.082,32.265,26.255,39.562,INTERMEDIATE,7,1,288.0,1,0,0
2018,1,fp3,vandoorne,9,2,116.731,35.725,30.421,50.585,INTERMEDIATE,8,1,246.0,0,0,0
2018,1,fp3,vandoorne,10,2,96.381,31.765,25.787,38.829,INTERMEDIATE,9,1,300.0,1,0,0
2018,1,fp3,vandoorne,11,2,,34.891,27.779,,INTERMEDIATE,10,1,258.0,0,0,0
2018,1,fp3,vandoorne,12,3,120.851,52.544,27.741,40.566,INTERMEDIATE,11,0,205.0,0,0,0
2018,1,fp3,vandoorne,13,3,94.233,30.878,25.279,38.076,INTERMEDIATE,12,0,298.0,1,0,1
2018,1,fp3,vandoorne,14,3,,37.298,28.69,,INTERMEDIATE,13,0,251.0,0,0,0
2018,1,fp3,vandoorne,15,4,,55.454,26.837,,INTERMEDIATE,14,0,201.0,0,0,0
2018,1,fp3,ricciardo,1,1,112.688,44.626,26.957,41.105,INTERMEDIATE,1,1,178.0,0,0,0
2018,1,fp3,ricciardo,2,1,99.798,33.688,26.301,39.809,INTERMEDIATE,2,1,260.0,1,0,0
2018,1,fp3,ricciardo,3,1,97.907,32.726,25.791,39.39,INTERMEDIATE,3,1,266.0,1,0,0
2018,1,fp3,ricciardo,4,1,105.1,37.371,26.786,40.943,INTERMEDIATE,4,1,205.0,0,0,0
2018,1,fp3,ricciardo,5,1,96.593,32.231,25.773,38.589,INTERMEDIATE,5,1,275.0,1,0,0
2018,1,fp3,ricciardo,6,1,95.954,32.053,25.637,38.264,INTERMEDIATE,6,1,274.0,1,0,0
2018,1,fp3,ricciardo,7,1,109.616,37.604,28.122,43.89,INTERMEDIATE,7,1,225.0,0,0,0
2018,1,fp3,ricciardo,8,1,95.265,31.629,25.474,38.162,INTERMEDIATE,8,1,271.0,1,0,0
2018,1,fp3,ricciardo,9,1,94.707,31.529,25.383,37.795,INTERMEDIATE,9,1,286.0,1,0,0
2018,1,fp3,ricciardo,10,1,104.481,32.057,30.296,42.128,INTERMEDIATE,10,1,289.0,0,0,1
2018,1,fp3,ricciardo,11,1,,31.664,25.332,,INTERMEDIATE,11,1,289.0,0,0,0
2018,1,fp3,ricciardo,12,2,131.816,55.266,28.811,47.739,INTERMEDIATE,12,0,208.0,0,0,0
2018,1,fp3,ricciardo,13,2,94.043,31.031,25.112,37.9,INTERMEDIATE,13,0,286.0,1,0,1
2018,1,fp3,ricciardo,14,2,,36.301,26.99,,INTERMEDIATE,14,0,243.0,0,0,0
2018,1,fp3,vettel,1,1,113.002,41.894,28.405,42.703,INTERMEDIATE,1,1,203.0,0,0,0
2018,1,fp3,vettel,2,1,99.367,33.157,26.245,39.965,INTERMEDIATE,2,1,264.0,1,0,0
2018,1,fp3,vettel,3,1,97.522,32.296,25.827,39.399,INTERMEDIATE,3,1,284.0,1,0,0
2018,1,fp3,vettel,4,1,118.786,38.349,29.722,50.715,INTERMEDIATE,4,1,212.0,0,0,0
2018,1,fp3,vettel,5,1,96.599,31.887,25.769,38.943,INTERMEDIATE,5,1,285.0,1,0,0
2018,1,fp3,vettel,6,1,107.826,34.881,26.837,46.108,INTERMEDIATE,6,1,284.0,0,0,0
2018,1,fp3,vettel,7,1,100.524,32.327,26.346,41.851,INTERMEDIATE,7,1,292.0,0,0,0
2018,1,fp3,vettel,8,1,95.75,31.317,25.822,38.611,INTERMEDIATE,8,1,291.0,1,0,0
2018,1,fp3,vettel,9,1,106.32,31.302,31.218,43.8,INTERMEDIATE,9,1,297.0,0,0,1
2018,1,fp3,vettel,10,1,95.912,31.234,25.811,38.867,INTERMEDIATE,10,1,294.0,0,0,1
2018,1,fp3,vettel,11,1,123.585,33.322,28.736,61.527,INTERMEDIATE,11,1,304.0,0,0,0
2018,1,fp3,vettel,12,2,,54.3,26.022,,INTERMEDIATE,12,0,211.0,0,0,0
2018,1,fp3,vettel,13,3,106.274,39.672,26.333,40.269,ULTRASOFT,1,1,217.0,0,0,0
2018,1,fp3,vettel,14,3,86.067,28.923,23.192,33.952,ULTRASOFT,2,1,308.0,1,0,1
2018,1,fp3,vettel,15,3,,36.517,26.504,,ULTRASOFT,3,1,202.0,0,0,0
2018,1,fp3,raikkonen,1,1,,43.805,29.619,,WET,1,1,207.0,0,0,0
2018,1,fp3,raikkonen,2,2,110.576,41.872,28.137,40.567,INTERMEDIATE,1,1,212.0,0,0,0
2018,1,fp3,raikkonen,3,2,98.972,33.318,26.397,39.257,INTERMEDIATE,2,1,273.0,1,0,0
2018,1,fp3,raikkonen,4,2,97.005,32.174,25.946,38.885,INTERMEDIATE,3,1,282.0,1,0,0
2018,1,fp3,raikkonen,5,2,107.973,31.986,33.28,42.707,INTERMEDIATE,4,1,294.0,0,0,0
2018,1,fp3,raikkonen,6,2,96.593,31.917,26.01,38.666,INTERMEDIATE,5,1,292.0,1,0,0
2018,1,fp3,raikkonen,7,2,96.261,31.867,25.818,38.576,INTERMEDIATE,6,1,300.0,1,0,0
2018,1,fp3,raikkonen,8,2,124.122,37.516,28.569,58.037,INTERMEDIATE,7,1,198.0,0,0,0
2018,1,fp3,raikkonen,9,3,144.945,60.222,27.173,57.55,INTERMEDIATE,8,0,213.0,0,0,0
2018,1,fp3,raikkonen,10,4,,51.93,26.032,,INTERMEDIATE,9,0,210.0,0,0,0
2018,1,fp3,raikkonen,11,5,106.904,40.077,26.026,40.801,ULTRASOFT,1,1,209.0,0,0,0
2018,1,fp3,raikkonen,12,5,88.499,29.78,23.789,34.93,ULTRASOFT,2,1,292.0,1,0,1
2018,1,fp3,raikkonen,13,5,,32.376,23.85,,ULTRASOFT,3,1,233.0,0,0,0
2018,1,fp3,grosjean,1,1,,46.626,30.994,,WET,1,1,173.0,0,0,0
2018,1,fp3,grosjean,2,2,119.999,50.625,27.679,41.695,INTERMEDIATE,1,1,167.0,0,0,0
2018,1,fp3,grosjean,3,2,99.487,33.483,26.052,39.952,INTERMEDIATE,2,1,294.0,1,0,1
2018,1,fp3,grosjean,4,2,96.171,31.767,25.553,38.851,INTERMEDIATE,3,1,288.0,1,0,1
2018,1,fp3,grosjean,5,2,109.424,34.507,30.715,44.202,INTERMEDIATE,4,1,295.0,0,0,1
2018,1,fp3,grosjean,6,2,,33.428,25.967,,INTERMEDIATE,5,1,296.0,0,0,0
2018,1,fp3,ericsson,1,1,,46.056,29.43,,WET,1,1,183.0,0,0,0
2018,1,fp3,ericsson,2,2,136.947,63.579,29.441,43.927,INTERMEDIATE,1,1,167.0,0,0,0
2018,1,fp3,ericsson,3,2,103.934,35.143,27.116,41.675,INTERMEDIATE,2,1,247.0,1,0,0
2018,1,fp3,ericsson,4,2,99.952,33.44,26.265,40.247,INTERMEDIATE,3,1,265.0,1,0,0
2018,1,fp3,ericsson,5,2,103.616,33.064,27.088,43.464,INTERMEDIATE,4,1,276.0,0,0,0
2018,1,fp3,ericsson,6,2,98.032,32.474,26.096,39.462,INTERMEDIATE,5,1,277.0,1,0,0
2018,1,fp3,ericsson,7,2,97.2,32.189,25.965,39.046,INTERMEDIATE,6,1,299.0,1,0,0
2018,1,fp3,ericsson,8,2,110.79,36.194,30.518,44.078,INTERMEDIATE,7,1,301.0,0,0,1
2018,1,fp3,ericsson,9,2,96.21,31.692,25.678,38.84,INTERMEDIATE,8,1,297.0,1,0,1
2018,1,fp3,ericsson,10,2,124.184,38.762,31.891,53.531,INTERMEDIATE,9,1,298.0,0,0,1
2018,1,fp3,ericsson,11,2,,31.844,28.44,,INTERMEDIATE,10,1,293.0,0,0,0
2018,1,fp3,ericsson,12,3,108.21,42.415,26.303,39.492,ULTRASOFT,1,1,183.0,0,0,0
2018,1,fp3,ericsson,13,3,88.89,29.842,23.687,35.361,ULTRASOFT,2,1,292.0,1,0,1
2018,1,fp3,ericsson,14,3,,37.067,26.323,,ULTRASOFT,3,1,207.0,0,0,0
2018,1,fp3,gasly,1,1,,46.242,29.392,,WET,1,1,190.0,0,0,0
2018,1,fp3,gasly,2,2,,43.062,30.606,,WET,2,0,204.0,0,0,0
2018,1,fp3,gasly,3,3,110.277,41.55,27.489,41.238,INTERMEDIATE,1,1,211.0,0,0,0
2018,1,fp3,gasly,4,3,99.476,33.39,26.516,39.57,INTERMEDIATE,2,1,275.0,1,0,0
2018,1,fp3,gasly,5,3,99.144,32.862,26.35,39.932,INTERMEDIATE,3,1,282.0,1,0,0
2018,1,fp3,gasly,6,3,108.23,39.007,27.792,41.431,INTERMEDIATE,4,1,249.0,0,0,0
2018,1,fp3,gasly,7,3,97.374,32.392,25.951,39.031,INTERMEDIATE,5,1,285.0,1,0,0
2018,1,fp3,gasly,8,3,110.221,38.398,30.123,41.7,INTERMEDIATE,6,1,273.0,0,0,0
2018,1,fp3,gasly,9,3,95.57,31.62,25.596,38.354,INTERMEDIATE,7,1,296.0,1,0,0
2018,1,fp3,gasly,10,3,110.81,38.883,28.84,43.087,INTERMEDIATE,8,1,279.0,0,0,0
2018,1,fp3,gasly,11,3,95.342,31.238,25.685,38.419,INTERMEDIATE,9,1,296.0,1,0,1
2018,1,fp3,gasly,12,3,112.362,38.256,30.237,43.869,INTERMEDIATE,10,1,264.0,0,0,1
2018,1,fp3,gasly,13,3,94.99,31.187,25.521,38.282,INTERMEDIATE,11,1,300.0,1,0,1
2018,1,fp3,gasly,14,3,,36.334,32.93,,INTERMEDIATE,12,1,284.0,0,0,0
2018,1,fp3,gasly,15,4,130.93,55.881,27.861,47.188,ULTRASOFT,1,1,196.0,0,0,0
2018,1,fp3,gasly,16,4,,34.858,26.162,,ULTRASOFT,2,1,266.0,0,0,0
2018,1,fp3,perez,1,,,44.568,31.546,,,,1,201.0,0,0,0
2018,1,fp3,alonso,1,1,,55.4,28.108,,INTERMEDIATE,1,1,181.0,0,0,0
2018,1,fp3,alonso,2,2,122.32,52.27,27.635,42.415,INTERMEDIATE,2,0,210.0,0,0,0
2018,1,fp3,alonso,3,2,98.005,32.762,25.777,39.466,INTERMEDIATE,3,0,275.0,1,0,0
2018,1,fp3,alonso,4,2,104.897,35.858,27.974,41.065,INTERMEDIATE,4,0,247.0,0,0,0
2018,1,fp3,alonso,5,2,97.45,32.365,25.867,39.218,INTERMEDIATE,5,0,284.0,1,0,0
2018,1,fp3,alonso,6,2,103.772,31.979,27.993,43.8,INTERMEDIATE,6,0,285.0,0,0,0
2018,1,fp3,alonso,7,2,96.084,31.867,25.878,38.339,INTERMEDIATE,7,0,284.0,1,0,0
2018,1,fp3,alonso,8,2,108.1,36.649,28.901,42.55,INTERMEDIATE,8,0,243.0,0,0,0
2018,1,fp3,alonso,9,2,94.298,31.144,25.268,37.886,INTERMEDIATE,9,0,300.0,1,0,0
2018,1,fp3,alonso,10,2,,34.793,28.431,,INTERMEDIATE,10,0,269.0,0,0,0
2018,1,fp3,alonso,11,3,121.763,55.21,25.549,41.004,INTERMEDIATE,11,0,193.0,0,0,0
2018,1,fp3,alonso,12,3,,30.927,25.218,,INTERMEDIATE,12,0,293.0,0,0,0
2018,1,fp3,alonso,13,4,,57.343,27.619,,INTERMEDIATE,13,0,139.0,0,0,0
2018,1,fp3,leclerc,1,1,,47.642,31.833,,WET,1,1,180.0,0,0,0
2018,1,fp3,leclerc,2,2,122.405,47.993,31.051,43.361,INTERMEDIATE,1,1,181.0,0,0,0
2018,1,fp3,leclerc,3,2,103.319,34.894,26.954,41.471,INTERMEDIATE,2,1,246.0,1,0,0
2018,1,fp3,leclerc,4,2,99.99,33.335,26.467,40.188,INTERMEDIATE,3,1,282.0,1,0,0
2018,1,fp3,leclerc,5,2,99.24,33.057,26.308,39.875,INTERMEDIATE,4,1,288.0,1,0,0
2018,1,fp3,leclerc,6,2,112.674,36.248,32.923,43.503,INTERMEDIATE,5,1,299.0,0,0,0
2018,1,fp3,leclerc,7,2,96.665,32.078,25.583,39.004,INTERMEDIATE,6,1,297.0,1,0,0
2018,1,fp3,leclerc,8,2,105.571,35.777,29.239,40.555,INTERMEDIATE,7,1,259.0,0,0,1
2018,1,fp3,leclerc,9,2,,37.867,27.203,,INTERMEDIATE,8,1,301.0,0,0,0
2018,1,fp3,leclerc,10,3,118.789,51.408,26.804,40.577,INTERMEDIATE,9,0,190.0,0,0,0
2018,1,fp3,leclerc,11,3,96.448,31.969,25.591,38.888,INTERMEDIATE,10,0,292.0,1,0,1
2018,1,fp3,leclerc,12,3,,36.774,28.716,,INTERMEDIATE,11,0,241.0,0,0,0
2018,1,fp3,stroll,1,,113.55,43.439,28.254,41.857,,,1,195.0,0,0,0
2018,1,fp3,stroll,2,1,96.441,32.407,25.454,38.58,INTERMEDIATE,1,1,271.0,1,0,1
2018,1,fp3,stroll,3,1,105.976,31.915,25.864,48.197,INTERMEDIATE,2,1,293.0,0,0,1
2018,1,fp3,stroll,4,1,118.226,44.794,30.134,43.298,INTERMEDIATE,3,1,217.0,0,0,1
2018,1,fp3,stroll,5,1,95.828,31.378,25.605,38.845,INTERMEDIATE,4,1,295.0,1,0,1
2018,1,fp3,stroll,6,1,120.818,42.647,31.216,46.955,INTERMEDIATE,5,1,204.0,0,0,1
2018,1,fp3,stroll,7,1,96.392,31.817,25.545,39.03,INTERMEDIATE,6,1,293.0,0,0,1
2018,1,fp3,stroll,8,1,,42.308,32.55,,INTERMEDIATE,7,1,200.0,0,0,0
2018,1,fp3,kevin_magnussen,1,1,,46.325,29.561,,WET,1,1,179.0,0,0,0
2018,1,fp3,kevin_magnussen,2,2,123.398,55.78,27.226,40.392,INTERMEDIATE,1,1,171.0,0,0,0
2018,1,fp3,kevin_magnussen,3,2,96.807,32.106,26.115,38.586,INTERMEDIATE,2,1,286.0,1,0,1
2018,1,fp3,kevin_magnussen,4,2,99.085,31.8,26.303,40.982,INTERMEDIATE,3,1,300.0,0,0,1
2018,1,fp3,kevin_magnussen,5,2,105.923,32.204,26.98,46.739,INTERMEDIATE,4,1,301.0,0,0,1
2018,1,fp3,kevin_magnussen,6,2,97.132,31.705,25.764,39.663,INTERMEDIATE,5,1,304.0,0,0,1
2018,1,fp3,kevin_magnussen,7,2,,40.893,28.382,,INTERMEDIATE,6,1,218.0,0,0,0
2018,1,fp3,hulkenberg,1,,,58.532,29.82,,,,1,172.0,0,0,0
2018,1,fp3,hulkenberg,2,1,126.389,55.837,28.158,42.394,INTERMEDIATE,1,1,188.0,0,0,0
2018,1,fp3,hulkenberg,3,1,100.863,33.881,26.673,40.309,INTERMEDIATE,2,1,251.0,1,0,0
2018,1,fp3,hulkenberg,4,1,99.082,33.115,26.268,39.699,INTERMEDIATE,3,1,257.0,1,0,0
2018,1,fp3,hulkenberg,5,1,98.482,32.67,26.296,39.516,INTERMEDIATE,4,1,279.0,1,0,0
2018,1,fp3,hulkenberg,6,1,,36.908,27.775,,INTERMEDIATE,5,1,217.0,0,0,0
2018,1,fp3,hulkenberg,7,2,117.667,52.883,25.946,38.838,INTERMEDIATE,6,0,200.0,0,0,0
2018,1,fp3,hulkenberg,8,2,,32.515,26.174,,INTERMEDIATE,7,0,277.0,0,0,0
2018,1,fp3,brendon_hartley,1,1,,46.335,30.625,,WET,1,1,171.0,0,0,0
2018,1,fp3,brendon_hartley,2,2,116.225,43.573,28.823,43.829,WET,2,0,191.0,0,0,0
2018,1,fp3,brendon_hartley,3,2,,35.706,27.707,,WET,3,0,244.0,0,0,0
2018,1,fp3,brendon_hartley,4,3,112.213,42.413,27.777,42.023,INTERMEDIATE,1,1,189.0,0,0,0
2018,1,fp3,brendon_hartley,5,3,101.721,34.098,26.667,40.956,INTERMEDIATE,2,1,252.0,1,0,0
2018,1,fp3,brendon_hartley,6,3,100.283,33.243,26.466,40.574,INTERMEDIATE,3,1,270.0,1,0,0
2018,1,fp3,brendon_hartley,7,3,99.152,32.993,26.037,40.122,INTERMEDIATE,4,1,276.0,1,0,0
2018,1,fp3,brendon_hartley,8,3,98.61,32.704,26.098,39.808,INTERMEDIATE,5,1,273.0,1,0,0
2018,1,fp3,brendon_hartley,9,3,97.913,32.145,26.085,39.683,INTERMEDIATE,6,1,282.0,1,0,0
2018,1,fp3,brendon_hartley,10,3,110.441,37.059,31.165,42.217,INTERMEDIATE,7,1,249.0,0,0,0
2018,1,fp3,brendon_hartley,11,3,95.854,31.516,25.783,38.555,INTERMEDIATE,8,1,287.0,1,0,1
2018,1,fp3,brendon_hartley,12,3,113.31,36.226,32.288,44.796,INTERMEDIATE,9,1,237.0,0,0,1
2018,1,fp3,brendon_hartley,13,3,95.438,31.316,25.559,38.563,INTERMEDIATE,10,1,292.0,1,0,1
2018,1,fp3,brendon_hartley,14,3,,32.849,27.062,,INTERMEDIATE,11,1,259.0,0,0,0
2018,1,fp3,brendon_hartley,15,4,116.034,49.025,27.824,39.185,ULTRASOFT,1,1,182.0,0,0,0
2018,1,fp3,brendon_hartley,16,4,,30.355,24.515,,ULTRASOFT,2,1,290.0,0,0,0
2018,1,fp3,ocon,1,,,43.097,28.406,,,,1,194.0,0,0,0
2018,1,fp3,max_verstappen,1,1,124.869,57.33,26.869,40.67,INTERMEDIATE,1,1,176.0,0,0,0
2018,1,fp3,max_verstappen,2,1,97.419,32.328,25.913,39.178,INTERMEDIATE,2,1,276.0,1,0,0
2018,1,fp3,max_verstappen,3,1,105.298,37.423,27.384,40.491,INTERMEDIATE,3,1,229.0,0,0,0
2018,1,fp3,max_verstappen,4,1,95.548,31.721,25.589,38.238,INTERMEDIATE,4,1,289.0,1,0,0
2018,1,fp3,max_verstappen,5,1,,35.067,27.764,,INTERMEDIATE,5,1,235.0,0,0,0
2018,1,fp3,max_verstappen,6,2,134.585,58.734,26.118,49.733,INTERMEDIATE,6,0,207.0,0,0,0
2018,1,fp3,max_verstappen,7,2,91.68,30.049,24.535,37.096,INTERMEDIATE,7,0,300.0,1,0,1
2018,1,fp3,max_verstappen,8,2,,35.124,27.68,,INTERMEDIATE,8,0,251.0,0,0,0
2018,1,fp3,sirotkin,1,1,117.429,44.236,28.781,44.412,WET,1,1,185.0,0,0,0
2018,1,fp3,sirotkin,2,1,105.482,35.211,27.77,42.501,WET,2,1,246.0,1,0,0
2018,1,fp3,sirotkin,3,1,134.572,34.771,28.405,71.396,WET,3,1,274.0,0,0,0
2018,1,fp3,sirotkin,4,2,110.139,41.942,27.238,40.959,INTERMEDIATE,1,1,200.0,0,0,0
2018,1,fp3,sirotkin,5,2,98.986,33.023,26.33,39.633,INTERMEDIATE,2,1,281.0,1,0,0
2018,1,fp3,sirotkin,6,2,97.87,32.229,26.475,39.166,INTERMEDIATE,3,1,293.0,1,0,0
2018,1,fp3,sirotkin,7,2,118.622,39.782,32.719,46.121,INTERMEDIATE,4,1,279.0,0,0,0
2018,1,fp3,sirotkin,8,2,96.026,31.46,26.093,38.473,INTERMEDIATE,5,1,301.0,1,0,1
2018,1,fp3,sirotkin,9,2,,35.893,28.013,,INTERMEDIATE,6,1,271.0,0,0,0
2018,1,fp3,sirotkin,10,3,112.288,42.105,27.711,42.472,INTERMEDIATE,7,0,196.0,0,0,0
2018,1,fp3,sirotkin,11,3,95.89,31.523,25.739,38.628,INTERMEDIATE,8,0,293.0,1,0,1
2018,1,fp3,sirotkin,12,3,128.456,41.93,34.157,52.369,INTERMEDIATE,9,0,251.0,0,0,1
2018,1,fp3,sirotkin,13,3,96.23,31.728,25.607,38.895,INTERMEDIATE,10,0,295.0,0,0,1
2018,1,fp3,sirotkin,14,3,126.702,45.185,33.615,47.902,INTERMEDIATE,11,0,242.0,0,0,1
2018,1,fp3,sirotkin,15,3,95.589,31.687,25.439,38.463,INTERMEDIATE,12,0,296.0,1,0,1
2018,1,fp3,sirotkin,16,3,,37.908,28.064,,INTERMEDIATE,13,0,257.0,0,0,0
2018,1,fp3,hamilton,1,1,133.902,64.929,28.294,40.679,INTERMEDIATE,1,1,193.0,0,0,0
2018,1,fp3,hamilton,2,1,96.54,32.401,25.725,38.414,INTERMEDIATE,2,1,280.0,1,0,0
2018,1,fp3,hamilton,3,1,106.576,33.162,25.992,47.422,INTERMEDIATE,3,1,249.0,0,0,0
2018,1,fp3,hamilton,4,1,94.225,30.848,25.401,37.976,INTERMEDIATE,4,1,303.0,1,0,1
2018,1,fp3,hamilton,5,1,103.237,34.555,28.489,40.193,INTERMEDIATE,5,1,236.0,0,0,1
2018,1,fp3,hamilton,6,1,99.687,31.186,26.499,42.002,INTERMEDIATE,6,1,305.0,0,0,1
2018,1,fp3,hamilton,7,1,,31.163,25.253,,INTERMEDIATE,7,1,302.0,0,0,0
2018,1,fp3,sainz,1,1,,57.178,28.959,,WET,1,1,183.0,0,0,0
2018,1,fp3,sainz,2,2,120.831,51.995,27.405,41.431,INTERMEDIATE,1,1,191.0,0,0,0
2018,1,fp3,sainz,3,2,100.14,33.759,26.555,39.826,INTERMEDIATE,2,1,257.0,1,0,0
2018,1,fp3,sainz,4,2,107.076,38.022,28.325,40.729,INTERMEDIATE,3,1,234.0,0,0,0
2018,1,fp3,sainz,5,2,98.108,32.772,26.196,39.14,INTERMEDIATE,4,1,254.0,1,0,0
2018,1,fp3,sainz,6,2,,41.301,33.57,,INTERMEDIATE,5,1,226.0,0,0,0
2018,1,fp3,sainz,7,3,128.635,52.909,30.228,45.498,INTERMEDIATE,6,0,212.0,0,0,0
2018,1,fp3,sainz,8,3,93.172,30.533,25.157,37.482,INTERMEDIATE,7,0,291.0,1,0,1
2018,1,fp3,sainz,9,3,137.112,42.436,35.212,59.464,INTERMEDIATE,8,0,229.0,0,0,1
2018,1,fp3,sainz,10,3,99.434,30.902,26.918,41.614,INTERMEDIATE,9,0,292.0,0,0,1
2018,1,fp3,sainz,11,3,,35.762,27.984,,INTERMEDIATE,10,0,246.0,0,0,0
2018,1,fp3,bottas,1,1,,59.798,28.33,,WET,1,1,191.0,0,0,0
2018,1,fp3,bottas,2,2,126.031,57.853,27.416,40.762,INTERMEDIATE,1,1,192.0,0,0,0
2018,1,fp3,bottas,3,2,98.408,33.036,26.021,39.351,INTERMEDIATE,2,1,261.0,1,0,0
2018,1,fp3,bottas,4,2,111.836,42.238,27.815,41.783,INTERMEDIATE,3,1,200.0,0,0,0
2018,1,fp3,bottas,5,2,97.461,32.573,25.992,38.896,INTERMEDIATE,4,1,281.0,1,0,0
2018,1,fp3,bottas,6,2,114.354,37.658,31.41,45.286,INTERMEDIATE,5,1,208.0,0,0,0
2018,1,fp3,bottas,7,2,95.528,31.72,25.571,38.237,INTERMEDIATE,6,1,285.0,1,0,0
2018,1,fp3,bottas,8,2,112.77,36.545,28.301,47.924,INTERMEDIATE,7,1,219.0,0,0,0
2018,1,fp3,bottas,9,2,94.174,31.326,25.15,37.698,INTERMEDIATE,8,1,281.0,1,0,1
2018,1,fp3,bottas,10,2,,35.569,27.295,,INTERMEDIATE,9,1,225.0,0,0,0
2018,1,fp3,bottas,11,3,127.115,56.996,27.64,42.479,INTERMEDIATE,10,0,200.0,0,0,0
2018,1,fp3,bottas,12,3,,31.118,25.368,,INTERMEDIATE,11,0,294.0,0,0,0
2018,1,fp3,bottas,13,4,111.664,40.009,26.869,44.786,ULTRASOFT,1,1,220.0,0,0,0
2018,1,fp3,bottas,14,4,,30.265,23.803,,ULTRASOFT,2,1,290.0,0,0,0
2018,2,fp1,vandoorne,1,,,,52.748,31.792,,,1,95.0,0,0,0
2018,2,fp1,vandoorne,2,1,,,47.058,30.19,SOFT,2,0,206.0,0,0,0
2018,2,fp1,vandoorne,3,2,,,47.166,28.511,SOFT,3,0,198.0,0,0,0
2018,2,fp1,vandoorne,4,2,95.327,30.852,40.807,23.668,SOFT,4,0,295.0,1,0,1
2018,2,fp1,vandoorne,5,2,117.61,36.379,49.208,32.023,SOFT,5,0,264.0,0,0,1
2018,2,fp1,vandoorne,6,2,93.813,30.099,40.358,23.356,SOFT,6,0,302.0,1,0,1
2018,2,fp1,vandoorne,7,2,118.695,36.871,50.899,30.925,SOFT,7,0,262.0,0,0,1
2018,2,fp1,vandoorne,8,2,94.139,30.045,40.633,23.461,SOFT,8,0,303.0,0,0,1
2018,2,fp1,vandoorne,9,2,115.048,35.108,51.795,28.145,SOFT,9,0,268.0,0,0,1
2018,2,fp1,vandoorne,10,2,93.647,30.053,40.333,23.261,SOFT,10,0,309.0,1,0,1
2018,2,fp1,vandoorne,11,2,108.07,34.161,45.901,28.008,SOFT,11,0,278.0,0,0,0
2018,2,fp1,vandoorne,12,3,,,46.131,29.014,SUPERSOFT,1,1,199.0,0,0,0
2018,2,fp1,vandoorne,13,3,93.399,29.703,40.238,23.458,SUPERSOFT,2,1,303.0,1,0,1
2018,2,fp1,vandoorne,14,3,116.979,35.925,51.959,29.095,SUPERSOFT,3,1,273.0,0,0,1
2018,2,fp1,vandoorne,15,3,93.426,29.923,40.26,23.243,SUPERSOFT,4,1,302.0,0,0,1
2018,2,fp1,vandoorne,16,3,114.255,35.873,49.659,28.723,SUPERSOFT,5,1,273.0,0,0,1
2018,2,fp1,vandoorne,17,3,93.364,29.799,40.258,23.307,SUPERSOFT,6,1,304.0,1,0,1
2018,2,fp1,vandoorne,18,3,107.64,34.082,45.403,28.155,SUPERSOFT,7,1,275.0,0,0,0
2018,2,fp1,vandoorne,19,4,,,47.61,26.864,SUPERSOFT,8,0,207.0,0,0,0
2018,2,fp1,vandoorne,20,4,94.009,29.936,40.669,23.404,SUPERSOFT,9,0,300.0,0,0,1
2018,2,fp1,vandoorne,21,4,115.965,37.392,50.611,27.962,SUPERSOFT,10,0,276.0,0,0,1
2018,2,fp1,vandoorne,22,4,93.813,29.909,40.62,23.284,SUPERSOFT,11,0,302.0,0,0,1
2018,2,fp1,vandoorne,23,4,116.656,37.011,50.667,28.978,SUPERSOFT,12,0,283.0,0,0,1
2018,2,fp1,vandoorne,24,4,93.732,29.935,40.427,23.37,SUPERSOFT,13,0,303.0,0,0,1
2018,2,fp1,vandoorne,25,4,109.742,33.199,48.253,28.29,SUPERSOFT,14,0,282.0,0,0,0
2018,2,fp1,ricciardo,1,1,,,43.114,26.239,MEDIUM,1,1,193.0,0,0,0
2018,2,fp1,ricciardo,2,1,95.204,30.227,41.482,23.495,MEDIUM,2,1,301.0,1,0,1
2018,2,fp1,ricciardo,3,1,94.333,30.251,40.76,23.322,MEDIUM,3,1,300.0,1,0,1
2018,2,fp1,ricciardo,4,1,94.59,30.269,41.0,23.321,MEDIUM,4,1,298.0,0,0,1
2018,2,fp1,ricciardo,5,1,104.477,30.75,44.395,29.332,MEDIUM,5,1,301.0,0,0,0
2018,2,fp1,ricciardo,6,2,,,42.751,24.599,MEDIUM,6,0,194.0,0,0,0
2018,2,fp1,ricciardo,7,2,94.256,30.179,40.833,23.244,MEDIUM,7,0,301.0,1,0,1
2018,2,fp1,ricciardo,8,2,100.514,29.986,40.387,30.141,MEDIUM,8,0,301.0,0,0,0
2018,2,fp1,ricciardo,9,3,,,51.488,27.344,SOFT,1,1,188.0,0,0,0
2018,2,fp1,ricciardo,10,3,91.06,29.096,39.288,22.676,SOFT,2,1,307.0,1,0,1
2018,2,fp1,ricciardo,11,3,119.002,37.142,49.153,32.707,SOFT,3,1,257.0,0,0,0
2018,2,fp1,ricciardo,12,3,,,51.39,25.752,SOFT,4,1,155.0,0,0,0
2018,2,fp1,ricciardo,13,4,91.506,29.281,39.465,22.76,SOFT,4,0,307.0,0,0,1
2018,2,fp1,ricciardo,14,4,100.365,30.685,42.596,27.084,SOFT,5,0,293.0,0,0,0
2018,2,fp1,vettel,1,,,,47.727,31.446,,,1,201.0,0,0,0
2018,2,fp1,vettel,2,1,,,44.051,25.115,MEDIUM,2,0,203.0,0,0,0
2018,2,fp1,vettel,3,1,94.318,30.311,40.775,23.232,MEDIUM,3,0,308.0,1,0,1
2018,2,fp1,vettel,4,1,94.007,29.952,40.683,23.372,MEDIUM,4,0,315.0,1,0,1
2018,2,fp1,vettel,5,1,108.952,34.53,49.615,24.807,MEDIUM,5,0,240.0,0,0,1
2018,2,fp1,vettel,6,1,93.926,29.918,40.597,23.411,MEDIUM,6,0,310.0,1,0,1
2018,2,fp1,vettel,7,1,100.151,29.97,43.066,27.115,MEDIUM,7,0,308.0,0,0,1
2018,2,fp1,vettel,8,1,99.406,29.82,40.57,29.016,MEDIUM,8,0,314.0,0,0,0
2018,2,fp1,vettel,9,2,,,47.85,25.021,SOFT,1,1,203.0,0,0,0
2018,2,fp1,vettel,10,2,91.47,28.992,39.544,22.934,SOFT,2,1,310.0,1,0,1
2018,2,fp1,vettel,11,2,111.982,35.838,50.021,26.123,SOFT,3,1,242.0,0,0,1
2018,2,fp1,vettel,12,2,92.022,29.279,39.786,22.957,SOFT,4,1,309.0,0,0,1
2018,2,fp1,vettel,13,2,119.74,38.298,49.303,32.139,SOFT,5,1,233.0,0,0,0
2018,2,fp1,vettel,14,3,140.75,66.813,45.574,28.363,SOFT,6,0,217.0,0,0,0
2018,2,fp1,vettel,15,4,,,42.329,26.786,SOFT,7,0,204.0,0,0,0
2018,2,fp1,vettel,16,5,125.441,60.251,41.377,23.813,SOFT,8,0,211.0,0,0,0
2018,2,fp1,vettel,17,5,126.665,30.475,54.817,41.373,SOFT,9,0,291.0,0,0,0
2018,2,fp1,raikkonen,1,,,,42.382,29.157,,,1,204.0,0,0,0
2018,2,fp1,raikkonen,2,1,,,42.879,24.625,MEDIUM,2,0,207.0,0,0,0
2018,2,fp1,raikkonen,3,1,93.77,30.102,40.425,23.243,MEDIUM,3,0,307.0,1,0,1
2018,2,fp1,raikkonen,4,1,102.19,30.11,48.288,23.792,MEDIUM,4,0,309.0,0,0,1
2018,2,fp1,raikkonen,5,1,96.89,30.342,42.989,23.559,MEDIUM,5,0,314.0,0,0,1
2018,2,fp1,raikkonen,6,1,94.02,30.102,40.607,23.311,MEDIUM,6,0,311.0,0,0,1
2018,2,fp1,raikkonen,7,1,94.377,29.966,40.807,23.604,MEDIUM,7,0,310.0,0,0,1
2018,2,fp1,raikkonen,8,1,120.428,38.535,48.86,33.033,MEDIUM,8,0,309.0,0,0,0
2018,2,fp1,raikkonen,9,2,,,47.165,26.294,SOFT,1,1,207.0,0,0,0
2018,2,fp1,raikkonen,10,2,91.458,29.09,39.481,22.887,SOFT,2,1,311.0,1,0,1
2018,2,fp1,raikkonen,11,2,115.254,34.517,51.532,29.205,SOFT,3,1,307.0,0,0,1
2018,2,fp1,raikkonen,12,2,92.278,29.065,39.768,23.445,SOFT,4,1,313.0,0,0,1
2018,2,fp1,raikkonen,13,2,112.73,30.89,47.442,34.398,SOFT,5,1,277.0,0,0,0
2018,2,fp1,raikkonen,14,3,,74.031,48.05,30.788,SOFT,6,0,218.0,0,0,0
2018,2,fp1,raikkonen,15,4,,,42.475,25.145,SOFT,7,0,212.0,0,0,0
2018,2,fp1,raikkonen,16,4,95.655,30.428,41.493,23.734,SOFT,8,0,294.0,0,0,1
2018,2,fp1,raikkonen,17,4,95.66,30.525,41.331,23.804,SOFT,9,0,293.0,0,0,1
2018,2,fp1,raikkonen,18,4,127.362,33.105,57.739,36.518,SOFT,10,0,290.0,0,0,0
2018,2,fp1,grosjean,1,,,,47.419,31.572,,,1,187.0,0,0,0
2018,2,fp1,grosjean,2,1,,,43.411,24.598,SOFT,2,0,209.0,0,0,0
2018,2,fp1,grosjean,3,1,94.81,30.49,40.892,23.428,SOFT,3,0,302.0,1,0,1
2018,2,fp1,grosjean,4,1,109.836,34.022,46.711,29.103,SOFT,4,0,306.0,0,0,1
2018,2,fp1,grosjean,5,1,93.995,30.088,40.636,23.271,SOFT,5,0,304.0,1,0,1
2018,2,fp1,grosjean,6,1,105.717,32.351,46.519,26.847,SOFT,6,0,308.0,0,0,1
2018,2,fp1,grosjean,7,1,97.884,29.931,40.834,27.119,SOFT,7,0,305.0,0,0,1
2018,2,fp1,grosjean,8,1,94.877,30.304,40.794,23.779,SOFT,8,0,305.0,0,0,1
2018,2,fp1,grosjean,9,1,114.312,32.388,51.193,30.731,SOFT,9,0,305.0,0,0,0
2018,2,fp1,grosjean,10,2,,,46.821,25.64,SUPERSOFT,1,1,208.0,0,0,0
2018,2,fp1,grosjean,11,2,92.516,29.441,39.936,23.139,SUPERSOFT,2,1,304.0,1,0,1
2018,2,fp1,grosjean,12,2,119.389,37.423,55.364,26.602,SUPERSOFT,3,1,236.0,0,0,1
2018,2,fp1,grosjean,13,2,93.266,29.733,40.118,23.415,SUPERSOFT,4,1,308.0,0,0,1
2018,2,fp1,grosjean,14,2,125.015,35.662,58.235,31.118,SUPERSOFT,5,1,230.0,0,0,1
2018,2,fp1,grosjean,15,2,109.576,29.677,46.488,33.411,SUPERSOFT,6,1,306.0,0,0,0
2018,2,fp1,grosjean,16,3,,,42.171,24.838,SUPERSOFT,7,0,208.0,0,0,0
2018,2,fp1,grosjean,17,3,96.152,30.523,41.664,23.965,SUPERSOFT,8,0,310.0,0,0,1
2018,2,fp1,grosjean,18,3,96.511,30.617,41.751,24.143,SUPERSOFT,9,0,309.0,0,0,1
2018,2,fp1,grosjean,19,3,96.483,30.564,41.912,24.007,SUPERSOFT,10,0,312.0,0,0,1
2018,2,fp1,grosjean,20,3,97.272,30.722,42.381,24.169,SUPERSOFT,11,0,311.0,0,0,1
2018,2,fp1,grosjean,21,3,97.304,31.072,42.118,24.114,SUPERSOFT,12,0,304.0,0,0,1
2018,2,fp1,grosjean,22,3,98.639,32.085,42.254,24.3,SUPERSOFT,13,0,303.0,0,0,1
2018,2,fp1,grosjean,23,3,129.31,36.256,55.932,37.122,SUPERSOFT,14,0,309.0,0,0,0
2018,2,fp1,ericsson,1,,,,49.232,34.207,,,1,180.0,0,0,0
2018,2,fp1,ericsson,2,,146.386,68.855,45.245,32.286,,,1,204.0,0,0,0
2018,2,fp1,ericsson,3,1,,,44.465,32.871,MEDIUM,3,0,212.0,0,0,0
2018,2,fp1,ericsson,4,1,96.798,31.331,41.506,23.961,MEDIUM,4,0,293.0,1,0,1
2018,2,fp1,ericsson,5,1,118.552,35.378,51.769,31.405,MEDIUM,5,0,271.0,0,0,1
2018,2,fp1,ericsson,6,1,95.884,30.416,41.519,23.949,MEDIUM,6,0,308.0,1,0,1
2018,2,fp1,ericsson,7,1,114.466,35.859,52.399,26.208,MEDIUM,7,0,294.0,0,0,1
2018,2,fp1,ericsson,8,1,95.661,30.318,41.478,23.865,MEDIUM,8,0,309.0,1,0,1
2018,2,fp1,ericsson,9,1,115.711,34.806,49.544,31.361,MEDIUM,9,0,293.0,0,0,0
2018,2,fp1,ericsson,10,2,,,46.389,29.788,SOFT,1,1,196.0,0,0,0
2018,2,fp1,ericsson,11,2,93.508,29.862,40.301,23.345,SOFT,2,1,313.0,1,0,1
2018,2,fp1,ericsson,12,2,127.022,37.255,56.856,32.911,SOFT,3,1,268.0,0,0,1
2018,2,fp1,ericsson,13,2,106.771,29.715,49.592,27.464,SOFT,4,1,317.0,0,0,1
2018,2,fp1,ericsson,14,2,94.049,29.858,40.53,23.661,SOFT,5,1,314.0,0,0,1
2018,2,fp1,ericsson,15,2,121.592,36.562,56.209,28.821,SOFT,6,1,287.0,0,0,1
2018,2,fp1,ericsson,16,2,94.368,30.079,40.693,23.596,SOFT,7,1,308.0,0,0,1
2018,2,fp1,ericsson,17,2,109.366,35.557,43.17,30.639,SOFT,8,1,280.0,0,0,0
2018,2,fp1,ericsson,18,3,,,42.374,24.2,SOFT,9,0,204.0,0,0,0
2018,2,fp1,ericsson,19,3,95.166,30.205,41.11,23.851,SOFT,10,0,309.0,0,0,1
2018,2,fp1,ericsson,20,3,122.285,33.618,54.326,34.341,SOFT,11,0,285.0,0,0,1
2018,2,fp1,ericsson,21,3,95.215,30.217,41.261,23.737,SOFT,12,0,309.0,0,0,1
2018,2,fp1,ericsson,22,3,127.339,35.737,56.162,35.44,SOFT,13,0,273.0,0,0,0
2018,2,fp1,gasly,1,,,,61.478,31.196,,,1,173.0,0,0,0
2018,2,fp1,gasly,2,1,138.601,39.627,61.021,37.953,SOFT,1,1,265.0,0,0,0
2018,2,fp1,gasly,3,2,,,53.513,27.95,SOFT,3,0,158.0,0,0,0
2018,2,fp1,gasly,4,2,96.243,30.931,41.33,23.982,SOFT,4,0,308.0,1,0,1
2018,2,fp1,gasly,5,2,124.782,39.207,58.196,27.379,SOFT,5,0,245.0,0,0,1
2018,2,fp1,gasly,6,2,95.436,30.544,41.252,23.64,SOFT,6,0,298.0,1,0,1
2018,2,fp1,gasly,7,2,124.414,39.9,56.445,28.069,SOFT,7,0,234.0,0,0,1
2018,2,fp1,gasly,8,2,94.767,30.405,40.853,23.509,SOFT,8,0,296.0,1,0,1
2018,2,fp1,gasly,9,2,115.309,35.884,53.756,25.669,SOFT,9,0,282.0,0,0,1
2018,2,fp1,gasly,10,2,93.977,29.934,40.563,23.48,SOFT,10,0,306.0,1,0,1
2018,2,fp1,gasly,11,2,110.293,34.677,47.216,28.4,SOFT,11,0,283.0,0,0,0
2018,2,fp1,gasly,12,3,146.686,70.84,44.002,31.844,SOFT,12,0,195.0,0,0,0
2018,2,fp1,gasly,13,4,,,54.36,27.743,SOFT,1,1,170.0,0,0,0
2018,2,fp1,gasly,14,4,92.779,29.57,39.916,23.293,SOFT,2,1,313.0,1,0,1
2018,2,fp1,gasly,15,4,123.015,40.51,54.731,27.774,SOFT,3,1,236.0,0,0,1
2018,2,fp1,gasly,16,4,93.104,29.62,40.29,23.194,SOFT,4,1,320.0,0,0,1
2018,2,fp1,gasly,17,4,118.388,36.85,54.105,27.433,SOFT,5,1,261.0,0,0,1
2018,2,fp1,gasly,18,4,93.265,29.552,40.317,23.396,SOFT,6,1,314.0,0,0,1
2018,2,fp1,gasly,19,4,126.473,38.134,55.697,32.642,SOFT,7,1,270.0,0,0,0
2018,2,fp1,gasly,20,5,,,56.979,28.016,SOFT,8,0,212.0,0,0,0
2018,2,fp1,gasly,21,5,93.218,29.672,40.231,23.315,SOFT,9,0,312.0,0,0,1
2018,2,fp1,gasly,22,5,121.081,39.112,54.825,27.144,SOFT,10,0,280.0,0,0,1
2018,2,fp1,gasly,23,5,93.38,29.643,40.285,23.452,SOFT,11,0,310.0,0,0,1
2018,2,fp1,gasly,24,5,112.291,34.694,51.663,25.934,SOFT,12,0,279.0,0,0,1
2018,2,fp1,gasly,25,5,95.496,29.836,41.449,24.211,SOFT,13,0,314.0,0,0,1
2018,2,fp1,gasly,26,5,136.862,48.325,54.724,33.813,SOFT,14,0,305.0,0,0,0
2018,2,fp1,perez,1,,,,48.024,31.92,,,1,75.0,0,0,0
2018,2,fp1,perez,2,1,,,42.869,24.76,SUPERSOFT,2,0,210.0,0,0,0
2018,2,fp1,perez,3,1,95.968,31.108,41.096,23.764,SUPERSOFT,3,0,288.0,1,0,1
2018,2,fp1,perez,4,1,105.009,35.26,45.463,24.286,SUPERSOFT,4,0,292.0,0,0,1
2018,2,fp1,perez,5,1,95.191,30.427,41.151,23.613,SUPERSOFT,5,0,311.0,1,0,1
2018,2,fp1,perez,6,1,108.529,36.03,47.601,24.898,SUPERSOFT,6,0,251.0,0,0,1
2018,2,fp1,perez,7,1,95.231,30.382,41.219,23.63,SUPERSOFT,7,0,311.0,0,0,1
2018,2,fp1,perez,8,1,117.787,36.281,51.646,29.86,SUPERSOFT,8,0,289.0,0,0,1
2018,2,fp1,perez,9,1,95.291,30.478,41.12,23.693,SUPERSOFT,9,0,295.0,0,0,1
2018,2,fp1,perez,10,1,114.883,33.345,51.23,30.308,SUPERSOFT,10,0,261.0,0,0,0
2018,2,fp1,perez,11,2,,,44.745,27.186,MEDIUM,1,1,205.0,0,0,0
2018,2,fp1,perez,12,2,93.662,29.666,40.532,23.464,MEDIUM,2,1,315.0,1,0,1
2018,2,fp1,perez,13,2,111.038,34.76,45.622,30.656,MEDIUM,3,1,278.0,0,0,1
2018,2,fp1,perez,14,2,97.487,31.471,42.062,23.954,MEDIUM,4,1,315.0,0,0,1
2018,2,fp1,perez,15,2,94.6,29.982,41.044,23.574,MEDIUM,5,1,315.0,0,0,1
2018,2,fp1,perez,16,2,118.605,36.808,50.423,31.374,MEDIUM,6,1,264.0,0,0,1
2018,2,fp1,perez,17,2,94.902,30.276,41.166,23.46,MEDIUM,7,1,298.0,0,0,1
2018,2,fp1,perez,18,2,108.198,32.369,46.394,29.435,MEDIUM,8,1,281.0,0,0,0
2018,2,fp1,perez,19,3,,,47.799,25.024,MEDIUM,9,0,205.0,0,0,0
2018,2,fp1,perez,20,3,103.954,32.064,44.881,27.009,MEDIUM,10,0,270.0,0,0,1
2018,2,fp1,perez,21,3,96.39,29.94,42.627,23.823,MEDIUM,11,0,314.0,0,0,1
2018,2,fp1,perez,22,3,96.379,30.633,41.903,23.843,MEDIUM,12,0,301.0,0,0,1
2018,2,fp1,perez,23,3,97.251,30.567,41.929,24.755,MEDIUM,13,0,294.0,0,0,1
2018,2,fp1,perez,24,3,99.344,30.95,42.401,25.993,MEDIUM,14,0,315.0,0,0,1
2018,2,fp1,perez,25,3,95.84,30.209,41.793,23.838,MEDIUM,15,0,314.0,0,0,1
2018,2,fp1,perez,26,3,129.357,34.725,58.957,35.675,MEDIUM,16,0,229.0,0,0,0
2018,2,fp1,alonso,1,,,,49.263,32.761,,,1,135.0,0,0,0
2018,2,fp1,alonso,2,1,,,48.005,32.911,SUPERSOFT,2,0,173.0,0,0,0
2018,2,fp1,alonso,3,1,94.759,30.509,40.786,23.464,SUPERSOFT,3,0,294.0,1,0,1
2018,2,fp1,alonso,4,1,104.933,30.208,45.76,28.965,SUPERSOFT,4,0,301.0,0,0,1
2018,2,fp1,alonso,5,1,102.898,30.329,44.511,28.058,SUPERSOFT,5,0,298.0,0,0,0
2018,2,fp1,alonso,6,2,144.99,73.451,46.573,24.966,SUPERSOFT,6,0,169.0,0,0,0
2018,2,fp1,alonso,7,2,100.197,30.469,40.604,29.124,SUPERSOFT,7,0,302.0,0,0,0
2018,2,fp1,alonso,8,3,,,47.585,26.611,SUPERSOFT,1,1,183.0,0,0,0
2018,2,fp1,alonso,9,3,93.223,29.736,40.021,23.466,SUPERSOFT,2,1,301.0,1,0,1
2018,2,fp1,alonso,10,3,114.393,35.627,50.076,28.69,SUPERSOFT,3,1,258.0,0,0,1
2018,2,fp1,alonso,11,3,93.396,29.948,40.237,23.211,SUPERSOFT,4,1,302.0,0,0,1
2018,2,fp1,alonso,12,3,113.146,34.459,48.47,30.217,SUPERSOFT,5,1,274.0,0,0,0
2018,2,fp1,alonso,13,4,131.579,55.639,45.876,30.064,SUPERSOFT,6,0,208.0,0,0,0
2018,2,fp1,alonso,14,5,,,50.658,26.03,SUPERSOFT,7,0,212.0,0,0,0
2018,2,fp1,alonso,15,5,93.957,29.929,40.725,23.303,SUPERSOFT,8,0,300.0,0,0,1
2018,2,fp1,alonso,16,5,115.723,36.44,53.055,26.228,SUPERSOFT,9,0,265.0,0,0,1
2018,2,fp1,alonso,17,5,93.858,29.857,40.659,23.342,SUPERSOFT,10,0,302.0,0,0,1
2018,2,fp1,alonso,18,5,105.421,32.721,43.562,29.138,SUPERSOFT,11,0,269.0,0,0,0
2018,2,fp1,alonso,19,6,145.365,69.809,48.609,26.947,SUPERSOFT,12,0,207.0,0,0,0
2018,2,fp1,alonso,20,6,93.777,29.847,40.489,23.441,SUPERSOFT,13,0,304.0,0,0,1
2018,2,fp1,alonso,21,6,116.486,34.983,50.426,31.077,SUPERSOFT,14,0,280.0,0,0,1
2018,2,fp1,alonso,22,6,93.52,29.74,40.362,23.418,SUPERSOFT,15,0,306.0,0,0,1
2018,2,fp1,alonso,23,6,115.171,36.96,46.992,31.219,SUPERSOFT,16,0,184.0,0,0,0
2018,2,fp1,alonso,24,7,128.224,58.328,41.461,28.435,SUPERSOFT,17,0,206.0,0,0,0
2018,2,fp1,leclerc,1,,,,48.688,32.827,,,1,173.0,0,0,0
2018,2,fp1,leclerc,2,1,,,47.071,32.78,SOFT,1,1,167.0,0,0,0
2018,2,fp1,leclerc,3,2,,,43.925,25.097,MEDIUM,2,0,165.0,0,0,0
2018,2,fp1,leclerc,4,2,96.704,31.082,41.857,23.765,MEDIUM,3,0,289.0,1,0,1
2018,2,fp1,leclerc,5,2,110.484,34.729,49.132,26.623,MEDIUM,4,0,255.0,0,0,1
2018,2,fp1,leclerc,6,2,95.53,30.567,41.081,23.882,MEDIUM,5,0,308.0,1,0,1
2018,2,fp1,leclerc,7,2,114.794,34.42,52.003,28.371,MEDIUM,6,0,300.0,0,0,1
2018,2,fp1,leclerc,8,2,119.539,30.181,58.321,31.037,MEDIUM,7,0,310.0,0,0,0
2018,2,fp1,leclerc,9,3,,,43.74,24.67,SOFT,2,0,185.0,0,0,0
2018,2,fp1,leclerc,10,3,93.278,29.654,40.497,23.127,SOFT,3,0,312.0,1,0,1
2018,2,fp1,leclerc,11,3,116.552,35.985,52.914,27.653,SOFT,4,0,262.0,0,0,1
2018,2,fp1,leclerc,12,3,98.702,29.555,40.367,28.78,SOFT,5,0,314.0,0,0,0
2018,2,fp1,leclerc,13,4,,,50.112,29.003,SOFT,6,0,205.0,0,0,0
2018,2,fp1,leclerc,14,4,94.14,29.983,40.758,23.399,SOFT,7,0,311.0,0,0,1
2018,2,fp1,leclerc,15,4,111.509,35.823,48.924,26.762,SOFT,8,0,258.0,0,0,1
2018,2,fp1,leclerc,16,4,94.103,29.96,40.767,23.376,SOFT,9,0,319.0,0,0,1
2018,2,fp1,leclerc,17,4,103.769,32.505,46.382,24.882,SOFT,10,0,241.0,0,0,1
2018,2,fp1,leclerc,18,4,94.966,30.185,40.957,23.824,SOFT,11,0,311.0,0,0,1
2018,2,fp1,leclerc,19,4,95.651,30.532,41.606,23.513,SOFT,12,0,325.0,0,0,1
2018,2,fp1,leclerc,20,4,110.413,30.548,44.766,35.099,SOFT,13,0,303.0,0,0,0
2018,2,fp1,stroll,1,,,,53.006,34.881,,,1,188.0,0,0,0
2018,2,fp1,stroll,2,1,,67.622,52.731,37.366,SOFT,1,0,192.0,0,0,0
2018,2,fp1,stroll,3,2,,,50.653,26.034,SOFT,1,1,183.0,0,0,0
2018,2,fp1,stroll,4,2,95.074,30.482,41.02,23.572,SOFT,2,1,306.0,1,0,1
2018,2,fp1,stroll,5,2,114.24,37.898,51.441,24.901,SOFT,3,1,234.0,0,0,1
2018,2,fp1,stroll,6,2,95.0,30.495,40.938,23.567,SOFT,4,1,306.0,1,0,1
2018,2,fp1,stroll,7,2,130.484,38.23,53.665,38.589,SOFT,5,1,241.0,0,0,0
2018,2,fp1,stroll,8,3,,98.487,48.062,27.716,SOFT,6,0,177.0,0,0,0
2018,2,fp1,stroll,9,3,139.708,30.478,82.409,26.821,SOFT,7,0,309.0,0,0,1
2018,2,fp1,stroll,10,3,94.845,30.479,40.871,23.495,SOFT,8,0,310.0,1,0,1
2018,2,fp1,stroll,11,3,118.474,39.495,52.902,26.077,SOFT,9,0,185.0,0,0,1
2018,2,fp1,stroll,12,3,94.906,30.285,40.97,23.651,SOFT,10,0,308.0,0,0,1
2018,2,fp1,stroll,13,3,121.134,35.776,51.853,33.505,SOFT,11,0,218.0,0,0,0
2018,2,fp1,stroll,14,4,,,46.899,27.574,SOFT,1,1,188.0,0,0,0
2018,2,fp1,stroll,15,4,93.379,29.819,40.24,23.32,SOFT,2,1,310.0,1,0,1
2018,2,fp1,stroll,16,4,122.087,37.059,55.821,29.207,SOFT,3,1,236.0,0,0,1
2018,2,fp1,stroll,17,4,98.522,29.839,40.366,28.317,SOFT,4,1,310.0,0,0,1
2018,2,fp1,stroll,18,4,119.049,37.261,48.573,33.215,SOFT,5,1,182.0,0,0,0
2018,2,fp1,stroll,19,5,,,47.764,28.234,SOFT,6,0,208.0,0,0,0
2018,2,fp1,stroll,20,5,93.679,29.741,40.484,23.454,SOFT,7,0,317.0,0,0,1
2018,2,fp1,stroll,21,5,123.731,34.01,53.457,36.264,SOFT,8,0,230.0,0,0,1
2018,2,fp1,stroll,22,5,107.511,29.662,40.734,37.115,SOFT,9,0,310.0,0,0,0
2018,2,fp1,kevin_magnussen,1,,,,48.729,32.034,,,1,194.0,0,0,0
2018,2,fp1,kevin_magnussen,2,1,,,42.978,25.217,SOFT,2,0,177.0,0,0,0
2018,2,fp1,kevin_magnussen,3,1,95.366,30.445,41.219,23.702,SOFT,3,0,311.0,1,0,1
2018,2,fp1,kevin_magnussen,4,1,111.458,34.31,52.152,24.996,SOFT,4,0,266.0,0,0,1
2018,2,fp1,kevin_magnussen,5,1,95.175,30.297,41.242,23.636,SOFT,5,0,307.0,1,0,1
2018,2,fp1,kevin_magnussen,6,1,121.575,35.731,56.733,29.111,SOFT,6,0,257.0,0,0,1
2018,2,fp1,kevin_magnussen,7,1,94.341,30.081,40.727,23.533,SOFT,7,0,309.0,1,0,1
2018,2,fp1,kevin_magnussen,8,1,130.088,34.239,62.686,33.163,SOFT,8,0,288.0,0,0,0
2018,2,fp1,kevin_magnussen,9,2,,,52.284,25.676,SUPERSOFT,1,1,203.0,0,0,0
2018,2,fp1,kevin_magnussen,10,2,92.971,29.688,40.099,23.184,SUPERSOFT,2,1,304.0,1,0,1
2018,2,fp1,kevin_magnussen,11,2,123.393,37.47,58.9,27.023,SUPERSOFT,3,1,258.0,0,0,1
2018,2,fp1,kevin_magnussen,12,2,109.424,29.702,54.523,25.199,SUPERSOFT,4,1,304.0,0,0,1
2018,2,fp1,kevin_magnussen,13,2,109.868,29.615,49.175,31.078,SUPERSOFT,5,1,311.0,0,0,0
2018,2,fp1,kevin_magnussen,14,3,,,42.016,23.94,SUPERSOFT,6,0,203.0,0,0,0
2018,2,fp1,kevin_magnussen,15,3,96.218,30.523,41.806,23.889,SUPERSOFT,7,0,305.0,0,0,1
2018,2,fp1,kevin_magnussen,16,3,96.565,30.67,42.036,23.859,SUPERSOFT,8,0,304.0,0,0,1
2018,2,fp1,kevin_magnussen,17,3,97.155,31.175,41.944,24.036,SUPERSOFT,9,0,307.0,0,0,1
2018,2,fp1,kevin_magnussen,18,3,97.293,30.933,42.182,24.178,SUPERSOFT,10,0,313.0,0,0,1
2018,2,fp1,kevin_magnussen,19,3,106.759,30.839,46.808,29.112,SUPERSOFT,11,0,310.0,0,0,0
2018,2,fp1,hulkenberg,1,1,,,50.696,30.829,SOFT,1,1,148.0,0,0,0
2018,2,fp1,hulkenberg,2,2,,,51.067,28.029,SOFT,2,0,192.0,0,0,0
2018,2,fp1,hulkenberg,3,2,95.785,30.52,41.496,23.769,SOFT,3,0,304.0,1,0,1
2018,2,fp1,hulkenberg,4,2,115.152,37.136,51.497,26.519,SOFT,4,0,239.0,0,0,1
2018,2,fp1,hulkenberg,5,2,94.214,29.924,40.896,23.394,SOFT,5,0,311.0,1,0,1
2018,2,fp1,hulkenberg,6,2,105.702,32.716,45.499,27.487,SOFT,6,0,282.0,0,0,0
2018,2,fp1,hulkenberg,7,3,,,56.474,27.017,SUPERSOFT,1,1,161.0,0,0,0
2018,2,fp1,hulkenberg,8,3,93.104,29.662,40.128,23.314,SUPERSOFT,2,1,307.0,1,0,1
2018,2,fp1,hulkenberg,9,3,126.026,39.369,54.847,31.81,SUPERSOFT,3,1,202.0,0,0,1
2018,2,fp1,hulkenberg,10,3,93.383,29.568,40.472,23.343,SUPERSOFT,4,1,313.0,0,0,1
2018,2,fp1,hulkenberg,11,3,126.293,39.331,56.354,30.608,SUPERSOFT,5,1,205.0,0,0,0
2018,2,fp1,hulkenberg,12,4,,,52.102,25.969,SUPERSOFT,6,0,207.0,0,0,0
2018,2,fp1,hulkenberg,13,4,93.567,29.852,40.449,23.266,SUPERSOFT,7,0,306.0,0,0,1
2018,2,fp1,hulkenberg,14,4,117.902,37.903,54.461,25.538,SUPERSOFT,8,0,223.0,0,0,1
2018,2,fp1,hulkenberg,15,4,94.121,29.847,40.813,23.461,SUPERSOFT,9,0,310.0,0,0,1
2018,2,fp1,hulkenberg,16,4,122.61,37.994,56.236,28.38,SUPERSOFT,10,0,215.0,0,0,1
2018,2,fp1,hulkenberg,17,4,93.942,29.733,40.774,23.435,SUPERSOFT,11,0,309.0,0,0,1
2018,2,fp1,hulkenberg,18,4,102.616,31.549,43.745,27.322,SUPERSOFT,12,0,290.0,0,0,0
2018,2,fp1,brendon_hartley,1,,,,46.67,30.787,,,1,199.0,0,0,0
2018,2,fp1,brendon_hartley,2,1,,,44.438,24.178,SOFT,2,0,156.0,0,0,0
2018,2,fp1,brendon_hartley,3,1,104.767,30.648,46.852,27.267,SOFT,3,0,298.0,1,0,1
2018,2,fp1,brendon_hartley,4,1,96.569,30.548,42.236,23.785,SOFT,4,0,292.0,1,0,1
2018,2,fp1,brendon_hartley,5,1,109.097,31.914,49.587,27.596,SOFT,5,0,294.0,0,0,1
2018,2,fp1,brendon_hartley,6,1,95.599,30.339,41.62,23.64,SOFT,6,0,310.0,1,0,1
2018,2,fp1,brendon_hartley,7,1,116.577,35.383,52.735,28.459,SOFT,7,0,289.0,0,0,1
2018,2,fp1,brendon_hartley,8,1,99.825,30.072,44.263,25.49,SOFT,8,0,311.0,0,0,1
2018,2,fp1,brendon_hartley,9,1,94.947,30.034,41.408,23.505,SOFT,9,0,311.0,1,0,1
2018,2,fp1,brendon_hartley,10,1,104.619,32.506,44.545,27.568,SOFT,10,0,297.0,0,0,0
2018,2,fp1,brendon_hartley,11,2,129.532,59.945,42.676,26.911,SOFT,11,0,156.0,0,0,0
2018,2,fp1,brendon_hartley,12,3,132.976,63.984,42.044,26.948,SOFT,12,0,211.0,0,0,0
2018,2,fp1,brendon_hartley,13,4,,,50.496,28.825,SOFT,1,1,138.0,0,0,0
2018,2,fp1,brendon_hartley,14,4,93.497,29.68,40.455,23.362,SOFT,2,1,311.0,1,0,1
2018,2,fp1,brendon_hartley,15,4,123.284,40.607,53.862,28.815,SOFT,3,1,271.0,0,0,1
2018,2,fp1,brendon_hartley,16,4,94.17,29.779,40.958,23.433,SOFT,4,1,311.0,0,0,1
2018,2,fp1,brendon_hartley,17,4,117.212,36.056,51.807,29.349,SOFT,5,1,292.0,0,0,1
2018,2,fp1,brendon_hartley,18,4,94.373,29.771,41.188,23.414,SOFT,6,1,312.0,0,0,1
2018,2,fp1,brendon_hartley,19,4,102.929,32.128,43.881,26.92,SOFT,7,1,296.0,0,0,0
2018,2,fp1,brendon_hartley,20,5,,,49.511,27.486,SOFT,8,0,204.0,0,0,0
2018,2,fp1,brendon_hartley,21,5,94.27,29.776,41.073,23.421,SOFT,9,0,311.0,0,0,1
2018,2,fp1,brendon_hartley,22,5,118.544,35.862,52.659,30.023,SOFT,10,0,269.0,0,0,1
2018,2,fp1,brendon_hartley,23,5,95.527,29.795,41.932,23.8,SOFT,11,0,314.0,0,0,1
2018,2,fp1,brendon_hartley,24,5,112.428,33.687,50.423,28.318,SOFT,12,0,289.0,0,0,1
2018,2,fp1,brendon_hartley,25,5,97.452,29.825,41.347,26.28,SOFT,13,0,313.0,0,0,0
2018,2,fp1,brendon_hartley,26,6,141.113,68.358,44.924,27.831,SOFT,14,0,152.0,0,0,0
2018,2,fp1,brendon_hartley,27,7,134.155,60.452,46.599,27.104,SOFT,15,0,195.0,0,0,0
2018,2,fp1,ocon,1,,,,53.568,32.366,,,1,197.0,0,0,0
2018,2,fp1,ocon,2,1,,,44.831,27.117,SUPERSOFT,1,0,210.0,0,0,0
2018,2,fp1,ocon,3,1,95.687,30.767,41.122,23.798,SUPERSOFT,2,0,309.0,1,0,1
2018,2,fp1,ocon,4,1,118.235,37.096,50.091,31.048,SUPERSOFT,3,0,186.0,0,0,1
2018,2,fp1,ocon,5,1,95.21,30.392,41.052,23.766,SUPERSOFT,4,0,312.0,1,0,1
2018,2,fp1,ocon,6,1,119.437,37.784,51.905,29.748,SUPERSOFT,5,0,236.0,0,0,1
2018,2,fp1,ocon,7,1,94.868,30.154,40.978,23.736,SUPERSOFT,6,0,312.0,1,0,1
2018,2,fp1,ocon,8,1,110.39,33.253,44.576,32.561,SUPERSOFT,7,0,261.0,0,0,0
2018,2,fp1,ocon,9,2,,,43.585,27.734,SUPERSOFT,9,0,214.0,0,0,0
2018,2,fp1,ocon,10,2,95.547,30.31,41.39,23.847,SUPERSOFT,10,0,313.0,0,0,1
2018,2,fp1,ocon,11,2,112.143,31.575,52.2,28.368,SUPERSOFT,11,0,310.0,0,0,1
2018,2,fp1,ocon,12,2,95.072,30.321,41.083,23.668,SUPERSOFT,12,0,311.0,0,0,1
2018,2,fp1,ocon,13,2,95.508,30.308,41.347,23.853,SUPERSOFT,13,0,314.0,0,0,1
2018,2,fp1,ocon,14,2,112.957,32.453,49.765,30.739,SUPERSOFT,14,0,271.0,0,0,0
2018,2,fp1,ocon,15,3,,,44.031,26.296,MEDIUM,1,1,210.0,0,0,0
2018,2,fp1,ocon,16,3,93.794,29.698,40.613,23.483,MEDIUM,2,1,312.0,1,0,1
2018,2,fp1,ocon,17,3,120.599,38.351,54.168,28.08,MEDIUM,3,1,251.0,0,0,1
2018,2,fp1,ocon,18,3,93.921,29.745,40.631,23.545,MEDIUM,4,1,313.0,0,0,1
2018,2,fp1,ocon,19,3,124.768,38.733,55.541,30.494,MEDIUM,5,1,255.0,0,0,1
2018,2,fp1,ocon,20,3,93.971,29.926,40.476,23.569,MEDIUM,6,1,318.0,0,0,1
2018,2,fp1,ocon,21,3,131.451,42.589,59.788,29.074,MEDIUM,7,1,255.0,0,0,1
2018,2,fp1,ocon,22,3,93.967,29.798,40.64,23.529,MEDIUM,8,1,312.0,0,0,1
2018,2,fp1,ocon,23,3,128.993,33.614,56.16,39.219,MEDIUM,9,1,257.0,0,0,0
2018,2,fp1,max_verstappen,1,,,,49.186,31.342,,,1,196.0,0,0,0
2018,2,fp1,max_verstappen,2,1,,66.546,91.535,31.342,MEDIUM,1,0,215.0,0,0,0
2018,2,fp1,sirotkin,1,,,,51.643,39.515,,,1,192.0,0,0,0
2018,2,fp1,sirotkin,2,1,,69.741,50.745,35.541,MEDIUM,1,0,201.0,0,0,0
2018,2,fp1,sirotkin,3,2,,,51.347,26.52,SOFT,1,1,195.0,0,0,0
2018,2,fp1,sirotkin,4,2,95.504,30.508,41.336,23.66,SOFT,2,1,306.0,1,0,1
2018,2,fp1,sirotkin,5,2,120.832,38.628,54.728,27.476,SOFT,3,1,216.0,0,0,1
2018,2,fp1,sirotkin,6,2,95.871,30.671,41.432,23.768,SOFT,4,1,305.0,0,0,1
2018,2,fp1,sirotkin,7,2,123.966,38.558,57.671,27.737,SOFT,5,1,230.0,0,0,1
2018,2,fp1,sirotkin,8,2,95.289,30.457,41.165,23.667,SOFT,6,1,312.0,1,0,1
2018,2,fp1,sirotkin,9,2,124.127,37.54,58.621,27.966,SOFT,7,1,264.0,0,0,1
2018,2,fp1,sirotkin,10,2,95.217,30.398,41.147,23.672,SOFT,8,1,307.0,1,0,1
2018,2,fp1,sirotkin,11,2,119.57,35.556,54.265,29.749,SOFT,9,1,221.0,0,0,0
2018,2,fp1,sirotkin,12,3,138.271,59.69,50.255,28.326,SOFT,10,0,137.0,0,0,0
2018,2,fp1,sirotkin,13,4,,,62.537,35.067,SOFT,1,1,163.0,0,0,0
2018,2,fp1,sirotkin,14,4,93.467,29.797,40.275,23.395,SOFT,2,1,316.0,1,0,1
2018,2,fp1,sirotkin,15,4,121.776,38.356,57.276,26.144,SOFT,3,1,212.0,0,0,1
2018,2,fp1,sirotkin,16,4,94.012,29.872,40.614,23.526,SOFT,4,1,309.0,0,0,1
2018,2,fp1,sirotkin,17,4,126.837,40.409,59.211,27.217,SOFT,5,1,196.0,0,0,1
2018,2,fp1,sirotkin,18,4,94.224,29.772,40.652,23.8,SOFT,6,1,310.0,0,0,1
2018,2,fp1,sirotkin,19,4,112.852,35.353,49.538,27.961,SOFT,7,1,225.0,0,0,0
2018,2,fp1,sirotkin,20,5,,,47.373,25.499,SOFT,8,0,202.0,0,0,0
2018,2,fp1,sirotkin,21,5,97.56,31.072,42.166,24.322,SOFT,9,0,293.0,0,0,1
2018,2,fp1,sirotkin,22,5,97.554,31.088,42.184,24.282,SOFT,10,0,281.0,0,0,1
2018,2,fp1,sirotkin,23,5,97.423,30.816,42.474,24.133,SOFT,11,0,302.0,0,0,1
2018,2,fp1,sirotkin,24,5,97.859,31.055,42.668,24.136,SOFT,12,0,292.0,0,0,1
2018,2,fp1,sirotkin,25,5,98.194,31.285,42.712,24.197,SOFT,13,0,290.0,0,0,1
2018,2,fp1,sirotkin,26,5,98.141,31.187,42.702,24.252,SOFT,14,0,298.0,0,0,1
2018,2,fp1,sirotkin,27,5,99.208,31.258,43.491,24.459,SOFT,15,0,282.0,0,0,1
2018,2,fp1,sirotkin,28,5,98.7,31.417,42.879,24.404,SOFT,16,0,293.0,0,0,1
2018,2,fp1,sirotkin,29,5,138.856,50.282,54.322,34.252,SOFT,17,0,253.0,0,0,0
2018,2,fp1,hamilton,1,1,,,46.881,31.06,MEDIUM,1,1,196.0,0,0,0
2018,2,fp1,hamilton,2,2,,,44.832,24.048,SOFT,1,1,211.0,0,0,0
2018,2,fp1,hamilton,3,2,93.041,29.606,40.151,23.284,SOFT,2,1,313.0,1,0,1
2018,2,fp1,hamilton,4,2,125.738,41.753,58.524,25.461,SOFT,3,1,249.0,0,0,1
2018,2,fp1,hamilton,5,2,92.532,29.453,40.009,23.07,SOFT,4,1,314.0,1,0,1
2018,2,fp1,hamilton,6,2,137.7,49.03,62.134,26.536,SOFT,5,1,227.0,0,0,1
2018,2,fp1,hamilton,7,2,92.54,29.397,40.178,22.965,SOFT,6,1,314.0,0,0,1
2018,2,fp1,hamilton,8,2,105.43,33.121,42.377,29.932,SOFT,7,1,316.0,0,0,0
2018,2,fp1,hamilton,9,3,,,49.192,42.118,SOFT,1,1,209.0,0,0,0
2018,2,fp1,hamilton,10,3,111.669,29.091,51.297,31.281,SOFT,2,1,313.0,0,0,1
2018,2,fp1,hamilton,11,3,92.272,29.235,39.959,23.078,SOFT,3,1,311.0,1,0,1
2018,2,fp1,hamilton,12,3,131.638,41.252,65.756,24.63,SOFT,4,1,245.0,0,0,1
2018,2,fp1,hamilton,13,3,110.355,30.149,51.361,28.845,SOFT,5,1,313.0,0,0,0
2018,2,fp1,hamilton,14,4,,,47.294,27.026,SOFT,6,0,207.0,0,0,0
2018,2,fp1,hamilton,15,4,96.356,30.474,41.998,23.884,SOFT,7,0,297.0,0,0,1
2018,2,fp1,hamilton,16,4,96.831,30.762,42.126,23.943,SOFT,8,0,288.0,0,0,1
2018,2,fp1,hamilton,17,4,99.122,30.767,44.044,24.311,SOFT,9,0,289.0,0,0,1
2018,2,fp1,hamilton,18,4,97.259,31.058,42.289,23.912,SOFT,10,0,302.0,0,0,1
2018,2,fp1,hamilton,19,4,97.179,30.76,42.513,23.906,SOFT,11,0,300.0,0,0,1
2018,2,fp1,hamilton,20,4,97.123,30.812,42.295,24.016,SOFT,12,0,300.0,0,0,1
2018,2,fp1,hamilton,21,4,133.443,37.909,57.073,38.461,SOFT,13,0,248.0,0,0,0
2018,2,fp1,sainz,1,,,,48.242,30.216,,,1,195.0,0,0,0
2018,2,fp1,sainz,2,1,,,46.859,28.633,MEDIUM,2,0,148.0,0,0,0
2018,2,fp1,sainz,3,2,,,42.61,30.201,MEDIUM,3,0,206.0,0,0,0
2018,2,fp1,sainz,4,2,95.861,30.539,41.43,23.892,MEDIUM,4,0,302.0,1,0,1
2018,2,fp1,sainz,5,2,107.89,34.411,47.934,25.545,MEDIUM,5,0,272.0,0,0,1
2018,2,fp1,sainz,6,2,99.395,30.4,41.688,27.307,MEDIUM,6,0,299.0,0,0,1
2018,2,fp1,sainz,7,2,95.809,30.563,41.456,23.79,MEDIUM,7,0,304.0,1,0,1
2018,2,fp1,sainz,8,2,103.78,33.251,43.161,27.368,MEDIUM,8,0,237.0,0,0,0
2018,2,fp1,sainz,9,3,,,55.301,30.55,SUPERSOFT,1,1,197.0,0,0,0
2018,2,fp1,sainz,10,3,92.885,29.548,40.103,23.234,SUPERSOFT,2,1,305.0,1,0,1
2018,2,fp1,sainz,11,3,129.802,36.844,57.407,35.551,SUPERSOFT,3,1,282.0,0,0,1
2018,2,fp1,sainz,12,3,93.66,29.697,40.614,23.349,SUPERSOFT,4,1,308.0,0,0,1
2018,2,fp1,sainz,13,3,117.23,36.711,52.654,27.865,SUPERSOFT,5,1,260.0,0,0,0
2018,2,fp1,sainz,14,4,,,51.038,25.754,SUPERSOFT,6,0,172.0,0,0,0
2018,2,fp1,sainz,15,4,93.803,29.819,40.496,23.488,SUPERSOFT,7,0,302.0,0,0,1
2018,2,fp1,sainz,16,4,111.139,35.979,50.047,25.113,SUPERSOFT,8,0,283.0,0,0,1
2018,2,fp1,sainz,17,4,94.912,30.43,40.928,23.554,SUPERSOFT,9,0,286.0,0,0,1
2018,2,fp1,sainz,18,4,95.225,30.453,41.153,23.619,SUPERSOFT,10,0,285.0,0,0,1
2018,2,fp1,sainz,19,4,95.588,30.636,41.168,23.784,SUPERSOFT,11,0,286.0,0,0,1
2018,2,fp1,sainz,20,4,95.546,30.606,41.267,23.673,SUPERSOFT,12,0,284.0,0,0,1
2018,2,fp1,sainz,21,4,111.882,32.269,52.132,27.481,SUPERSOFT,13,0,289.0,0,0,0
2018,2,fp1,bottas,1,1,,,49.211,30.379,SOFT,1,1,176.0,0,0,0
2018,2,fp1,bottas,2,2,,,49.121,24.925,SOFT,2,0,201.0,0,0,0
2018,2,fp1,bottas,3,2,93.235,29.907,40.204,23.124,SOFT,3,0,314.0,1,0,1
2018,2,fp1,bottas,4,2,112.038,35.997,50.6,25.441,SOFT,4,0,244.0,0,0,1
2018,2,fp1,bottas,5,2,93.486,29.723,40.447,23.316,SOFT,5,0,313.0,0,0,1
2018,2,fp1,bottas,6,2,123.636,36.674,55.009,31.953,SOFT,6,0,233.0,0,0,1
2018,2,fp1,bottas,7,2,93.008,29.591,40.174,23.243,SOFT,7,0,315.0,1,0,1
2018,2,fp1,bottas,8,2,118.143,37.184,52.49,28.469,SOFT,8,0,264.0,0,0,1
2018,2,fp1,bottas,9,2,93.001,29.763,40.174,23.064,SOFT,9,0,311.0,1,0,1
2018,2,fp1,bottas,10,2,104.021,32.492,44.924,26.605,SOFT,10,0,266.0,0,0,0
2018,2,fp1,bottas,11,3,,,49.01,31.59,SOFT,1,1,210.0,0,0,0
2018,2,fp1,bottas,12,3,91.364,29.194,39.357,22.813,SOFT,2,1,315.0,1,0,1
2018,2,fp1,bottas,13,3,124.329,37.057,55.567,31.705,SOFT,3,1,234.0,0,0,1
2018,2,fp1,bottas,14,3,92.066,29.088,39.973,23.005,SOFT,4,1,315.0,0,0,1
2018,2,fp1,bottas,15,3,124.4,36.483,56.825,31.092,SOFT,5,1,218.0,0,0,1
2018,2,fp1,bottas,16,3,95.121,29.168,39.763,26.19,SOFT,6,1,312.0,0,0,0
2018,2,fp1,bottas,17,4,,,47.829,25.186,SOFT,7,0,193.0,0,0,0
2018,2,fp1,bottas,18,4,95.889,30.33,41.696,23.863,SOFT,8,0,296.0,0,0,1
2018,2,fp1,bottas,19,4,96.643,30.651,41.903,24.089,SOFT,9,0,276.0,0,0,1
2018,2,fp1,bottas,20,4,97.054,30.683,42.114,24.257,SOFT,10,0,286.0,0,0,1
2018,2,fp1,bottas,21,4,97.173,30.787,42.359,24.027,SOFT,11,0,298.0,0,0,1
2018,2,fp1,bottas,22,4,100.871,30.82,45.381,24.67,SOFT,12,0,290.0,0,0,1
2018,2,fp1,bottas,23,4,97.137,30.92,42.066,24.151,SOFT,13,0,298.0,0,0,1
2018,2,fp1,bottas,24,4,122.773,33.13,55.078,34.565,SOFT,14,0,286.0,0,0,0
2018,2,fp2,vandoorne,1,1,,,51.355,31.448,SOFT,1,1,190.0,0,0,0
2018,2,fp2,vandoorne,2,1,91.812,29.612,39.385,22.815,SOFT,2,1,304.0,1,0,1
2018,2,fp2,vandoorne,3,1,128.379,37.205,55.62,35.554,SOFT,3,1,279.0,0,0,1
2018,2,fp2,vandoorne,4,1,92.276,29.462,39.872,22.942,SOFT,4,1,307.0,0,0,1
2018,2,fp2,vandoorne,5,1,125.841,37.11,54.839,33.892,SOFT,5,1,285.0,0,0,1
2018,2,fp2,vandoorne,6,1,92.444,29.623,39.788,23.033,SOFT,6,1,305.0,0,0,1
2018,2,fp2,vandoorne,7,1,106.934,33.833,45.562,27.539,SOFT,7,1,280.0,0,0,0
2018,2,fp2,vandoorne,8,2,,,47.587,26.482,SUPERSOFT,1,1,190.0,0,0,0
2018,2,fp2,vandoorne,9,2,91.422,29.253,39.249,22.92,SUPERSOFT,2,1,307.0,1,0,1
2018,2,fp2,vandoorne,10,2,119.921,39.276,51.266,29.379,SUPERSOFT,3,1,283.0,0,0,1
2018,2,fp2,vandoorne,11,2,92.35,29.547,39.763,23.04,SUPERSOFT,4,1,307.0,0,0,1
2018,2,fp2,vandoorne,12,2,109.548,34.522,46.919,28.107,SUPERSOFT,5,1,280.0,0,0,0
2018,2,fp2,vandoorne,13,3,,,52.136,31.728,SUPERSOFT,6,0,179.0,0,0,0
2018,2,fp2,vandoorne,14,4,139.673,72.973,42.71,23.99,SUPERSOFT,7,0,211.0,0,0,0
2018,2,fp2,vandoorne,15,4,96.183,30.932,41.495,23.756,SUPERSOFT,8,0,282.0,0,0,1
2018,2,fp2,vandoorne,16,4,96.198,30.88,41.505,23.813,SUPERSOFT,9,0,279.0,0,0,1
2018,2,fp2,vandoorne,17,4,96.81,31.045,41.894,23.871,SUPERSOFT,10,0,278.0,0,0,1
2018,2,fp2,vandoorne,18,4,96.752,31.122,41.775,23.855,SUPERSOFT,11,0,278.0,0,0,1
2018,2,fp2,vandoorne,19,4,97.272,31.363,41.87,24.039,SUPERSOFT,12,0,279.0,0,0,1
2018,2,fp2,vandoorne,20,4,97.087,31.22,41.847,24.02,SUPERSOFT,13,0,276.0,0,0,1
2018,2,fp2,vandoorne,21,4,97.173,31.188,41.908,24.077,SUPERSOFT,14,0,273.0,0,0,1
2018,2,fp2,vandoorne,22,4,97.214,31.103,41.923,24.188,SUPERSOFT,15,0,279.0,0,0,1
2018,2,fp2,vandoorne,23,4,97.431,31.293,42.093,24.045,SUPERSOFT,16,0,278.0,0,0,1
2018,2,fp2,vandoorne,24,4,97.34,31.173,42.014,24.153,SUPERSOFT,17,0,278.0,0,0,1
2018,2,fp2,vandoorne,25,4,98.037,31.75,42.229,24.058,SUPERSOFT,18,0,263.0,0,0,1
2018,2,fp2,vandoorne,26,4,97.609,31.355,42.174,24.08,SUPERSOFT,19,0,278.0,0,0,1
2018,2,fp2,vandoorne,27,4,99.885,31.185,42.113,26.587,SUPERSOFT,20,0,277.0,0,0,0
2018,2,fp2,vandoorne,28,5,121.305,55.815,41.822,23.668,SOFT,8,0,214.0,0,0,0
2018,2,fp2,vandoorne,29,5,96.345,30.626,41.808,23.911,SOFT,9,0,303.0,0,0,1
2018,2,fp2,vandoorne,30,5,95.995,30.979,41.351,23.665,SOFT,10,0,276.0,0,0,1
2018,2,fp2,vandoorne,31,5,96.269,30.974,41.466,23.829,SOFT,11,0,277.0,0,0,1
2018,2,fp2,vandoorne,32,5,95.545,30.3,41.51,23.735,SOFT,12,0,317.0,0,0,1
2018,2,fp2,vandoorne,33,5,96.239,30.984,41.48,23.775,SOFT,13,0,274.0,0,0,1
2018,2,fp2,vandoorne,34,5,96.135,30.95,41.424,23.761,SOFT,14,0,274.0,0,0,1
2018,2,fp2,vandoorne,35,5,127.622,32.642,55.78,39.2,SOFT,15,0,277.0,0,0,0
2018,2,fp2,ricciardo,1,1,,,52.728,27.506,SOFT,1,1,151.0,0,0,0
2018,2,fp2,ricciardo,2,1,90.751,29.012,39.078,22.661,SOFT,2,1,312.0,1,0,1
2018,2,fp2,ricciardo,3,1,141.107,41.323,69.607,30.177,SOFT,3,1,296.0,0,0,1
2018,2,fp2,ricciardo,4,1,98.085,29.367,41.899,26.819,SOFT,4,1,314.0,0,0,0
2018,2,fp2,ricciardo,5,2,,,50.982,25.087,SUPERSOFT,1,1,178.0,0,0,0
2018,2,fp2,ricciardo,6,2,114.027,30.725,53.354,29.948,SUPERSOFT,2,1,308.0,0,0,1
2018,2,fp2,ricciardo,7,2,90.823,29.072,39.097,22.654,SUPERSOFT,3,1,310.0,0,0,1
2018,2,fp2,ricciardo,8,2,115.882,37.273,50.579,28.03,SUPERSOFT,4,1,173.0,0,0,0
2018,2,fp2,ricciardo,9,3,,,44.668,24.81,SUPERSOFT,5,0,200.0,0,0,0
2018,2,fp2,ricciardo,10,3,95.182,30.515,41.104,23.563,SUPERSOFT,6,0,289.0,0,0,1
2018,2,fp2,ricciardo,11,3,95.536,30.643,41.224,23.669,SUPERSOFT,7,0,286.0,0,0,1
2018,2,fp2,ricciardo,12,3,95.503,30.597,41.206,23.7,SUPERSOFT,8,0,287.0,0,0,1
2018,2,fp2,ricciardo,13,3,95.797,30.625,41.296,23.876,SUPERSOFT,9,0,288.0,0,0,1
2018,2,fp2,ricciardo,14,3,95.758,30.645,41.379,23.734,SUPERSOFT,10,0,287.0,0,0,1
2018,2,fp2,ricciardo,15,3,95.882,30.672,41.327,23.883,SUPERSOFT,11,0,288.0,0,0,1
2018,2,fp2,ricciardo,16,3,96.257,30.622,41.7,23.935,SUPERSOFT,12,0,290.0,0,0,1
2018,2,fp2,ricciardo,17,3,99.524,30.782,41.822,26.92,SUPERSOFT,13,0,289.0,0,0,0
2018,2,fp2,ricciardo,18,3,131.151,64.459,42.462,24.23,SUPERSOFT,14,0,170.0,0,0,0
2018,2,fp2,ricciardo,19,3,95.435,30.578,41.168,23.689,SUPERSOFT,15,0,292.0,0,0,1
2018,2,fp2,ricciardo,20,4,95.885,30.661,41.655,23.569,SOFT,5,0,288.0,0,0,1
2018,2,fp2,ricciardo,21,4,94.902,30.254,41.07,23.578,SOFT,6,0,295.0,0,0,1
2018,2,fp2,ricciardo,22,4,97.447,32.12,41.511,23.816,SOFT,7,0,287.0,0,0,1
2018,2,fp2,ricciardo,23,4,95.055,30.501,41.036,23.518,SOFT,8,0,289.0,0,0,1
2018,2,fp2,ricciardo,24,4,95.158,30.475,41.067,23.616,SOFT,9,0,288.0,0,0,1
2018,2,fp2,ricciardo,25,4,99.32,30.601,44.777,23.942,SOFT,10,0,286.0,0,0,1
2018,2,fp2,ricciardo,26,4,95.194,30.551,41.07,23.573,SOFT,11,0,287.0,0,0,1
2018,2,fp2,ricciardo,27,4,94.884,30.466,40.992,23.426,SOFT,12,0,288.0,0,0,1
2018,2,fp2,ricciardo,28,4,95.12,30.428,41.221,23.471,SOFT,13,0,289.0,0,0,1
2018,2,fp2,ricciardo,29,4,95.27,30.395,41.138,23.737,SOFT,14,0,290.0,0,0,1
2018,2,fp2,ricciardo,30,4,94.999,30.468,41.016,23.515,SOFT,15,0,290.0,0,0,1
2018,2,fp2,ricciardo,31,4,109.785,30.553,44.221,35.011,SOFT,16,0,288.0,0,0,0
2018,2,fp2,vettel,1,1,,,50.051,26.704,SOFT,1,0,203.0,0,0,0
2018,2,fp2,vettel,2,1,90.041,28.616,38.94,22.485,SOFT,2,0,319.0,1,0,1
2018,2,fp2,vettel,3,1,123.607,38.574,53.631,31.402,SOFT,3,0,243.0,0,0,1
2018,2,fp2,vettel,4,1,91.732,29.603,39.356,22.773,SOFT,4,0,315.0,0,0,1
2018,2,fp2,vettel,5,1,116.481,35.054,54.936,26.491,SOFT,5,0,240.0,0,0,1
2018,2,fp2,vettel,6,1,91.15,29.176,39.18,22.794,SOFT,6,0,313.0,0,0,1
2018,2,fp2,vettel,7,1,111.165,33.626,46.385,31.154,SOFT,7,0,279.0,0,0,0
2018,2,fp2,vettel,8,2,,,52.504,29.104,SUPERSOFT,1,1,203.0,0,0,0
2018,2,fp2,vettel,9,2,89.828,28.651,38.691,22.486,SUPERSOFT,2,1,319.0,1,0,1
2018,2,fp2,vettel,10,2,125.11,36.752,57.667,30.691,SUPERSOFT,3,1,264.0,0,0,1
2018,2,fp2,vettel,11,2,90.345,28.814,38.92,22.611,SUPERSOFT,4,1,314.0,0,0,1
2018,2,fp2,vettel,12,2,104.971,32.76,43.839,28.372,SUPERSOFT,5,1,275.0,0,0,0
2018,2,fp2,vettel,13,2,149.229,65.578,52.146,31.505,SUPERSOFT,6,1,217.0,0,0,0
2018,2,fp2,vettel,14,3,,,44.972,24.001,SOFT,8,0,206.0,0,0,0
2018,2,fp2,vettel,15,3,94.78,30.35,41.007,23.423,SOFT,9,0,292.0,0,0,1
2018,2,fp2,vettel,16,3,94.879,30.069,41.226,23.584,SOFT,10,0,296.0,0,0,1
2018,2,fp2,vettel,17,3,95.574,30.314,41.557,23.703,SOFT,11,0,295.0,0,0,1
2018,2,fp2,vettel,18,3,95.88,30.599,41.577,23.704,SOFT,12,0,297.0,0,0,1
2018,2,fp2,vettel,19,3,95.901,30.509,41.587,23.805,SOFT,13,0,295.0,0,0,1
2018,2,fp2,vettel,20,3,96.084,30.67,41.567,23.847,SOFT,14,0,287.0,0,0,1
2018,2,fp2,vettel,21,3,96.085,30.699,41.567,23.819,SOFT,15,0,290.0,0,0,1
2018,2,fp2,vettel,22,3,96.203,30.696,41.634,23.873,SOFT,16,0,290.0,0,0,1
2018,2,fp2,vettel,23,3,96.309,30.745,41.628,23.936,SOFT,17,0,292.0,0,0,1
2018,2,fp2,vettel,24,3,96.129,30.691,41.602,23.836,SOFT,18,0,285.0,0,0,1
2018,2,fp2,vettel,25,3,96.474,30.749,41.865,23.86,SOFT,19,0,284.0,0,0,1
2018,2,fp2,vettel,26,3,96.338,30.697,41.741,23.9,SOFT,20,0,286.0,0,0,1
2018,2,fp2,vettel,27,3,96.397,30.797,41.737,23.863,SOFT,21,0,288.0,0,0,1
2018,2,fp2,vettel,28,3,97.626,31.438,41.912,24.276,SOFT,22,0,303.0,0,0,1
2018,2,fp2,vettel,29,3,97.796,30.89,42.955,23.951,SOFT,23,0,321.0,0,0,1
2018,2,fp2,vettel,30,3,103.716,30.664,45.676,27.376,SOFT,24,0,309.0,0,0,0
2018,2,fp2,vettel,31,4,122.089,52.515,43.776,25.798,SUPERSOFT,7,0,215.0,0,0,0
2018,2,fp2,vettel,32,4,93.954,29.98,40.685,23.289,SUPERSOFT,8,0,297.0,0,0,1
2018,2,fp2,vettel,33,4,94.011,29.978,40.663,23.37,SUPERSOFT,9,0,297.0,0,0,1
2018,2,fp2,vettel,34,4,99.075,30.187,41.116,27.772,SUPERSOFT,10,0,297.0,0,0,1
2018,2,fp2,vettel,35,4,94.556,30.202,40.88,23.474,SUPERSOFT,11,0,289.0,0,0,1
2018,2,fp2,vettel,36,4,94.611,30.34,40.827,23.444,SUPERSOFT,12,0,290.0,0,0,1
2018,2,fp2,vettel,37,4,115.23,30.408,42.064,42.758,SUPERSOFT,13,0,,0,0,0
2018,2,fp2,raikkonen,1,,,,46.439,25.872,,,1,203.0,0,0,0
2018,2,fp2,raikkonen,2,1,90.689,28.77,39.332,22.587,SOFT,1,0,316.0,1,0,0
2018,2,fp2,raikkonen,3,1,105.574,37.035,44.817,23.722,SOFT,2,0,193.0,0,0,0
2018,2,fp2,raikkonen,4,1,99.697,29.079,46.155,24.463,SOFT,3,0,316.0,0,0,0
2018,2,fp2,raikkonen,5,1,108.755,33.64,45.582,29.533,SOFT,4,0,317.0,0,0,1
2018,2,fp2,raikkonen,6,1,91.285,28.942,39.525,22.818,SOFT,5,0,315.0,0,0,1
2018,2,fp2,raikkonen,7,1,103.238,31.408,42.001,29.829,SOFT,6,0,313.0,0,0,0
2018,2,fp2,raikkonen,8,2,,78.591,46.614,29.851,SOFT,8,0,213.0,0,0,0
2018,2,fp2,raikkonen,9,3,,,43.669,26.075,SUPERSOFT,1,1,185.0,0,0,0
2018,2,fp2,raikkonen,10,3,89.817,28.491,38.729,22.597,SUPERSOFT,2,1,314.0,1,0,1
2018,2,fp2,raikkonen,11,3,118.263,36.568,51.989,29.706,SUPERSOFT,3,1,230.0,0,0,1
2018,2,fp2,raikkonen,12,3,90.482,28.836,39.071,22.575,SUPERSOFT,4,1,314.0,0,0,1
2018,2,fp2,raikkonen,13,3,121.45,34.832,56.475,30.143,SUPERSOFT,5,1,254.0,0,0,0
2018,2,fp2,raikkonen,14,3,,,44.292,28.675,SUPERSOFT,6,1,206.0,0,0,0
2018,2,fp2,raikkonen,15,3,140.987,68.196,41.785,31.006,SUPERSOFT,7,1,212.0,0,0,0
2018,2,fp2,raikkonen,16,3,93.985,29.955,40.624,23.406,SUPERSOFT,8,1,295.0,0,0,1
2018,2,fp2,raikkonen,17,3,95.202,30.443,41.211,23.548,SUPERSOFT,9,1,293.0,0,0,1
2018,2,fp2,raikkonen,18,3,95.739,30.344,41.584,23.811,SUPERSOFT,10,1,297.0,0,0,1
2018,2,fp2,raikkonen,19,3,95.504,30.33,41.48,23.694,SUPERSOFT,11,1,297.0,0,0,1
2018,2,fp2,raikkonen,20,4,100.103,30.678,41.656,27.769,SUPERSOFT,7,0,294.0,0,0,0
2018,2,fp2,raikkonen,21,5,121.321,55.655,41.947,23.719,SUPERSOFT,13,0,201.0,0,0,0
2018,2,fp2,raikkonen,22,5,96.035,30.667,41.558,23.81,SUPERSOFT,14,0,289.0,0,0,1
2018,2,fp2,raikkonen,23,5,96.011,30.634,41.558,23.819,SUPERSOFT,15,0,292.0,0,0,1
2018,2,fp2,raikkonen,24,5,96.475,30.648,41.969,23.858,SUPERSOFT,16,0,293.0,0,0,1
2018,2,fp2,raikkonen,25,5,96.322,30.723,41.724,23.875,SUPERSOFT,17,0,293.0,0,0,1
2018,2,fp2,raikkonen,26,5,96.289,30.702,41.831,23.756,SUPERSOFT,18,0,294.0,0,0,1
2018,2,fp2,raikkonen,27,5,96.163,30.396,41.802,23.965,SUPERSOFT,19,0,317.0,0,0,1
2018,2,fp2,raikkonen,28,5,95.423,30.118,41.501,23.804,SUPERSOFT,20,0,314.0,0,0,1
2018,2,fp2,raikkonen,29,5,95.917,30.604,41.541,23.772,SUPERSOFT,21,0,298.0,0,0,1
2018,2,fp2,raikkonen,30,5,96.134,30.673,41.5,23.961,SUPERSOFT,22,0,301.0,0,0,1
2018,2,fp2,raikkonen,31,5,100.248,30.659,42.373,27.216,SUPERSOFT,23,0,319.0,0,0,0
2018,2,fp2,raikkonen,32,6,,30.659,,,SOFT,9,0,209.0,0,0,0
2018,2,fp2,grosjean,1,,,,42.742,24.239,,,1,202.0,0,0,0
2018,2,fp2,grosjean,2,1,93.988,30.255,40.494,23.239,MEDIUM,1,1,311.0,1,0,0
2018,2,fp2,grosjean,3,1,98.302,30.362,44.444,23.496,MEDIUM,2,1,310.0,0,0,0
2018,2,fp2,grosjean,4,1,94.199,30.292,40.541,23.366,MEDIUM,3,1,312.0,0,0,0
2018,2,fp2,grosjean,5,1,93.567,29.856,40.429,23.282,MEDIUM,4,1,312.0,1,0,0
2018,2,fp2,grosjean,6,1,105.645,33.115,44.245,28.285,MEDIUM,5,1,318.0,0,0,0
2018,2,fp2,grosjean,7,1,93.864,29.61,40.835,23.419,MEDIUM,6,1,316.0,0,0,1
2018,2,fp2,grosjean,8,1,114.849,35.649,48.512,30.688,MEDIUM,7,1,319.0,0,0,0
2018,2,fp2,grosjean,9,2,,,46.582,24.675,SUPERSOFT,1,1,200.0,0,0,0
2018,2,fp2,grosjean,10,2,91.591,29.019,39.324,23.248,SUPERSOFT,2,1,314.0,1,0,1
2018,2,fp2,grosjean,11,2,115.292,35.955,50.16,29.177,SUPERSOFT,3,1,207.0,0,0,1
2018,2,fp2,grosjean,12,2,91.939,29.297,39.604,23.038,SUPERSOFT,4,1,314.0,0,0,1
2018,2,fp2,grosjean,13,2,104.294,32.456,43.962,27.876,SUPERSOFT,5,1,292.0,0,0,1
2018,2,fp2,grosjean,14,2,104.729,29.248,45.917,29.564,SUPERSOFT,6,1,315.0,0,0,0
2018,2,fp2,grosjean,15,3,,,41.862,23.817,SUPERSOFT,7,0,200.0,0,0,0
2018,2,fp2,grosjean,16,3,96.012,30.444,41.751,23.817,SUPERSOFT,8,0,298.0,0,0,1
2018,2,fp2,grosjean,17,3,96.255,30.647,41.712,23.896,SUPERSOFT,9,0,296.0,0,0,1
2018,2,fp2,grosjean,18,3,96.33,30.639,41.75,23.941,SUPERSOFT,10,0,298.0,0,0,1
2018,2,fp2,grosjean,19,3,97.019,30.749,42.119,24.151,SUPERSOFT,11,0,296.0,0,0,1
2018,2,fp2,grosjean,20,3,100.613,34.129,42.436,24.048,SUPERSOFT,12,0,297.0,0,0,1
2018,2,fp2,grosjean,21,3,97.404,30.96,42.301,24.143,SUPERSOFT,13,0,294.0,0,0,1
2018,2,fp2,grosjean,22,3,97.118,30.915,42.033,24.17,SUPERSOFT,14,0,296.0,0,0,1
2018,2,fp2,grosjean,23,3,97.099,30.95,42.067,24.082,SUPERSOFT,15,0,293.0,0,0,1
2018,2,fp2,grosjean,24,3,101.009,31.006,46.041,23.962,SUPERSOFT,16,0,296.0,0,0,1
2018,2,fp2,grosjean,25,3,98.736,32.394,42.239,24.103,SUPERSOFT,17,0,292.0,0,0,1
2018,2,fp2,grosjean,26,3,97.655,31.036,42.374,24.245,SUPERSOFT,18,0,296.0,0,0,1
2018,2,fp2,grosjean,27,3,102.181,32.75,42.442,26.989,SUPERSOFT,19,0,293.0,0,0,0
2018,2,fp2,grosjean,28,4,118.65,52.597,42.179,23.874,MEDIUM,9,0,223.0,0,0,0
2018,2,fp2,grosjean,29,4,96.68,30.785,41.946,23.949,MEDIUM,10,0,289.0,0,0,1
2018,2,fp2,grosjean,30,4,96.444,30.823,41.821,23.8,MEDIUM,11,0,289.0,0,0,1
2018,2,fp2,grosjean,31,4,96.64,30.75,41.956,23.934,MEDIUM,12,0,290.0,0,0,1
2018,2,fp2,grosjean,32,4,96.788,30.756,42.136,23.896,MEDIUM,13,0,285.0,0,0,1
2018,2,fp2,grosjean,33,4,103.14,30.96,41.959,30.221,MEDIUM,14,0,289.0,0,0,0
2018,2,fp2,ericsson,1,1,,,46.362,24.866,MEDIUM,1,1,202.0,0,0,0
2018,2,fp2,ericsson,2,1,93.928,30.077,40.494,23.357,MEDIUM,2,1,315.0,1,0,0
2018,2,fp2,ericsson,3,1,101.5,32.442,44.051,25.007,MEDIUM,3,1,294.0,0,0,0
2018,2,fp2,ericsson,4,1,,57.038,63.348,38.366,MEDIUM,4,1,314.0,0,0,0
2018,2,fp2,ericsson,5,2,,,42.597,24.509,SUPERSOFT,1,1,200.0,0,0,0
2018,2,fp2,ericsson,6,2,92.838,29.592,40.043,23.203,SUPERSOFT,2,1,314.0,1,0,1
2018,2,fp2,ericsson,7,2,120.067,35.452,51.478,33.137,SUPERSOFT,3,1,245.0,0,0,1
2018,2,fp2,ericsson,8,2,93.105,29.558,40.313,23.234,SUPERSOFT,4,1,315.0,0,0,1
2018,2,fp2,ericsson,9,2,116.598,35.759,53.753,27.086,SUPERSOFT,5,1,271.0,0,0,1
2018,2,fp2,ericsson,10,2,92.96,29.555,40.296,23.109,SUPERSOFT,6,1,317.0,0,0,1
2018,2,fp2,ericsson,11,2,118.072,36.142,53.567,28.363,SUPERSOFT,7,1,251.0,0,0,1
2018,2,fp2,ericsson,12,2,92.733,29.565,40.175,22.993,SUPERSOFT,8,1,314.0,1,0,1
2018,2,fp2,ericsson,13,2,111.112,35.449,45.794,29.869,SUPERSOFT,9,1,286.0,0,0,0
2018,2,fp2,ericsson,14,3,,,44.877,29.066,SUPERSOFT,10,0,207.0,0,0,0
2018,2,fp2,ericsson,15,4,140.047,74.153,41.905,23.989,SUPERSOFT,11,0,203.0,0,0,0
2018,2,fp2,ericsson,16,4,96.361,30.6,41.808,23.953,SUPERSOFT,12,0,309.0,0,0,1
2018,2,fp2,ericsson,17,4,96.424,30.582,41.884,23.958,SUPERSOFT,13,0,309.0,0,0,1
2018,2,fp2,ericsson,18,4,97.186,30.871,42.073,24.242,SUPERSOFT,14,0,297.0,0,0,1
2018,2,fp2,ericsson,19,4,97.403,31.039,42.223,24.141,SUPERSOFT,15,0,298.0,0,0,1
2018,2,fp2,ericsson,20,4,97.364,31.0,42.204,24.16,SUPERSOFT,16,0,294.0,0,0,1
2018,2,fp2,ericsson,21,4,97.862,30.984,42.764,24.114,SUPERSOFT,17,0,294.0,0,0,1
2018,2,fp2,ericsson,22,4,97.704,31.288,42.208,24.208,SUPERSOFT,18,0,295.0,0,0,1
2018,2,fp2,ericsson,23,4,97.534,31.052,42.407,24.075,SUPERSOFT,19,0,292.0,0,0,1
2018,2,fp2,ericsson,24,4,97.481,30.974,42.429,24.078,SUPERSOFT,20,0,297.0,0,0,1
2018,2,fp2,ericsson,25,4,97.799,30.971,42.481,24.347,SUPERSOFT,21,0,297.0,0,0,1
2018,2,fp2,ericsson,26,4,97.73,31.039,42.447,24.244,SUPERSOFT,22,0,298.0,0,0,1
2018,2,fp2,ericsson,27,4,97.712,30.956,42.516,24.24,SUPERSOFT,23,0,303.0,0,0,1
2018,2,fp2,ericsson,28,4,98.377,31.416,42.744,24.217,SUPERSOFT,24,0,299.0,0,0,1
2018,2,fp2,ericsson,29,4,98.199,30.887,42.708,24.604,SUPERSOFT,25,0,301.0,0,0,1
2018,2,fp2,ericsson,30,4,98.038,31.255,42.609,24.174,SUPERSOFT,26,0,297.0,0,0,1
2018,2,fp2,ericsson,31,4,99.119,31.898,42.827,24.394,SUPERSOFT,27,0,299.0,0,0,1
2018,2,fp2,ericsson,32,4,133.557,43.903,53.539,36.115,SUPERSOFT,28,0,132.0,0,0,0
2018,2,fp2,gasly,1,1,,,54.945,27.565,SOFT,1,1,187.0,0,0,0
2018,2,fp2,gasly,2,1,93.497,29.567,40.085,23.845,SOFT,2,1,320.0,1,0,0
2018,2,fp2,gasly,3,1,118.369,39.309,52.998,26.062,SOFT,3,1,292.0,0,0,1
2018,2,fp2,gasly,4,1,92.462,29.506,39.903,23.053,SOFT,4,1,318.0,1,0,1
2018,2,fp2,gasly,5,1,114.379,35.502,53.193,25.684,SOFT,5,1,293.0,0,0,1
2018,2,fp2,gasly,6,1,92.16,29.306,39.946,22.908,SOFT,6,1,318.0,1,0,1
2018,2,fp2,gasly,7,1,115.264,34.193,51.87,29.201,SOFT,7,1,295.0,0,0,0
2018,2,fp2,gasly,8,2,,,60.946,30.227,SUPERSOFT,1,1,168.0,0,0,0
2018,2,fp2,gasly,9,2,91.232,29.32,39.236,22.676,SUPERSOFT,2,1,316.0,1,0,1
2018,2,fp2,gasly,10,2,120.26,37.782,56.342,26.136,SUPERSOFT,3,1,294.0,0,0,1
2018,2,fp2,gasly,11,2,92.101,29.07,39.919,23.112,SUPERSOFT,4,1,317.0,0,0,1
2018,2,fp2,gasly,12,2,115.602,34.307,51.59,29.705,SUPERSOFT,5,1,292.0,0,0,0
2018,2,fp2,gasly,13,2,,,49.524,29.302,SUPERSOFT,6,1,201.0,0,0,0
2018,2,fp2,gasly,14,3,130.059,62.922,43.05,24.087,SUPERSOFT,7,0,209.0,0,0,0
2018,2,fp2,gasly,15,3,96.151,30.889,41.52,23.742,SUPERSOFT,8,0,281.0,0,0,1
2018,2,fp2,gasly,16,3,96.456,30.95,41.752,23.754,SUPERSOFT,9,0,287.0,0,0,1
2018,2,fp2,gasly,17,3,99.537,30.938,41.879,26.72,SUPERSOFT,10,0,283.0,0,0,1
2018,2,fp2,gasly,18,3,96.739,30.965,41.837,23.937,SUPERSOFT,11,0,286.0,0,0,1
2018,2,fp2,gasly,19,3,96.787,31.015,41.92,23.852,SUPERSOFT,12,0,286.0,0,0,1
2018,2,fp2,gasly,20,3,97.188,30.934,42.437,23.817,SUPERSOFT,13,0,287.0,0,0,1
2018,2,fp2,gasly,21,3,96.856,30.804,42.222,23.83,SUPERSOFT,14,0,287.0,0,0,1
2018,2,fp2,gasly,22,3,96.542,30.791,41.968,23.783,SUPERSOFT,15,0,288.0,0,0,1
2018,2,fp2,gasly,23,3,96.654,30.749,42.036,23.869,SUPERSOFT,16,0,287.0,0,0,1
2018,2,fp2,gasly,24,3,96.683,30.852,42.006,23.825,SUPERSOFT,17,0,288.0,0,0,1
2018,2,fp2,gasly,25,3,96.494,30.856,41.778,23.86,SUPERSOFT,18,0,286.0,0,0,1
2018,2,fp2,gasly,26,3,96.708,30.782,41.917,24.009,SUPERSOFT,19,0,286.0,0,0,1
2018,2,fp2,gasly,27,3,96.99,30.851,42.2,23.939,SUPERSOFT,20,0,286.0,0,0,1
2018,2,fp2,gasly,28,3,99.217,31.007,42.024,26.186,SUPERSOFT,21,0,288.0,0,0,0
2018,2,fp2,gasly,29,4,117.719,52.368,41.735,23.616,SOFT,8,0,221.0,0,0,0
2018,2,fp2,gasly,30,4,95.752,30.78,41.519,23.453,SOFT,9,0,284.0,0,0,1
2018,2,fp2,gasly,31,4,95.323,30.634,41.188,23.501,SOFT,10,0,285.0,0,0,1
2018,2,fp2,gasly,32,4,95.295,30.583,41.145,23.567,SOFT,11,0,285.0,0,0,1
2018,2,fp2,gasly,33,4,95.209,30.494,41.172,23.543,SOFT,12,0,288.0,0,0,1
2018,2,fp2,gasly,34,4,95.232,30.461,41.338,23.433,SOFT,13,0,289.0,0,0,1
2018,2,fp2,gasly,35,4,95.447,30.365,41.348,23.734,SOFT,14,0,287.0,0,0,1
2018,2,fp2,gasly,36,4,97.208,30.583,42.315,24.31,SOFT,15,0,302.0,0,0,1
2018,2,fp2,gasly,37,4,94.978,30.205,41.34,23.433,SOFT,16,0,326.0,0,0,1
2018,2,fp2,gasly,38,4,134.315,46.282,52.711,35.322,SOFT,17,0,284.0,0,0,0
2018,2,fp2,perez,1,,,,50.397,25.159,,,1,195.0,0,0,0
2018,2,fp2,perez,2,1,93.372,29.823,40.273,23.276,SOFT,1,1,312.0,1,0,0
2018,2,fp2,perez,3,1,111.805,35.76,50.152,25.893,SOFT,2,1,302.0,0,0,0
2018,2,fp2,perez,4,1,93.659,29.905,40.486,23.268,SOFT,3,1,298.0,0,0,0
2018,2,fp2,perez,5,1,117.836,33.718,53.593,30.525,SOFT,4,1,288.0,0,0,0
2018,2,fp2,perez,6,2,,72.055,45.35,32.869,SOFT,6,0,180.0,0,0,0
2018,2,fp2,perez,7,2,93.101,29.46,40.268,23.373,SOFT,7,0,315.0,1,0,1
2018,2,fp2,perez,8,2,119.275,34.825,51.443,33.007,SOFT,8,0,281.0,0,0,1
2018,2,fp2,perez,9,2,93.431,29.734,40.424,23.273,SOFT,9,0,300.0,0,0,1
2018,2,fp2,perez,10,2,109.683,33.392,46.562,29.729,SOFT,10,0,277.0,0,0,0
2018,2,fp2,perez,11,2,,,44.757,33.913,SOFT,11,0,171.0,0,0,0
2018,2,fp2,perez,12,2,91.868,29.274,39.559,23.035,SOFT,12,0,315.0,1,0,1
2018,2,fp2,perez,13,2,119.139,37.124,52.069,29.946,SOFT,13,0,223.0,0,0,1
2018,2,fp2,perez,14,2,92.495,29.4,39.951,23.144,SOFT,14,0,315.0,0,0,1
2018,2,fp2,perez,15,2,111.502,33.423,48.042,30.037,SOFT,15,0,298.0,0,0,0
2018,2,fp2,perez,16,3,,,46.615,24.956,SUPERSOFT,6,0,199.0,0,0,0
2018,2,fp2,perez,17,3,95.958,30.514,41.678,23.766,SUPERSOFT,7,0,297.0,0,0,1
2018,2,fp2,perez,18,3,96.319,30.591,41.85,23.878,SUPERSOFT,8,0,298.0,0,0,1
2018,2,fp2,perez,19,3,96.577,30.61,42.001,23.966,SUPERSOFT,9,0,293.0,0,0,1
2018,2,fp2,perez,20,3,96.995,30.889,42.145,23.961,SUPERSOFT,10,0,292.0,0,0,1
2018,2,fp2,perez,21,3,97.383,30.79,42.496,24.097,SUPERSOFT,11,0,297.0,0,0,1
2018,2,fp2,perez,22,3,97.711,31.029,42.501,24.181,SUPERSOFT,12,0,302.0,0,0,1
2018,2,fp2,perez,23,3,97.76,31.048,42.484,24.228,SUPERSOFT,13,0,284.0,0,0,1
2018,2,fp2,perez,24,3,99.961,31.066,42.304,26.591,SUPERSOFT,14,0,294.0,0,0,0
2018,2,fp2,perez,25,4,117.775,51.77,42.029,23.976,SOFT,11,0,218.0,0,0,0
2018,2,fp2,perez,26,4,97.398,30.829,42.465,24.104,SOFT,12,0,319.0,0,0,1
2018,2,fp2,perez,27,4,97.626,30.857,42.459,24.31,SOFT,13,0,323.0,0,0,1
2018,2,fp2,perez,28,4,96.37,30.595,41.84,23.935,SOFT,14,0,295.0,0,0,1
2018,2,fp2,perez,29,4,97.208,30.787,42.277,24.144,SOFT,15,0,307.0,0,0,1
2018,2,fp2,perez,30,4,97.659,31.278,42.225,24.156,SOFT,16,0,320.0,0,0,1
2018,2,fp2,perez,31,4,101.382,34.431,42.864,24.087,SOFT,17,0,270.0,0,0,1
2018,2,fp2,perez,32,4,98.727,31.734,42.88,24.113,SOFT,18,0,283.0,0,0,1
2018,2,fp2,perez,33,4,96.627,30.671,42.02,23.936,SOFT,19,0,298.0,0,0,1
2018,2,fp2,perez,34,4,131.738,34.777,59.312,37.649,SOFT,20,0,227.0,0,0,0
2018,2,fp2,alonso,1,1,,,47.489,27.586,SOFT,1,1,174.0,0,0,0
2018,2,fp2,alonso,2,1,92.583,29.629,39.773,23.181,SOFT,2,1,304.0,1,0,1
2018,2,fp2,alonso,3,1,113.313,36.065,50.189,27.059,SOFT,3,1,267.0,0,0,1
2018,2,fp2,alonso,4,1,92.39,29.413,39.978,22.999,SOFT,4,1,307.0,1,0,1
2018,2,fp2,alonso,5,1,113.749,34.528,49.262,29.959,SOFT,5,1,281.0,0,0,0
2018,2,fp2,alonso,6,2,,,52.149,30.457,SUPERSOFT,1,1,197.0,0,0,0
2018,2,fp2,alonso,7,2,91.282,29.133,39.391,22.758,SUPERSOFT,2,1,307.0,1,0,1
2018,2,fp2,alonso,8,2,121.29,37.368,54.854,29.068,SUPERSOFT,3,1,260.0,0,0,1
2018,2,fp2,alonso,9,2,91.813,29.252,39.655,22.906,SUPERSOFT,4,1,308.0,0,0,1
2018,2,fp2,alonso,10,2,119.217,36.068,50.485,32.664,SUPERSOFT,5,1,277.0,0,0,0
2018,2,fp2,alonso,11,3,,,55.685,35.451,SOFT,6,0,210.0,0,0,0
2018,2,fp2,alonso,12,4,135.313,69.488,41.784,24.041,SOFT,7,0,209.0,0,0,0
2018,2,fp2,alonso,13,4,95.776,30.657,41.343,23.776,SOFT,8,0,284.0,0,0,1
2018,2,fp2,alonso,14,4,95.981,30.716,41.493,23.772,SOFT,9,0,281.0,0,0,1
2018,2,fp2,alonso,15,4,95.933,30.644,41.574,23.715,SOFT,10,0,285.0,0,0,1
2018,2,fp2,alonso,16,4,95.796,30.661,41.373,23.762,SOFT,11,0,285.0,0,0,1
2018,2,fp2,alonso,17,4,96.257,30.859,41.569,23.829,SOFT,12,0,282.0,0,0,1
2018,2,fp2,alonso,18,4,96.343,30.676,41.754,23.913,SOFT,13,0,292.0,0,0,1
2018,2,fp2,alonso,19,4,98.983,30.762,44.134,24.087,SOFT,14,0,284.0,0,0,1
2018,2,fp2,alonso,20,4,96.456,30.787,41.728,23.941,SOFT,15,0,282.0,0,0,1
2018,2,fp2,alonso,21,4,96.818,30.863,42.022,23.933,SOFT,16,0,282.0,0,0,1
2018,2,fp2,alonso,22,4,96.991,30.931,42.225,23.835,SOFT,17,0,280.0,0,0,1
2018,2,fp2,alonso,23,4,99.705,30.811,42.043,26.851,SOFT,18,0,285.0,0,0,0
2018,2,fp2,alonso,24,5,119.512,52.668,42.745,24.099,SUPERSOFT,6,0,215.0,0,0,0
2018,2,fp2,alonso,25,5,99.153,30.129,44.494,24.53,SUPERSOFT,7,0,320.0,0,0,1
2018,2,fp2,alonso,26,5,95.525,30.534,41.31,23.681,SUPERSOFT,8,0,280.0,0,0,1
2018,2,fp2,alonso,27,5,95.847,30.776,41.39,23.681,SUPERSOFT,9,0,280.0,0,0,1
2018,2,fp2,alonso,28,5,95.857,30.694,41.345,23.818,SUPERSOFT,10,0,287.0,0,0,1
2018,2,fp2,alonso,29,5,101.515,30.799,41.625,29.091,SUPERSOFT,11,0,289.0,0,0,0
2018,2,fp2,leclerc,1,1,,,43.861,24.197,SOFT,1,1,208.0,0,0,0
2018,2,fp2,leclerc,2,1,93.327,29.656,40.466,23.205,SOFT,2,1,311.0,1,0,0
2018,2,fp2,leclerc,3,1,104.108,33.913,46.057,24.138,SOFT,3,1,271.0,0,0,0
2018,2,fp2,leclerc,4,1,93.067,29.556,40.407,23.104,SOFT,4,1,314.0,1,0,0
2018,2,fp2,leclerc,5,1,108.856,32.804,49.099,26.953,SOFT,5,1,298.0,0,0,1
2018,2,fp2,leclerc,6,1,92.823,29.415,40.251,23.157,SOFT,6,1,323.0,1,0,1
2018,2,fp2,leclerc,7,1,105.58,32.535,47.457,25.588,SOFT,7,1,311.0,0,0,1
2018,2,fp2,leclerc,8,1,92.81,29.443,40.311,23.056,SOFT,8,1,315.0,1,0,1
2018,2,fp2,leclerc,9,1,110.611,33.539,47.054,30.018,SOFT,9,1,299.0,0,0,0
2018,2,fp2,leclerc,10,2,,,41.992,23.502,SUPERSOFT,1,1,195.0,0,0,0
2018,2,fp2,leclerc,11,2,92.372,29.259,40.107,23.006,SUPERSOFT,2,1,313.0,1,0,1
2018,2,fp2,leclerc,12,2,107.969,34.042,48.061,25.866,SUPERSOFT,3,1,261.0,0,0,1
2018,2,fp2,leclerc,13,2,98.403,29.517,42.547,26.339,SUPERSOFT,4,1,312.0,0,0,1
2018,2,fp2,leclerc,14,2,105.78,34.996,45.897,24.887,SUPERSOFT,5,1,286.0,0,0,1
2018,2,fp2,leclerc,15,2,92.915,29.55,40.214,23.151,SUPERSOFT,6,1,314.0,0,0,1
2018,2,fp2,leclerc,16,2,109.581,34.823,47.108,27.65,SUPERSOFT,7,1,294.0,0,0,0
2018,2,fp2,leclerc,17,3,,,43.117,23.739,SOFT,10,0,179.0,0,0,0
2018,2,fp2,leclerc,18,3,96.022,30.423,41.818,23.781,SOFT,11,0,309.0,0,0,1
2018,2,fp2,leclerc,19,3,97.034,30.537,42.134,24.363,SOFT,12,0,309.0,0,0,1
2018,2,fp2,leclerc,20,3,100.525,30.935,45.688,23.902,SOFT,13,0,314.0,0,0,1
2018,2,fp2,leclerc,21,3,96.701,30.749,41.977,23.975,SOFT,14,0,295.0,0,0,1
2018,2,fp2,leclerc,22,3,96.989,30.808,42.263,23.918,SOFT,15,0,295.0,0,0,1
2018,2,fp2,leclerc,23,3,97.113,30.868,42.313,23.932,SOFT,16,0,294.0,0,0,1
2018,2,fp2,leclerc,24,3,97.224,30.82,42.39,24.014,SOFT,17,0,296.0,0,0,1
2018,2,fp2,leclerc,25,3,97.169,30.754,42.268,24.147,SOFT,18,0,302.0,0,0,1
2018,2,fp2,leclerc,26,3,97.145,30.929,42.155,24.061,SOFT,19,0,298.0,0,0,1
2018,2,fp2,leclerc,27,3,99.227,30.963,44.151,24.113,SOFT,20,0,298.0,0,0,1
2018,2,fp2,leclerc,28,3,97.144,30.986,42.12,24.038,SOFT,21,0,293.0,0,0,1
2018,2,fp2,leclerc,29,3,97.716,30.995,42.535,24.186,SOFT,22,0,294.0,0,0,1
2018,2,fp2,leclerc,30,3,97.725,31.014,42.49,24.221,SOFT,23,0,294.0,0,0,1
2018,2,fp2,leclerc,31,3,97.92,31.248,42.594,24.078,SOFT,24,0,293.0,0,0,1
2018,2,fp2,leclerc,32,3,97.626,31.006,42.513,24.107,SOFT,25,0,293.0,0,0,1
2018,2,fp2,leclerc,33,3,97.902,31.309,42.431,24.162,SOFT,26,0,292.0,0,0,1
2018,2,fp2,leclerc,34,3,98.8,31.874,42.824,24.102,SOFT,27,0,294.0,0,0,1
2018,2,fp2,leclerc,35,3,98.269,31.371,42.725,24.173,SOFT,28,0,298.0,0,0,1
2018,2,fp2,leclerc,36,3,98.349,31.235,42.867,24.247,SOFT,29,0,295.0,0,0,1
2018,2,fp2,leclerc,37,3,125.655,34.549,55.825,35.281,SOFT,30,0,250.0,0,0,0
2018,2,fp2,stroll,1,,,,51.379,30.885,,,1,193.0,0,0,0
2018,2,fp2,stroll,2,1,94.072,30.288,40.501,23.283,SOFT,3,0,306.0,1,0,0
2018,2,fp2,stroll,3,1,111.057,34.723,49.217,27.117,SOFT,4,0,256.0,0,0,0
2018,2,fp2,stroll,4,1,93.864,29.943,40.503,23.418,SOFT,5,0,308.0,1,0,0
2018,2,fp2,stroll,5,1,122.16,36.061,50.994,35.105,SOFT,6,0,239.0,0,0,0
2018,2,fp2,stroll,6,2,146.082,63.674,47.02,35.388,SOFT,8,0,200.0,0,0,0
2018,2,fp2,stroll,7,2,93.481,29.691,40.458,23.332,SOFT,9,0,312.0,1,0,1
2018,2,fp2,stroll,8,2,121.346,35.13,50.533,35.683,SOFT,10,0,225.0,0,0,1
2018,2,fp2,stroll,9,2,93.249,29.751,40.29,23.208,SOFT,11,0,310.0,1,0,1
2018,2,fp2,stroll,10,2,127.292,35.601,54.796,36.895,SOFT,12,0,245.0,0,0,0
2018,2,fp2,stroll,11,3,,,44.241,27.863,SUPERSOFT,1,1,203.0,0,0,0
2018,2,fp2,stroll,12,3,92.382,29.314,39.868,23.2,SUPERSOFT,2,1,315.0,1,0,1
2018,2,fp2,stroll,13,3,113.767,34.582,48.404,30.781,SUPERSOFT,3,1,238.0,0,0,1
2018,2,fp2,stroll,14,3,94.805,29.502,40.08,25.223,SUPERSOFT,4,1,311.0,0,0,1
2018,2,fp2,stroll,15,3,104.968,33.892,44.068,27.008,SUPERSOFT,5,1,257.0,0,0,0
2018,2,fp2,stroll,16,4,,,57.019,30.92,SUPERSOFT,6,0,203.0,0,0,0
2018,2,fp2,stroll,17,5,128.265,60.099,44.245,23.921,SUPERSOFT,7,0,206.0,0,0,0
2018,2,fp2,stroll,18,5,97.164,31.056,42.159,23.949,SUPERSOFT,8,0,296.0,0,0,1
2018,2,fp2,stroll,19,5,97.127,31.083,42.055,23.989,SUPERSOFT,9,0,287.0,0,0,1
2018,2,fp2,stroll,20,5,97.606,31.192,42.338,24.076,SUPERSOFT,10,0,286.0,0,0,1
2018,2,fp2,stroll,21,5,97.468,31.097,42.34,24.031,SUPERSOFT,11,0,295.0,0,0,1
2018,2,fp2,stroll,22,5,97.429,31.041,42.345,24.043,SUPERSOFT,12,0,294.0,0,0,1
2018,2,fp2,stroll,23,5,97.492,31.038,42.312,24.142,SUPERSOFT,13,0,297.0,0,0,1
2018,2,fp2,stroll,24,5,97.663,31.086,42.397,24.18,SUPERSOFT,14,0,295.0,0,0,1
2018,2,fp2,stroll,25,5,98.243,31.433,42.539,24.271,SUPERSOFT,15,0,294.0,0,0,1
2018,2,fp2,stroll,26,5,100.52,31.196,44.506,24.818,SUPERSOFT,16,0,293.0,0,0,1
2018,2,fp2,stroll,27,5,104.171,31.302,44.33,28.539,SUPERSOFT,17,0,305.0,0,0,0
2018,2,fp2,stroll,28,6,124.775,52.255,44.802,27.718,SOFT,13,0,221.0,0,0,0
2018,2,fp2,stroll,29,6,97.035,30.946,42.252,23.837,SOFT,14,0,279.0,0,0,1
2018,2,fp2,stroll,30,6,99.69,30.86,42.394,26.436,SOFT,15,0,296.0,0,0,0
2018,2,fp2,kevin_magnussen,1,,,,42.664,23.742,,,1,203.0,0,0,0
2018,2,fp2,kevin_magnussen,2,,93.366,29.911,40.288,23.167,,,1,306.0,1,0,0
2018,2,fp2,kevin_magnussen,3,1,110.566,33.339,49.908,27.319,SOFT,1,1,269.0,0,0,0
2018,2,fp2,kevin_magnussen,4,1,103.261,31.531,46.585,25.145,SOFT,2,1,319.0,0,0,0
2018,2,fp2,kevin_magnussen,5,1,97.756,31.494,41.512,24.75,SOFT,3,1,311.0,0,0,0
2018,2,fp2,kevin_magnussen,6,1,95.17,29.624,41.838,23.708,SOFT,4,1,311.0,0,0,0
2018,2,fp2,kevin_magnussen,7,1,92.87,29.433,40.366,23.071,SOFT,5,1,315.0,1,0,1
2018,2,fp2,kevin_magnussen,8,1,97.064,31.116,42.119,23.829,SOFT,6,1,312.0,0,0,1
2018,2,fp2,kevin_magnussen,9,1,93.228,29.629,40.507,23.092,SOFT,7,1,313.0,0,0,1
2018,2,fp2,kevin_magnussen,10,1,113.191,32.646,50.955,29.59,SOFT,8,1,301.0,0,0,0
2018,2,fp2,kevin_magnussen,11,2,,,45.001,24.606,SUPERSOFT,1,1,196.0,0,0,0
2018,2,fp2,kevin_magnussen,12,2,91.969,29.083,39.875,23.011,SUPERSOFT,2,1,319.0,1,0,1
2018,2,fp2,kevin_magnussen,13,2,105.795,34.256,46.903,24.636,SUPERSOFT,3,1,248.0,0,0,1
2018,2,fp2,kevin_magnussen,14,2,92.354,29.382,40.013,22.959,SUPERSOFT,4,1,314.0,0,0,1
2018,2,fp2,kevin_magnussen,15,2,106.129,34.797,45.819,25.513,SUPERSOFT,5,1,213.0,0,0,1
2018,2,fp2,kevin_magnussen,16,2,105.333,30.006,46.21,29.117,SUPERSOFT,6,1,315.0,0,0,0
2018,2,fp2,kevin_magnussen,17,3,,,41.981,23.748,SUPERSOFT,7,0,206.0,0,0,0
2018,2,fp2,kevin_magnussen,18,3,96.387,30.62,42.1,23.667,SUPERSOFT,8,0,294.0,0,0,1
2018,2,fp2,kevin_magnussen,19,3,96.548,30.675,41.958,23.915,SUPERSOFT,9,0,296.0,0,0,1
2018,2,fp2,kevin_magnussen,20,3,96.568,30.647,42.008,23.913,SUPERSOFT,10,0,296.0,0,0,1
2018,2,fp2,kevin_magnussen,21,3,96.85,30.747,42.222,23.881,SUPERSOFT,11,0,295.0,0,0,1
2018,2,fp2,kevin_magnussen,22,3,97.043,30.809,42.149,24.085,SUPERSOFT,12,0,306.0,0,0,1
2018,2,fp2,kevin_magnussen,23,3,100.036,30.803,42.478,26.755,SUPERSOFT,13,0,321.0,0,0,0
2018,2,fp2,kevin_magnussen,24,4,117.57,51.414,42.451,23.705,SOFT,11,0,220.0,0,0,0
2018,2,fp2,kevin_magnussen,25,4,96.154,30.771,41.644,23.739,SOFT,12,0,294.0,0,0,1
2018,2,fp2,kevin_magnussen,26,4,98.266,32.402,42.119,23.745,SOFT,13,0,279.0,0,0,1
2018,2,fp2,kevin_magnussen,27,4,96.842,30.757,42.234,23.851,SOFT,14,0,294.0,0,0,1
2018,2,fp2,kevin_magnussen,28,4,96.864,30.777,41.989,24.098,SOFT,15,0,297.0,0,0,1
2018,2,fp2,kevin_magnussen,29,4,96.998,30.758,42.158,24.082,SOFT,16,0,294.0,0,0,1
2018,2,fp2,kevin_magnussen,30,4,96.928,30.624,42.492,23.812,SOFT,17,0,289.0,0,0,1
2018,2,fp2,kevin_magnussen,31,4,96.3,30.755,41.806,23.739,SOFT,18,0,291.0,0,0,1
2018,2,fp2,kevin_magnussen,32,4,97.456,30.639,42.306,24.511,SOFT,19,0,293.0,0,0,1
2018,2,fp2,kevin_magnussen,33,4,102.042,31.511,45.18,25.351,SOFT,20,0,322.0,0,0,1
2018,2,fp2,kevin_magnussen,34,4,96.682,30.7,42.009,23.973,SOFT,21,0,287.0,0,0,1
2018,2,fp2,kevin_magnussen,35,4,134.652,36.325,63.754,34.573,SOFT,22,0,200.0,0,0,0
2018,2,fp2,hulkenberg,1,1,,,50.207,28.624,MEDIUM,1,1,185.0,0,0,0
2018,2,fp2,hulkenberg,2,1,93.25,29.705,40.247,23.298,MEDIUM,2,1,309.0,1,0,0
2018,2,fp2,hulkenberg,3,1,93.963,29.843,40.708,23.412,MEDIUM,3,1,307.0,0,0,0
2018,2,fp2,hulkenberg,4,1,114.439,36.317,51.859,26.263,MEDIUM,4,1,234.0,0,0,1
2018,2,fp2,hulkenberg,5,1,93.253,29.758,40.332,23.163,MEDIUM,5,1,317.0,0,0,1
2018,2,fp2,hulkenberg,6,1,104.57,32.225,45.086,27.259,MEDIUM,6,1,286.0,0,0,0
2018,2,fp2,hulkenberg,7,2,,,54.209,27.381,SUPERSOFT,1,1,175.0,0,0,0
2018,2,fp2,hulkenberg,8,2,91.22,28.974,39.368,22.878,SUPERSOFT,2,1,312.0,1,0,1
2018,2,fp2,hulkenberg,9,2,123.006,40.15,51.524,31.332,SUPERSOFT,3,1,229.0,0,0,0
2018,2,fp2,hulkenberg,10,2,,,42.716,27.95,SUPERSOFT,4,1,179.0,0,0,0
2018,2,fp2,hulkenberg,11,2,138.758,73.549,41.588,23.621,SUPERSOFT,5,1,214.0,0,0,0
2018,2,fp2,hulkenberg,12,2,95.909,30.659,41.492,23.758,SUPERSOFT,6,1,289.0,0,0,1
2018,2,fp2,hulkenberg,13,2,96.25,30.613,41.746,23.891,SUPERSOFT,7,1,287.0,0,0,1
2018,2,fp2,hulkenberg,14,2,96.331,30.734,41.762,23.835,SUPERSOFT,8,1,285.0,0,0,1
2018,2,fp2,hulkenberg,15,2,96.795,30.946,41.967,23.882,SUPERSOFT,9,1,285.0,0,0,1
2018,2,fp2,hulkenberg,16,2,97.139,30.874,42.162,24.103,SUPERSOFT,10,1,284.0,0,0,1
2018,2,fp2,hulkenberg,17,2,97.406,31.131,42.202,24.073,SUPERSOFT,11,1,282.0,0,0,1
2018,2,fp2,hulkenberg,18,3,97.48,31.163,42.255,24.062,SUPERSOFT,5,0,281.0,0,0,1
2018,2,fp2,hulkenberg,19,3,100.099,31.077,42.313,26.709,SUPERSOFT,6,0,283.0,0,0,0
2018,2,fp2,hulkenberg,20,4,118.153,52.361,41.908,23.884,MEDIUM,7,0,219.0,0,0,0
2018,2,fp2,hulkenberg,21,4,96.551,30.754,41.972,23.825,MEDIUM,8,0,284.0,0,0,1
2018,2,fp2,hulkenberg,22,4,96.904,30.649,42.148,24.107,MEDIUM,9,0,286.0,0,0,1
2018,2,fp2,hulkenberg,23,4,96.912,30.928,41.988,23.996,MEDIUM,10,0,285.0,0,0,1
2018,2,fp2,hulkenberg,24,4,96.833,30.756,42.042,24.035,MEDIUM,11,0,285.0,0,0,1
2018,2,fp2,hulkenberg,25,4,97.221,30.716,42.426,24.079,MEDIUM,12,0,288.0,0,0,1
2018,2,fp2,hulkenberg,26,4,97.649,31.288,42.25,24.111,MEDIUM,13,0,289.0,0,0,1
2018,2,fp2,hulkenberg,27,4,97.2,30.876,42.268,24.056,MEDIUM,14,0,292.0,0,0,1
2018,2,fp2,hulkenberg,28,4,97.702,30.946,42.059,24.697,MEDIUM,15,0,291.0,0,0,1
2018,2,fp2,hulkenberg,29,4,97.565,30.868,42.542,24.155,MEDIUM,16,0,288.0,0,0,1
2018,2,fp2,hulkenberg,30,4,97.879,30.94,42.853,24.086,MEDIUM,17,0,286.0,0,0,1
2018,2,fp2,hulkenberg,31,4,98.235,31.431,42.528,24.276,MEDIUM,18,0,288.0,0,0,1
2018,2,fp2,hulkenberg,32,4,99.862,30.925,43.963,24.974,MEDIUM,19,0,293.0,0,0,1
2018,2,fp2,hulkenberg,33,4,97.666,31.0,42.495,24.171,MEDIUM,20,0,288.0,0,0,1
2018,2,fp2,hulkenberg,34,4,100.827,30.994,42.416,27.417,MEDIUM,21,0,287.0,0,0,0
2018,2,fp2,brendon_hartley,1,,,,50.137,27.368,,,1,188.0,0,0,0
2018,2,fp2,brendon_hartley,2,1,93.665,29.997,40.501,23.167,MEDIUM,1,1,314.0,1,0,0
2018,2,fp2,brendon_hartley,3,1,113.808,34.867,52.24,26.701,MEDIUM,2,1,293.0,0,0,0
2018,2,fp2,brendon_hartley,4,1,93.861,29.894,40.848,23.119,MEDIUM,3,1,314.0,0,0,0
2018,2,fp2,brendon_hartley,5,1,118.317,34.921,51.67,31.726,MEDIUM,4,1,291.0,0,0,1
2018,2,fp2,brendon_hartley,6,1,93.319,29.603,40.493,23.223,MEDIUM,5,1,313.0,1,0,1
2018,2,fp2,brendon_hartley,7,1,111.658,36.115,46.814,28.729,MEDIUM,6,1,290.0,0,0,0
2018,2,fp2,brendon_hartley,8,2,,,53.134,28.441,SUPERSOFT,1,1,167.0,0,0,0
2018,2,fp2,brendon_hartley,9,2,105.871,29.362,49.143,27.366,SUPERSOFT,2,1,318.0,0,0,1
2018,2,fp2,brendon_hartley,10,2,93.275,29.169,41.066,23.04,SUPERSOFT,3,1,316.0,1,0,1
2018,2,fp2,brendon_hartley,11,2,112.324,38.583,47.946,25.795,SUPERSOFT,4,1,287.0,0,0,1
2018,2,fp2,brendon_hartley,12,2,92.908,29.315,40.534,23.059,SUPERSOFT,5,1,315.0,1,0,1
2018,2,fp2,brendon_hartley,13,2,109.322,33.853,46.023,29.446,SUPERSOFT,6,1,277.0,0,0,0
2018,2,fp2,brendon_hartley,14,2,,,44.592,28.395,SUPERSOFT,7,1,205.0,0,0,0
2018,2,fp2,brendon_hartley,15,2,128.116,61.131,42.797,24.188,SUPERSOFT,8,1,205.0,0,0,0
2018,2,fp2,brendon_hartley,16,2,96.716,30.688,42.183,23.845,SUPERSOFT,9,1,282.0,0,0,1
2018,2,fp2,brendon_hartley,17,2,97.036,30.958,42.21,23.868,SUPERSOFT,10,1,281.0,0,0,1
2018,2,fp2,brendon_hartley,18,3,96.947,30.83,42.101,24.016,SUPERSOFT,8,0,281.0,0,0,1
2018,2,fp2,brendon_hartley,19,3,97.276,30.754,42.49,24.032,SUPERSOFT,9,0,282.0,0,0,1
2018,2,fp2,brendon_hartley,20,3,97.378,30.869,42.391,24.118,SUPERSOFT,10,0,282.0,0,0,1
2018,2,fp2,brendon_hartley,21,3,98.329,30.737,43.555,24.037,SUPERSOFT,11,0,290.0,0,0,1
2018,2,fp2,brendon_hartley,22,3,100.766,31.254,42.726,26.786,SUPERSOFT,12,0,285.0,0,0,0
2018,2,fp2,brendon_hartley,23,4,119.014,52.628,42.482,23.904,MEDIUM,8,0,216.0,0,0,0
2018,2,fp2,brendon_hartley,24,4,96.339,30.871,41.806,23.662,MEDIUM,9,0,283.0,0,0,1
2018,2,fp2,brendon_hartley,25,4,96.358,30.71,41.971,23.677,MEDIUM,10,0,284.0,0,0,1
2018,2,fp2,brendon_hartley,26,4,96.823,30.642,42.026,24.155,MEDIUM,11,0,287.0,0,0,1
2018,2,fp2,brendon_hartley,27,4,96.723,30.761,42.161,23.801,MEDIUM,12,0,292.0,0,0,1
2018,2,fp2,brendon_hartley,28,4,96.933,30.706,42.094,24.133,MEDIUM,13,0,288.0,0,0,1
2018,2,fp2,brendon_hartley,29,4,97.29,30.927,42.549,23.814,MEDIUM,14,0,289.0,0,0,1
2018,2,fp2,brendon_hartley,30,4,99.355,30.932,44.005,24.418,MEDIUM,15,0,288.0,0,0,1
2018,2,fp2,brendon_hartley,31,4,103.536,31.206,42.442,29.888,MEDIUM,16,0,276.0,0,0,1
2018,2,fp2,brendon_hartley,32,4,96.804,30.966,42.033,23.805,MEDIUM,17,0,281.0,0,0,1
2018,2,fp2,brendon_hartley,33,4,97.167,30.85,42.525,23.792,MEDIUM,18,0,285.0,0,0,1
2018,2,fp2,brendon_hartley,34,4,96.769,30.686,42.252,23.831,MEDIUM,19,0,285.0,0,0,1
2018,2,fp2,brendon_hartley,35,4,96.735,30.7,42.252,23.783,MEDIUM,20,0,283.0,0,0,1
2018,2,fp2,brendon_hartley,36,4,96.58,30.797,42.086,23.697,MEDIUM,21,0,284.0,0,0,1
2018,2,fp2,brendon_hartley,37,4,100.133,30.925,42.425,26.783,MEDIUM,22,0,284.0,0,0,0
2018,2,fp2,brendon_hartley,38,5,148.87,68.551,51.477,28.842,SUPERSOFT,16,0,195.0,0,0,0
2018,2,fp2,ocon,1,1,,,42.921,28.603,SOFT,1,1,208.0,0,0,0
2018,2,fp2,ocon,2,1,92.512,29.428,39.891,23.193,SOFT,2,1,313.0,1,0,0
2018,2,fp2,ocon,3,1,118.514,35.788,54.563,28.163,SOFT,3,1,265.0,0,0,1
2018,2,fp2,ocon,4,1,92.76,29.425,40.196,23.139,SOFT,4,1,313.0,0,0,1
2018,2,fp2,ocon,5,1,122.006,35.658,55.511,30.837,SOFT,5,1,298.0,0,0,1
2018,2,fp2,ocon,6,1,92.801,29.394,40.222,23.185,SOFT,6,1,312.0,0,0,1
2018,2,fp2,ocon,7,1,109.766,32.848,46.766,30.152,SOFT,7,1,278.0,0,0,0
2018,2,fp2,ocon,8,1,,,44.868,30.936,SOFT,8,1,215.0,0,0,0
2018,2,fp2,ocon,9,1,91.809,29.095,39.688,23.026,SOFT,9,1,316.0,1,0,1
2018,2,fp2,ocon,10,1,122.533,38.055,53.425,31.053,SOFT,10,1,228.0,0,0,1
2018,2,fp2,ocon,11,1,92.117,29.285,39.757,23.075,SOFT,11,1,314.0,0,0,1
2018,2,fp2,ocon,12,1,110.038,33.688,45.446,30.904,SOFT,12,1,236.0,0,0,0
2018,2,fp2,ocon,13,2,,,43.885,24.593,SUPERSOFT,6,0,205.0,0,0,0
2018,2,fp2,ocon,14,2,96.092,30.339,41.804,23.949,SUPERSOFT,7,0,310.0,0,0,1
2018,2,fp2,ocon,15,2,96.643,30.706,41.735,24.202,SUPERSOFT,8,0,298.0,0,0,1
2018,2,fp2,ocon,16,2,96.927,30.83,41.969,24.128,SUPERSOFT,9,0,294.0,0,0,1
2018,2,fp2,ocon,17,2,97.214,30.947,42.04,24.227,SUPERSOFT,10,0,285.0,0,0,1
2018,2,fp2,ocon,18,2,97.2,30.828,42.192,24.18,SUPERSOFT,11,0,299.0,0,0,1
2018,2,fp2,ocon,19,2,97.044,30.642,42.204,24.198,SUPERSOFT,12,0,311.0,0,0,1
2018,2,fp2,ocon,20,2,100.488,30.994,42.533,26.961,SUPERSOFT,13,0,294.0,0,0,0
2018,2,fp2,ocon,21,3,124.855,54.959,45.199,24.697,SOFT,8,0,218.0,0,0,0
2018,2,fp2,ocon,22,3,98.209,31.065,42.067,25.077,SOFT,9,0,267.0,0,0,1
2018,2,fp2,ocon,23,3,96.468,30.697,41.818,23.953,SOFT,10,0,287.0,0,0,1
2018,2,fp2,ocon,24,3,96.567,30.593,42.002,23.972,SOFT,11,0,302.0,0,0,1
2018,2,fp2,ocon,25,3,96.564,30.648,41.831,24.085,SOFT,12,0,297.0,0,0,1
2018,2,fp2,ocon,26,3,96.59,30.539,42.028,24.023,SOFT,13,0,299.0,0,0,1
2018,2,fp2,ocon,27,3,96.845,30.736,42.14,23.969,SOFT,14,0,298.0,0,0,1
2018,2,fp2,ocon,28,3,96.682,30.785,41.899,23.998,SOFT,15,0,291.0,0,0,1
2018,2,fp2,ocon,29,3,100.764,30.852,42.281,27.631,SOFT,16,0,298.0,0,0,1
2018,2,fp2,ocon,30,3,97.172,31.034,42.069,24.069,SOFT,17,0,285.0,0,0,1
2018,2,fp2,ocon,31,3,138.131,35.665,65.014,37.452,SOFT,18,0,294.0,0,0,0
2018,2,fp2,max_verstappen,1,1,,,55.535,25.767,SOFT,1,1,177.0,0,0,0
2018,2,fp2,max_verstappen,2,1,92.134,29.629,39.553,22.952,SOFT,2,1,308.0,1,0,1
2018,2,fp2,max_verstappen,3,1,140.237,46.129,62.45,31.658,SOFT,3,1,207.0,0,0,1
2018,2,fp2,max_verstappen,4,1,91.39,29.392,39.249,22.749,SOFT,4,1,311.0,1,0,1
2018,2,fp2,max_verstappen,5,1,,48.893,67.577,33.534,SOFT,5,1,205.0,0,0,0
2018,2,fp2,max_verstappen,6,1,91.627,29.407,39.443,22.777,SOFT,6,1,312.0,0,0,1
2018,2,fp2,max_verstappen,7,1,138.787,48.013,62.079,28.695,SOFT,7,1,207.0,0,0,1
2018,2,fp2,max_verstappen,8,1,91.797,29.504,39.499,22.794,SOFT,8,1,307.0,0,0,1
2018,2,fp2,max_verstappen,9,1,107.112,34.616,43.706,28.79,SOFT,9,1,203.0,0,0,0
2018,2,fp2,max_verstappen,10,1,,,65.136,27.95,SOFT,10,1,178.0,0,0,0
2018,2,fp2,max_verstappen,11,1,90.745,29.122,38.988,22.635,SOFT,11,1,305.0,1,0,1
2018,2,fp2,max_verstappen,12,1,104.154,33.409,43.146,27.599,SOFT,12,1,215.0,0,0,0
2018,2,fp2,max_verstappen,13,2,,,47.733,26.499,SUPERSOFT,4,0,188.0,0,0,0
2018,2,fp2,max_verstappen,14,2,96.048,30.384,42.129,23.535,SUPERSOFT,5,0,289.0,0,0,1
2018,2,fp2,max_verstappen,15,2,95.508,30.676,41.411,23.421,SUPERSOFT,6,0,284.0,0,0,1
2018,2,fp2,max_verstappen,16,2,95.558,30.499,41.437,23.622,SUPERSOFT,7,0,286.0,0,0,1
2018,2,fp2,max_verstappen,17,2,95.546,30.549,41.449,23.548,SUPERSOFT,8,0,285.0,0,0,1
2018,2,fp2,max_verstappen,18,2,95.579,30.521,41.504,23.554,SUPERSOFT,9,0,288.0,0,0,1
2018,2,fp2,max_verstappen,19,2,95.727,30.537,41.579,23.611,SUPERSOFT,10,0,289.0,0,0,1
2018,2,fp2,max_verstappen,20,2,95.577,30.427,41.484,23.666,SUPERSOFT,11,0,294.0,0,0,1
2018,2,fp2,max_verstappen,21,2,95.854,30.548,41.604,23.702,SUPERSOFT,12,0,293.0,0,0,1
2018,2,fp2,max_verstappen,22,2,98.496,30.542,41.418,26.536,SUPERSOFT,13,0,295.0,0,0,0
2018,2,fp2,max_verstappen,23,3,140.376,74.804,41.962,23.61,SOFT,10,0,99.0,0,0,0
2018,2,fp2,max_verstappen,24,3,95.085,30.335,41.282,23.468,SOFT,11,0,287.0,0,0,1
2018,2,fp2,max_verstappen,25,3,95.03,30.364,41.279,23.387,SOFT,12,0,287.0,0,0,1
2018,2,fp2,max_verstappen,26,3,95.521,30.568,41.478,23.475,SOFT,13,0,289.0,0,0,1
2018,2,fp2,max_verstappen,27,3,95.265,30.398,41.343,23.524,SOFT,14,0,292.0,0,0,1
2018,2,fp2,max_verstappen,28,3,95.403,30.329,41.406,23.668,SOFT,15,0,296.0,0,0,1
2018,2,fp2,max_verstappen,29,3,95.26,30.382,41.433,23.445,SOFT,16,0,290.0,0,0,1
2018,2,fp2,max_verstappen,30,3,95.287,30.32,41.511,23.456,SOFT,17,0,292.0,0,0,1
2018,2,fp2,max_verstappen,31,3,95.367,30.356,41.524,23.487,SOFT,18,0,291.0,0,0,1
2018,2,fp2,max_verstappen,32,3,130.31,37.915,57.564,34.831,SOFT,19,0,247.0,0,0,0
2018,2,fp2,sirotkin,1,,,,53.447,26.24,,,1,192.0,0,0,0
2018,2,fp2,sirotkin,2,1,95.283,30.79,41.09,23.403,MEDIUM,3,0,309.0,1,0,0
2018,2,fp2,sirotkin,3,1,118.558,38.825,54.44,25.293,MEDIUM,4,0,210.0,0,0,0
2018,2,fp2,sirotkin,4,1,94.218,30.124,40.655,23.439,MEDIUM,5,0,311.0,1,0,1
2018,2,fp2,sirotkin,5,1,120.32,39.932,50.41,29.978,MEDIUM,6,0,236.0,0,0,0
2018,2,fp2,sirotkin,6,2,146.986,76.332,45.628,25.026,MEDIUM,8,0,196.0,0,0,0
2018,2,fp2,sirotkin,7,2,94.053,30.024,40.643,23.386,MEDIUM,9,0,306.0,1,0,1
2018,2,fp2,sirotkin,8,2,115.475,34.967,53.208,27.3,MEDIUM,10,0,227.0,0,0,1
2018,2,fp2,sirotkin,9,2,94.382,29.963,40.865,23.554,MEDIUM,11,0,306.0,0,0,1
2018,2,fp2,sirotkin,10,2,114.603,36.139,49.516,28.948,MEDIUM,12,0,212.0,0,0,0
2018,2,fp2,sirotkin,11,3,,,48.123,30.728,SUPERSOFT,1,1,187.0,0,0,0
2018,2,fp2,sirotkin,12,3,92.474,29.466,39.949,23.059,SUPERSOFT,2,1,313.0,1,0,1
2018,2,fp2,sirotkin,13,3,121.317,38.456,55.874,26.987,SUPERSOFT,3,1,219.0,0,0,1
2018,2,fp2,sirotkin,14,3,120.012,29.547,56.863,33.602,SUPERSOFT,4,1,311.0,0,0,0
2018,2,fp2,sirotkin,15,4,,,47.652,31.048,SUPERSOFT,5,0,198.0,0,0,0
2018,2,fp2,sirotkin,16,5,138.146,71.902,42.425,23.819,SUPERSOFT,6,0,200.0,0,0,0
2018,2,fp2,sirotkin,17,5,96.705,30.862,41.923,23.92,SUPERSOFT,7,0,290.0,0,0,1
2018,2,fp2,sirotkin,18,5,96.998,30.841,42.156,24.001,SUPERSOFT,8,0,290.0,0,0,1
2018,2,fp2,sirotkin,19,5,97.978,31.057,42.705,24.216,SUPERSOFT,9,0,296.0,0,0,1
2018,2,fp2,sirotkin,20,5,98.184,31.367,42.696,24.121,SUPERSOFT,10,0,289.0,0,0,1
2018,2,fp2,sirotkin,21,5,97.951,31.223,42.513,24.215,SUPERSOFT,11,0,298.0,0,0,1
2018,2,fp2,sirotkin,22,5,98.208,31.242,42.798,24.168,SUPERSOFT,12,0,286.0,0,0,1
2018,2,fp2,sirotkin,23,5,97.943,31.095,42.645,24.203,SUPERSOFT,13,0,296.0,0,0,1
2018,2,fp2,sirotkin,24,5,100.656,31.112,42.628,26.916,SUPERSOFT,14,0,290.0,0,0,0
2018,2,fp2,sirotkin,25,6,128.224,55.662,48.258,24.304,MEDIUM,13,0,211.0,0,0,0
2018,2,fp2,sirotkin,26,6,96.846,30.736,42.096,24.014,MEDIUM,14,0,288.0,0,0,1
2018,2,fp2,sirotkin,27,6,97.692,31.074,42.422,24.196,MEDIUM,15,0,289.0,0,0,1
2018,2,fp2,sirotkin,28,6,98.863,32.312,42.432,24.119,MEDIUM,16,0,292.0,0,0,1
2018,2,fp2,sirotkin,29,6,97.544,30.924,42.495,24.125,MEDIUM,17,0,290.0,0,0,1
2018,2,fp2,sirotkin,30,6,98.07,31.178,42.814,24.078,MEDIUM,18,0,293.0,0,0,1
2018,2,fp2,sirotkin,31,6,100.895,31.242,43.805,25.848,MEDIUM,19,0,296.0,0,0,1
2018,2,fp2,sirotkin,32,6,97.639,31.095,42.502,24.042,MEDIUM,20,0,299.0,0,0,1
2018,2,fp2,sirotkin,33,6,97.419,31.069,42.386,23.964,MEDIUM,21,0,297.0,0,0,1
2018,2,fp2,sirotkin,34,6,97.489,31.099,42.474,23.916,MEDIUM,22,0,297.0,0,0,1
2018,2,fp2,sirotkin,35,6,97.882,31.328,42.544,24.01,MEDIUM,23,0,298.0,0,0,1
2018,2,fp2,sirotkin,36,6,99.139,31.161,42.803,25.175,MEDIUM,24,0,284.0,0,0,1
2018,2,fp2,sirotkin,37,6,129.263,34.956,57.705,36.602,MEDIUM,25,0,246.0,0,0,0
2018,2,fp2,hamilton,1,1,,,50.819,26.057,MEDIUM,2,0,197.0,0,0,0
2018,2,fp2,hamilton,2,1,91.259,28.952,39.55,22.757,MEDIUM,3,0,316.0,1,0,1
2018,2,fp2,hamilton,3,1,122.813,40.948,54.002,27.863,MEDIUM,4,0,254.0,0,0,1
2018,2,fp2,hamilton,4,1,114.592,38.242,48.502,27.848,MEDIUM,5,0,313.0,0,0,0
2018,2,fp2,hamilton,5,2,,,56.755,33.534,SUPERSOFT,1,1,203.0,0,0,0
2018,2,fp2,hamilton,6,2,117.45,32.478,54.983,29.989,SUPERSOFT,2,1,314.0,0,0,1
2018,2,fp2,hamilton,7,2,90.472,28.746,38.915,22.811,SUPERSOFT,3,1,312.0,1,0,1
2018,2,fp2,hamilton,8,2,115.46,35.624,49.838,29.998,SUPERSOFT,4,1,255.0,0,0,0
2018,2,fp2,hamilton,9,2,,,47.125,29.7,SUPERSOFT,5,1,205.0,0,0,0
2018,2,fp2,hamilton,10,2,134.169,66.762,43.448,23.959,SUPERSOFT,6,1,204.0,0,0,0
2018,2,fp2,hamilton,11,2,96.092,30.56,41.705,23.827,SUPERSOFT,7,1,291.0,0,0,1
2018,2,fp2,hamilton,12,2,95.432,30.428,41.298,23.706,SUPERSOFT,8,1,278.0,0,0,1
2018,2,fp2,hamilton,13,3,95.639,30.529,41.422,23.688,SUPERSOFT,6,0,284.0,0,0,1
2018,2,fp2,hamilton,14,3,95.906,30.398,41.795,23.713,SUPERSOFT,7,0,293.0,0,0,1
2018,2,fp2,hamilton,15,3,95.565,30.324,41.559,23.682,SUPERSOFT,8,0,296.0,0,0,1
2018,2,fp2,hamilton,16,3,95.424,30.111,41.771,23.542,SUPERSOFT,9,0,303.0,0,0,1
2018,2,fp2,hamilton,17,3,96.134,30.594,41.891,23.649,SUPERSOFT,10,0,305.0,0,0,1
2018,2,fp2,hamilton,18,3,99.446,31.631,44.179,23.636,SUPERSOFT,11,0,289.0,0,0,1
2018,2,fp2,hamilton,19,3,95.687,30.24,41.858,23.589,SUPERSOFT,12,0,299.0,0,0,1
2018,2,fp2,hamilton,20,3,97.264,30.598,42.538,24.128,SUPERSOFT,13,0,303.0,0,0,1
2018,2,fp2,hamilton,21,3,104.212,31.023,42.814,30.375,SUPERSOFT,14,0,295.0,0,0,1
2018,2,fp2,hamilton,22,3,96.394,30.614,41.943,23.837,SUPERSOFT,15,0,300.0,0,0,1
2018,2,fp2,hamilton,23,3,96.687,30.615,42.17,23.902,SUPERSOFT,16,0,293.0,0,0,1
2018,2,fp2,hamilton,24,3,96.369,30.612,41.865,23.892,SUPERSOFT,17,0,291.0,0,0,1
2018,2,fp2,hamilton,25,3,99.839,30.884,42.522,26.433,SUPERSOFT,18,0,298.0,0,0,0
2018,2,fp2,hamilton,26,4,117.538,51.956,42.085,23.497,MEDIUM,6,0,220.0,0,0,0
2018,2,fp2,hamilton,27,4,95.654,30.676,41.467,23.511,MEDIUM,7,0,271.0,0,0,1
2018,2,fp2,hamilton,28,4,95.348,30.416,41.375,23.557,MEDIUM,8,0,285.0,0,0,1
2018,2,fp2,hamilton,29,4,95.405,30.281,41.382,23.742,MEDIUM,9,0,286.0,0,0,1
2018,2,fp2,hamilton,30,4,100.439,34.746,42.118,23.575,MEDIUM,10,0,295.0,0,0,1
2018,2,fp2,hamilton,31,4,94.9,30.348,41.138,23.414,MEDIUM,11,0,290.0,0,0,1
2018,2,fp2,hamilton,32,4,98.596,30.12,41.779,26.697,MEDIUM,12,0,300.0,0,0,0
2018,2,fp2,sainz,1,1,,,50.423,28.298,SOFT,1,1,182.0,0,0,0
2018,2,fp2,sainz,2,1,93.742,29.7,40.695,23.347,SOFT,2,1,312.0,1,0,1
2018,2,fp2,sainz,3,1,125.849,37.451,59.276,29.122,SOFT,3,1,292.0,0,0,1
2018,2,fp2,sainz,4,1,92.46,29.385,40.035,23.04,SOFT,4,1,310.0,1,0,1
2018,2,fp2,sainz,5,1,116.223,37.08,53.231,25.912,SOFT,5,1,278.0,0,0,1
2018,2,fp2,sainz,6,1,92.88,29.506,40.21,23.164,SOFT,6,1,308.0,0,0,1
2018,2,fp2,sainz,7,1,110.948,34.292,48.59,28.066,SOFT,7,1,277.0,0,0,0
2018,2,fp2,sainz,8,2,,,56.212,29.071,SUPERSOFT,1,1,195.0,0,0,0
2018,2,fp2,sainz,9,2,91.601,29.194,39.541,22.866,SUPERSOFT,2,1,314.0,1,0,1
2018,2,fp2,sainz,10,2,129.266,36.764,62.333,30.169,SUPERSOFT,3,1,266.0,0,0,1
2018,2,fp2,sainz,11,2,92.554,29.405,39.961,23.188,SUPERSOFT,4,1,309.0,0,0,1
2018,2,fp2,sainz,12,2,112.234,34.966,48.128,29.14,SUPERSOFT,5,1,253.0,0,0,0
2018,2,fp2,sainz,13,2,,,50.241,28.554,SUPERSOFT,6,1,200.0,0,0,0
2018,2,fp2,sainz,14,3,139.245,66.375,48.825,24.045,SUPERSOFT,7,0,215.0,0,0,0
2018,2,fp2,sainz,15,3,95.84,30.54,41.59,23.71,SUPERSOFT,8,0,285.0,0,0,1
2018,2,fp2,sainz,16,3,100.079,30.876,43.434,25.769,SUPERSOFT,9,0,284.0,0,0,1
2018,2,fp2,sainz,17,3,96.259,30.569,41.75,23.94,SUPERSOFT,10,0,288.0,0,0,1
2018,2,fp2,sainz,18,3,96.841,30.844,42.041,23.956,SUPERSOFT,11,0,288.0,0,0,1
2018,2,fp2,sainz,19,3,96.808,30.835,42.083,23.89,SUPERSOFT,12,0,284.0,0,0,1
2018,2,fp2,sainz,20,3,97.106,30.912,42.105,24.089,SUPERSOFT,13,0,285.0,0,0,1
2018,2,fp2,sainz,21,3,97.366,31.077,42.178,24.111,SUPERSOFT,14,0,285.0,0,0,1
2018,2,fp2,sainz,22,3,97.28,31.035,42.132,24.113,SUPERSOFT,15,0,284.0,0,0,1
2018,2,fp2,sainz,23,3,99.685,30.914,42.238,26.533,SUPERSOFT,16,0,286.0,0,0,0
2018,2,fp2,sainz,24,4,122.208,54.367,43.785,24.056,SOFT,8,0,224.0,0,0,0
2018,2,fp2,sainz,25,4,96.226,30.664,41.741,23.821,SOFT,9,0,289.0,0,0,1
2018,2,fp2,sainz,26,4,96.245,30.605,41.714,23.926,SOFT,10,0,290.0,0,0,1
2018,2,fp2,sainz,27,4,97.085,31.226,41.867,23.992,SOFT,11,0,284.0,0,0,1
2018,2,fp2,sainz,28,4,97.198,31.364,41.851,23.983,SOFT,12,0,280.0,0,0,1
2018,2,fp2,sainz,29,4,101.262,34.001,43.289,23.972,SOFT,13,0,303.0,0,0,1
2018,2,fp2,sainz,30,4,96.665,30.749,41.867,24.049,SOFT,14,0,284.0,0,0,1
2018,2,fp2,sainz,31,4,96.835,30.857,41.948,24.03,SOFT,15,0,283.0,0,0,1
2018,2,fp2,sainz,32,4,96.756,30.947,42.033,23.776,SOFT,16,0,283.0,0,0,1
2018,2,fp2,sainz,33,4,96.835,30.829,41.933,24.073,SOFT,17,0,293.0,0,0,1
2018,2,fp2,sainz,34,4,107.18,30.828,47.163,29.189,SOFT,18,0,284.0,0,0,0
2018,2,fp2,bottas,1,1,,,50.706,30.518,SOFT,1,1,199.0,0,0,0
2018,2,fp2,bottas,2,1,90.447,,,22.571,SOFT,2,1,315.0,1,0,0
2018,2,fp2,bottas,3,1,107.144,34.822,45.928,26.394,SOFT,3,1,264.0,0,0,0
2018,2,fp2,bottas,4,2,,,49.309,27.368,SUPERSOFT,1,1,191.0,0,0,0
2018,2,fp2,bottas,5,2,90.38,28.849,38.996,22.535,SUPERSOFT,2,1,314.0,1,0,1
2018,2,fp2,bottas,6,2,124.31,37.827,55.778,30.705,SUPERSOFT,3,1,230.0,0,0,0
2018,2,fp2,bottas,7,2,,,46.288,28.287,SUPERSOFT,4,1,207.0,0,0,0
2018,2,fp2,bottas,8,2,137.371,64.74,47.129,25.502,SUPERSOFT,5,1,208.0,0,0,0
2018,2,fp2,bottas,9,2,95.167,30.293,41.265,23.609,SUPERSOFT,6,1,296.0,0,0,1
2018,2,fp2,bottas,10,2,95.668,30.383,41.557,23.728,SUPERSOFT,7,1,293.0,0,0,1
2018,2,fp2,bottas,11,3,96.047,30.527,41.707,23.813,SUPERSOFT,5,0,292.0,0,0,1
2018,2,fp2,bottas,12,3,95.978,30.566,41.591,23.821,SUPERSOFT,6,0,291.0,0,0,1
2018,2,fp2,bottas,13,3,95.701,30.435,41.542,23.724,SUPERSOFT,7,0,294.0,0,0,1
2018,2,fp2,bottas,14,3,95.827,30.504,41.492,23.831,SUPERSOFT,8,0,303.0,0,0,1
2018,2,fp2,bottas,15,3,100.838,30.418,44.656,25.764,SUPERSOFT,9,0,303.0,0,0,1
2018,2,fp2,bottas,16,3,95.332,30.197,41.468,23.667,SUPERSOFT,10,0,304.0,0,0,1
2018,2,fp2,bottas,17,3,95.694,30.399,41.58,23.715,SUPERSOFT,11,0,306.0,0,0,1
2018,2,fp2,bottas,18,3,96.503,30.677,41.869,23.957,SUPERSOFT,12,0,291.0,0,0,1
2018,2,fp2,bottas,19,3,96.61,30.669,42.016,23.925,SUPERSOFT,13,0,291.0,0,0,1
2018,2,fp2,bottas,20,3,96.483,30.657,41.799,24.027,SUPERSOFT,14,0,292.0,0,0,1
2018,2,fp2,bottas,21,3,96.49,30.61,41.78,24.1,SUPERSOFT,15,0,295.0,0,0,1
2018,2,fp2,bottas,22,3,96.369,30.629,41.761,23.979,SUPERSOFT,16,0,294.0,0,0,1
2018,2,fp2,bottas,23,3,96.423,30.56,41.842,24.021,SUPERSOFT,17,0,295.0,0,0,1
2018,2,fp2,bottas,24,3,96.853,30.627,42.09,24.136,SUPERSOFT,18,0,301.0,0,0,1
2018,2,fp2,bottas,25,3,106.837,33.602,48.11,25.125,SUPERSOFT,19,0,298.0,0,0,1
2018,2,fp2,bottas,26,3,96.168,30.53,41.71,23.928,SUPERSOFT,20,0,302.0,0,0,1
2018,2,fp2,bottas,27,3,99.149,30.743,41.963,26.443,SUPERSOFT,21,0,302.0,0,0,0
2018,2,fp2,bottas,28,4,115.679,51.36,40.941,23.378,SOFT,4,0,221.0,0,0,0
2018,2,fp2,bottas,29,4,94.926,30.263,40.989,23.674,SOFT,5,0,284.0,0,0,1
2018,2,fp2,bottas,30,4,94.45,29.897,41.056,23.497,SOFT,6,0,302.0,0,0,1
2018,2,fp2,bottas,31,4,102.841,30.18,45.643,27.018,SOFT,7,0,298.0,0,0,0
2018,2,fp3,vandoorne,1,,,,55.91,34.277,,,1,198.0,0,0,0
2018,2,fp3,vandoorne,2,,,73.343,52.257,32.107,,,1,212.0,0,0,0
2018,2,fp3,vandoorne,3,,148.103,62.971,52.995,32.137,,,1,211.0,0,0,0
2018,2,fp3,vandoorne,4,1,,,51.405,27.931,SUPERSOFT,3,0,208.0,0,0,0
2018,2,fp3,vandoorne,5,1,93.55,29.878,40.358,23.314,SUPERSOFT,4,0,307.0,1,0,1
2018,2,fp3,vandoorne,6,1,126.893,39.555,53.251,34.087,SUPERSOFT,5,0,270.0,0,0,1
2018,2,fp3,vandoorne,7,1,92.855,29.613,40.12,23.122,SUPERSOFT,6,0,309.0,1,0,1
2018,2,fp3,vandoorne,8,1,120.311,36.383,54.059,29.869,SUPERSOFT,7,0,281.0,0,0,1
2018,2,fp3,vandoorne,9,1,102.875,34.85,40.675,27.35,SUPERSOFT,8,0,307.0,0,0,0
2018,2,fp3,vandoorne,10,2,,,50.911,31.28,,1,1,178.0,0,0,0
2018,2,fp3,vandoorne,11,2,91.86,29.331,39.495,23.034,,2,1,308.0,1,0,1
2018,2,fp3,vandoorne,12,2,126.96,36.737,56.628,33.595,,3,1,274.0,0,0,1
2018,2,fp3,vandoorne,13,2,92.639,29.463,40.133,23.043,,4,1,310.0,0,0,1
2018,2,fp3,vandoorne,14,2,99.686,30.317,41.751,27.618,,5,1,286.0,0,0,0
2018,2,fp3,ricciardo,1,,,,45.169,29.334,,,1,202.0,0,0,0
2018,2,fp3,ricciardo,2,1,,,51.264,31.671,SOFT,1,1,205.0,0,0,0
2018,2,fp3,ricciardo,3,1,92.008,28.954,39.426,23.628,SOFT,2,1,314.0,1,0,1
2018,2,fp3,ricciardo,4,1,138.552,44.008,63.19,31.354,SOFT,3,1,187.0,0,0,1
2018,2,fp3,ricciardo,5,1,97.228,29.375,39.647,28.206,SOFT,4,1,313.0,0,0,0
2018,2,fp3,ricciardo,6,2,,,51.537,31.401,SUPERSOFT,1,1,142.0,0,0,0
2018,2,fp3,ricciardo,7,2,90.452,28.743,39.149,22.56,SUPERSOFT,2,1,317.0,1,0,1
2018,2,fp3,ricciardo,8,2,110.754,36.897,46.393,27.464,SUPERSOFT,3,1,272.0,0,0,0
2018,2,fp3,vettel,1,,,,46.483,29.292,,,1,206.0,0,0,0
2018,2,fp3,vettel,2,,,,45.698,25.072,,,1,200.0,0,0,0
2018,2,fp3,vettel,3,,145.575,34.12,67.717,43.738,,,1,319.0,0,0,0
2018,2,fp3,vettel,4,1,,,49.673,28.224,SUPERSOFT,3,0,208.0,0,0,0
2018,2,fp3,vettel,5,1,90.719,28.694,39.471,22.554,SUPERSOFT,4,0,320.0,1,0,1
2018,2,fp3,vettel,6,1,121.837,37.124,56.433,28.28,SUPERSOFT,5,0,242.0,0,0,1
2018,2,fp3,vettel,7,1,90.909,28.895,39.312,22.702,SUPERSOFT,6,0,317.0,0,0,1
2018,2,fp3,vettel,8,1,114.151,32.552,44.124,37.475,SUPERSOFT,7,0,315.0,0,0,0
2018,2,fp3,raikkonen,1,,,,41.658,29.739,,,1,209.0,0,0,0
2018,2,fp3,raikkonen,2,,,,45.855,27.208,,,1,211.0,0,0,0
2018,2,fp3,raikkonen,3,,102.976,28.918,45.612,28.446,,,1,319.0,1,0,0
2018,2,fp3,raikkonen,4,1,91.241,28.958,39.468,22.815,MEDIUM,1,1,319.0,1,0,0
2018,2,fp3,raikkonen,5,1,123.774,36.9,61.112,25.762,MEDIUM,2,1,229.0,0,0,1
2018,2,fp3,raikkonen,6,1,91.4,29.028,39.493,22.879,MEDIUM,3,1,318.0,0,0,1
2018,2,fp3,raikkonen,7,1,105.167,32.278,44.563,28.326,MEDIUM,4,1,290.0,0,0,0
2018,2,fp3,raikkonen,8,2,146.254,74.2,43.244,28.81,SUPERSOFT,1,1,216.0,0,0,0
2018,2,fp3,raikkonen,9,3,,,47.523,26.215,SUPERSOFT,1,1,213.0,0,0,0
2018,2,fp3,raikkonen,10,3,89.868,28.54,38.827,22.501,SUPERSOFT,2,1,322.0,1,0,1
2018,2,fp3,raikkonen,11,3,123.847,36.594,56.334,30.919,SUPERSOFT,3,1,223.0,0,0,1
2018,2,fp3,raikkonen,12,3,90.688,28.854,39.167,22.667,SUPERSOFT,4,1,318.0,0,0,1
2018,2,fp3,raikkonen,13,3,108.647,33.374,46.215,29.058,SUPERSOFT,5,1,285.0,0,0,0
2018,2,fp3,raikkonen,14,4,,,41.612,26.586,SUPERSOFT,8,0,208.0,0,0,0
2018,2,fp3,raikkonen,15,5,135.279,63.578,40.785,30.916,SUPERSOFT,9,0,205.0,0,0,0
2018,2,fp3,grosjean,1,,,,51.567,35.382,,,1,190.0,0,0,0
2018,2,fp3,grosjean,2,1,,,43.658,24.534,SOFT,2,0,203.0,0,0,0
2018,2,fp3,grosjean,3,1,92.821,29.42,40.149,23.252,SOFT,3,0,315.0,1,0,1
2018,2,fp3,grosjean,4,1,117.135,36.143,50.189,30.803,SOFT,4,0,263.0,0,0,1
2018,2,fp3,grosjean,5,1,92.594,29.311,40.205,23.078,SOFT,5,0,316.0,1,0,1
2018,2,fp3,grosjean,6,1,125.153,35.839,54.722,34.592,SOFT,6,0,246.0,0,0,1
2018,2,fp3,grosjean,7,1,92.909,29.55,40.359,23.0,SOFT,7,0,315.0,0,0,1
2018,2,fp3,grosjean,8,1,115.915,35.92,48.647,31.348,SOFT,8,0,268.0,0,0,0
2018,2,fp3,grosjean,9,2,,,51.383,25.024,SUPERSOFT,1,1,194.0,0,0,0
2018,2,fp3,grosjean,10,2,91.513,28.979,39.641,22.893,SUPERSOFT,2,1,317.0,1,0,1
2018,2,fp3,grosjean,11,2,131.062,39.291,62.054,29.717,SUPERSOFT,3,1,278.0,0,0,1
2018,2,fp3,grosjean,12,2,93.992,29.473,39.788,24.731,SUPERSOFT,4,1,315.0,0,0,1
2018,2,fp3,grosjean,13,2,136.097,44.341,61.874,29.882,SUPERSOFT,5,1,235.0,0,0,1
2018,2,fp3,grosjean,14,2,121.315,39.682,49.922,31.711,SUPERSOFT,6,1,317.0,0,0,0
2018,2,fp3,ericsson,1,,,,46.052,30.738,,,1,193.0,0,0,0
2018,2,fp3,ericsson,2,,,,43.853,24.994,,,1,203.0,0,0,0
2018,2,fp3,ericsson,3,,93.343,29.699,40.509,23.135,,,1,315.0,1,0,0
2018,2,fp3,ericsson,4,1,120.646,35.161,56.908,28.577,SOFT,2,0,248.0,0,0,0
2018,2,fp3,ericsson,5,1,93.205,29.663,40.365,23.177,SOFT,3,0,317.0,1,0,1
2018,2,fp3,ericsson,6,1,126.262,35.441,56.941,33.88,SOFT,4,0,288.0,0,0,1
2018,2,fp3,ericsson,7,1,104.022,32.016,45.373,26.633,SOFT,5,0,316.0,0,0,1
2018,2,fp3,ericsson,8,1,93.175,29.541,40.316,23.318,SOFT,6,0,317.0,1,0,1
2018,2,fp3,ericsson,9,1,120.927,36.079,56.949,27.899,SOFT,7,0,271.0,0,0,1
2018,2,fp3,ericsson,10,1,93.028,29.551,40.318,23.159,SOFT,8,0,317.0,1,0,1
2018,2,fp3,ericsson,11,1,110.178,35.088,44.44,30.65,SOFT,9,0,287.0,0,0,0
2018,2,fp3,ericsson,12,2,126.82,56.747,42.899,27.174,SOFT,12,0,209.0,0,0,0
2018,2,fp3,ericsson,13,3,,,45.897,30.894,SUPERSOFT,1,1,202.0,0,0,0
2018,2,fp3,ericsson,14,3,91.859,29.177,39.6,23.082,SUPERSOFT,2,1,317.0,1,0,1
2018,2,fp3,ericsson,15,3,126.967,39.138,58.229,29.6,SUPERSOFT,3,1,277.0,0,0,1
2018,2,fp3,ericsson,16,3,92.305,29.29,39.902,23.113,SUPERSOFT,4,1,318.0,0,0,1
2018,2,fp3,ericsson,17,3,109.872,32.666,45.061,32.145,SUPERSOFT,5,1,293.0,0,0,0
2018,2,fp3,gasly,1,,,,44.271,29.338,,,1,188.0,0,0,0
2018,2,fp3,gasly,2,1,,,55.121,30.574,SOFT,1,1,183.0,0,0,0
2018,2,fp3,gasly,3,1,92.573,29.322,40.063,23.188,SOFT,2,1,316.0,1,0,1
2018,2,fp3,gasly,4,1,122.215,38.632,56.942,26.641,SOFT,3,1,278.0,0,0,1
2018,2,fp3,gasly,5,1,93.107,29.372,40.268,23.467,SOFT,4,1,316.0,0,0,1
2018,2,fp3,gasly,6,1,116.464,37.358,52.359,26.747,SOFT,5,1,291.0,0,0,1
2018,2,fp3,gasly,7,1,93.864,29.895,40.76,23.209,SOFT,6,1,306.0,0,0,1
2018,2,fp3,gasly,8,1,94.2,29.876,41.022,23.302,SOFT,7,1,305.0,0,0,1
2018,2,fp3,gasly,9,1,94.107,29.986,40.801,23.32,SOFT,8,1,309.0,0,0,1
2018,2,fp3,gasly,10,1,93.907,30.005,40.661,23.241,SOFT,9,1,310.0,0,0,1
2018,2,fp3,gasly,11,1,100.458,29.835,43.839,26.784,SOFT,10,1,306.0,0,0,0
2018,2,fp3,gasly,12,2,137.244,62.73,44.885,29.629,SOFT,11,0,212.0,0,0,0
2018,2,fp3,gasly,13,3,,,57.211,28.209,SUPERSOFT,1,1,180.0,0,0,0
2018,2,fp3,gasly,14,3,91.438,29.02,39.48,22.938,SUPERSOFT,2,1,314.0,1,0,1
2018,2,fp3,gasly,15,3,138.701,38.441,59.624,40.636,SUPERSOFT,3,1,297.0,0,0,1
2018,2,fp3,gasly,16,3,92.355,29.424,40.015,22.916,SUPERSOFT,4,1,320.0,0,0,1
2018,2,fp3,gasly,17,3,118.176,37.636,51.905,28.635,SUPERSOFT,5,1,292.0,0,0,1
2018,2,fp3,gasly,18,3,99.65,30.537,41.83,27.283,SUPERSOFT,6,1,296.0,0,0,0
2018,2,fp3,perez,1,1,,,56.193,27.968,SOFT,1,1,196.0,0,0,0
2018,2,fp3,perez,2,1,92.466,29.372,39.872,23.222,SOFT,2,1,318.0,1,0,1
2018,2,fp3,perez,3,1,122.319,35.828,56.292,30.199,SOFT,3,1,268.0,0,0,1
2018,2,fp3,perez,4,1,104.126,29.433,48.357,26.336,SOFT,4,1,319.0,0,0,1
2018,2,fp3,perez,5,1,119.191,36.081,47.355,35.755,SOFT,5,1,303.0,0,0,1
2018,2,fp3,perez,6,1,93.655,29.229,40.703,23.723,SOFT,6,1,322.0,0,0,1
2018,2,fp3,perez,7,1,116.128,34.044,51.274,30.81,SOFT,7,1,276.0,0,0,0
2018,2,fp3,perez,8,2,141.814,60.498,50.354,30.962,SOFT,8,0,169.0,0,0,0
2018,2,fp3,perez,9,3,,,54.723,30.432,SUPERSOFT,1,1,189.0,0,0,0
2018,2,fp3,perez,10,3,91.564,29.115,39.552,22.897,SUPERSOFT,2,1,317.0,1,0,1
2018,2,fp3,perez,11,3,121.376,39.157,52.742,29.477,SUPERSOFT,3,1,227.0,0,0,1
2018,2,fp3,perez,12,3,111.787,35.975,51.121,24.691,SUPERSOFT,4,1,294.0,0,0,1
2018,2,fp3,perez,13,3,92.572,29.267,40.054,23.251,SUPERSOFT,5,1,318.0,0,0,1
2018,2,fp3,perez,14,3,116.174,32.766,51.574,31.834,SUPERSOFT,6,1,310.0,0,0,0
2018,2,fp3,alonso,1,,,,56.772,34.29,,,1,159.0,0,0,0
2018,2,fp3,alonso,2,,143.506,64.627,47.654,31.225,,,1,210.0,0,0,0
2018,2,fp3,alonso,3,,,69.188,53.638,32.587,,,1,208.0,0,0,0
2018,2,fp3,alonso,4,1,,,52.825,27.332,SOFT,3,0,203.0,0,0,0
2018,2,fp3,alonso,5,1,92.656,29.63,39.962,23.064,SOFT,4,0,308.0,1,0,1
2018,2,fp3,alonso,6,1,117.147,37.265,52.196,27.686,SOFT,5,0,263.0,0,0,1
2018,2,fp3,alonso,7,1,92.369,29.439,39.993,22.937,SOFT,6,0,308.0,1,0,1
2018,2,fp3,alonso,8,1,115.573,35.794,49.479,30.3,SOFT,7,0,266.0,0,0,0
2018,2,fp3,alonso,9,2,,,54.918,30.159,SUPERSOFT,1,1,189.0,0,0,0
2018,2,fp3,alonso,10,2,91.445,29.119,39.314,23.012,SUPERSOFT,2,1,309.0,1,0,1
2018,2,fp3,alonso,11,2,119.503,36.035,51.67,31.798,SUPERSOFT,3,1,287.0,0,0,1
2018,2,fp3,alonso,12,2,92.116,29.331,39.926,22.859,SUPERSOFT,4,1,307.0,0,0,1
2018,2,fp3,alonso,13,2,109.524,34.909,46.23,28.385,SUPERSOFT,5,1,265.0,0,0,0
2018,2,fp3,leclerc,1,,,,47.435,30.982,,,1,180.0,0,0,0
2018,2,fp3,leclerc,2,1,,,43.391,23.73,SOFT,2,0,191.0,0,0,0
2018,2,fp3,leclerc,3,1,92.804,29.479,40.223,23.102,SOFT,3,0,315.0,1,0,1
2018,2,fp3,leclerc,4,1,115.782,36.168,52.984,26.63,SOFT,4,0,291.0,0,0,1
2018,2,fp3,leclerc,5,1,93.558,29.349,40.365,23.844,SOFT,5,0,317.0,0,0,1
2018,2,fp3,leclerc,6,1,112.726,36.324,49.614,26.788,SOFT,6,0,268.0,0,0,1
2018,2,fp3,leclerc,7,1,92.924,29.527,40.262,23.135,SOFT,7,0,315.0,0,0,1
2018,2,fp3,leclerc,8,1,113.566,36.199,51.768,25.599,SOFT,8,0,230.0,0,0,1
2018,2,fp3,leclerc,9,1,93.003,29.3,40.512,23.191,SOFT,9,0,319.0,0,0,1
2018,2,fp3,leclerc,10,1,122.984,34.751,53.612,34.621,SOFT,10,0,272.0,0,0,1
2018,2,fp3,leclerc,11,1,93.036,29.209,40.406,23.421,SOFT,11,0,320.0,0,0,1
2018,2,fp3,leclerc,12,1,107.764,34.2,46.28,27.284,SOFT,12,0,297.0,0,0,0
2018,2,fp3,leclerc,13,2,131.85,59.728,44.898,27.224,SOFT,13,0,193.0,0,0,0
2018,2,fp3,leclerc,14,3,,,46.569,28.244,SUPERSOFT,1,1,189.0,0,0,0
2018,2,fp3,leclerc,15,3,92.047,29.182,39.885,22.98,SUPERSOFT,2,1,316.0,1,0,1
2018,2,fp3,leclerc,16,3,112.056,34.506,50.668,26.882,SUPERSOFT,3,1,260.0,0,0,1
2018,2,fp3,leclerc,17,3,92.572,29.266,40.035,23.271,SUPERSOFT,4,1,317.0,0,0,1
2018,2,fp3,leclerc,18,3,112.139,34.353,53.424,24.362,SUPERSOFT,5,1,302.0,0,0,1
2018,2,fp3,leclerc,19,3,111.737,31.675,46.507,33.555,SUPERSOFT,6,1,315.0,0,0,0
2018,2,fp3,stroll,1,1,,,44.862,24.686,SUPERSOFT,1,1,195.0,0,0,0
2018,2,fp3,stroll,2,1,93.597,29.678,40.716,23.203,SUPERSOFT,2,1,313.0,1,0,1
2018,2,fp3,stroll,3,1,109.278,34.386,48.282,26.61,SUPERSOFT,3,1,229.0,0,0,1
2018,2,fp3,stroll,4,1,93.374,29.664,40.455,23.255,SUPERSOFT,4,1,314.0,1,0,1
2018,2,fp3,stroll,5,1,118.419,39.271,48.148,31.0,SUPERSOFT,5,1,235.0,0,0,0
2018,2,fp3,stroll,6,2,149.719,71.018,51.581,27.12,SUPERSOFT,6,0,213.0,0,0,0
2018,2,fp3,stroll,7,3,128.163,54.831,43.327,30.005,SUPERSOFT,7,0,167.0,0,0,0
2018,2,fp3,stroll,8,4,,,44.326,23.888,SUPERSOFT,1,1,202.0,0,0,0
2018,2,fp3,stroll,9,4,92.865,29.447,40.26,23.158,SUPERSOFT,2,1,313.0,1,0,1
2018,2,fp3,stroll,10,4,126.526,40.16,55.042,31.324,SUPERSOFT,3,1,246.0,0,0,1
2018,2,fp3,stroll,11,4,93.124,29.646,40.314,23.164,SUPERSOFT,4,1,314.0,0,0,1
2018,2,fp3,stroll,12,4,121.267,34.659,53.779,32.829,SUPERSOFT,5,1,256.0,0,0,0
2018,2,fp3,kevin_magnussen,1,,,,46.269,29.397,,,1,164.0,0,0,0
2018,2,fp3,kevin_magnussen,2,1,,,47.31,23.676,SOFT,2,0,199.0,0,0,0
2018,2,fp3,kevin_magnussen,3,1,92.744,29.632,40.145,22.967,SOFT,3,0,313.0,1,0,1
2018,2,fp3,kevin_magnussen,4,1,113.831,37.694,52.553,23.584,SOFT,4,0,214.0,0,0,1
2018,2,fp3,kevin_magnussen,5,1,92.407,29.347,40.045,23.015,SOFT,5,0,313.0,1,0,1
2018,2,fp3,kevin_magnussen,6,1,114.625,36.684,53.697,24.244,SOFT,6,0,266.0,0,0,1
2018,2,fp3,kevin_magnussen,7,1,92.293,29.336,39.948,23.009,SOFT,7,0,314.0,1,0,1
2018,2,fp3,kevin_magnussen,8,1,123.953,38.464,56.877,28.612,SOFT,8,0,273.0,0,0,0
2018,2,fp3,kevin_magnussen,9,2,,,58.581,26.963,SUPERSOFT,1,1,150.0,0,0,0
2018,2,fp3,kevin_magnussen,10,2,105.847,29.205,49.565,27.077,SUPERSOFT,2,1,315.0,0,0,1
2018,2,fp3,kevin_magnussen,11,2,91.737,28.824,40.053,22.86,SUPERSOFT,3,1,320.0,1,0,1
2018,2,fp3,kevin_magnussen,12,2,132.332,39.078,64.339,28.915,SUPERSOFT,4,1,261.0,0,0,1
2018,2,fp3,kevin_magnussen,13,2,108.742,29.208,48.417,31.117,SUPERSOFT,5,1,316.0,0,0,1
2018,2,fp3,kevin_magnussen,14,2,103.708,29.161,45.436,29.111,SUPERSOFT,6,1,319.0,0,0,0
2018,2,fp3,hulkenberg,1,,,,50.033,31.744,,,1,181.0,0,0,0
2018,2,fp3,hulkenberg,2,1,,,53.436,32.364,SOFT,2,0,174.0,0,0,0
2018,2,fp3,hulkenberg,3,1,92.695,29.361,39.938,23.396,SOFT,3,0,316.0,1,0,1
2018,2,fp3,hulkenberg,4,1,123.369,39.341,56.334,27.694,SOFT,4,0,198.0,0,0,1
2018,2,fp3,hulkenberg,5,1,118.561,35.431,53.559,29.571,SOFT,5,0,241.0,0,0,1
2018,2,fp3,hulkenberg,6,1,92.973,29.299,40.294,23.38,SOFT,6,0,314.0,0,0,1
2018,2,fp3,hulkenberg,7,1,100.843,31.917,42.094,26.832,SOFT,7,0,293.0,0,0,0
2018,2,fp3,hulkenberg,8,2,135.407,64.09,44.197,27.12,SOFT,8,0,211.0,0,0,0
2018,2,fp3,hulkenberg,9,3,,,55.208,29.433,SUPERSOFT,1,1,170.0,0,0,0
2018,2,fp3,hulkenberg,10,3,91.144,28.821,39.313,23.01,SUPERSOFT,2,1,314.0,1,0,1
2018,2,fp3,hulkenberg,11,3,113.248,37.648,47.894,27.706,SUPERSOFT,3,1,250.0,0,0,0
2018,2,fp3,brendon_hartley,1,,,,43.3,32.232,,,1,188.0,0,0,0
2018,2,fp3,brendon_hartley,2,,,,58.019,30.391,,,1,145.0,0,0,0
2018,2,fp3,brendon_hartley,3,1,92.51,29.357,40.32,22.833,SOFT,1,1,315.0,1,0,0
2018,2,fp3,brendon_hartley,4,1,124.877,36.938,58.652,29.287,SOFT,2,1,292.0,0,0,1
2018,2,fp3,brendon_hartley,5,1,93.043,29.367,40.468,23.208,SOFT,3,1,315.0,0,0,1
2018,2,fp3,brendon_hartley,6,1,108.255,33.72,46.824,27.711,SOFT,4,1,289.0,0,0,1
2018,2,fp3,brendon_hartley,7,1,94.499,29.834,41.289,23.376,SOFT,5,1,303.0,0,0,1
2018,2,fp3,brendon_hartley,8,1,94.355,29.933,41.112,23.31,SOFT,6,1,307.0,0,0,1
2018,2,fp3,brendon_hartley,9,1,94.282,29.955,41.154,23.173,SOFT,7,1,313.0,0,0,1
2018,2,fp3,brendon_hartley,10,1,94.248,29.79,41.184,23.274,SOFT,8,1,310.0,0,0,1
2018,2,fp3,brendon_hartley,11,1,99.241,30.023,41.997,27.221,SOFT,9,1,309.0,0,0,0
2018,2,fp3,brendon_hartley,12,2,133.102,63.916,42.417,26.769,SOFT,11,0,213.0,0,0,0
2018,2,fp3,brendon_hartley,13,3,,,58.364,32.448,SUPERSOFT,1,1,142.0,0,0,0
2018,2,fp3,brendon_hartley,14,3,91.46,29.207,39.617,22.636,SUPERSOFT,2,1,313.0,1,0,1
2018,2,fp3,brendon_hartley,15,3,125.158,34.95,57.71,32.498,SUPERSOFT,3,1,291.0,0,0,1
2018,2,fp3,brendon_hartley,16,3,92.218,29.272,40.039,22.907,SUPERSOFT,4,1,314.0,0,0,1
2018,2,fp3,brendon_hartley,17,3,105.811,33.385,45.73,26.696,SUPERSOFT,5,1,294.0,0,0,0
2018,2,fp3,brendon_hartley,18,4,140.793,70.951,42.659,27.183,SUPERSOFT,6,0,218.0,0,0,0
2018,2,fp3,ocon,1,1,,,47.172,34.762,SOFT,1,1,184.0,0,0,0
2018,2,fp3,ocon,2,1,92.908,29.679,40.043,23.186,SOFT,2,1,317.0,1,0,1
2018,2,fp3,ocon,3,1,135.223,40.124,60.868,34.231,SOFT,3,1,204.0,0,0,1
2018,2,fp3,ocon,4,1,92.701,29.398,40.191,23.112,SOFT,4,1,316.0,1,0,1
2018,2,fp3,ocon,5,1,140.139,41.606,64.715,33.818,SOFT,5,1,224.0,0,0,1
2018,2,fp3,ocon,6,1,92.838,29.426,40.213,23.199,SOFT,6,1,316.0,0,0,1
2018,2,fp3,ocon,7,1,124.875,40.265,57.625,26.985,SOFT,7,1,267.0,0,0,1
2018,2,fp3,ocon,8,1,116.297,34.414,52.929,28.954,SOFT,8,1,282.0,0,0,1
2018,2,fp3,ocon,9,1,92.633,29.332,40.14,23.161,SOFT,9,1,317.0,1,0,1
2018,2,fp3,ocon,10,1,104.751,33.363,44.299,27.089,SOFT,10,1,266.0,0,0,0
2018,2,fp3,ocon,11,2,133.462,63.882,42.336,27.244,SOFT,11,0,190.0,0,0,0
2018,2,fp3,ocon,12,3,,,53.419,29.163,SUPERSOFT,1,1,206.0,0,0,0
2018,2,fp3,ocon,13,3,91.554,28.953,39.616,22.985,SUPERSOFT,2,1,317.0,1,0,1
2018,2,fp3,ocon,14,3,127.284,38.723,59.901,28.66,SUPERSOFT,3,1,264.0,0,0,1
2018,2,fp3,ocon,15,3,124.436,34.094,51.622,38.72,SUPERSOFT,4,1,259.0,0,0,1
2018,2,fp3,ocon,16,3,92.105,29.132,39.887,23.086,SUPERSOFT,5,1,319.0,0,0,1
2018,2,fp3,ocon,17,3,108.854,32.225,47.308,29.321,SUPERSOFT,6,1,281.0,0,0,0
2018,2,fp3,max_verstappen,1,,,,51.035,31.574,,,1,199.0,0,0,0
2018,2,fp3,max_verstappen,2,1,,,51.775,25.93,SOFT,1,1,199.0,0,0,0
2018,2,fp3,max_verstappen,3,1,90.924,29.076,39.227,22.621,SOFT,2,1,312.0,1,0,1
2018,2,fp3,max_verstappen,4,1,138.727,43.207,67.142,28.378,SOFT,3,1,219.0,0,0,1
2018,2,fp3,max_verstappen,5,1,103.538,28.979,44.466,30.093,SOFT,4,1,315.0,0,0,0
2018,2,fp3,max_verstappen,6,2,,,65.358,28.293,SUPERSOFT,1,1,197.0,0,0,0
2018,2,fp3,max_verstappen,7,2,90.393,28.965,38.876,22.552,SUPERSOFT,2,1,308.0,1,0,1
2018,2,fp3,max_verstappen,8,2,108.053,37.095,44.574,26.384,SUPERSOFT,3,1,227.0,0,0,0
2018,2,fp3,sirotkin,1,1,,,57.463,28.053,SUPERSOFT,1,1,195.0,0,0,0
2018,2,fp3,sirotkin,2,1,94.293,29.431,40.923,23.939,SUPERSOFT,2,1,313.0,1,0,1
2018,2,fp3,sirotkin,3,1,117.165,35.255,54.656,27.254,SUPERSOFT,3,1,251.0,0,0,1
2018,2,fp3,sirotkin,4,1,93.183,29.723,40.344,23.116,SUPERSOFT,4,1,312.0,1,0,1
2018,2,fp3,sirotkin,5,1,115.612,35.579,50.205,29.828,SUPERSOFT,5,1,211.0,0,0,0
2018,2,fp3,sirotkin,6,2,149.844,69.265,50.576,30.003,SUPERSOFT,6,0,209.0,0,0,0
2018,2,fp3,sirotkin,7,3,,,46.666,28.474,SUPERSOFT,1,1,195.0,0,0,0
2018,2,fp3,sirotkin,8,3,92.463,29.287,40.298,22.878,SUPERSOFT,2,1,312.0,1,0,1
2018,2,fp3,sirotkin,9,3,126.153,41.599,52.9,31.654,SUPERSOFT,3,1,196.0,0,0,1
2018,2,fp3,sirotkin,10,3,93.269,29.455,40.438,23.376,SUPERSOFT,4,1,312.0,0,0,1
2018,2,fp3,sirotkin,11,3,116.26,38.461,49.145,28.654,SUPERSOFT,5,1,201.0,0,0,0
2018,2,fp3,hamilton,1,,,,57.961,33.448,,,1,201.0,0,0,0
2018,2,fp3,hamilton,2,1,90.964,28.893,39.348,22.723,SUPERSOFT,1,1,318.0,1,0,0
2018,2,fp3,hamilton,3,1,137.19,45.842,63.652,27.696,SUPERSOFT,2,1,220.0,0,0,1
2018,2,fp3,hamilton,4,1,93.587,28.903,41.683,23.001,SUPERSOFT,3,1,317.0,0,0,1
2018,2,fp3,hamilton,5,1,93.054,29.441,40.557,23.056,SUPERSOFT,4,1,306.0,0,0,1
2018,2,fp3,hamilton,6,1,94.102,29.647,41.39,23.065,SUPERSOFT,5,1,302.0,0,0,1
2018,2,fp3,hamilton,7,1,93.557,29.767,40.821,22.969,SUPERSOFT,6,1,301.0,0,0,1
2018,2,fp3,hamilton,8,1,102.212,30.627,44.856,26.729,SUPERSOFT,7,1,304.0,0,0,0
2018,2,fp3,hamilton,9,2,,,60.481,27.477,SUPERSOFT,1,1,200.0,0,0,0
2018,2,fp3,hamilton,10,2,90.691,28.741,39.274,22.676,SUPERSOFT,2,1,317.0,1,0,1
2018,2,fp3,hamilton,11,2,,45.271,76.069,30.096,SUPERSOFT,3,1,254.0,0,0,0
2018,2,fp3,hamilton,12,2,90.946,28.872,39.376,22.698,SUPERSOFT,4,1,316.0,0,0,1
2018,2,fp3,hamilton,13,2,113.936,35.963,49.09,28.883,SUPERSOFT,5,1,274.0,0,0,0
2018,2,fp3,hamilton,14,3,,,44.679,27.492,SUPERSOFT,6,0,207.0,0,0,0
2018,2,fp3,sainz,1,,,,54.249,27.57,,,1,191.0,0,0,0
2018,2,fp3,sainz,2,,93.893,30.003,40.705,23.185,,,1,309.0,1,0,0
2018,2,fp3,sainz,3,1,126.422,37.636,61.869,26.917,SOFT,1,1,291.0,0,0,0
2018,2,fp3,sainz,4,1,92.704,29.371,40.325,23.008,SOFT,2,1,313.0,1,0,0
2018,2,fp3,sainz,5,1,120.852,38.304,52.822,29.726,SOFT,3,1,267.0,0,0,0
2018,2,fp3,sainz,6,2,,,50.413,25.469,SOFT,6,0,192.0,0,0,0
2018,2,fp3,sainz,7,2,92.407,29.335,40.058,23.014,SOFT,7,0,315.0,1,0,1
2018,2,fp3,sainz,8,2,121.712,37.697,56.058,27.957,SOFT,8,0,275.0,0,0,1
2018,2,fp3,sainz,9,2,111.405,,,28.965,SOFT,9,0,311.0,0,0,0
2018,2,fp3,sainz,10,3,,,59.811,27.038,SUPERSOFT,1,1,193.0,0,0,0
2018,2,fp3,sainz,11,3,91.2,28.892,39.464,22.844,SUPERSOFT,2,1,317.0,1,0,1
2018,2,fp3,sainz,12,3,115.766,35.252,51.412,29.102,SUPERSOFT,3,1,276.0,0,0,0
2018,2,fp3,bottas,1,,,,52.557,26.4,,,1,172.0,0,0,0
2018,2,fp3,bottas,2,,90.781,28.822,39.301,22.658,,,1,315.0,1,0,0
2018,2,fp3,bottas,3,,121.524,38.231,56.227,27.066,,,1,233.0,0,0,0
2018,2,fp3,bottas,4,,91.648,29.103,39.797,22.748,,,1,316.0,0,0,1
2018,2,fp3,bottas,5,,93.585,29.628,40.705,23.252,,,1,305.0,0,0,1
2018,2,fp3,bottas,6,,93.943,29.941,40.691,23.311,,,1,299.0,0,0,1
2018,2,fp3,bottas,7,,94.009,29.934,40.768,23.307,,,1,294.0,0,0,1
2018,2,fp3,bottas,8,,107.153,34.529,45.924,26.7,,,1,248.0,0,0,0
2018,2,fp3,bottas,9,1,133.363,64.102,42.388,26.873,SUPERSOFT,9,0,211.0,0,0,0
2018,2,fp3,bottas,10,2,,,52.304,25.667,SUPERSOFT,1,1,162.0,0,0,0
2018,2,fp3,bottas,11,2,120.688,37.007,54.662,29.019,SUPERSOFT,2,1,315.0,0,0,1
2018,2,fp3,bottas,12,2,90.896,29.149,39.101,22.646,SUPERSOFT,3,1,315.0,0,0,1
2018,2,fp3,bottas,13,2,121.968,39.147,56.108,26.713,SUPERSOFT,4,1,234.0,0,0,1
2018,2,fp3,bottas,14,2,95.559,28.963,39.287,27.309,SUPERSOFT,5,1,315.0,0,0,0
2018,2,fp3,bottas,15,3,,,44.021,27.692,SUPERSOFT,6,0,207.0,0,0,0
2018,2,fp3,bottas,16,4,133.433,63.386,43.311,26.736,SUPERSOFT,7,0,207.0,0,0,0
2018,3,fp1,vandoorne,1,,,,34.223,51.097,,,1,281.0,0,0,0
2018,3,fp1,vandoorne,2,,110.555,27.035,30.985,52.535,,,1,297.0,0,0,0
2018,3,fp1,vandoorne,3,1,,,32.048,51.504,ULTRASOFT,3,0,264.0,0,0,0
2018,3,fp1,vandoorne,4,1,99.776,25.223,29.246,45.307,ULTRASOFT,4,0,293.0,1,0,0
2018,3,fp1,vandoorne,5,1,118.114,29.05,33.114,55.95,ULTRASOFT,5,0,223.0,0,0,0
2018,3,fp1,vandoorne,6,2,135.686,54.54,32.641,48.505,ULTRASOFT,6,0,282.0,0,0,0
2018,3,fp1,vandoorne,7,2,98.52,25.581,28.794,44.145,ULTRASOFT,7,0,294.0,1,0,0
2018,3,fp1,vandoorne,8,2,114.572,29.049,35.59,49.933,ULTRASOFT,8,0,278.0,0,0,0
2018,3,fp1,vandoorne,9,2,98.591,25.573,28.915,44.103,ULTRASOFT,9,0,280.0,0,0,0
2018,3,fp1,vandoorne,10,2,116.851,28.943,34.925,52.983,ULTRASOFT,10,0,248.0,0,0,0
2018,3,fp1,vandoorne,11,2,104.141,25.292,28.727,50.122,ULTRASOFT,11,0,297.0,0,0,0
2018,3,fp1,vandoorne,12,3,,,31.587,47.605,SOFT,1,1,276.0,0,0,0
2018,3,fp1,vandoorne,13,3,96.756,25.384,28.344,43.028,SOFT,2,1,297.0,1,0,0
2018,3,fp1,vandoorne,14,3,111.471,29.821,33.33,48.32,SOFT,3,1,264.0,0,0,0
2018,3,fp1,vandoorne,15,3,97.212,25.434,28.478,43.3,SOFT,4,1,296.0,0,0,0
2018,3,fp1,vandoorne,16,3,112.747,28.241,35.087,49.419,SOFT,5,1,241.0,0,0,0
2018,3,fp1,vandoorne,17,3,98.164,25.672,28.881,43.611,SOFT,6,1,284.0,0,0,1
2018,3,fp1,vandoorne,18,3,110.462,28.231,31.408,50.823,SOFT,7,1,283.0,0,0,0
2018,3,fp1,vandoorne,19,4,,,32.023,48.885,SOFT,8,0,277.0,0,0,0
2018,3,fp1,vandoorne,20,4,131.549,25.569,40.766,65.214,SOFT,9,0,182.0,0,0,0
2018,3,fp1,vandoorne,21,5,,,30.825,46.028,SOFT,10,0,285.0,0,0,0
2018,3,fp1,vandoorne,22,5,98.187,25.676,29.181,43.33,SOFT,11,0,298.0,0,0,1
2018,3,fp1,vandoorne,23,5,110.328,27.924,33.888,48.516,SOFT,12,0,265.0,0,0,1
2018,3,fp1,vandoorne,24,5,99.4,25.811,29.676,43.913,SOFT,13,0,283.0,0,0,1
2018,3,fp1,vandoorne,25,5,113.851,27.891,30.578,55.382,SOFT,14,0,172.0,0,0,0
2018,3,fp1,ricciardo,1,,,,34.666,55.267,,,1,270.0,0,0,0
2018,3,fp1,ricciardo,2,1,,,30.765,46.869,MEDIUM,1,1,296.0,0,0,0
2018,3,fp1,ricciardo,3,1,97.526,25.031,28.902,43.593,MEDIUM,2,1,305.0,1,0,0
2018,3,fp1,ricciardo,4,1,117.411,27.49,36.841,53.08,MEDIUM,3,1,285.0,0,0,0
2018,3,fp1,ricciardo,5,1,97.074,25.152,28.749,43.173,MEDIUM,4,1,301.0,1,0,0
2018,3,fp1,ricciardo,6,1,125.641,28.985,40.336,56.32,MEDIUM,5,1,281.0,0,0,0
2018,3,fp1,ricciardo,7,1,96.61,25.09,28.434,43.086,MEDIUM,6,1,308.0,1,0,0
2018,3,fp1,ricciardo,8,1,118.466,29.848,36.709,51.909,MEDIUM,7,1,270.0,0,0,0
2018,3,fp1,ricciardo,9,1,95.696,24.964,28.184,42.548,MEDIUM,8,1,310.0,1,0,0
2018,3,fp1,ricciardo,10,1,107.28,26.035,30.553,50.692,MEDIUM,9,1,282.0,0,0,0
2018,3,fp1,ricciardo,11,2,,,35.964,54.228,,2,0,282.0,0,0,0
2018,3,fp1,ricciardo,12,2,94.537,24.459,27.81,42.268,,3,0,306.0,1,0,0
2018,3,fp1,ricciardo,13,2,125.906,33.228,36.718,55.96,,4,0,271.0,0,0,0
2018,3,fp1,ricciardo,14,3,,,32.314,47.337,ULTRASOFT,4,0,301.0,0,0,0
2018,3,fp1,ricciardo,15,3,98.823,25.965,29.158,43.7,ULTRASOFT,5,0,294.0,0,0,1
2018,3,fp1,ricciardo,16,3,100.036,26.079,29.819,44.138,ULTRASOFT,6,0,297.0,0,0,1
2018,3,fp1,ricciardo,17,3,101.055,26.464,30.764,43.827,ULTRASOFT,7,0,313.0,0,0,1
2018,3,fp1,ricciardo,18,3,99.585,26.244,29.498,43.843,ULTRASOFT,8,0,297.0,0,0,1
2018,3,fp1,ricciardo,19,3,99.544,26.227,29.504,43.813,ULTRASOFT,9,0,296.0,0,0,1
2018,3,fp1,ricciardo,20,3,101.6,26.377,29.559,45.664,ULTRASOFT,10,0,294.0,0,0,1
2018,3,fp1,ricciardo,21,3,99.687,26.134,29.417,44.136,ULTRASOFT,11,0,290.0,0,0,1
2018,3,fp1,ricciardo,22,3,105.323,26.217,29.562,49.544,ULTRASOFT,12,0,278.0,0,0,0
2018,3,fp1,vettel,1,,,,34.855,56.436,,,1,267.0,0,0,0
2018,3,fp1,vettel,2,1,,,31.637,50.223,SOFT,2,0,282.0,0,0,0
2018,3,fp1,vettel,3,1,98.146,25.229,28.987,43.93,SOFT,3,0,307.0,1,0,0
2018,3,fp1,vettel,4,1,96.963,25.208,28.736,43.019,SOFT,4,0,313.0,1,0,0
2018,3,fp1,vettel,5,1,112.31,27.495,32.922,51.893,SOFT,5,0,196.0,0,0,0
2018,3,fp1,vettel,6,1,96.386,24.905,28.569,42.912,SOFT,6,0,311.0,1,0,0
2018,3,fp1,vettel,7,1,121.497,30.655,33.5,57.342,SOFT,7,0,198.0,0,0,0
2018,3,fp1,vettel,8,2,,,35.188,47.919,ULTRASOFT,1,1,276.0,0,0,0
2018,3,fp1,vettel,9,2,94.861,24.633,27.975,42.253,ULTRASOFT,2,1,309.0,1,0,0
2018,3,fp1,vettel,10,2,117.444,28.812,36.838,51.794,ULTRASOFT,3,1,230.0,0,0,0
2018,3,fp1,vettel,11,2,95.232,24.734,27.935,42.563,ULTRASOFT,4,1,291.0,0,0,1
2018,3,fp1,vettel,12,2,120.819,29.555,37.125,54.139,ULTRASOFT,5,1,249.0,0,0,1
2018,3,fp1,vettel,13,2,102.211,24.868,28.083,49.26,ULTRASOFT,6,1,308.0,0,0,0
2018,3,fp1,vettel,14,3,149.905,58.023,33.543,58.339,ULTRASOFT,7,0,198.0,0,0,0
2018,3,fp1,vettel,15,4,,,31.635,51.799,,,0,281.0,0,0,0
2018,3,fp1,vettel,16,5,143.716,59.593,37.449,46.674,ULTRASOFT,9,0,282.0,0,0,0
2018,3,fp1,vettel,17,5,99.51,26.021,29.297,44.192,ULTRASOFT,10,0,289.0,0,0,1
2018,3,fp1,vettel,18,5,105.435,26.315,29.405,49.715,ULTRASOFT,11,0,289.0,0,0,0
2018,3,fp1,raikkonen,1,,,,29.785,53.859,,,1,278.0,0,0,0
2018,3,fp1,raikkonen,2,1,,,32.021,46.764,MEDIUM,2,0,278.0,0,0,0
2018,3,fp1,raikkonen,3,1,97.651,25.065,29.0,43.586,MEDIUM,3,0,305.0,1,0,0
2018,3,fp1,raikkonen,4,1,112.377,25.072,28.468,58.837,MEDIUM,4,0,246.0,0,0,0
2018,3,fp1,raikkonen,5,1,97.646,25.131,28.611,43.904,MEDIUM,5,0,308.0,1,0,0
2018,3,fp1,raikkonen,6,1,114.997,32.052,36.145,46.8,MEDIUM,6,0,303.0,0,0,0
2018,3,fp1,raikkonen,7,1,96.679,24.967,28.538,43.174,MEDIUM,7,0,307.0,1,0,0
2018,3,fp1,raikkonen,8,1,109.341,25.195,28.705,55.441,MEDIUM,8,0,199.0,0,0,0
2018,3,fp1,raikkonen,9,2,,,32.736,52.004,ULTRASOFT,1,1,286.0,0,0,0
2018,3,fp1,raikkonen,10,2,94.475,24.428,27.867,42.18,ULTRASOFT,2,1,308.0,1,0,1
2018,3,fp1,raikkonen,11,2,119.484,30.331,38.415,50.738,ULTRASOFT,3,1,282.0,0,0,1
2018,3,fp1,raikkonen,12,2,94.358,24.543,27.79,42.025,ULTRASOFT,4,1,307.0,1,0,1
2018,3,fp1,raikkonen,13,2,111.499,27.33,31.53,52.639,ULTRASOFT,5,1,279.0,0,0,0
2018,3,fp1,raikkonen,14,3,,73.217,29.738,49.042,ULTRASOFT,6,0,306.0,0,0,0
2018,3,fp1,grosjean,1,,,,37.539,61.755,,,1,200.0,0,0,0
2018,3,fp1,grosjean,2,1,,,31.09,47.029,SOFT,2,0,281.0,0,0,0
2018,3,fp1,grosjean,3,1,98.293,25.332,29.028,43.933,SOFT,3,0,306.0,1,0,0
2018,3,fp1,grosjean,4,1,98.215,25.385,29.005,43.825,SOFT,4,0,308.0,1,0,0
2018,3,fp1,grosjean,5,1,114.15,27.963,35.492,50.695,SOFT,5,0,265.0,0,0,0
2018,3,fp1,grosjean,6,1,97.295,25.214,28.899,43.182,SOFT,6,0,306.0,1,0,0
2018,3,fp1,grosjean,7,1,108.958,27.576,34.667,46.715,SOFT,7,0,272.0,0,0,0
2018,3,fp1,grosjean,8,1,97.154,25.318,28.458,43.378,SOFT,8,0,305.0,1,0,0
2018,3,fp1,grosjean,9,1,96.927,25.222,28.482,43.223,SOFT,9,0,308.0,1,0,0
2018,3,fp1,grosjean,10,1,123.017,27.323,33.56,62.134,SOFT,10,0,220.0,0,0,0
2018,3,fp1,grosjean,11,2,,,32.92,47.519,ULTRASOFT,1,1,267.0,0,0,0
2018,3,fp1,grosjean,12,2,95.718,24.781,28.256,42.681,ULTRASOFT,2,1,306.0,1,0,0
2018,3,fp1,grosjean,13,2,115.693,31.874,35.6,48.219,ULTRASOFT,3,1,283.0,0,0,0
2018,3,fp1,grosjean,14,2,96.103,25.065,28.399,42.639,ULTRASOFT,4,1,310.0,0,0,0
2018,3,fp1,grosjean,15,2,109.69,28.9,33.053,47.737,ULTRASOFT,5,1,276.0,0,0,0
2018,3,fp1,grosjean,16,2,96.238,25.092,28.318,42.828,ULTRASOFT,6,1,307.0,0,0,1
2018,3,fp1,grosjean,17,2,118.47,28.946,33.324,56.2,ULTRASOFT,7,1,214.0,0,0,0
2018,3,fp1,grosjean,18,3,,,29.766,44.139,ULTRASOFT,8,0,304.0,0,0,0
2018,3,fp1,grosjean,19,3,99.607,25.984,29.529,44.094,ULTRASOFT,9,0,304.0,0,0,1
2018,3,fp1,grosjean,20,3,100.132,26.203,29.869,44.06,ULTRASOFT,10,0,303.0,0,0,1
2018,3,fp1,grosjean,21,3,120.151,25.924,29.775,64.452,ULTRASOFT,11,0,146.0,0,0,0
2018,3,fp1,ericsson,1,,,,34.908,58.311,,,1,274.0,0,0,0
2018,3,fp1,ericsson,2,1,,64.623,32.904,52.798,MEDIUM,1,0,296.0,0,0,0
2018,3,fp1,ericsson,3,2,,,32.141,51.785,MEDIUM,3,0,242.0,0,0,0
2018,3,fp1,ericsson,4,2,100.855,26.301,30.074,44.48,MEDIUM,4,0,293.0,1,0,0
2018,3,fp1,ericsson,5,2,113.905,27.595,31.514,54.796,MEDIUM,5,0,266.0,0,0,0
2018,3,fp1,ericsson,6,2,99.032,25.613,29.358,44.061,MEDIUM,6,0,305.0,1,0,0
2018,3,fp1,ericsson,7,2,112.539,27.73,32.458,52.351,MEDIUM,7,0,249.0,0,0,0
2018,3,fp1,ericsson,8,2,98.998,25.552,29.231,44.215,MEDIUM,8,0,309.0,1,0,0
2018,3,fp1,ericsson,9,2,110.767,28.139,34.073,48.555,MEDIUM,9,0,261.0,0,0,0
2018,3,fp1,ericsson,10,2,98.47,25.646,29.005,43.819,MEDIUM,10,0,306.0,1,0,0
2018,3,fp1,ericsson,11,2,123.779,28.427,36.637,58.715,MEDIUM,11,0,247.0,0,0,0
2018,3,fp1,ericsson,12,3,,,31.277,46.024,SOFT,1,1,282.0,0,0,0
2018,3,fp1,ericsson,13,3,96.909,25.094,28.623,43.192,SOFT,2,1,314.0,1,0,1
2018,3,fp1,ericsson,14,3,111.933,28.313,34.116,49.504,SOFT,3,1,264.0,0,0,1
2018,3,fp1,ericsson,15,3,96.98,25.239,28.636,43.105,SOFT,4,1,310.0,0,0,1
2018,3,fp1,ericsson,16,3,113.95,29.84,35.026,49.084,SOFT,5,1,283.0,0,0,1
2018,3,fp1,ericsson,17,3,103.312,25.345,29.166,48.801,SOFT,6,1,281.0,0,0,1
2018,3,fp1,ericsson,18,3,98.041,25.453,28.935,43.653,SOFT,7,1,306.0,0,0,1
2018,3,fp1,ericsson,19,3,116.627,27.216,32.601,56.81,SOFT,8,1,268.0,0,0,0
2018,3,fp1,ericsson,20,4,,,33.238,46.602,SOFT,9,0,287.0,0,0,0
2018,3,fp1,ericsson,21,4,107.509,25.669,29.314,52.526,SOFT,10,0,280.0,0,0,0
2018,3,fp1,gasly,1,,,,39.917,60.971,,,1,244.0,0,0,0
2018,3,fp1,gasly,2,1,,,33.978,48.182,SOFT,2,0,303.0,0,0,0
2018,3,fp1,gasly,3,1,100.292,26.203,29.881,44.208,SOFT,3,0,303.0,1,0,0
2018,3,fp1,gasly,4,1,100.037,25.91,29.55,44.577,SOFT,4,0,296.0,1,0,0
2018,3,fp1,gasly,5,1,116.1,29.626,36.505,49.969,SOFT,5,0,272.0,0,0,0
2018,3,fp1,gasly,6,1,97.965,25.301,29.082,43.582,SOFT,6,0,309.0,1,0,0
2018,3,fp1,gasly,7,1,113.988,28.499,34.412,51.077,SOFT,7,0,264.0,0,0,0
2018,3,fp1,gasly,8,1,98.299,25.547,29.192,43.56,SOFT,8,0,308.0,0,0,0
2018,3,fp1,gasly,9,1,116.269,28.008,34.297,53.964,SOFT,9,0,276.0,0,0,0
2018,3,fp1,gasly,10,2,,68.775,33.103,51.314,SOFT,10,0,292.0,0,0,0
2018,3,fp1,gasly,11,3,,,34.083,48.073,SOFT,1,1,284.0,0,0,0
2018,3,fp1,gasly,12,3,96.037,25.193,28.358,42.486,SOFT,2,1,311.0,1,0,1
2018,3,fp1,gasly,13,3,115.581,29.499,36.911,49.171,SOFT,3,1,274.0,0,0,1
2018,3,fp1,gasly,14,3,96.353,25.182,28.436,42.735,SOFT,4,1,311.0,0,0,1
2018,3,fp1,gasly,15,3,116.497,28.969,37.857,49.671,SOFT,5,1,272.0,0,0,1
2018,3,fp1,gasly,16,3,102.584,25.077,28.551,48.956,SOFT,6,1,289.0,0,0,0
2018,3,fp1,gasly,17,4,,,35.484,46.321,SOFT,7,0,280.0,0,0,0
2018,3,fp1,gasly,18,4,97.722,25.484,29.098,43.14,SOFT,8,0,306.0,0,0,1
2018,3,fp1,gasly,19,4,102.314,28.41,30.064,43.84,SOFT,9,0,297.0,0,0,1
2018,3,fp1,gasly,20,4,97.959,25.528,29.012,43.419,SOFT,10,0,307.0,0,0,1
2018,3,fp1,gasly,21,4,110.999,25.72,32.786,52.493,SOFT,11,0,274.0,0,0,0
2018,3,fp1,perez,1,,,,31.093,70.486,,,1,82.0,0,0,0
2018,3,fp1,perez,2,1,,,31.775,49.518,MEDIUM,2,0,287.0,0,0,0
2018,3,fp1,perez,3,1,98.047,25.269,28.962,43.816,MEDIUM,3,0,310.0,1,0,0
2018,3,fp1,perez,4,1,113.464,27.581,32.219,53.664,MEDIUM,4,0,280.0,0,0,0
2018,3,fp1,perez,5,1,99.225,25.586,28.971,44.668,MEDIUM,5,0,307.0,0,0,0
2018,3,fp1,perez,6,1,115.58,28.756,33.7,53.124,MEDIUM,6,0,281.0,0,0,0
2018,3,fp1,perez,7,1,99.105,25.856,29.725,43.524,MEDIUM,7,0,294.0,0,0,0
2018,3,fp1,perez,8,1,108.358,27.905,30.825,49.628,MEDIUM,8,0,281.0,0,0,0
2018,3,fp1,perez,9,1,97.331,25.323,28.972,43.036,MEDIUM,9,0,311.0,1,0,0
2018,3,fp1,perez,10,1,113.824,27.6,29.932,56.292,MEDIUM,10,0,198.0,0,0,0
2018,3,fp1,perez,11,2,,49.985,30.171,79.156,MEDIUM,11,0,84.0,0,0,0
2018,3,fp1,perez,12,3,,,34.587,50.889,MEDIUM,1,1,278.0,0,0,0
2018,3,fp1,perez,13,3,96.051,25.143,28.345,42.563,MEDIUM,2,1,310.0,1,0,0
2018,3,fp1,perez,14,3,119.952,28.608,37.597,53.747,MEDIUM,3,1,278.0,0,0,0
2018,3,fp1,perez,15,3,96.433,25.243,28.389,42.801,MEDIUM,4,1,311.0,0,0,0
2018,3,fp1,perez,16,3,114.851,28.169,34.981,51.701,MEDIUM,5,1,244.0,0,0,0
2018,3,fp1,perez,17,3,97.785,25.506,28.878,43.401,MEDIUM,6,1,297.0,0,0,0
2018,3,fp1,perez,18,3,124.178,27.318,32.466,64.394,MEDIUM,7,1,198.0,0,0,0
2018,3,fp1,perez,19,4,,,34.627,53.575,MEDIUM,8,0,280.0,0,0,0
2018,3,fp1,perez,20,4,100.74,26.442,30.028,44.27,MEDIUM,9,0,292.0,0,0,1
2018,3,fp1,perez,21,4,100.127,26.334,29.781,44.012,MEDIUM,10,0,296.0,0,0,1
2018,3,fp1,perez,22,4,99.976,26.258,29.834,43.884,MEDIUM,11,0,292.0,0,0,1
2018,3,fp1,perez,23,4,100.442,26.429,30.039,43.974,MEDIUM,12,0,294.0,0,0,1
2018,3,fp1,perez,24,4,100.209,26.499,29.735,43.975,MEDIUM,13,0,292.0,0,0,1
2018,3,fp1,perez,25,4,100.408,26.355,29.825,44.228,MEDIUM,14,0,298.0,0,0,1
2018,3,fp1,perez,26,4,100.356,26.417,29.752,44.187,MEDIUM,15,0,289.0,0,0,1
2018,3,fp1,perez,27,4,100.835,26.413,29.771,44.651,MEDIUM,16,0,289.0,0,0,1
2018,3,fp1,perez,28,4,119.822,27.095,32.571,60.156,MEDIUM,17,0,199.0,0,0,0
2018,3,fp1,alonso,1,,,,33.209,55.463,,,1,284.0,0,0,0
2018,3,fp1,alonso,2,1,,,33.498,48.452,SOFT,2,0,279.0,0,0,0
2018,3,fp1,alonso,3,1,98.765,25.442,29.157,44.166,SOFT,3,0,292.0,1,0,0
2018,3,fp1,alonso,4,1,109.467,28.128,32.192,49.147,SOFT,4,0,255.0,0,0,0
2018,3,fp1,alonso,5,1,98.799,25.506,29.057,44.236,SOFT,5,0,293.0,0,0,0
2018,3,fp1,alonso,6,1,113.281,26.832,32.607,53.842,SOFT,6,0,271.0,0,0,0
2018,3,fp1,alonso,7,2,,,33.067,47.561,SOFT,7,0,286.0,0,0,0
2018,3,fp1,alonso,8,2,98.371,25.561,29.074,43.736,SOFT,8,0,296.0,1,0,0
2018,3,fp1,alonso,9,2,112.39,27.398,34.953,50.039,SOFT,9,0,277.0,0,0,0
2018,3,fp1,alonso,10,2,97.888,25.519,28.938,43.431,SOFT,10,0,303.0,1,0,0
2018,3,fp1,alonso,11,2,111.359,27.132,32.499,51.728,SOFT,11,0,259.0,0,0,0
2018,3,fp1,alonso,12,3,,,33.643,48.314,ULTRASOFT,1,1,282.0,0,0,0
2018,3,fp1,alonso,13,3,96.044,24.977,28.338,42.729,ULTRASOFT,2,1,300.0,1,0,0
2018,3,fp1,alonso,14,3,116.235,29.851,36.272,50.112,ULTRASOFT,3,1,276.0,0,0,0
2018,3,fp1,alonso,15,3,96.738,25.172,28.467,43.099,ULTRASOFT,4,1,298.0,0,0,0
2018,3,fp1,alonso,16,3,114.516,29.048,34.014,51.454,ULTRASOFT,5,1,281.0,0,0,0
2018,3,fp1,alonso,17,3,96.881,25.306,28.604,42.971,ULTRASOFT,6,1,300.0,0,0,0
2018,3,fp1,alonso,18,3,114.587,27.711,34.804,52.072,ULTRASOFT,7,1,292.0,0,0,0
2018,3,fp1,alonso,19,4,,,37.911,53.216,ULTRASOFT,8,0,284.0,0,0,0
2018,3,fp1,alonso,20,4,97.233,25.433,28.746,43.054,ULTRASOFT,9,0,300.0,0,0,1
2018,3,fp1,alonso,21,4,110.859,27.299,31.826,51.734,ULTRASOFT,10,0,281.0,0,0,0
2018,3,fp1,alonso,22,5,126.425,47.772,31.287,47.366,ULTRASOFT,11,0,278.0,0,0,0
2018,3,fp1,alonso,23,5,97.567,25.601,29.058,42.908,ULTRASOFT,12,0,306.0,0,0,1
2018,3,fp1,alonso,24,5,101.853,27.243,30.31,44.3,ULTRASOFT,13,0,291.0,0,0,1
2018,3,fp1,alonso,25,5,99.16,26.019,29.337,43.804,ULTRASOFT,14,0,295.0,0,0,1
2018,3,fp1,alonso,26,5,99.922,26.171,29.855,43.896,ULTRASOFT,15,0,302.0,0,0,1
2018,3,fp1,alonso,27,5,99.464,26.132,29.375,43.957,ULTRASOFT,16,0,294.0,0,0,1
2018,3,fp1,alonso,28,5,100.392,26.275,30.159,43.958,ULTRASOFT,17,0,308.0,0,0,1
2018,3,fp1,alonso,29,5,109.161,26.131,29.343,53.687,ULTRASOFT,18,0,224.0,0,0,0
2018,3,fp1,leclerc,1,,,,36.404,61.01,,,1,250.0,0,0,0
2018,3,fp1,leclerc,2,1,,61.68,34.682,60.391,MEDIUM,1,0,256.0,0,0,0
2018,3,fp1,leclerc,3,2,,,35.455,49.565,MEDIUM,3,0,202.0,0,0,0
2018,3,fp1,leclerc,4,2,102.792,26.615,30.748,45.429,MEDIUM,4,0,292.0,1,0,0
2018,3,fp1,leclerc,5,2,100.295,25.861,29.603,44.831,MEDIUM,5,0,305.0,1,0,0
2018,3,fp1,leclerc,6,2,102.561,26.186,32.062,44.313,MEDIUM,6,0,308.0,0,0,0
2018,3,fp1,leclerc,7,2,98.934,25.639,29.39,43.905,MEDIUM,7,0,308.0,1,0,0
2018,3,fp1,leclerc,8,2,98.672,25.589,29.016,44.067,MEDIUM,8,0,309.0,1,0,0
2018,3,fp1,leclerc,9,2,98.182,25.603,28.953,43.626,MEDIUM,9,0,306.0,1,0,0
2018,3,fp1,leclerc,10,2,98.584,25.66,29.126,43.798,MEDIUM,10,0,307.0,0,0,0
2018,3,fp1,leclerc,11,2,111.823,25.902,30.379,55.542,MEDIUM,11,0,271.0,0,0,0
2018,3,fp1,leclerc,12,3,,,32.712,48.529,SOFT,1,1,235.0,0,0,0
2018,3,fp1,leclerc,13,3,96.9,25.058,28.392,43.45,SOFT,2,1,314.0,1,0,1
2018,3,fp1,leclerc,14,3,115.112,28.859,38.608,47.645,SOFT,3,1,208.0,0,0,1
2018,3,fp1,leclerc,15,3,96.723,25.231,28.565,42.927,SOFT,4,1,312.0,1,0,1
2018,3,fp1,leclerc,16,3,111.563,29.084,34.738,47.741,SOFT,5,1,247.0,0,0,1
2018,3,fp1,leclerc,17,3,103.28,25.353,28.547,49.38,SOFT,6,1,207.0,0,0,1
2018,3,fp1,leclerc,18,3,99.361,25.419,28.585,45.357,SOFT,7,1,307.0,0,0,1
2018,3,fp1,leclerc,19,3,123.769,28.958,33.629,61.182,SOFT,8,1,211.0,0,0,0
2018,3,fp1,leclerc,20,4,,,36.998,48.124,SOFT,9,0,269.0,0,0,0
2018,3,fp1,leclerc,21,4,102.504,26.412,30.621,45.471,SOFT,10,0,304.0,0,0,1
2018,3,fp1,leclerc,22,4,98.198,25.6,28.848,43.75,SOFT,11,0,310.0,0,0,1
2018,3,fp1,leclerc,23,4,112.468,26.7,32.884,52.884,SOFT,12,0,242.0,0,0,0
2018,3,fp1,stroll,1,,,,35.281,49.84,,,1,284.0,0,0,0
2018,3,fp1,stroll,2,1,102.648,26.724,30.822,45.102,SOFT,1,1,300.0,1,0,0
2018,3,fp1,stroll,3,1,111.375,28.141,30.808,52.426,SOFT,2,1,286.0,0,0,0
2018,3,fp1,stroll,4,2,,,31.747,47.611,SOFT,4,0,299.0,0,0,0
2018,3,fp1,stroll,5,2,100.557,26.279,29.854,44.424,SOFT,5,0,302.0,1,0,0
2018,3,fp1,stroll,6,2,114.489,26.408,30.155,57.926,SOFT,6,0,277.0,0,0,0
2018,3,fp1,stroll,7,3,136.474,56.923,33.038,46.513,SOFT,7,0,302.0,0,0,0
2018,3,fp1,stroll,8,3,99.642,25.935,29.531,44.176,SOFT,8,0,303.0,1,0,0
2018,3,fp1,stroll,9,3,99.413,25.937,29.329,44.147,SOFT,9,0,303.0,1,0,0
2018,3,fp1,stroll,10,3,119.273,30.556,33.442,55.275,SOFT,10,0,295.0,0,0,0
2018,3,fp1,stroll,11,3,98.651,25.731,29.126,43.794,SOFT,11,0,305.0,1,0,0
2018,3,fp1,stroll,12,3,108.204,27.096,30.602,50.506,SOFT,12,0,287.0,0,0,0
2018,3,fp1,stroll,13,4,140.375,60.036,30.368,49.971,SOFT,13,0,287.0,0,0,0
2018,3,fp1,stroll,14,4,,,29.814,52.215,SOFT,14,0,301.0,0,0,0
2018,3,fp1,stroll,15,4,97.277,25.306,28.655,43.316,SOFT,15,0,304.0,1,0,0
2018,3,fp1,stroll,16,4,97.738,25.468,28.881,43.389,SOFT,16,0,305.0,0,0,0
2018,3,fp1,stroll,17,4,113.549,28.231,32.139,53.179,SOFT,17,0,241.0,0,0,0
2018,3,fp1,stroll,18,4,97.617,25.509,28.804,43.304,SOFT,18,0,305.0,0,0,1
2018,3,fp1,stroll,19,5,125.296,27.92,40.595,56.781,MEDIUM,1,1,238.0,0,0,0
2018,3,fp1,stroll,20,6,,,31.149,45.524,MEDIUM,7,0,284.0,0,0,0
2018,3,fp1,stroll,21,6,103.027,26.771,30.276,45.98,MEDIUM,8,0,301.0,0,0,1
2018,3,fp1,stroll,22,6,103.037,27.089,30.486,45.462,MEDIUM,9,0,297.0,0,0,1
2018,3,fp1,stroll,23,6,108.155,28.542,33.065,46.548,MEDIUM,10,0,299.0,0,0,1
2018,3,fp1,stroll,24,6,101.874,26.665,30.138,45.071,MEDIUM,11,0,275.0,0,0,1
2018,3,fp1,stroll,25,6,102.805,26.782,30.11,45.913,MEDIUM,12,0,292.0,0,0,1
2018,3,fp1,stroll,26,6,103.11,26.803,30.208,46.099,MEDIUM,13,0,285.0,0,0,1
2018,3,fp1,stroll,27,6,101.507,26.618,30.151,44.738,MEDIUM,14,0,295.0,0,0,1
2018,3,fp1,stroll,28,6,128.865,27.674,40.694,60.497,MEDIUM,15,0,204.0,0,0,0
2018,3,fp1,kevin_magnussen,1,,,,32.206,54.258,,,1,289.0,0,0,0
2018,3,fp1,kevin_magnussen,2,1,,,31.212,48.604,SOFT,2,0,286.0,0,0,0
2018,3,fp1,kevin_magnussen,3,1,99.148,25.244,29.218,44.686,SOFT,3,0,309.0,1,0,0
2018,3,fp1,kevin_magnussen,4,1,114.675,27.103,35.951,51.621,SOFT,4,0,284.0,0,0,0
2018,3,fp1,kevin_magnussen,5,1,98.401,25.526,29.282,43.593,SOFT,5,0,307.0,1,0,0
2018,3,fp1,kevin_magnussen,6,1,103.663,26.67,31.227,45.766,SOFT,6,0,286.0,0,0,0
2018,3,fp1,kevin_magnussen,7,1,97.25,25.18,28.78,43.29,SOFT,7,0,306.0,1,0,0
2018,3,fp1,kevin_magnussen,8,1,132.114,30.429,42.273,59.412,SOFT,8,0,247.0,0,0,0
2018,3,fp1,kevin_magnussen,9,1,107.411,25.316,28.776,53.319,SOFT,9,0,198.0,0,0,0
2018,3,fp1,kevin_magnussen,10,2,,,37.691,50.844,ULTRASOFT,1,1,287.0,0,0,0
2018,3,fp1,kevin_magnussen,11,2,95.178,24.63,28.018,42.53,ULTRASOFT,2,1,310.0,1,0,1
2018,3,fp1,kevin_magnussen,12,2,126.241,29.248,42.739,54.254,ULTRASOFT,3,1,276.0,0,0,1
2018,3,fp1,kevin_magnussen,13,2,96.476,24.98,28.177,43.319,ULTRASOFT,4,1,307.0,0,0,1
2018,3,fp1,kevin_magnussen,14,2,123.476,29.082,38.678,55.716,ULTRASOFT,5,1,285.0,0,0,0
2018,3,fp1,kevin_magnussen,15,3,,,31.397,43.804,ULTRASOFT,6,0,307.0,0,0,0
2018,3,fp1,kevin_magnussen,16,3,99.017,25.963,29.74,43.314,ULTRASOFT,7,0,311.0,0,0,1
2018,3,fp1,kevin_magnussen,17,3,99.314,25.97,29.745,43.599,ULTRASOFT,8,0,307.0,0,0,1
2018,3,fp1,kevin_magnussen,18,3,100.256,26.506,29.861,43.889,ULTRASOFT,9,0,308.0,0,0,1
2018,3,fp1,kevin_magnussen,19,3,100.365,26.384,30.104,43.877,ULTRASOFT,10,0,318.0,0,0,1
2018,3,fp1,kevin_magnussen,20,3,99.834,26.103,29.746,43.985,ULTRASOFT,11,0,310.0,0,0,1
2018,3,fp1,kevin_magnussen,21,3,115.479,26.791,32.453,56.235,ULTRASOFT,12,0,198.0,0,0,0
2018,3,fp1,hulkenberg,1,,,,39.403,59.894,,,1,248.0,0,0,0
2018,3,fp1,hulkenberg,2,1,,,36.584,57.654,MEDIUM,1,1,247.0,0,0,0
2018,3,fp1,hulkenberg,3,2,,,32.88,49.488,MEDIUM,3,0,273.0,0,0,0
2018,3,fp1,hulkenberg,4,2,98.928,25.877,29.34,43.711,MEDIUM,4,0,305.0,1,0,0
2018,3,fp1,hulkenberg,5,2,98.164,25.724,28.9,43.54,MEDIUM,5,0,292.0,1,0,0
2018,3,fp1,hulkenberg,6,2,118.679,29.263,36.259,53.157,MEDIUM,6,0,268.0,0,0,0
2018,3,fp1,hulkenberg,7,2,97.545,25.474,28.947,43.124,MEDIUM,7,0,308.0,1,0,0
2018,3,fp1,hulkenberg,8,2,103.663,27.705,30.954,45.004,MEDIUM,8,0,287.0,0,0,0
2018,3,fp1,hulkenberg,9,2,102.134,25.58,28.652,47.902,MEDIUM,9,0,307.0,0,0,0
2018,3,fp1,hulkenberg,10,3,,,36.302,51.188,SOFT,1,1,263.0,0,0,0
2018,3,fp1,hulkenberg,11,3,95.8,25.179,28.215,42.406,SOFT,2,1,304.0,1,0,0
2018,3,fp1,hulkenberg,12,3,115.298,29.951,37.415,47.932,SOFT,3,1,284.0,0,0,0
2018,3,fp1,hulkenberg,13,3,96.144,25.268,28.401,42.475,SOFT,4,1,306.0,0,0,0
2018,3,fp1,hulkenberg,14,3,119.043,30.43,37.904,50.709,SOFT,5,1,281.0,0,0,0
2018,3,fp1,hulkenberg,15,3,96.639,25.483,28.507,42.649,SOFT,6,1,291.0,0,0,1
2018,3,fp1,hulkenberg,16,3,129.756,26.732,34.458,68.566,SOFT,7,1,138.0,0,0,0
2018,3,fp1,hulkenberg,17,4,,,32.348,49.905,,,0,289.0,0,0,0
2018,3,fp1,hulkenberg,18,4,147.459,66.924,31.018,49.517,,,0,289.0,0,0,0
2018,3,fp1,brendon_hartley,1,,,,41.285,57.899,,,1,275.0,0,0,0
2018,3,fp1,brendon_hartley,2,1,,,31.259,45.363,SOFT,2,0,303.0,0,0,0
2018,3,fp1,brendon_hartley,3,1,100.148,25.725,29.661,44.762,SOFT,3,0,302.0,1,0,0
2018,3,fp1,brendon_hartley,4,1,100.401,25.967,29.65,44.784,SOFT,4,0,297.0,0,0,0
2018,3,fp1,brendon_hartley,5,1,99.399,25.774,29.35,44.275,SOFT,5,0,301.0,1,0,0
2018,3,fp1,brendon_hartley,6,1,121.317,27.328,39.775,54.214,SOFT,6,0,274.0,0,0,0
2018,3,fp1,brendon_hartley,7,1,98.574,25.737,29.135,43.702,SOFT,7,0,313.0,1,0,0
2018,3,fp1,brendon_hartley,8,1,112.454,28.117,34.741,49.596,SOFT,8,0,274.0,0,0,0
2018,3,fp1,brendon_hartley,9,1,97.937,25.468,28.927,43.542,SOFT,9,0,310.0,1,0,0
2018,3,fp1,brendon_hartley,10,1,111.734,27.18,33.009,51.545,SOFT,10,0,264.0,0,0,0
2018,3,fp1,brendon_hartley,11,2,143.687,62.429,30.955,50.303,SOFT,11,0,283.0,0,0,0
2018,3,fp1,brendon_hartley,12,3,,,36.352,47.776,SOFT,1,1,282.0,0,0,0
2018,3,fp1,brendon_hartley,13,3,96.715,24.98,28.814,42.921,SOFT,2,1,307.0,1,0,1
2018,3,fp1,brendon_hartley,14,3,112.436,29.804,33.621,49.011,SOFT,3,1,274.0,0,0,1
2018,3,fp1,brendon_hartley,15,3,97.189,25.3,29.021,42.868,SOFT,4,1,310.0,0,0,1
2018,3,fp1,brendon_hartley,16,3,112.973,30.304,35.335,47.334,SOFT,5,1,285.0,0,0,1
2018,3,fp1,brendon_hartley,17,3,97.326,25.579,28.834,42.913,SOFT,6,1,310.0,0,0,1
2018,3,fp1,brendon_hartley,18,3,102.855,27.679,31.372,43.804,SOFT,7,1,304.0,0,0,1
2018,3,fp1,brendon_hartley,19,3,98.568,25.66,29.28,43.628,SOFT,8,1,301.0,0,0,1
2018,3,fp1,brendon_hartley,20,3,102.604,26.455,29.911,46.238,SOFT,9,1,314.0,0,0,1
2018,3,fp1,brendon_hartley,21,3,98.814,25.702,29.505,43.607,SOFT,10,1,299.0,0,0,1
2018,3,fp1,brendon_hartley,22,3,99.339,25.809,29.688,43.842,SOFT,11,1,305.0,0,0,1
2018,3,fp1,brendon_hartley,23,3,111.636,26.833,31.518,53.285,SOFT,12,1,291.0,0,0,0
2018,3,fp1,ocon,1,1,,,33.582,52.278,MEDIUM,1,1,225.0,0,0,0
2018,3,fp1,ocon,2,1,114.563,27.773,32.28,54.51,MEDIUM,2,1,266.0,0,0,0
2018,3,fp1,ocon,3,2,,,31.297,50.316,MEDIUM,3,0,278.0,0,0,0
2018,3,fp1,ocon,4,2,108.045,27.079,30.551,50.415,MEDIUM,4,0,288.0,0,0,0
2018,3,fp1,ocon,5,3,,,34.994,48.433,MEDIUM,5,0,295.0,0,0,0
2018,3,fp1,ocon,6,3,99.039,25.721,29.043,44.275,MEDIUM,6,0,308.0,1,0,0
2018,3,fp1,ocon,7,3,98.341,25.577,29.011,43.753,MEDIUM,7,0,299.0,1,0,0
2018,3,fp1,ocon,8,3,114.938,28.079,37.805,49.054,MEDIUM,8,0,293.0,0,0,0
2018,3,fp1,ocon,9,3,97.958,25.357,28.897,43.704,MEDIUM,9,0,309.0,1,0,0
2018,3,fp1,ocon,10,3,110.12,27.964,36.468,45.688,MEDIUM,10,0,292.0,0,0,0
2018,3,fp1,ocon,11,3,97.422,25.403,28.677,43.342,MEDIUM,11,0,309.0,1,0,0
2018,3,fp1,ocon,12,3,112.836,28.079,34.701,50.056,MEDIUM,12,0,294.0,0,0,0
2018,3,fp1,ocon,13,3,96.914,25.437,28.343,43.134,MEDIUM,13,0,311.0,1,0,0
2018,3,fp1,ocon,14,3,111.0,27.117,30.225,53.658,MEDIUM,14,0,250.0,0,0,0
2018,3,fp1,ocon,15,3,,,38.694,46.873,MEDIUM,15,0,292.0,0,0,0
2018,3,fp1,ocon,16,3,96.351,24.86,28.447,43.044,MEDIUM,16,0,308.0,1,0,0
2018,3,fp1,ocon,17,3,118.149,30.096,38.616,49.437,MEDIUM,17,0,295.0,0,0,0
2018,3,fp1,ocon,18,3,96.811,25.246,28.542,43.023,MEDIUM,18,0,310.0,0,0,0
2018,3,fp1,ocon,19,3,122.757,30.401,38.598,53.758,MEDIUM,19,0,295.0,0,0,0
2018,3,fp1,ocon,20,3,96.522,25.198,28.447,42.877,MEDIUM,20,0,311.0,0,0,1
2018,3,fp1,ocon,21,4,114.436,27.883,31.585,54.968,MEDIUM,1,1,228.0,0,0,0
2018,3,fp1,ocon,22,5,,,31.548,46.087,MEDIUM,8,0,289.0,0,0,0
2018,3,fp1,ocon,23,5,100.361,26.358,29.644,44.359,MEDIUM,9,0,311.0,0,0,1
2018,3,fp1,ocon,24,5,101.238,26.587,30.565,44.086,MEDIUM,10,0,323.0,0,0,1
2018,3,fp1,ocon,25,5,100.313,26.378,29.775,44.16,MEDIUM,11,0,285.0,0,0,1
2018,3,fp1,ocon,26,5,99.91,26.402,29.605,43.903,MEDIUM,12,0,296.0,0,0,1
2018,3,fp1,ocon,27,5,100.281,26.405,29.711,44.165,MEDIUM,13,0,291.0,0,0,1
2018,3,fp1,ocon,28,5,100.805,26.305,29.754,44.746,MEDIUM,14,0,283.0,0,0,1
2018,3,fp1,ocon,29,5,100.53,26.324,29.684,44.522,MEDIUM,15,0,284.0,0,0,1
2018,3,fp1,ocon,30,5,101.022,26.46,29.757,44.805,MEDIUM,16,0,286.0,0,0,1
2018,3,fp1,ocon,31,5,100.734,26.418,29.621,44.695,MEDIUM,17,0,282.0,0,0,1
2018,3,fp1,ocon,32,5,112.008,27.346,31.444,53.218,MEDIUM,18,0,270.0,0,0,0
2018,3,fp1,max_verstappen,1,1,,,37.777,52.004,MEDIUM,1,1,251.0,0,0,0
2018,3,fp1,max_verstappen,2,1,97.539,25.234,28.482,43.823,MEDIUM,2,1,296.0,1,0,0
2018,3,fp1,max_verstappen,3,1,129.009,34.854,42.427,51.728,MEDIUM,3,1,246.0,0,0,0
2018,3,fp1,max_verstappen,4,1,96.966,24.955,28.374,43.637,MEDIUM,4,1,299.0,1,0,0
2018,3,fp1,max_verstappen,5,1,115.45,27.896,34.069,53.485,MEDIUM,5,1,283.0,0,0,0
2018,3,fp1,max_verstappen,6,2,,67.583,34.906,54.807,MEDIUM,6,0,224.0,0,0,0
2018,3,fp1,max_verstappen,7,2,96.123,24.833,28.182,43.108,MEDIUM,7,0,301.0,1,0,0
2018,3,fp1,max_verstappen,8,2,119.741,30.289,36.62,52.832,MEDIUM,8,0,253.0,0,0,0
2018,3,fp1,max_verstappen,9,2,95.697,24.926,27.989,42.782,MEDIUM,9,0,304.0,1,0,0
2018,3,fp1,max_verstappen,10,2,109.516,27.258,31.121,51.137,MEDIUM,10,0,285.0,0,0,0
2018,3,fp1,max_verstappen,11,3,,,40.065,69.938,ULTRASOFT,1,1,247.0,0,0,0
2018,3,fp1,max_verstappen,12,3,125.695,35.673,39.413,50.609,ULTRASOFT,2,1,276.0,0,0,1
2018,3,fp1,max_verstappen,13,3,94.668,24.621,27.932,42.115,ULTRASOFT,3,1,305.0,1,0,1
2018,3,fp1,max_verstappen,14,3,114.556,27.983,33.432,53.141,ULTRASOFT,4,1,263.0,0,0,0
2018,3,fp1,max_verstappen,15,3,,,32.661,47.257,ULTRASOFT,5,1,269.0,0,0,0
2018,3,fp1,max_verstappen,16,3,99.379,26.144,29.722,43.513,ULTRASOFT,6,1,291.0,0,0,1
2018,3,fp1,max_verstappen,17,3,99.354,26.175,29.504,43.675,ULTRASOFT,7,1,292.0,0,0,1
2018,3,fp1,max_verstappen,18,4,99.517,26.074,29.662,43.781,ULTRASOFT,5,0,290.0,0,0,1
2018,3,fp1,max_verstappen,19,4,99.795,26.026,29.5,44.269,ULTRASOFT,6,0,289.0,0,0,1
2018,3,fp1,max_verstappen,20,4,99.7,26.199,29.563,43.938,ULTRASOFT,7,0,289.0,0,0,1
2018,3,fp1,max_verstappen,21,4,99.83,26.273,29.525,44.032,ULTRASOFT,8,0,289.0,0,0,1
2018,3,fp1,max_verstappen,22,4,117.812,28.369,33.0,56.443,ULTRASOFT,9,0,170.0,0,0,0
2018,3,fp1,sirotkin,1,,,,38.261,60.489,,,1,237.0,0,0,0
2018,3,fp1,sirotkin,2,1,,81.344,40.133,62.236,SOFT,1,1,237.0,0,0,0
2018,3,fp1,sirotkin,3,2,,,34.188,49.348,SOFT,1,1,298.0,0,0,0
2018,3,fp1,sirotkin,4,2,102.516,26.659,30.633,45.224,SOFT,2,1,298.0,1,0,0
2018,3,fp1,sirotkin,5,2,101.068,25.849,29.806,45.413,SOFT,3,1,301.0,1,0,0
2018,3,fp1,sirotkin,6,2,110.568,28.025,34.73,47.813,SOFT,4,1,286.0,0,0,0
2018,3,fp1,sirotkin,7,2,100.25,26.33,29.547,44.373,SOFT,5,1,301.0,1,0,0
2018,3,fp1,sirotkin,8,2,99.612,25.787,29.528,44.297,SOFT,6,1,302.0,1,0,0
2018,3,fp1,sirotkin,9,2,113.16,29.292,33.605,50.263,SOFT,7,1,288.0,0,0,0
2018,3,fp1,sirotkin,10,2,97.98,25.441,28.913,43.626,SOFT,8,1,302.0,1,0,0
2018,3,fp1,sirotkin,11,2,123.62,28.592,33.192,61.836,SOFT,9,1,120.0,0,0,0
2018,3,fp1,sirotkin,12,3,,71.557,41.854,59.78,SOFT,10,0,238.0,0,0,0
2018,3,fp1,sirotkin,13,4,,,33.041,47.118,SOFT,3,0,301.0,0,0,0
2018,3,fp1,sirotkin,14,4,96.691,25.291,28.454,42.946,SOFT,4,0,302.0,1,0,0
2018,3,fp1,sirotkin,15,4,96.71,25.289,28.466,42.955,SOFT,5,0,303.0,0,0,0
2018,3,fp1,sirotkin,16,4,109.287,28.717,32.398,48.172,SOFT,6,0,287.0,0,0,0
2018,3,fp1,sirotkin,17,4,96.949,25.152,28.521,43.276,SOFT,7,0,305.0,0,0,0
2018,3,fp1,sirotkin,18,4,97.905,25.409,28.928,43.568,SOFT,8,0,305.0,0,0,0
2018,3,fp1,sirotkin,19,4,124.688,29.055,34.915,60.718,SOFT,9,0,239.0,0,0,0
2018,3,fp1,sirotkin,20,5,,,34.142,53.955,SOFT,10,0,282.0,0,0,0
2018,3,fp1,sirotkin,21,6,141.059,63.728,31.757,45.574,SOFT,11,0,282.0,0,0,0
2018,3,fp1,sirotkin,22,6,101.902,26.432,30.412,45.058,SOFT,12,0,279.0,0,0,1
2018,3,fp1,sirotkin,23,6,101.486,26.535,30.354,44.597,SOFT,13,0,286.0,0,0,1
2018,3,fp1,sirotkin,24,6,101.207,26.369,30.257,44.581,SOFT,14,0,284.0,0,0,1
2018,3,fp1,sirotkin,25,6,101.011,26.454,30.129,44.428,SOFT,15,0,288.0,0,0,1
2018,3,fp1,sirotkin,26,6,101.177,26.571,29.957,44.649,SOFT,16,0,287.0,0,0,1
2018,3,fp1,sirotkin,27,6,101.599,26.593,30.124,44.882,SOFT,17,0,282.0,0,0,1
2018,3,fp1,sirotkin,28,6,101.786,26.673,30.208,44.905,SOFT,18,0,284.0,0,0,1
2018,3,fp1,sirotkin,29,6,101.956,26.674,30.18,45.102,SOFT,19,0,282.0,0,0,1
2018,3,fp1,sirotkin,30,6,102.212,26.772,30.349,45.091,SOFT,20,0,285.0,0,0,1
2018,3,fp1,sirotkin,31,6,126.949,28.49,41.186,57.273,SOFT,21,0,238.0,0,0,0
2018,3,fp1,hamilton,1,1,,,37.498,55.984,SOFT,1,1,283.0,0,0,0
2018,3,fp1,hamilton,2,2,,,35.586,53.336,SOFT,2,0,301.0,0,0,0
2018,3,fp1,hamilton,3,2,95.218,24.686,27.989,42.543,SOFT,3,0,312.0,1,0,0
2018,3,fp1,hamilton,4,2,118.865,28.938,39.073,50.854,SOFT,4,0,293.0,0,0,0
2018,3,fp1,hamilton,5,2,94.962,24.572,28.022,42.368,SOFT,5,0,312.0,1,0,0
2018,3,fp1,hamilton,6,2,115.922,30.493,37.253,48.176,SOFT,6,0,293.0,0,0,0
2018,3,fp1,hamilton,7,2,95.126,24.65,28.094,42.382,SOFT,7,0,311.0,0,0,0
2018,3,fp1,hamilton,8,2,127.756,29.894,41.292,56.57,SOFT,8,0,265.0,0,0,0
2018,3,fp1,hamilton,9,2,,,35.783,48.32,SOFT,9,0,295.0,0,0,0
2018,3,fp1,hamilton,10,2,93.999,24.368,27.817,41.814,SOFT,10,0,313.0,1,0,0
2018,3,fp1,hamilton,11,2,127.289,33.781,41.371,52.137,SOFT,11,0,283.0,0,0,0
2018,3,fp1,hamilton,12,2,112.142,25.612,36.961,49.569,SOFT,12,0,294.0,0,0,0
2018,3,fp1,hamilton,13,2,94.301,24.662,27.871,41.768,SOFT,13,0,312.0,0,0,1
2018,3,fp1,hamilton,14,3,114.26,28.524,36.058,49.678,SOFT,1,1,293.0,0,0,1
2018,3,fp1,hamilton,15,3,117.514,24.605,27.782,65.127,SOFT,2,1,237.0,0,0,0
2018,3,fp1,hamilton,16,3,,,30.743,56.22,SOFT,3,1,243.0,0,0,0
2018,3,fp1,hamilton,17,3,99.65,26.298,29.521,43.831,SOFT,4,1,296.0,0,0,1
2018,3,fp1,hamilton,18,4,99.417,26.11,29.451,43.856,SOFT,8,0,289.0,0,0,1
2018,3,fp1,hamilton,19,4,99.623,26.257,29.338,44.028,SOFT,9,0,281.0,0,0,1
2018,3,fp1,hamilton,20,4,99.629,26.093,29.426,44.11,SOFT,10,0,284.0,0,0,1
2018,3,fp1,hamilton,21,4,99.687,26.284,29.369,44.034,SOFT,11,0,286.0,0,0,1
2018,3,fp1,hamilton,22,4,114.713,27.634,31.514,55.565,SOFT,12,0,221.0,0,0,0
2018,3,fp1,sainz,1,,,,44.792,60.39,,,1,247.0,0,0,0
2018,3,fp1,sainz,2,1,,,34.554,54.933,SOFT,2,0,249.0,0,0,0
2018,3,fp1,sainz,3,1,97.839,25.328,28.973,43.538,SOFT,3,0,303.0,1,0,0
2018,3,fp1,sainz,4,1,115.125,30.478,36.724,47.923,SOFT,4,0,283.0,0,0,0
2018,3,fp1,sainz,5,1,97.411,25.349,28.825,43.237,SOFT,5,0,304.0,1,0,0
2018,3,fp1,sainz,6,1,127.9,34.175,44.304,49.421,SOFT,6,0,279.0,0,0,0
2018,3,fp1,sainz,7,1,97.06,25.371,28.517,43.172,SOFT,7,0,303.0,1,0,0
2018,3,fp1,sainz,8,1,97.35,25.578,28.597,43.175,SOFT,8,0,302.0,0,0,0
2018,3,fp1,sainz,9,1,124.024,29.978,36.294,57.752,SOFT,9,0,253.0,0,0,0
2018,3,fp1,sainz,10,2,,,35.77,53.101,,,0,286.0,0,0,0
2018,3,fp1,sainz,11,2,95.616,24.834,28.184,42.598,,,0,305.0,1,0,0
2018,3,fp1,sainz,12,2,134.713,31.719,43.055,59.939,,,0,280.0,0,0,0
2018,3,fp1,sainz,13,2,97.843,25.234,28.598,44.011,,,0,309.0,0,0,0
2018,3,fp1,sainz,14,2,126.514,33.088,35.934,57.492,,,0,258.0,0,0,0
2018,3,fp1,sainz,15,3,,,34.163,46.34,SOFT,6,0,282.0,0,0,0
2018,3,fp1,sainz,16,3,99.841,26.254,29.816,43.771,SOFT,7,0,291.0,0,0,1
2018,3,fp1,sainz,17,3,99.9,26.374,29.662,43.864,SOFT,8,0,295.0,0,0,1
2018,3,fp1,sainz,18,3,100.222,26.428,29.851,43.943,SOFT,9,0,294.0,0,0,1
2018,3,fp1,sainz,19,3,100.065,26.432,30.004,43.629,SOFT,10,0,302.0,0,0,1
2018,3,fp1,sainz,20,3,99.911,26.369,29.715,43.827,SOFT,11,0,296.0,0,0,1
2018,3,fp1,sainz,21,3,100.267,26.514,29.857,43.896,SOFT,12,0,293.0,0,0,1
2018,3,fp1,sainz,22,3,100.119,26.489,29.72,43.91,SOFT,13,0,293.0,0,0,1
2018,3,fp1,sainz,23,3,135.048,31.338,43.134,60.576,SOFT,14,0,242.0,0,0,0
2018,3,fp1,bottas,1,1,,,38.39,51.56,SOFT,1,1,265.0,0,0,0
2018,3,fp1,bottas,2,1,96.587,25.25,28.415,42.922,SOFT,2,1,315.0,1,0,0
2018,3,fp1,bottas,3,1,114.351,29.277,33.439,51.635,SOFT,3,1,293.0,0,0,0
2018,3,fp1,bottas,4,1,96.439,25.09,28.71,42.639,SOFT,4,1,309.0,1,0,0
2018,3,fp1,bottas,5,1,118.821,30.533,35.083,53.205,SOFT,5,1,166.0,0,0,0
2018,3,fp1,bottas,6,1,95.701,24.802,28.2,42.699,SOFT,6,1,314.0,1,0,0
2018,3,fp1,bottas,7,1,113.769,28.082,34.668,51.019,SOFT,7,1,297.0,0,0,0
2018,3,fp1,bottas,8,1,95.186,24.8,28.018,42.368,SOFT,8,1,310.0,1,0,0
2018,3,fp1,bottas,9,1,121.869,29.757,36.078,56.034,SOFT,9,1,279.0,0,0,0
2018,3,fp1,bottas,10,1,,,33.263,45.102,SOFT,10,1,285.0,0,0,0
2018,3,fp1,bottas,11,1,107.909,28.434,33.91,45.565,SOFT,11,1,298.0,0,0,0
2018,3,fp1,bottas,12,1,94.661,24.632,28.009,42.02,SOFT,12,1,309.0,1,0,0
2018,3,fp1,bottas,13,1,116.751,28.735,39.115,48.901,SOFT,13,1,294.0,0,0,0
2018,3,fp1,bottas,14,1,94.652,24.606,27.941,42.105,SOFT,14,1,311.0,1,0,0
2018,3,fp1,bottas,15,1,111.58,29.633,35.55,46.397,SOFT,15,1,283.0,0,0,1
2018,3,fp1,bottas,16,2,100.624,24.71,28.638,47.276,SOFT,1,1,282.0,0,0,1
2018,3,fp1,bottas,17,2,94.457,24.665,27.907,41.885,SOFT,2,1,311.0,1,0,1
2018,3,fp1,bottas,18,2,113.469,29.175,32.542,51.752,SOFT,3,1,287.0,0,0,0
2018,3,fp1,bottas,19,3,,,31.915,50.164,SOFT,10,0,281.0,0,0,0
2018,3,fp1,bottas,20,3,99.23,25.887,29.639,43.704,SOFT,11,0,292.0,0,0,1
2018,3,fp1,bottas,21,3,99.147,25.871,29.502,43.774,SOFT,12,0,286.0,0,0,1
2018,3,fp1,bottas,22,3,99.669,26.292,29.479,43.898,SOFT,13,0,285.0,0,0,1
2018,3,fp1,bottas,23,3,99.59,26.139,29.55,43.901,SOFT,14,0,293.0,0,0,1
2018,3,fp1,bottas,24,3,99.739,26.155,29.553,44.031,SOFT,15,0,283.0,0,0,1
2018,3,fp1,bottas,25,3,100.176,26.246,29.667,44.263,SOFT,16,0,283.0,0,0,1
2018,3,fp1,bottas,26,3,100.154,26.197,29.525,44.432,SOFT,17,0,283.0,0,0,1
2018,3,fp1,bottas,27,3,100.007,26.18,29.59,44.237,SOFT,18,0,283.0,0,0,1
2018,3,fp1,bottas,28,3,112.801,29.089,32.37,51.342,SOFT,19,0,261.0,0,0,0
2018,3,fp2,vandoorne,1,1,,,35.13,50.126,SOFT,1,1,267.0,0,0,0
2018,3,fp2,vandoorne,2,1,95.777,25.03,28.176,42.571,SOFT,2,1,304.0,1,0,0
2018,3,fp2,vandoorne,3,1,119.118,30.764,37.093,51.261,SOFT,3,1,277.0,0,0,0
2018,3,fp2,vandoorne,4,1,95.882,25.135,28.304,42.443,SOFT,4,1,304.0,0,0,0
2018,3,fp2,vandoorne,5,1,115.05,28.97,34.096,51.984,SOFT,5,1,288.0,0,0,0
2018,3,fp2,vandoorne,6,2,,,35.917,50.421,ULTRASOFT,1,1,230.0,0,0,0
2018,3,fp2,vandoorne,7,2,95.163,24.703,28.186,42.274,ULTRASOFT,2,1,304.0,1,0,1
2018,3,fp2,vandoorne,8,2,126.298,30.763,39.956,55.579,ULTRASOFT,3,1,244.0,0,0,0
2018,3,fp2,vandoorne,9,3,,,35.935,58.078,SOFT,6,0,187.0,0,0,0
2018,3,fp2,vandoorne,10,4,142.902,67.993,30.56,44.349,SOFT,7,0,290.0,0,0,0
2018,3,fp2,vandoorne,11,4,99.409,26.007,29.598,43.804,SOFT,8,0,295.0,0,0,1
2018,3,fp2,vandoorne,12,4,99.424,26.197,29.511,43.716,SOFT,9,0,292.0,0,0,1
2018,3,fp2,vandoorne,13,4,99.498,26.097,29.694,43.707,SOFT,10,0,292.0,0,0,1
2018,3,fp2,vandoorne,14,4,99.358,26.061,29.468,43.829,SOFT,11,0,295.0,0,0,1
2018,3,fp2,vandoorne,15,4,99.77,26.17,29.538,44.062,SOFT,12,0,304.0,0,0,1
2018,3,fp2,vandoorne,16,4,99.721,26.125,29.535,44.061,SOFT,13,0,291.0,0,0,1
2018,3,fp2,vandoorne,17,4,100.065,26.324,29.696,44.045,SOFT,14,0,287.0,0,0,1
2018,3,fp2,vandoorne,18,4,99.977,26.267,29.718,43.992,SOFT,15,0,290.0,0,0,1
2018,3,fp2,vandoorne,19,4,100.393,26.267,29.942,44.184,SOFT,16,0,291.0,0,0,1
2018,3,fp2,vandoorne,20,4,100.112,26.334,29.768,44.01,SOFT,17,0,293.0,0,0,1
2018,3,fp2,vandoorne,21,4,105.052,26.4,29.668,48.984,SOFT,18,0,295.0,0,0,0
2018,3,fp2,vandoorne,22,5,,60.5,29.668,,ULTRASOFT,4,0,295.0,0,0,0
2018,3,fp2,ricciardo,1,1,,,37.318,48.942,SOFT,1,1,289.0,0,0,0
2018,3,fp2,ricciardo,2,1,95.199,24.709,28.295,42.195,SOFT,2,1,305.0,1,0,0
2018,3,fp2,ricciardo,3,1,126.404,31.061,42.567,52.776,SOFT,3,1,260.0,0,0,0
2018,3,fp2,ricciardo,4,1,95.094,24.963,28.012,42.119,SOFT,4,1,305.0,1,0,0
2018,3,fp2,ricciardo,5,1,131.087,30.825,43.431,56.831,SOFT,5,1,248.0,0,0,0
2018,3,fp2,ricciardo,6,1,94.737,24.938,27.919,41.88,SOFT,6,1,304.0,1,0,0
2018,3,fp2,ricciardo,7,1,115.554,27.952,33.546,54.056,SOFT,7,1,282.0,0,0,0
2018,3,fp2,ricciardo,8,2,,,35.883,51.019,ULTRASOFT,1,1,273.0,0,0,0
2018,3,fp2,ricciardo,9,2,94.557,24.57,27.925,42.062,ULTRASOFT,2,1,306.0,1,0,1
2018,3,fp2,ricciardo,10,2,129.588,33.605,39.175,56.808,ULTRASOFT,3,1,281.0,0,0,0
2018,3,fp2,ricciardo,11,3,,,31.477,46.16,ULTRASOFT,4,0,302.0,0,0,0
2018,3,fp2,ricciardo,12,3,99.268,25.923,29.366,43.979,ULTRASOFT,5,0,291.0,0,0,1
2018,3,fp2,ricciardo,13,3,98.826,26.0,29.348,43.478,ULTRASOFT,6,0,294.0,0,0,1
2018,3,fp2,ricciardo,14,3,99.21,26.001,29.609,43.6,ULTRASOFT,7,0,298.0,0,0,1
2018,3,fp2,ricciardo,15,3,99.128,26.134,29.499,43.495,ULTRASOFT,8,0,302.0,0,0,1
2018,3,fp2,ricciardo,16,3,101.276,26.254,29.51,45.512,ULTRASOFT,9,0,299.0,0,0,1
2018,3,fp2,ricciardo,17,3,99.293,26.173,29.521,43.599,ULTRASOFT,10,0,296.0,0,0,1
2018,3,fp2,ricciardo,18,3,99.217,26.175,29.425,43.617,ULTRASOFT,11,0,298.0,0,0,1
2018,3,fp2,ricciardo,19,3,105.771,26.246,29.755,49.77,ULTRASOFT,12,0,321.0,0,0,0
2018,3,fp2,ricciardo,20,4,139.224,60.599,30.584,48.041,SOFT,8,0,293.0,0,0,0
2018,3,fp2,ricciardo,21,4,98.749,25.979,29.19,43.58,SOFT,9,0,294.0,0,0,1
2018,3,fp2,ricciardo,22,4,98.369,25.89,29.087,43.392,SOFT,10,0,296.0,0,0,1
2018,3,fp2,ricciardo,23,4,98.305,25.936,29.016,43.353,SOFT,11,0,299.0,0,0,1
2018,3,fp2,ricciardo,24,4,100.789,26.455,30.659,43.675,SOFT,12,0,302.0,0,0,1
2018,3,fp2,ricciardo,25,4,99.697,25.991,29.697,44.009,SOFT,13,0,310.0,0,0,1
2018,3,fp2,ricciardo,26,4,108.973,26.166,30.391,52.416,SOFT,14,0,292.0,0,0,0
2018,3,fp2,vettel,1,1,,,30.878,55.281,MEDIUM,1,1,283.0,0,0,0
2018,3,fp2,vettel,2,2,,,32.808,50.548,MEDIUM,2,0,300.0,0,0,0
2018,3,fp2,vettel,3,2,95.262,25.02,28.221,42.021,MEDIUM,3,0,315.0,1,0,0
2018,3,fp2,vettel,4,2,106.326,27.955,32.038,46.333,MEDIUM,4,0,284.0,0,0,0
2018,3,fp2,vettel,5,2,94.41,24.859,27.762,41.789,MEDIUM,5,0,312.0,1,0,0
2018,3,fp2,vettel,6,2,118.202,29.085,33.34,55.777,MEDIUM,6,0,198.0,0,0,0
2018,3,fp2,vettel,7,3,,,31.985,52.326,ULTRASOFT,1,1,270.0,0,0,0
2018,3,fp2,vettel,8,3,93.59,24.321,27.562,41.707,ULTRASOFT,2,1,312.0,1,0,1
2018,3,fp2,vettel,9,3,125.108,30.159,38.214,56.735,ULTRASOFT,3,1,209.0,0,0,1
2018,3,fp2,vettel,10,3,103.363,24.702,27.862,50.799,ULTRASOFT,4,1,309.0,0,0,0
2018,3,fp2,vettel,11,4,142.992,55.594,34.21,53.188,ULTRASOFT,5,0,289.0,0,0,0
2018,3,fp2,vettel,12,5,,,32.305,50.489,ULTRASOFT,6,0,283.0,0,0,0
2018,3,fp2,vettel,13,6,139.167,55.995,30.129,53.043,ULTRASOFT,7,0,212.0,0,0,0
2018,3,fp2,vettel,14,6,98.651,25.942,29.348,43.361,ULTRASOFT,8,0,296.0,0,0,1
2018,3,fp2,vettel,15,6,98.813,25.932,29.446,43.435,ULTRASOFT,9,0,297.0,0,0,1
2018,3,fp2,vettel,16,6,99.317,26.091,29.585,43.641,ULTRASOFT,10,0,297.0,0,0,1
2018,3,fp2,vettel,17,6,100.259,26.327,29.826,44.106,ULTRASOFT,11,0,296.0,0,0,1
2018,3,fp2,vettel,18,6,100.41,26.513,30.232,43.665,ULTRASOFT,12,0,322.0,0,0,1
2018,3,fp2,vettel,19,6,100.348,26.53,29.775,44.043,ULTRASOFT,13,0,293.0,0,0,1
2018,3,fp2,vettel,20,6,106.384,26.63,29.992,49.762,ULTRASOFT,14,0,295.0,0,0,0
2018,3,fp2,vettel,21,7,137.287,50.406,34.555,52.326,MEDIUM,7,0,302.0,0,0,0
2018,3,fp2,vettel,22,7,98.557,25.977,29.257,43.323,MEDIUM,8,0,292.0,0,0,1
2018,3,fp2,vettel,23,7,98.427,25.823,29.117,43.487,MEDIUM,9,0,295.0,0,0,1
2018,3,fp2,vettel,24,7,98.115,25.751,29.145,43.219,MEDIUM,10,0,293.0,0,0,1
2018,3,fp2,vettel,25,7,102.754,25.847,31.195,45.712,MEDIUM,11,0,292.0,0,0,1
2018,3,fp2,vettel,26,7,107.222,26.096,30.045,51.081,MEDIUM,12,0,294.0,0,0,0
2018,3,fp2,vettel,27,8,134.817,48.957,31.775,54.085,MEDIUM,13,0,286.0,0,0,0
2018,3,fp2,raikkonen,1,1,,,33.093,59.554,SOFT,1,1,238.0,0,0,0
2018,3,fp2,raikkonen,2,2,,,31.588,53.711,SOFT,2,0,284.0,0,0,0
2018,3,fp2,raikkonen,3,2,94.584,24.863,27.996,41.725,SOFT,3,0,311.0,1,0,0
2018,3,fp2,raikkonen,4,2,115.841,29.497,35.327,51.017,SOFT,4,0,281.0,0,0,0
2018,3,fp2,raikkonen,5,2,94.311,24.759,27.779,41.773,SOFT,5,0,310.0,1,0,0
2018,3,fp2,raikkonen,6,2,110.062,29.08,32.869,48.113,SOFT,6,0,277.0,0,0,0
2018,3,fp2,raikkonen,7,2,94.063,24.67,27.797,41.596,SOFT,7,0,311.0,1,0,0
2018,3,fp2,raikkonen,8,2,108.859,27.396,31.029,50.434,SOFT,8,0,279.0,0,0,0
2018,3,fp2,raikkonen,9,3,,,32.166,50.858,ULTRASOFT,1,1,278.0,0,0,0
2018,3,fp2,raikkonen,10,3,93.489,24.223,27.595,41.671,ULTRASOFT,2,1,310.0,1,0,1
2018,3,fp2,raikkonen,11,3,128.661,34.731,40.958,52.972,ULTRASOFT,3,1,278.0,0,0,1
2018,3,fp2,raikkonen,12,3,93.989,24.649,27.8,41.54,ULTRASOFT,4,1,310.0,0,0,1
2018,3,fp2,raikkonen,13,3,109.794,27.15,32.441,50.203,ULTRASOFT,5,1,287.0,0,0,0
2018,3,fp2,raikkonen,14,4,,75.039,30.861,48.964,ULTRASOFT,6,0,293.0,0,0,0
2018,3,fp2,raikkonen,15,5,,,30.217,48.678,SOFT,9,0,307.0,0,0,0
2018,3,fp2,raikkonen,16,6,135.861,62.633,29.805,43.423,SOFT,10,0,318.0,0,0,0
2018,3,fp2,raikkonen,17,6,98.696,25.925,29.313,43.458,SOFT,11,0,291.0,0,0,1
2018,3,fp2,raikkonen,18,6,98.769,26.023,29.307,43.439,SOFT,12,0,298.0,0,0,1
2018,3,fp2,raikkonen,19,6,99.321,26.19,29.519,43.612,SOFT,13,0,309.0,0,0,1
2018,3,fp2,raikkonen,20,6,105.355,26.489,29.752,49.114,SOFT,14,0,301.0,0,0,0
2018,3,fp2,raikkonen,21,7,120.429,46.478,30.013,43.938,SOFT,15,0,289.0,0,0,0
2018,3,fp2,raikkonen,22,7,98.981,26.086,29.358,43.537,SOFT,16,0,296.0,0,0,1
2018,3,fp2,raikkonen,23,7,99.106,26.057,29.591,43.458,SOFT,17,0,293.0,0,0,1
2018,3,fp2,raikkonen,24,7,103.994,26.174,33.506,44.314,SOFT,18,0,293.0,0,0,1
2018,3,fp2,raikkonen,25,7,103.891,26.463,31.643,45.785,SOFT,19,0,293.0,0,0,1
2018,3,fp2,raikkonen,26,7,109.372,26.511,30.463,52.398,SOFT,20,0,315.0,0,0,0
2018,3,fp2,grosjean,1,,,,39.364,47.864,,,1,276.0,0,0,0
2018,3,fp2,grosjean,2,,96.927,25.342,28.795,42.79,,,1,307.0,1,0,0
2018,3,fp2,grosjean,3,1,96.83,25.414,28.809,42.607,SOFT,1,1,305.0,1,0,0
2018,3,fp2,grosjean,4,1,121.658,29.897,38.091,53.67,SOFT,2,1,259.0,0,0,0
2018,3,fp2,grosjean,5,1,103.262,25.977,32.266,45.019,SOFT,3,1,279.0,0,0,0
2018,3,fp2,grosjean,6,1,96.471,25.304,28.812,42.355,SOFT,4,1,312.0,1,0,0
2018,3,fp2,grosjean,7,1,109.067,25.595,28.707,54.765,SOFT,5,1,156.0,0,0,0
2018,3,fp2,grosjean,8,1,96.83,25.384,28.84,42.606,SOFT,6,1,312.0,0,0,0
2018,3,fp2,grosjean,9,1,120.934,27.69,33.908,59.336,SOFT,7,1,267.0,0,0,0
2018,3,fp2,grosjean,10,2,,,36.545,49.612,ULTRASOFT,1,1,291.0,0,0,0
2018,3,fp2,grosjean,11,2,108.169,24.606,28.012,55.551,ULTRASOFT,2,1,282.0,0,0,1
2018,3,fp2,grosjean,12,2,109.186,28.7,34.124,46.362,ULTRASOFT,3,1,284.0,0,0,1
2018,3,fp2,grosjean,13,2,109.118,24.976,28.655,55.487,ULTRASOFT,4,1,204.0,0,0,0
2018,3,fp2,grosjean,14,3,,,29.808,43.879,ULTRASOFT,5,0,298.0,0,0,0
2018,3,fp2,grosjean,15,3,99.251,26.034,29.596,43.621,ULTRASOFT,6,0,313.0,0,0,1
2018,3,fp2,grosjean,16,3,99.798,26.251,29.606,43.941,ULTRASOFT,7,0,300.0,0,0,1
2018,3,fp2,grosjean,17,3,100.131,26.238,29.764,44.129,ULTRASOFT,8,0,300.0,0,0,1
2018,3,fp2,grosjean,18,3,100.231,26.35,29.845,44.036,ULTRASOFT,9,0,299.0,0,0,1
2018,3,fp2,grosjean,19,3,100.528,26.568,29.881,44.079,ULTRASOFT,10,0,300.0,0,0,1
2018,3,fp2,grosjean,20,3,105.386,26.539,29.933,48.914,ULTRASOFT,11,0,299.0,0,0,0
2018,3,fp2,grosjean,21,4,121.977,45.533,31.711,44.733,SOFT,10,0,301.0,0,0,0
2018,3,fp2,grosjean,22,4,99.272,26.242,29.421,43.609,SOFT,11,0,302.0,0,0,1
2018,3,fp2,grosjean,23,4,98.886,26.105,29.328,43.453,SOFT,12,0,300.0,0,0,1
2018,3,fp2,grosjean,24,4,103.376,26.152,30.727,46.497,SOFT,13,0,255.0,0,0,1
2018,3,fp2,grosjean,25,4,100.127,26.321,29.791,44.015,SOFT,14,0,300.0,0,0,1
2018,3,fp2,grosjean,26,4,117.874,26.325,32.789,58.76,SOFT,15,0,300.0,0,0,0
2018,3,fp2,ericsson,1,1,,,35.904,48.368,SOFT,1,1,261.0,0,0,0
2018,3,fp2,ericsson,2,1,96.62,25.283,28.77,42.567,SOFT,2,1,310.0,1,0,0
2018,3,fp2,ericsson,3,1,118.478,28.293,39.327,50.858,SOFT,3,1,264.0,0,0,0
2018,3,fp2,ericsson,4,1,111.627,27.111,34.145,50.371,SOFT,4,1,244.0,0,0,0
2018,3,fp2,ericsson,5,1,104.886,25.337,31.268,48.281,SOFT,5,1,285.0,0,0,0
2018,3,fp2,ericsson,6,1,96.696,25.314,28.584,42.798,SOFT,6,1,316.0,0,0,0
2018,3,fp2,ericsson,7,1,121.493,30.782,37.287,53.424,SOFT,7,1,273.0,0,0,0
2018,3,fp2,ericsson,8,1,96.522,25.424,28.462,42.636,SOFT,8,1,314.0,1,0,0
2018,3,fp2,ericsson,9,1,117.738,28.51,34.493,54.735,SOFT,9,1,276.0,0,0,0
2018,3,fp2,ericsson,10,2,,,36.666,52.139,ULTRASOFT,1,1,275.0,0,0,0
2018,3,fp2,ericsson,11,2,95.624,24.912,28.25,42.462,ULTRASOFT,2,1,312.0,1,0,1
2018,3,fp2,ericsson,12,2,122.884,31.362,39.545,51.977,ULTRASOFT,3,1,248.0,0,0,1
2018,3,fp2,ericsson,13,2,96.14,25.226,28.516,42.398,ULTRASOFT,4,1,312.0,0,0,1
2018,3,fp2,ericsson,14,2,109.271,27.956,31.222,50.093,ULTRASOFT,5,1,284.0,0,0,0
2018,3,fp2,ericsson,15,3,,,33.626,51.294,SOFT,10,0,285.0,0,0,0
2018,3,fp2,ericsson,16,4,131.454,56.245,30.754,44.455,SOFT,11,0,312.0,0,0,0
2018,3,fp2,ericsson,17,4,99.884,26.057,29.903,43.924,SOFT,12,0,313.0,0,0,1
2018,3,fp2,ericsson,18,4,100.702,26.207,29.818,44.677,SOFT,13,0,302.0,0,0,1
2018,3,fp2,ericsson,19,4,100.754,26.515,30.031,44.208,SOFT,14,0,300.0,0,0,1
2018,3,fp2,ericsson,20,4,100.325,26.527,29.673,44.125,SOFT,15,0,299.0,0,0,1
2018,3,fp2,ericsson,21,4,100.012,26.435,29.642,43.935,SOFT,16,0,300.0,0,0,1
2018,3,fp2,ericsson,22,4,100.139,26.452,29.739,43.948,SOFT,17,0,300.0,0,0,1
2018,3,fp2,ericsson,23,4,100.091,26.448,29.61,44.033,SOFT,18,0,298.0,0,0,1
2018,3,fp2,ericsson,24,4,100.268,26.492,29.773,44.003,SOFT,19,0,297.0,0,0,1
2018,3,fp2,ericsson,25,4,103.842,26.668,32.166,45.008,SOFT,20,0,298.0,0,0,1
2018,3,fp2,ericsson,26,4,138.31,26.658,51.88,59.772,SOFT,21,0,297.0,0,0,0
2018,3,fp2,ericsson,27,5,,,34.625,49.749,INTERMEDIATE,1,1,302.0,0,0,0
2018,3,fp2,ericsson,28,5,122.149,28.785,42.259,51.105,INTERMEDIATE,2,1,304.0,0,0,1
2018,3,fp2,ericsson,29,5,123.467,29.307,35.742,58.418,INTERMEDIATE,3,1,304.0,0,0,0
2018,3,fp2,gasly,1,,,,33.677,47.624,,,1,281.0,0,0,0
2018,3,fp2,gasly,2,1,98.133,25.474,29.258,43.401,MEDIUM,1,1,306.0,1,0,0
2018,3,fp2,gasly,3,1,110.445,29.666,34.02,46.759,MEDIUM,2,1,281.0,0,0,0
2018,3,fp2,gasly,4,1,97.41,25.509,28.977,42.924,MEDIUM,3,1,311.0,1,0,0
2018,3,fp2,gasly,5,1,117.083,29.034,33.657,54.392,MEDIUM,4,1,302.0,0,0,0
2018,3,fp2,gasly,6,1,96.806,25.436,28.855,42.515,MEDIUM,5,1,315.0,1,0,0
2018,3,fp2,gasly,7,1,117.192,28.27,33.483,55.439,MEDIUM,6,1,291.0,0,0,0
2018,3,fp2,gasly,8,2,,,36.242,48.639,ULTRASOFT,1,1,276.0,0,0,0
2018,3,fp2,gasly,9,2,94.849,24.848,27.956,42.045,ULTRASOFT,2,1,311.0,1,0,0
2018,3,fp2,gasly,10,2,120.047,31.389,39.216,49.442,ULTRASOFT,3,1,288.0,0,0,0
2018,3,fp2,gasly,11,2,95.335,24.892,28.223,42.22,ULTRASOFT,4,1,310.0,0,0,0
2018,3,fp2,gasly,12,2,120.105,28.985,35.168,55.952,ULTRASOFT,5,1,276.0,0,0,0
2018,3,fp2,gasly,13,3,,,34.138,54.236,ULTRASOFT,6,0,273.0,0,0,0
2018,3,fp2,gasly,14,4,,67.949,33.487,52.84,ULTRASOFT,7,0,293.0,0,0,0
2018,3,fp2,gasly,15,4,100.216,26.256,29.913,44.047,ULTRASOFT,8,0,288.0,0,0,1
2018,3,fp2,gasly,16,4,100.32,26.386,29.96,43.974,ULTRASOFT,9,0,281.0,0,0,1
2018,3,fp2,gasly,17,4,99.55,26.223,29.654,43.673,ULTRASOFT,10,0,295.0,0,0,1
2018,3,fp2,gasly,18,4,100.302,26.271,29.871,44.16,ULTRASOFT,11,0,286.0,0,0,1
2018,3,fp2,gasly,19,4,100.13,26.314,29.684,44.132,ULTRASOFT,12,0,293.0,0,0,1
2018,3,fp2,gasly,20,4,100.202,26.349,29.821,44.032,ULTRASOFT,13,0,291.0,0,0,1
2018,3,fp2,gasly,21,4,100.193,26.321,29.867,44.005,ULTRASOFT,14,0,293.0,0,0,1
2018,3,fp2,gasly,22,4,100.177,26.257,29.982,43.938,ULTRASOFT,15,0,293.0,0,0,1
2018,3,fp2,gasly,23,4,99.699,26.171,29.61,43.918,ULTRASOFT,16,0,291.0,0,0,1
2018,3,fp2,gasly,24,4,99.89,26.223,29.748,43.919,ULTRASOFT,17,0,296.0,0,0,1
2018,3,fp2,gasly,25,4,100.198,26.191,29.768,44.239,ULTRASOFT,18,0,297.0,0,0,1
2018,3,fp2,gasly,26,4,99.878,26.333,29.655,43.89,ULTRASOFT,19,0,296.0,0,0,1
2018,3,fp2,gasly,27,4,100.275,26.463,29.986,43.826,ULTRASOFT,20,0,316.0,0,0,1
2018,3,fp2,gasly,28,4,99.813,26.212,29.61,43.991,ULTRASOFT,21,0,293.0,0,0,1
2018,3,fp2,gasly,29,4,107.852,26.357,31.455,50.04,ULTRASOFT,22,0,282.0,0,0,0
2018,3,fp2,gasly,30,5,,,36.313,48.872,MEDIUM,8,0,288.0,0,0,0
2018,3,fp2,gasly,31,5,123.9,28.953,36.036,58.911,MEDIUM,9,0,288.0,0,0,0
2018,3,fp2,gasly,32,6,,,35.006,49.885,INTERMEDIATE,1,1,291.0,0,0,0
2018,3,fp2,gasly,33,6,139.072,29.746,39.376,69.95,INTERMEDIATE,2,1,272.0,0,0,0
2018,3,fp2,perez,1,1,,,39.707,51.668,SOFT,1,1,259.0,0,0,0
2018,3,fp2,perez,2,1,95.696,25.03,28.334,42.332,SOFT,2,1,311.0,1,0,0
2018,3,fp2,perez,3,1,144.617,33.961,46.032,64.624,SOFT,3,1,265.0,0,0,0
2018,3,fp2,perez,4,1,123.337,25.476,35.835,62.026,SOFT,4,1,198.0,0,0,0
2018,3,fp2,perez,5,2,147.454,54.39,32.327,60.737,SOFT,5,0,198.0,0,0,0
2018,3,fp2,perez,6,3,,,43.169,58.646,ULTRASOFT,1,1,241.0,0,0,0
2018,3,fp2,perez,7,3,94.792,24.706,28.033,42.053,ULTRASOFT,2,1,312.0,1,0,0
2018,3,fp2,perez,8,3,126.38,30.73,35.97,59.68,ULTRASOFT,3,1,198.0,0,0,0
2018,3,fp2,perez,9,4,,,33.926,48.828,ULTRASOFT,4,0,278.0,0,0,0
2018,3,fp2,perez,10,4,99.111,26.145,29.292,43.674,ULTRASOFT,5,0,295.0,0,0,1
2018,3,fp2,perez,11,4,99.591,26.17,29.493,43.928,ULTRASOFT,6,0,291.0,0,0,1
2018,3,fp2,perez,12,4,99.855,26.23,29.558,44.067,ULTRASOFT,7,0,294.0,0,0,1
2018,3,fp2,perez,13,4,99.955,26.309,29.774,43.872,ULTRASOFT,8,0,295.0,0,0,1
2018,3,fp2,perez,14,4,100.54,26.363,30.045,44.132,ULTRASOFT,9,0,292.0,0,0,1
2018,3,fp2,perez,15,4,100.648,26.472,29.947,44.229,ULTRASOFT,10,0,292.0,0,0,1
2018,3,fp2,perez,16,4,101.016,26.479,30.202,44.335,ULTRASOFT,11,0,292.0,0,0,1
2018,3,fp2,perez,17,4,105.481,26.422,30.107,48.952,ULTRASOFT,12,0,290.0,0,0,0
2018,3,fp2,perez,18,5,131.003,57.527,29.863,43.613,SOFT,6,0,289.0,0,0,0
2018,3,fp2,perez,19,5,98.877,25.955,29.341,43.581,SOFT,7,0,291.0,0,0,1
2018,3,fp2,perez,20,5,98.699,25.891,29.271,43.537,SOFT,8,0,290.0,0,0,1
2018,3,fp2,perez,21,5,98.694,25.874,29.19,43.63,SOFT,9,0,292.0,0,0,1
2018,3,fp2,perez,22,5,99.268,25.974,29.335,43.959,SOFT,10,0,291.0,0,0,1
2018,3,fp2,perez,23,5,99.104,26.007,29.464,43.633,SOFT,11,0,314.0,0,0,1
2018,3,fp2,perez,24,5,99.164,25.849,29.639,43.676,SOFT,12,0,314.0,0,0,1
2018,3,fp2,perez,25,5,99.176,25.966,29.633,43.577,SOFT,13,0,315.0,0,0,1
2018,3,fp2,perez,26,5,106.89,27.532,33.168,46.19,SOFT,14,0,286.0,0,0,1
2018,3,fp2,perez,27,5,108.258,26.414,30.604,51.24,SOFT,15,0,273.0,0,0,0
2018,3,fp2,perez,28,6,,,34.656,53.03,INTERMEDIATE,1,1,279.0,0,0,0
2018,3,fp2,perez,29,6,112.278,28.652,34.127,49.499,INTERMEDIATE,2,1,289.0,0,0,1
2018,3,fp2,perez,30,6,126.44,29.011,34.04,63.389,INTERMEDIATE,3,1,199.0,0,0,0
2018,3,fp2,alonso,1,1,,,34.012,49.997,SOFT,1,1,288.0,0,0,0
2018,3,fp2,alonso,2,1,95.863,25.01,28.394,42.459,SOFT,2,1,306.0,1,0,0
2018,3,fp2,alonso,3,1,123.463,29.998,36.763,56.702,SOFT,3,1,290.0,0,0,0
2018,3,fp2,alonso,4,2,,,33.726,46.928,SOFT,4,0,286.0,0,0,0
2018,3,fp2,alonso,5,2,95.559,25.112,28.181,42.266,SOFT,5,0,305.0,1,0,0
2018,3,fp2,alonso,6,2,119.596,29.115,35.009,55.472,SOFT,6,0,273.0,0,0,0
2018,3,fp2,alonso,7,3,,,35.337,50.72,ULTRASOFT,1,1,195.0,0,0,0
2018,3,fp2,alonso,8,3,94.632,24.851,27.939,41.842,ULTRASOFT,2,1,311.0,1,0,1
2018,3,fp2,alonso,9,3,122.549,30.045,36.56,55.944,ULTRASOFT,3,1,272.0,0,0,0
2018,3,fp2,alonso,10,4,,,36.159,61.67,ULTRASOFT,4,0,206.0,0,0,0
2018,3,fp2,alonso,11,5,136.279,61.904,30.172,44.203,ULTRASOFT,5,0,294.0,0,0,0
2018,3,fp2,alonso,12,5,99.358,25.988,29.459,43.911,ULTRASOFT,6,0,297.0,0,0,1
2018,3,fp2,alonso,13,5,100.007,26.391,29.717,43.899,ULTRASOFT,7,0,288.0,0,0,1
2018,3,fp2,alonso,14,5,99.624,26.224,29.513,43.887,ULTRASOFT,8,0,294.0,0,0,1
2018,3,fp2,alonso,15,5,99.553,26.16,29.517,43.876,ULTRASOFT,9,0,295.0,0,0,1
2018,3,fp2,alonso,16,5,99.524,26.23,29.595,43.699,ULTRASOFT,10,0,299.0,0,0,1
2018,3,fp2,alonso,17,5,99.981,26.344,29.595,44.042,ULTRASOFT,11,0,296.0,0,0,1
2018,3,fp2,alonso,18,5,99.859,26.28,29.58,43.999,ULTRASOFT,12,0,293.0,0,0,1
2018,3,fp2,alonso,19,5,100.203,26.402,29.874,43.927,ULTRASOFT,13,0,300.0,0,0,1
2018,3,fp2,alonso,20,5,100.228,26.393,29.869,43.966,ULTRASOFT,14,0,294.0,0,0,1
2018,3,fp2,alonso,21,5,99.996,26.411,29.698,43.887,ULTRASOFT,15,0,292.0,0,0,1
2018,3,fp2,alonso,22,5,106.853,26.621,30.358,49.874,ULTRASOFT,16,0,293.0,0,0,0
2018,3,fp2,alonso,23,6,,,35.024,55.559,INTERMEDIATE,1,1,290.0,0,0,0
2018,3,fp2,leclerc,1,1,,,34.724,47.16,MEDIUM,1,1,275.0,0,0,0
2018,3,fp2,leclerc,2,1,96.933,25.584,28.62,42.729,MEDIUM,2,1,311.0,1,0,0
2018,3,fp2,leclerc,3,1,106.687,27.403,31.643,47.641,MEDIUM,3,1,202.0,0,0,0
2018,3,fp2,leclerc,4,1,96.818,25.492,28.723,42.603,MEDIUM,4,1,314.0,1,0,0
2018,3,fp2,leclerc,5,1,115.604,29.966,35.287,50.351,MEDIUM,5,1,165.0,0,0,0
2018,3,fp2,leclerc,6,1,96.661,25.376,28.612,42.673,MEDIUM,6,1,314.0,1,0,0
2018,3,fp2,leclerc,7,1,118.756,28.018,36.965,53.773,MEDIUM,7,1,247.0,0,0,0
2018,3,fp2,leclerc,8,1,96.506,25.342,28.539,42.625,MEDIUM,8,1,314.0,1,0,0
2018,3,fp2,leclerc,9,1,119.323,27.528,34.281,57.514,MEDIUM,9,1,198.0,0,0,0
2018,3,fp2,leclerc,10,2,,,33.744,48.319,ULTRASOFT,1,1,256.0,0,0,0
2018,3,fp2,leclerc,11,2,95.916,25.073,28.278,42.565,ULTRASOFT,2,1,313.0,1,0,0
2018,3,fp2,leclerc,12,2,116.436,29.597,36.682,50.157,ULTRASOFT,3,1,212.0,0,0,1
2018,3,fp2,leclerc,13,2,96.257,25.165,28.371,42.721,ULTRASOFT,4,1,311.0,0,0,1
2018,3,fp2,leclerc,14,2,116.641,28.273,33.484,54.884,ULTRASOFT,5,1,268.0,0,0,0
2018,3,fp2,leclerc,15,3,,,34.38,51.616,MEDIUM,10,0,276.0,0,0,0
2018,3,fp2,leclerc,16,4,129.116,54.359,30.477,44.28,MEDIUM,11,0,307.0,0,0,0
2018,3,fp2,leclerc,17,4,100.013,26.287,29.751,43.975,MEDIUM,12,0,317.0,0,0,1
2018,3,fp2,leclerc,18,4,99.84,26.323,29.584,43.933,MEDIUM,13,0,313.0,0,0,1
2018,3,fp2,leclerc,19,4,100.233,26.474,29.71,44.049,MEDIUM,14,0,300.0,0,0,1
2018,3,fp2,leclerc,20,4,100.189,26.437,29.552,44.2,MEDIUM,15,0,298.0,0,0,1
2018,3,fp2,leclerc,21,4,100.295,26.524,29.582,44.189,MEDIUM,16,0,301.0,0,0,1
2018,3,fp2,leclerc,22,4,100.709,26.67,29.905,44.134,MEDIUM,17,0,300.0,0,0,1
2018,3,fp2,leclerc,23,4,101.172,26.777,29.862,44.533,MEDIUM,18,0,297.0,0,0,1
2018,3,fp2,leclerc,24,4,103.612,27.069,31.777,44.766,MEDIUM,19,0,295.0,0,0,1
2018,3,fp2,leclerc,25,4,105.732,27.12,31.993,46.619,MEDIUM,20,0,298.0,0,0,1
2018,3,fp2,leclerc,26,4,113.875,27.118,32.571,54.186,MEDIUM,21,0,259.0,0,0,0
2018,3,fp2,stroll,1,1,,,33.521,57.485,ULTRASOFT,1,1,309.0,0,0,0
2018,3,fp2,stroll,2,1,106.493,25.281,29.488,51.724,ULTRASOFT,2,1,286.0,1,0,0
2018,3,fp2,stroll,3,1,97.253,25.409,28.822,43.022,ULTRASOFT,3,1,310.0,1,0,0
2018,3,fp2,stroll,4,1,112.755,28.917,35.513,48.325,ULTRASOFT,4,1,293.0,0,0,0
2018,3,fp2,stroll,5,1,97.147,25.496,28.677,42.974,ULTRASOFT,5,1,308.0,1,0,0
2018,3,fp2,stroll,6,1,124.574,28.021,41.929,54.624,ULTRASOFT,6,1,268.0,0,0,0
2018,3,fp2,stroll,7,2,,,31.385,44.608,ULTRASOFT,1,1,302.0,0,0,0
2018,3,fp2,stroll,8,2,129.159,25.0,41.963,62.196,ULTRASOFT,2,1,214.0,0,0,0
2018,3,fp2,stroll,9,3,,,31.633,52.708,ULTRASOFT,3,0,274.0,0,0,0
2018,3,fp2,stroll,10,4,134.449,54.687,30.688,49.074,ULTRASOFT,4,0,291.0,0,0,0
2018,3,fp2,stroll,11,5,122.972,48.394,30.04,44.538,ULTRASOFT,7,0,283.0,0,0,0
2018,3,fp2,stroll,12,5,100.553,26.481,29.933,44.139,ULTRASOFT,8,0,289.0,0,0,1
2018,3,fp2,stroll,13,5,100.506,26.457,29.74,44.309,ULTRASOFT,9,0,288.0,0,0,1
2018,3,fp2,stroll,14,5,100.428,26.381,29.865,44.182,ULTRASOFT,10,0,293.0,0,0,1
2018,3,fp2,stroll,15,5,100.555,26.332,29.838,44.385,ULTRASOFT,11,0,287.0,0,0,1
2018,3,fp2,stroll,16,5,102.428,26.714,30.97,44.744,ULTRASOFT,12,0,294.0,0,0,1
2018,3,fp2,stroll,17,5,105.029,26.738,32.069,46.222,ULTRASOFT,13,0,289.0,0,0,1
2018,3,fp2,stroll,18,5,107.877,27.378,31.8,48.699,ULTRASOFT,14,0,279.0,0,0,1
2018,3,fp2,stroll,19,5,137.076,30.199,39.932,66.945,ULTRASOFT,15,0,210.0,0,0,0
2018,3,fp2,kevin_magnussen,1,,,,31.238,47.687,,,1,280.0,0,0,0
2018,3,fp2,kevin_magnussen,2,1,97.656,25.428,28.925,43.303,MEDIUM,1,1,305.0,1,0,0
2018,3,fp2,kevin_magnussen,3,1,113.363,25.483,37.05,50.83,MEDIUM,2,1,278.0,0,0,0
2018,3,fp2,kevin_magnussen,4,1,96.879,25.396,28.798,42.685,MEDIUM,3,1,307.0,1,0,0
2018,3,fp2,kevin_magnussen,5,1,106.546,28.222,31.901,46.423,MEDIUM,4,1,283.0,0,0,0
2018,3,fp2,kevin_magnussen,6,1,96.209,25.302,28.552,42.355,MEDIUM,5,1,313.0,1,0,0
2018,3,fp2,kevin_magnussen,7,1,105.901,27.629,31.449,46.823,MEDIUM,6,1,283.0,0,0,0
2018,3,fp2,kevin_magnussen,8,1,97.304,25.241,28.507,43.556,MEDIUM,7,1,298.0,0,0,0
2018,3,fp2,kevin_magnussen,9,1,117.207,26.419,31.908,58.88,MEDIUM,8,1,241.0,0,0,0
2018,3,fp2,kevin_magnussen,10,2,,,35.944,50.921,ULTRASOFT,1,1,290.0,0,0,0
2018,3,fp2,kevin_magnussen,11,2,94.458,24.639,27.876,41.943,ULTRASOFT,2,1,312.0,1,0,0
2018,3,fp2,kevin_magnussen,12,2,115.02,29.143,38.96,46.917,ULTRASOFT,3,1,286.0,0,0,1
2018,3,fp2,kevin_magnussen,13,2,95.297,24.838,28.254,42.205,ULTRASOFT,4,1,308.0,0,0,1
2018,3,fp2,kevin_magnussen,14,2,116.964,28.484,33.786,54.694,ULTRASOFT,5,1,236.0,0,0,0
2018,3,fp2,kevin_magnussen,15,3,,,30.553,43.848,ULTRASOFT,6,0,300.0,0,0,0
2018,3,fp2,kevin_magnussen,16,3,99.835,26.276,29.851,43.708,ULTRASOFT,7,0,316.0,0,0,1
2018,3,fp2,kevin_magnussen,17,3,104.013,26.026,30.335,47.652,ULTRASOFT,8,0,302.0,0,0,1
2018,3,fp2,kevin_magnussen,18,3,100.081,26.311,29.762,44.008,ULTRASOFT,9,0,297.0,0,0,1
2018,3,fp2,kevin_magnussen,19,3,100.022,26.352,29.739,43.931,ULTRASOFT,10,0,297.0,0,0,1
2018,3,fp2,kevin_magnussen,20,3,100.927,26.833,29.861,44.233,ULTRASOFT,11,0,300.0,0,0,1
2018,3,fp2,kevin_magnussen,21,3,100.212,26.428,30.027,43.757,ULTRASOFT,12,0,317.0,0,0,1
2018,3,fp2,kevin_magnussen,22,3,104.776,26.623,30.384,47.769,ULTRASOFT,13,0,311.0,0,0,1
2018,3,fp2,kevin_magnussen,23,3,100.171,26.404,29.747,44.02,ULTRASOFT,14,0,297.0,0,0,1
2018,3,fp2,kevin_magnussen,24,3,102.847,26.519,31.743,44.585,ULTRASOFT,15,0,295.0,0,0,1
2018,3,fp2,kevin_magnussen,25,3,100.757,26.558,29.95,44.249,ULTRASOFT,16,0,298.0,0,0,1
2018,3,fp2,kevin_magnussen,26,3,109.241,26.925,31.425,50.891,ULTRASOFT,17,0,296.0,0,0,0
2018,3,fp2,hulkenberg,1,1,,,38.369,56.182,SOFT,1,1,278.0,0,0,0
2018,3,fp2,hulkenberg,2,1,96.014,25.277,28.693,42.044,SOFT,2,1,310.0,1,0,0
2018,3,fp2,hulkenberg,3,1,115.024,30.93,35.923,48.171,SOFT,3,1,290.0,0,0,0
2018,3,fp2,hulkenberg,4,1,96.693,25.487,28.576,42.63,SOFT,4,1,306.0,0,0,0
2018,3,fp2,hulkenberg,5,1,122.526,29.707,38.051,54.768,SOFT,5,1,277.0,0,0,0
2018,3,fp2,hulkenberg,6,2,,,38.81,50.993,ULTRASOFT,1,1,261.0,0,0,0
2018,3,fp2,hulkenberg,7,2,94.313,24.752,27.871,41.69,ULTRASOFT,2,1,310.0,1,0,0
2018,3,fp2,hulkenberg,8,2,114.946,30.365,33.195,51.386,ULTRASOFT,3,1,289.0,0,0,0
2018,3,fp2,hulkenberg,9,3,,,39.501,55.065,ULTRASOFT,4,0,284.0,0,0,0
2018,3,fp2,hulkenberg,10,4,139.586,58.823,32.771,47.992,ULTRASOFT,5,0,294.0,0,0,0
2018,3,fp2,hulkenberg,11,4,98.927,26.064,29.427,43.436,ULTRASOFT,6,0,295.0,0,0,1
2018,3,fp2,hulkenberg,12,4,99.046,26.026,29.437,43.583,ULTRASOFT,7,0,295.0,0,0,1
2018,3,fp2,hulkenberg,13,4,99.2,26.173,29.344,43.683,ULTRASOFT,8,0,293.0,0,0,1
2018,3,fp2,hulkenberg,14,4,99.271,26.19,29.449,43.632,ULTRASOFT,9,0,301.0,0,0,1
2018,3,fp2,hulkenberg,15,4,99.997,26.538,30.25,43.209,ULTRASOFT,10,0,315.0,0,0,1
2018,3,fp2,hulkenberg,16,4,100.59,26.66,29.904,44.026,ULTRASOFT,11,0,294.0,0,0,1
2018,3,fp2,hulkenberg,17,4,100.384,26.581,29.801,44.002,ULTRASOFT,12,0,293.0,0,0,1
2018,3,fp2,hulkenberg,18,4,100.619,26.564,29.868,44.187,ULTRASOFT,13,0,292.0,0,0,1
2018,3,fp2,hulkenberg,19,4,100.721,26.728,29.937,44.056,ULTRASOFT,14,0,293.0,0,0,1
2018,3,fp2,hulkenberg,20,4,100.861,26.646,29.988,44.227,ULTRASOFT,15,0,290.0,0,0,1
2018,3,fp2,hulkenberg,21,4,105.537,26.973,30.13,48.434,ULTRASOFT,16,0,309.0,0,0,0
2018,3,fp2,hulkenberg,22,5,118.045,45.327,29.766,42.952,SOFT,6,0,314.0,0,0,0
2018,3,fp2,hulkenberg,23,5,99.213,26.083,29.361,43.769,SOFT,7,0,294.0,0,0,1
2018,3,fp2,hulkenberg,24,5,99.043,26.088,29.309,43.646,SOFT,8,0,296.0,0,0,1
2018,3,fp2,hulkenberg,25,5,98.77,26.077,29.165,43.528,SOFT,9,0,293.0,0,0,1
2018,3,fp2,hulkenberg,26,5,98.97,26.142,29.288,43.54,SOFT,10,0,295.0,0,0,1
2018,3,fp2,hulkenberg,27,5,99.085,26.221,29.344,43.52,SOFT,11,0,296.0,0,0,1
2018,3,fp2,hulkenberg,28,5,99.188,26.173,29.286,43.729,SOFT,12,0,293.0,0,0,1
2018,3,fp2,hulkenberg,29,5,99.714,26.305,29.525,43.884,SOFT,13,0,320.0,0,0,1
2018,3,fp2,hulkenberg,30,5,115.847,26.589,35.346,53.912,SOFT,14,0,287.0,0,0,0
2018,3,fp2,brendon_hartley,1,1,,,33.106,46.4,SOFT,1,1,277.0,0,0,0
2018,3,fp2,brendon_hartley,2,1,96.708,25.351,28.801,42.556,SOFT,2,1,308.0,1,0,0
2018,3,fp2,brendon_hartley,3,1,114.098,28.244,33.275,52.579,SOFT,3,1,292.0,0,0,0
2018,3,fp2,brendon_hartley,4,1,96.741,25.484,28.783,42.474,SOFT,4,1,317.0,0,0,0
2018,3,fp2,brendon_hartley,5,1,112.167,28.106,36.375,47.686,SOFT,5,1,270.0,0,0,0
2018,3,fp2,brendon_hartley,6,1,96.767,25.234,28.922,42.611,SOFT,6,1,311.0,0,0,0
2018,3,fp2,brendon_hartley,7,1,117.797,27.01,32.757,58.03,SOFT,7,1,170.0,0,0,0
2018,3,fp2,brendon_hartley,8,2,,,33.364,47.296,ULTRASOFT,1,1,284.0,0,0,0
2018,3,fp2,brendon_hartley,9,2,95.333,24.852,28.243,42.238,ULTRASOFT,2,1,313.0,1,0,0
2018,3,fp2,brendon_hartley,10,2,112.028,28.987,36.179,46.862,ULTRASOFT,3,1,287.0,0,0,0
2018,3,fp2,brendon_hartley,11,2,103.165,25.079,28.538,49.548,ULTRASOFT,4,1,274.0,0,0,0
2018,3,fp2,brendon_hartley,12,3,,,34.035,48.858,ULTRASOFT,5,0,226.0,0,0,0
2018,3,fp2,brendon_hartley,13,3,100.346,26.136,30.22,43.99,ULTRASOFT,6,0,293.0,0,0,1
2018,3,fp2,brendon_hartley,14,3,100.23,26.303,29.865,44.062,ULTRASOFT,7,0,284.0,0,0,1
2018,3,fp2,brendon_hartley,15,3,100.578,26.368,29.908,44.302,ULTRASOFT,8,0,288.0,0,0,1
2018,3,fp2,brendon_hartley,16,3,100.845,26.524,30.026,44.295,ULTRASOFT,9,0,283.0,0,0,1
2018,3,fp2,brendon_hartley,17,3,100.801,26.438,29.959,44.404,ULTRASOFT,10,0,287.0,0,0,1
2018,3,fp2,brendon_hartley,18,3,100.842,26.497,30.019,44.326,ULTRASOFT,11,0,284.0,0,0,1
2018,3,fp2,brendon_hartley,19,3,100.537,26.338,29.978,44.221,ULTRASOFT,12,0,285.0,0,0,1
2018,3,fp2,brendon_hartley,20,3,100.57,26.383,30.083,44.104,ULTRASOFT,13,0,293.0,0,0,1
2018,3,fp2,brendon_hartley,21,3,100.399,26.38,29.883,44.136,ULTRASOFT,14,0,291.0,0,0,1
2018,3,fp2,brendon_hartley,22,3,100.479,26.467,29.932,44.08,ULTRASOFT,15,0,290.0,0,0,1
2018,3,fp2,brendon_hartley,23,3,100.654,26.449,30.001,44.204,ULTRASOFT,16,0,292.0,0,0,1
2018,3,fp2,brendon_hartley,24,3,101.137,26.859,30.092,44.186,ULTRASOFT,17,0,289.0,0,0,1
2018,3,fp2,brendon_hartley,25,3,101.792,26.921,30.422,44.449,ULTRASOFT,18,0,291.0,0,0,1
2018,3,fp2,brendon_hartley,26,3,106.297,26.805,30.206,49.286,ULTRASOFT,19,0,289.0,0,0,0
2018,3,fp2,brendon_hartley,27,4,120.647,46.572,30.091,43.984,SOFT,8,0,287.0,0,0,0
2018,3,fp2,brendon_hartley,28,4,99.327,26.027,29.488,43.812,SOFT,9,0,286.0,0,0,1
2018,3,fp2,brendon_hartley,29,4,99.283,25.983,29.468,43.832,SOFT,10,0,287.0,0,0,1
2018,3,fp2,brendon_hartley,30,4,99.321,25.971,29.612,43.738,SOFT,11,0,287.0,0,0,1
2018,3,fp2,brendon_hartley,31,4,99.167,26.057,29.515,43.595,SOFT,12,0,289.0,0,0,1
2018,3,fp2,brendon_hartley,32,4,99.824,26.106,29.475,44.243,SOFT,13,0,286.0,0,0,1
2018,3,fp2,brendon_hartley,33,4,101.685,26.544,30.822,44.319,SOFT,14,0,291.0,0,0,1
2018,3,fp2,brendon_hartley,34,4,104.859,26.93,32.305,45.624,SOFT,15,0,292.0,0,0,1
2018,3,fp2,brendon_hartley,35,4,111.793,26.712,31.155,53.926,SOFT,16,0,288.0,0,0,0
2018,3,fp2,brendon_hartley,36,5,,,34.825,50.664,INTERMEDIATE,1,1,291.0,0,0,0
2018,3,fp2,brendon_hartley,37,5,123.73,29.834,34.714,59.182,INTERMEDIATE,2,1,267.0,0,0,0
2018,3,fp2,ocon,1,1,,,36.116,50.154,SOFT,1,1,296.0,0,0,0
2018,3,fp2,ocon,2,1,95.993,25.096,28.269,42.628,SOFT,2,1,315.0,1,0,0
2018,3,fp2,ocon,3,1,132.006,32.208,39.687,60.111,SOFT,3,1,189.0,0,0,0
2018,3,fp2,ocon,4,1,105.75,26.558,32.062,47.13,SOFT,4,1,296.0,0,0,0
2018,3,fp2,ocon,5,1,95.762,24.991,28.214,42.557,SOFT,5,1,309.0,1,0,0
2018,3,fp2,ocon,6,1,106.793,27.072,30.926,48.795,SOFT,6,1,297.0,0,0,0
2018,3,fp2,ocon,7,2,,,37.676,47.305,ULTRASOFT,1,1,292.0,0,0,0
2018,3,fp2,ocon,8,2,94.874,24.607,27.965,42.302,ULTRASOFT,2,1,310.0,1,0,1
2018,3,fp2,ocon,9,2,126.035,29.71,41.113,55.212,ULTRASOFT,3,1,273.0,0,0,0
2018,3,fp2,ocon,10,3,,,32.566,48.045,ULTRASOFT,4,0,279.0,0,0,0
2018,3,fp2,ocon,11,3,99.124,25.958,29.294,43.872,ULTRASOFT,5,0,297.0,0,0,1
2018,3,fp2,ocon,12,3,99.539,26.132,29.415,43.992,ULTRASOFT,6,0,294.0,0,0,1
2018,3,fp2,ocon,13,3,100.04,26.527,29.596,43.917,ULTRASOFT,7,0,293.0,0,0,1
2018,3,fp2,ocon,14,3,101.264,27.353,29.857,44.054,ULTRASOFT,8,0,292.0,0,0,1
2018,3,fp2,ocon,15,3,100.123,26.379,29.797,43.947,ULTRASOFT,9,0,296.0,0,0,1
2018,3,fp2,ocon,16,3,100.409,26.408,29.843,44.158,ULTRASOFT,10,0,297.0,0,0,1
2018,3,fp2,ocon,17,3,100.718,26.475,29.963,44.28,ULTRASOFT,11,0,297.0,0,0,1
2018,3,fp2,ocon,18,3,105.314,26.584,29.912,48.818,ULTRASOFT,12,0,289.0,0,0,0
2018,3,fp2,ocon,19,4,142.619,66.858,31.31,44.451,SOFT,7,0,298.0,0,0,0
2018,3,fp2,ocon,20,4,98.704,26.005,29.178,43.521,SOFT,8,0,300.0,0,0,1
2018,3,fp2,ocon,21,4,99.495,26.053,29.517,43.925,SOFT,9,0,320.0,0,0,1
2018,3,fp2,ocon,22,4,99.569,26.203,29.249,44.117,SOFT,10,0,292.0,0,0,1
2018,3,fp2,ocon,23,4,99.56,26.31,29.373,43.877,SOFT,11,0,297.0,0,0,1
2018,3,fp2,ocon,24,4,99.266,26.101,29.433,43.732,SOFT,12,0,298.0,0,0,1
2018,3,fp2,ocon,25,4,99.219,26.18,29.445,43.594,SOFT,13,0,297.0,0,0,1
2018,3,fp2,ocon,26,4,99.312,26.265,29.431,43.616,SOFT,14,0,294.0,0,0,1
2018,3,fp2,ocon,27,4,107.274,26.947,31.186,49.141,SOFT,15,0,298.0,0,0,0
2018,3,fp2,ocon,28,5,,,34.56,51.061,INTERMEDIATE,1,1,280.0,0,0,0
2018,3,fp2,ocon,29,5,111.665,28.831,33.841,48.993,INTERMEDIATE,2,1,306.0,0,0,1
2018,3,fp2,ocon,30,5,120.818,29.025,34.362,57.431,INTERMEDIATE,3,1,246.0,0,0,0
2018,3,fp2,max_verstappen,1,1,,,35.24,48.64,SOFT,1,1,286.0,0,0,0
2018,3,fp2,max_verstappen,2,1,94.751,24.692,27.796,42.263,SOFT,2,1,309.0,1,0,0
2018,3,fp2,max_verstappen,3,1,121.133,33.474,37.491,50.168,SOFT,3,1,251.0,0,0,0
2018,3,fp2,max_verstappen,4,1,94.747,24.826,27.78,42.141,SOFT,4,1,307.0,1,0,0
2018,3,fp2,max_verstappen,5,1,111.549,27.269,31.832,52.448,SOFT,5,1,262.0,0,0,0
2018,3,fp2,max_verstappen,6,2,,,35.999,49.249,ULTRASOFT,1,1,285.0,0,0,0
2018,3,fp2,max_verstappen,7,2,93.823,24.303,27.703,41.817,ULTRASOFT,2,1,307.0,1,0,0
2018,3,fp2,max_verstappen,8,2,116.565,29.798,33.925,52.842,ULTRASOFT,3,1,276.0,0,0,0
2018,3,fp2,max_verstappen,9,3,,,33.064,45.916,ULTRASOFT,4,0,291.0,0,0,0
2018,3,fp2,max_verstappen,10,3,98.811,25.834,29.407,43.57,ULTRASOFT,5,0,292.0,0,0,1
2018,3,fp2,max_verstappen,11,3,98.882,25.945,29.293,43.644,ULTRASOFT,6,0,293.0,0,0,1
2018,3,fp2,max_verstappen,12,3,99.057,26.059,29.494,43.504,ULTRASOFT,7,0,294.0,0,0,1
2018,3,fp2,max_verstappen,13,3,99.199,25.973,29.525,43.701,ULTRASOFT,8,0,293.0,0,0,1
2018,3,fp2,max_verstappen,14,3,99.338,26.026,29.621,43.691,ULTRASOFT,9,0,295.0,0,0,1
2018,3,fp2,max_verstappen,15,3,99.424,26.112,29.557,43.755,ULTRASOFT,10,0,292.0,0,0,1
2018,3,fp2,max_verstappen,16,3,99.192,26.182,29.383,43.627,ULTRASOFT,11,0,293.0,0,0,1
2018,3,fp2,max_verstappen,17,3,98.837,26.068,29.293,43.476,ULTRASOFT,12,0,293.0,0,0,1
2018,3,fp2,max_verstappen,18,3,99.099,26.112,29.285,43.702,ULTRASOFT,13,0,294.0,0,0,1
2018,3,fp2,max_verstappen,19,3,99.113,26.097,29.26,43.756,ULTRASOFT,14,0,294.0,0,0,1
2018,3,fp2,max_verstappen,20,3,105.281,26.059,29.341,49.881,ULTRASOFT,15,0,252.0,0,0,0
2018,3,fp2,max_verstappen,21,4,127.491,45.385,29.772,52.334,SOFT,6,0,282.0,0,0,0
2018,3,fp2,max_verstappen,22,4,98.287,25.899,29.105,43.283,SOFT,7,0,294.0,0,0,1
2018,3,fp2,max_verstappen,23,4,98.01,25.739,29.029,43.242,SOFT,8,0,295.0,0,0,1
2018,3,fp2,max_verstappen,24,4,99.35,25.994,29.477,43.879,SOFT,9,0,295.0,0,0,1
2018,3,fp2,max_verstappen,25,4,117.558,28.169,34.459,54.93,SOFT,10,0,283.0,0,0,0
2018,3,fp2,max_verstappen,26,5,,55.38,36.921,62.068,SOFT,11,0,274.0,0,0,0
2018,3,fp2,sirotkin,1,1,,,36.579,48.529,ULTRASOFT,1,1,278.0,0,0,0
2018,3,fp2,sirotkin,2,1,96.364,25.152,28.607,42.605,ULTRASOFT,2,1,307.0,1,0,0
2018,3,fp2,sirotkin,3,1,112.102,29.131,35.511,47.46,ULTRASOFT,3,1,289.0,0,0,0
2018,3,fp2,sirotkin,4,1,96.544,25.236,28.507,42.801,ULTRASOFT,4,1,306.0,0,0,0
2018,3,fp2,sirotkin,5,1,114.555,30.137,35.952,48.466,ULTRASOFT,5,1,290.0,0,0,0
2018,3,fp2,sirotkin,6,1,96.396,25.326,28.52,42.55,ULTRASOFT,6,1,305.0,0,0,0
2018,3,fp2,sirotkin,7,1,116.72,28.161,35.528,53.031,ULTRASOFT,7,1,287.0,0,0,0
2018,3,fp2,sirotkin,8,2,,,33.031,46.708,ULTRASOFT,1,1,303.0,0,0,0
2018,3,fp2,sirotkin,9,2,95.34,24.909,28.136,42.295,ULTRASOFT,2,1,306.0,1,0,0
2018,3,fp2,sirotkin,10,2,110.247,28.508,34.012,47.727,ULTRASOFT,3,1,289.0,0,0,0
2018,3,fp2,sirotkin,11,2,96.646,25.262,28.614,42.77,ULTRASOFT,4,1,311.0,0,0,0
2018,3,fp2,sirotkin,12,2,120.865,31.405,35.801,53.659,ULTRASOFT,5,1,277.0,0,0,0
2018,3,fp2,sirotkin,13,3,,,31.816,45.306,ULTRASOFT,6,0,284.0,0,0,0
2018,3,fp2,sirotkin,14,3,101.117,26.526,29.946,44.645,ULTRASOFT,7,0,289.0,0,0,1
2018,3,fp2,sirotkin,15,3,104.277,26.674,30.239,47.364,ULTRASOFT,8,0,295.0,0,0,1
2018,3,fp2,sirotkin,16,3,105.876,28.185,32.658,45.033,ULTRASOFT,9,0,289.0,0,0,1
2018,3,fp2,sirotkin,17,3,101.382,26.718,30.167,44.497,ULTRASOFT,10,0,292.0,0,0,1
2018,3,fp2,sirotkin,18,3,101.438,26.545,30.177,44.716,ULTRASOFT,11,0,292.0,0,0,1
2018,3,fp2,sirotkin,19,3,101.903,26.784,30.314,44.805,ULTRASOFT,12,0,289.0,0,0,1
2018,3,fp2,sirotkin,20,3,102.218,26.889,30.329,45.0,ULTRASOFT,13,0,288.0,0,0,1
2018,3,fp2,sirotkin,21,3,101.749,26.799,30.155,44.795,ULTRASOFT,14,0,287.0,0,0,1
2018,3,fp2,sirotkin,22,3,101.459,26.702,30.049,44.708,ULTRASOFT,15,0,288.0,0,0,1
2018,3,fp2,sirotkin,23,3,106.91,26.737,30.134,50.039,ULTRASOFT,16,0,290.0,0,0,0
2018,3,fp2,sirotkin,24,4,133.775,55.518,32.372,45.885,ULTRASOFT,8,0,289.0,0,0,0
2018,3,fp2,sirotkin,25,4,102.082,27.284,30.245,44.553,ULTRASOFT,9,0,295.0,0,0,1
2018,3,fp2,sirotkin,26,4,100.493,26.418,29.795,44.28,ULTRASOFT,10,0,290.0,0,0,1
2018,3,fp2,sirotkin,27,4,100.55,26.422,29.824,44.304,ULTRASOFT,11,0,291.0,0,0,1
2018,3,fp2,sirotkin,28,4,104.373,26.723,30.895,46.755,ULTRASOFT,12,0,293.0,0,0,1
2018,3,fp2,sirotkin,29,4,101.343,26.427,30.235,44.681,ULTRASOFT,13,0,293.0,0,0,1
2018,3,fp2,sirotkin,30,4,102.986,26.488,31.133,45.365,ULTRASOFT,14,0,294.0,0,0,1
2018,3,fp2,sirotkin,31,4,115.329,26.957,32.294,56.078,ULTRASOFT,15,0,284.0,0,0,0
2018,3,fp2,hamilton,1,1,,,37.706,54.693,SOFT,1,1,156.0,0,0,0
2018,3,fp2,hamilton,2,1,116.948,24.751,37.37,54.827,SOFT,2,1,304.0,1,0,0
2018,3,fp2,hamilton,3,1,94.179,24.711,27.864,41.604,SOFT,3,1,314.0,1,0,0
2018,3,fp2,hamilton,4,1,123.111,30.472,37.79,54.849,SOFT,4,1,287.0,0,0,0
2018,3,fp2,hamilton,5,1,104.369,24.665,28.041,51.663,SOFT,5,1,262.0,0,0,0
2018,3,fp2,hamilton,6,2,,,35.942,49.75,ULTRASOFT,1,1,298.0,0,0,0
2018,3,fp2,hamilton,7,2,93.482,24.331,27.47,41.681,ULTRASOFT,2,1,310.0,1,0,0
2018,3,fp2,hamilton,8,2,119.522,29.017,35.427,55.078,ULTRASOFT,3,1,250.0,0,0,0
2018,3,fp2,hamilton,9,3,,,35.133,55.878,ULTRASOFT,4,0,258.0,0,0,0
2018,3,fp2,hamilton,10,4,137.199,60.411,31.184,45.604,ULTRASOFT,5,0,295.0,0,0,0
2018,3,fp2,hamilton,11,4,100.072,26.28,29.861,43.931,ULTRASOFT,6,0,294.0,0,0,1
2018,3,fp2,hamilton,12,4,98.865,25.985,29.237,43.643,ULTRASOFT,7,0,290.0,0,0,1
2018,3,fp2,hamilton,13,4,98.96,26.053,29.338,43.569,ULTRASOFT,8,0,288.0,0,0,1
2018,3,fp2,hamilton,14,4,98.759,26.004,29.279,43.476,ULTRASOFT,9,0,294.0,0,0,1
2018,3,fp2,hamilton,15,4,99.012,26.097,29.331,43.584,ULTRASOFT,10,0,292.0,0,0,1
2018,3,fp2,hamilton,16,4,99.258,26.151,29.496,43.611,ULTRASOFT,11,0,292.0,0,0,1
2018,3,fp2,hamilton,17,4,99.289,26.152,29.422,43.715,ULTRASOFT,12,0,289.0,0,0,1
2018,3,fp2,hamilton,18,4,99.384,26.199,29.353,43.832,ULTRASOFT,13,0,292.0,0,0,1
2018,3,fp2,hamilton,19,4,103.289,26.146,29.235,47.908,ULTRASOFT,14,0,294.0,0,0,0
2018,3,fp2,hamilton,20,5,133.194,50.966,31.724,50.504,SOFT,6,0,295.0,0,0,0
2018,3,fp2,hamilton,21,5,99.969,25.791,28.865,45.313,SOFT,7,0,288.0,0,0,1
2018,3,fp2,hamilton,22,5,98.262,25.834,28.979,43.449,SOFT,8,0,290.0,0,0,1
2018,3,fp2,hamilton,23,5,97.898,25.796,28.974,43.128,SOFT,9,0,301.0,0,0,1
2018,3,fp2,hamilton,24,5,97.684,25.736,28.925,43.023,SOFT,10,0,301.0,0,0,1
2018,3,fp2,hamilton,25,5,99.53,25.839,30.387,43.304,SOFT,11,0,296.0,0,0,1
2018,3,fp2,hamilton,26,5,105.914,25.851,30.103,49.96,SOFT,12,0,280.0,0,0,0
2018,3,fp2,sainz,1,1,,,32.966,46.008,MEDIUM,1,1,280.0,0,0,0
2018,3,fp2,sainz,2,1,96.517,25.328,28.661,42.528,MEDIUM,2,1,309.0,1,0,0
2018,3,fp2,sainz,3,1,126.794,33.386,41.355,52.053,MEDIUM,3,1,288.0,0,0,0
2018,3,fp2,sainz,4,1,96.416,25.53,28.561,42.325,MEDIUM,4,1,311.0,1,0,0
2018,3,fp2,sainz,5,1,123.314,32.684,42.512,48.118,MEDIUM,5,1,277.0,0,0,0
2018,3,fp2,sainz,6,1,97.003,25.596,28.804,42.603,MEDIUM,6,1,308.0,0,0,0
2018,3,fp2,sainz,7,1,120.329,30.277,33.372,56.68,MEDIUM,7,1,253.0,0,0,0
2018,3,fp2,sainz,8,2,,,41.975,62.16,ULTRASOFT,1,1,273.0,0,0,0
2018,3,fp2,sainz,9,2,94.473,24.676,28.017,41.78,ULTRASOFT,2,1,311.0,1,0,1
2018,3,fp2,sainz,10,2,129.142,32.976,40.578,55.588,ULTRASOFT,3,1,288.0,0,0,0
2018,3,fp2,sainz,11,3,,,32.267,52.366,ULTRASOFT,4,0,278.0,0,0,0
2018,3,fp2,sainz,12,4,133.58,56.997,32.465,44.118,ULTRASOFT,5,0,291.0,0,0,0
2018,3,fp2,sainz,13,4,98.753,25.994,29.326,43.433,ULTRASOFT,6,0,293.0,0,0,1
2018,3,fp2,sainz,14,4,99.468,26.214,29.678,43.576,ULTRASOFT,7,0,293.0,0,0,1
2018,3,fp2,sainz,15,4,99.593,26.164,29.735,43.694,ULTRASOFT,8,0,295.0,0,0,1
2018,3,fp2,sainz,16,4,100.166,26.306,29.882,43.978,ULTRASOFT,9,0,295.0,0,0,1
2018,3,fp2,sainz,17,4,101.178,26.662,30.157,44.359,ULTRASOFT,10,0,292.0,0,0,1
2018,3,fp2,sainz,18,4,106.484,26.745,30.271,49.468,ULTRASOFT,11,0,291.0,0,0,0
2018,3,fp2,sainz,19,5,123.526,50.025,29.609,43.892,MEDIUM,8,0,290.0,0,0,0
2018,3,fp2,sainz,20,5,99.149,26.213,29.319,43.617,MEDIUM,9,0,290.0,0,0,1
2018,3,fp2,sainz,21,5,99.71,26.436,29.476,43.798,MEDIUM,10,0,289.0,0,0,1
2018,3,fp2,sainz,22,5,99.845,26.372,29.408,44.065,MEDIUM,11,0,289.0,0,0,1
2018,3,fp2,sainz,23,5,99.768,26.332,29.408,44.028,MEDIUM,12,0,290.0,0,0,1
2018,3,fp2,sainz,24,5,100.084,26.449,29.748,43.887,MEDIUM,13,0,290.0,0,0,1
2018,3,fp2,sainz,25,5,100.062,26.461,29.698,43.903,MEDIUM,14,0,290.0,0,0,1
2018,3,fp2,sainz,26,5,100.275,26.482,29.828,43.965,MEDIUM,15,0,289.0,0,0,1
2018,3,fp2,sainz,27,5,103.173,27.065,31.058,45.05,MEDIUM,16,0,289.0,0,0,1
2018,3,fp2,sainz,28,5,122.359,27.286,36.898,58.175,MEDIUM,17,0,276.0,0,0,0
2018,3,fp2,bottas,1,1,,,30.64,46.547,MEDIUM,1,1,302.0,0,0,0
2018,3,fp2,bottas,2,1,94.387,24.603,28.04,41.744,MEDIUM,2,1,313.0,1,0,0
2018,3,fp2,bottas,3,1,113.349,28.62,33.51,51.219,MEDIUM,3,1,287.0,0,0,0
2018,3,fp2,bottas,4,1,94.837,24.785,28.105,41.947,MEDIUM,4,1,313.0,0,0,0
2018,3,fp2,bottas,5,1,110.562,29.894,31.571,49.097,MEDIUM,5,1,300.0,0,0,0
2018,3,fp2,bottas,6,2,,,35.12,50.291,ULTRASOFT,1,1,283.0,0,0,0
2018,3,fp2,bottas,7,2,93.515,24.412,27.688,41.415,ULTRASOFT,2,1,310.0,1,0,0
2018,3,fp2,bottas,8,2,115.946,29.038,33.812,53.096,ULTRASOFT,3,1,279.0,0,0,0
2018,3,fp2,bottas,9,3,,,33.398,53.649,ULTRASOFT,4,0,278.0,0,0,0
2018,3,fp2,bottas,10,4,144.699,58.166,35.228,51.305,ULTRASOFT,5,0,276.0,0,0,0
2018,3,fp2,bottas,11,4,98.702,25.903,29.338,43.461,ULTRASOFT,6,0,292.0,0,0,1
2018,3,fp2,bottas,12,4,99.422,26.126,29.584,43.712,ULTRASOFT,7,0,287.0,0,0,1
2018,3,fp2,bottas,13,4,99.325,26.208,29.675,43.442,ULTRASOFT,8,0,292.0,0,0,1
2018,3,fp2,bottas,14,4,109.871,27.466,35.041,47.364,ULTRASOFT,9,0,282.0,0,0,1
2018,3,fp2,bottas,15,4,99.167,26.077,29.507,43.583,ULTRASOFT,10,0,295.0,0,0,1
2018,3,fp2,bottas,16,4,99.398,26.155,29.688,43.555,ULTRASOFT,11,0,293.0,0,0,1
2018,3,fp2,bottas,17,4,99.256,26.131,29.484,43.641,ULTRASOFT,12,0,293.0,0,0,1
2018,3,fp2,bottas,18,4,105.921,26.468,29.804,49.649,ULTRASOFT,13,0,294.0,0,0,0
2018,3,fp2,bottas,19,5,132.292,51.356,31.753,49.183,MEDIUM,6,0,275.0,0,0,0
2018,3,fp2,bottas,20,5,98.399,25.921,29.248,43.23,MEDIUM,7,0,297.0,0,0,1
2018,3,fp2,bottas,21,5,98.618,25.868,29.311,43.439,MEDIUM,8,0,296.0,0,0,1
2018,3,fp2,bottas,22,5,98.864,25.902,29.412,43.55,MEDIUM,9,0,294.0,0,0,1
2018,3,fp2,bottas,23,5,103.827,27.892,31.744,44.191,MEDIUM,10,0,311.0,0,0,1
2018,3,fp2,bottas,24,5,98.233,25.912,29.119,43.202,MEDIUM,11,0,291.0,0,0,1
2018,3,fp2,bottas,25,5,98.214,25.876,29.102,43.236,MEDIUM,12,0,296.0,0,0,1
2018,3,fp2,bottas,26,5,103.604,26.117,29.886,47.601,MEDIUM,13,0,300.0,0,0,1
2018,3,fp2,bottas,27,5,125.621,31.031,38.681,55.909,MEDIUM,14,0,270.0,0,0,0
2018,3,fp3,vandoorne,1,,,,37.339,57.218,,,1,291.0,0,0,0
2018,3,fp3,vandoorne,2,1,,,35.082,56.801,ULTRASOFT,2,0,259.0,0,0,0
2018,3,fp3,vandoorne,3,2,,84.127,32.764,52.082,ULTRASOFT,3,0,295.0,0,0,0
2018,3,fp3,vandoorne,4,3,,,34.05,52.037,ULTRASOFT,4,0,202.0,0,0,0
2018,3,fp3,vandoorne,5,3,129.45,25.531,42.041,61.878,ULTRASOFT,5,0,221.0,1,0,0
2018,3,fp3,vandoorne,6,3,140.204,31.187,42.732,66.285,ULTRASOFT,6,0,134.0,0,0,0
2018,3,fp3,vandoorne,7,3,120.689,27.976,41.819,50.894,ULTRASOFT,7,0,248.0,1,0,0
2018,3,fp3,vandoorne,8,3,96.408,25.508,28.67,42.23,ULTRASOFT,8,0,322.0,1,0,1
2018,3,fp3,vandoorne,9,3,111.175,29.099,34.739,47.337,ULTRASOFT,9,0,298.0,0,0,1
2018,3,fp3,vandoorne,10,3,95.563,25.265,28.706,41.592,ULTRASOFT,10,0,318.0,1,0,1
2018,3,fp3,vandoorne,11,3,111.434,29.467,31.387,50.58,ULTRASOFT,11,0,301.0,0,0,0
2018,3,fp3,vandoorne,12,4,,,33.385,48.576,ULTRASOFT,1,1,292.0,0,0,0
2018,3,fp3,vandoorne,13,4,94.977,25.101,28.471,41.405,ULTRASOFT,2,1,316.0,1,0,1
2018,3,fp3,vandoorne,14,4,118.567,32.118,36.312,50.137,ULTRASOFT,3,1,280.0,0,0,1
2018,3,fp3,vandoorne,15,4,95.362,25.35,28.413,41.599,ULTRASOFT,4,1,312.0,0,0,1
2018,3,fp3,vandoorne,16,4,112.119,28.917,31.193,52.009,ULTRASOFT,5,1,301.0,0,0,0
2018,3,fp3,ricciardo,1,1,,,31.084,45.472,SOFT,1,1,300.0,0,0,0
2018,3,fp3,ricciardo,2,1,95.061,25.13,28.253,41.678,SOFT,2,1,319.0,1,0,1
2018,3,fp3,ricciardo,3,1,122.029,34.314,38.331,49.384,SOFT,3,1,296.0,0,0,1
2018,3,fp3,ricciardo,4,1,,25.303,32.718,49.384,SOFT,4,1,140.0,0,0,0
2018,3,fp3,vettel,1,1,,,31.815,48.645,ULTRASOFT,1,1,299.0,0,0,0
2018,3,fp3,vettel,2,1,93.689,24.873,27.874,40.942,ULTRASOFT,2,1,323.0,1,0,1
2018,3,fp3,vettel,3,1,115.918,30.822,36.637,48.459,ULTRASOFT,3,1,295.0,0,0,1
2018,3,fp3,vettel,4,1,94.835,25.232,28.501,41.102,ULTRASOFT,4,1,324.0,0,0,1
2018,3,fp3,vettel,5,1,111.609,28.012,31.562,52.035,ULTRASOFT,5,1,273.0,0,0,0
2018,3,fp3,vettel,6,2,149.787,69.28,31.542,48.965,ULTRASOFT,6,0,297.0,0,0,0
2018,3,fp3,vettel,7,3,,,32.458,47.293,ULTRASOFT,1,1,295.0,0,0,0
2018,3,fp3,vettel,8,3,93.018,24.538,27.975,40.505,ULTRASOFT,2,1,327.0,1,0,1
2018,3,fp3,vettel,9,3,116.205,29.542,35.706,50.957,ULTRASOFT,3,1,246.0,0,0,1
2018,3,fp3,vettel,10,3,93.719,24.834,28.028,40.857,ULTRASOFT,4,1,321.0,0,0,1
2018,3,fp3,vettel,11,3,111.721,29.518,32.115,50.088,ULTRASOFT,5,1,293.0,0,0,0
2018,3,fp3,vettel,12,4,,,31.519,49.592,ULTRASOFT,7,0,294.0,0,0,0
2018,3,fp3,vettel,13,5,,73.967,30.769,45.417,ULTRASOFT,8,0,321.0,0,0,0
2018,3,fp3,vettel,14,5,107.879,26.132,29.531,52.216,ULTRASOFT,9,0,306.0,0,0,0
2018,3,fp3,raikkonen,1,,,,31.249,50.062,,,1,301.0,0,0,0
2018,3,fp3,raikkonen,2,,105.08,24.949,29.408,50.723,,,1,293.0,1,0,0
2018,3,fp3,raikkonen,3,1,97.763,24.92,28.589,44.254,ULTRASOFT,1,1,321.0,1,0,0
2018,3,fp3,raikkonen,4,1,117.796,29.445,36.611,51.74,ULTRASOFT,2,1,297.0,0,0,0
2018,3,fp3,raikkonen,5,1,94.794,25.207,28.201,41.386,ULTRASOFT,3,1,324.0,1,0,1
2018,3,fp3,raikkonen,6,1,106.91,26.565,30.487,49.858,ULTRASOFT,4,1,301.0,0,0,0
2018,3,fp3,raikkonen,7,2,,73.488,30.532,51.504,ULTRASOFT,7,0,300.0,0,0,0
2018,3,fp3,raikkonen,8,3,,,31.131,52.289,ULTRASOFT,1,1,305.0,0,0,0
2018,3,fp3,raikkonen,9,3,93.469,24.88,27.921,40.668,ULTRASOFT,2,1,328.0,1,0,1
2018,3,fp3,raikkonen,10,3,129.764,29.744,35.12,64.9,ULTRASOFT,3,1,249.0,0,0,0
2018,3,fp3,raikkonen,11,4,,66.549,43.563,84.407,ULTRASOFT,4,0,123.0,0,0,0
2018,3,fp3,raikkonen,12,5,148.195,56.61,32.517,59.068,ULTRASOFT,5,0,128.0,0,0,0
2018,3,fp3,raikkonen,13,5,108.362,25.045,28.313,55.004,ULTRASOFT,6,0,291.0,0,0,1
2018,3,fp3,raikkonen,14,5,93.739,24.839,27.977,40.923,ULTRASOFT,7,0,322.0,0,0,1
2018,3,fp3,raikkonen,15,5,107.355,27.845,30.419,49.091,ULTRASOFT,8,0,296.0,0,0,0
2018,3,fp3,raikkonen,16,6,,,29.85,48.226,ULTRASOFT,8,0,323.0,0,0,0
2018,3,fp3,raikkonen,17,6,98.306,26.082,29.613,42.611,ULTRASOFT,9,0,304.0,0,0,1
2018,3,fp3,raikkonen,18,6,98.622,26.246,29.647,42.729,ULTRASOFT,10,0,309.0,0,0,1
2018,3,fp3,raikkonen,19,6,99.154,26.33,29.874,42.95,ULTRASOFT,11,0,332.0,0,0,1
2018,3,fp3,raikkonen,20,6,100.714,26.922,30.809,42.983,ULTRASOFT,12,0,336.0,0,0,1
2018,3,fp3,raikkonen,21,6,106.065,26.683,30.629,48.753,ULTRASOFT,13,0,308.0,0,0,0
2018,3,fp3,grosjean,1,,,,36.913,56.077,,,1,313.0,0,0,0
2018,3,fp3,grosjean,2,1,,,33.334,45.961,ULTRASOFT,2,0,283.0,0,0,0
2018,3,fp3,grosjean,3,1,95.756,25.378,28.363,42.015,ULTRASOFT,3,0,311.0,1,0,1
2018,3,fp3,grosjean,4,1,111.676,30.309,35.211,46.156,ULTRASOFT,4,0,299.0,0,0,1
2018,3,fp3,grosjean,5,1,114.668,25.392,39.139,50.137,ULTRASOFT,5,0,293.0,0,0,1
2018,3,fp3,grosjean,6,1,133.522,25.898,41.857,65.767,ULTRASOFT,6,0,211.0,0,0,0
2018,3,fp3,ericsson,1,,,,35.103,53.511,,,1,287.0,0,0,0
2018,3,fp3,ericsson,2,1,,,31.71,46.046,ULTRASOFT,1,1,304.0,0,0,0
2018,3,fp3,ericsson,3,1,96.658,25.584,28.86,42.214,ULTRASOFT,2,1,327.0,1,0,1
2018,3,fp3,ericsson,4,1,115.884,29.59,35.428,50.866,ULTRASOFT,3,1,266.0,0,0,1
2018,3,fp3,ericsson,5,1,118.232,25.436,34.541,58.255,ULTRASOFT,4,1,268.0,0,0,0
2018,3,fp3,ericsson,6,1,,35.035,40.865,81.866,ULTRASOFT,5,1,94.0,0,0,0
2018,3,fp3,ericsson,7,1,118.681,31.204,36.709,50.768,ULTRASOFT,6,1,261.0,0,0,0
2018,3,fp3,ericsson,8,1,122.306,28.523,37.316,56.467,ULTRASOFT,7,1,299.0,0,0,0
2018,3,fp3,ericsson,9,2,,,32.711,55.218,ULTRASOFT,1,1,302.0,0,0,0
2018,3,fp3,ericsson,10,2,95.679,25.264,28.484,41.931,ULTRASOFT,2,1,324.0,1,0,1
2018,3,fp3,ericsson,11,2,129.817,30.811,39.888,59.118,ULTRASOFT,3,1,273.0,0,0,1
2018,3,fp3,ericsson,12,2,95.825,25.161,28.739,41.925,ULTRASOFT,4,1,323.0,0,0,1
2018,3,fp3,ericsson,13,2,116.774,29.888,34.28,52.606,ULTRASOFT,5,1,278.0,0,0,0
2018,3,fp3,gasly,1,1,,,33.543,48.699,SOFT,1,1,286.0,0,0,0
2018,3,fp3,gasly,2,1,97.528,25.846,29.009,42.673,SOFT,2,1,322.0,1,0,0
2018,3,fp3,gasly,3,1,119.259,33.263,37.726,48.27,SOFT,3,1,301.0,0,0,1
2018,3,fp3,gasly,4,1,97.623,25.693,29.375,42.555,SOFT,4,1,324.0,0,0,1
2018,3,fp3,gasly,5,1,114.601,30.378,35.721,48.502,SOFT,5,1,283.0,0,0,1
2018,3,fp3,gasly,6,1,96.314,25.732,28.937,41.645,SOFT,6,1,323.0,1,0,1
2018,3,fp3,gasly,7,1,117.121,28.921,34.623,53.577,SOFT,7,1,285.0,0,0,0
2018,3,fp3,gasly,8,2,,,31.618,45.994,SOFT,8,0,295.0,0,0,0
2018,3,fp3,gasly,9,2,107.368,25.591,33.799,47.978,SOFT,9,0,284.0,0,0,1
2018,3,fp3,gasly,10,2,96.596,25.586,28.966,42.044,SOFT,10,0,319.0,0,0,1
2018,3,fp3,gasly,11,2,114.305,28.513,34.084,51.708,SOFT,11,0,286.0,0,0,0
2018,3,fp3,gasly,12,3,,,32.344,49.537,ULTRASOFT,1,1,296.0,0,0,0
2018,3,fp3,gasly,13,3,95.079,25.193,28.473,41.413,ULTRASOFT,2,1,324.0,1,0,1
2018,3,fp3,gasly,14,3,117.888,32.463,36.509,48.916,ULTRASOFT,3,1,304.0,0,0,1
2018,3,fp3,gasly,15,3,96.0,25.419,28.664,41.917,ULTRASOFT,4,1,322.0,0,0,1
2018,3,fp3,gasly,16,3,135.827,32.072,39.169,64.586,ULTRASOFT,5,1,246.0,0,0,0
2018,3,fp3,perez,1,1,,,35.012,51.387,SOFT,1,1,280.0,0,0,0
2018,3,fp3,perez,2,1,95.828,25.31,28.639,41.879,SOFT,2,1,322.0,1,0,1
2018,3,fp3,perez,3,1,121.997,29.945,34.581,57.471,SOFT,3,1,220.0,0,0,1
2018,3,fp3,perez,4,1,111.687,25.556,32.778,53.353,SOFT,4,1,285.0,0,0,1
2018,3,fp3,perez,5,1,104.887,25.754,31.078,48.055,SOFT,5,1,293.0,0,0,1
2018,3,fp3,perez,6,1,108.138,27.815,31.236,49.087,SOFT,6,1,290.0,0,0,1
2018,3,fp3,perez,7,1,95.494,25.742,28.514,41.238,SOFT,7,1,324.0,1,0,1
2018,3,fp3,perez,8,1,120.355,28.265,32.706,59.384,SOFT,8,1,233.0,0,0,0
2018,3,fp3,perez,9,2,,,33.254,48.341,ULTRASOFT,1,1,289.0,0,0,0
2018,3,fp3,perez,10,2,94.445,25.045,28.273,41.127,ULTRASOFT,2,1,320.0,1,0,1
2018,3,fp3,perez,11,2,119.511,30.901,37.589,51.021,ULTRASOFT,3,1,271.0,0,0,1
2018,3,fp3,perez,12,2,116.787,27.205,38.321,51.261,ULTRASOFT,4,1,169.0,0,0,1
2018,3,fp3,perez,13,2,94.866,25.426,28.464,40.976,ULTRASOFT,5,1,321.0,0,0,1
2018,3,fp3,perez,14,2,107.054,27.728,30.786,48.54,ULTRASOFT,6,1,309.0,0,0,0
2018,3,fp3,alonso,1,,,,34.655,56.991,,,1,299.0,0,0,0
2018,3,fp3,alonso,2,1,,,34.374,49.31,ULTRASOFT,2,0,186.0,0,0,0
2018,3,fp3,alonso,3,1,95.364,25.256,28.326,41.782,ULTRASOFT,3,0,312.0,1,0,1
2018,3,fp3,alonso,4,1,114.372,30.492,35.639,48.241,ULTRASOFT,4,0,296.0,0,0,1
2018,3,fp3,alonso,5,1,95.639,25.499,28.434,41.706,ULTRASOFT,5,0,312.0,0,0,1
2018,3,fp3,alonso,6,1,105.539,26.516,29.632,49.391,ULTRASOFT,6,0,300.0,0,0,0
2018,3,fp3,alonso,7,2,140.605,57.35,30.522,52.733,ULTRASOFT,7,0,266.0,0,0,0
2018,3,fp3,alonso,8,3,139.821,60.773,28.843,50.205,ULTRASOFT,8,0,263.0,0,0,0
2018,3,fp3,alonso,9,4,,,47.112,66.327,ULTRASOFT,9,0,177.0,0,0,0
2018,3,fp3,alonso,10,5,,,29.968,54.064,ULTRASOFT,10,0,300.0,0,0,0
2018,3,fp3,alonso,11,6,,,34.056,49.99,ULTRASOFT,1,1,288.0,0,0,0
2018,3,fp3,alonso,12,6,94.851,25.047,28.438,41.366,ULTRASOFT,2,1,318.0,1,0,1
2018,3,fp3,alonso,13,6,111.47,27.121,33.729,50.62,ULTRASOFT,3,1,305.0,0,0,0
2018,3,fp3,leclerc,1,,,,32.44,52.628,,,1,249.0,0,0,0
2018,3,fp3,leclerc,2,1,,,33.257,47.302,ULTRASOFT,1,1,295.0,0,0,0
2018,3,fp3,leclerc,3,1,96.287,25.505,28.937,41.845,ULTRASOFT,2,1,326.0,1,0,1
2018,3,fp3,leclerc,4,1,124.983,31.028,39.428,54.527,ULTRASOFT,3,1,201.0,0,0,1
2018,3,fp3,leclerc,5,1,128.685,25.551,40.196,62.938,ULTRASOFT,4,1,242.0,0,0,0
2018,3,fp3,leclerc,6,1,140.583,31.632,44.075,64.876,ULTRASOFT,5,1,162.0,0,0,0
2018,3,fp3,leclerc,7,1,121.763,27.907,41.935,51.921,ULTRASOFT,6,1,153.0,0,0,0
2018,3,fp3,leclerc,8,1,108.08,25.551,29.973,52.556,ULTRASOFT,7,1,291.0,0,0,0
2018,3,fp3,leclerc,9,2,,,31.149,49.622,ULTRASOFT,1,1,195.0,0,0,0
2018,3,fp3,leclerc,10,2,95.497,25.117,28.611,41.769,ULTRASOFT,2,1,325.0,1,0,1
2018,3,fp3,leclerc,11,2,114.198,29.569,36.661,47.968,ULTRASOFT,3,1,256.0,0,0,1
2018,3,fp3,leclerc,12,2,102.128,25.364,31.473,45.291,ULTRASOFT,4,1,291.0,0,0,1
2018,3,fp3,leclerc,13,2,96.054,25.582,28.622,41.85,ULTRASOFT,5,1,320.0,0,0,1
2018,3,fp3,leclerc,14,2,113.255,28.789,33.704,50.762,ULTRASOFT,6,1,293.0,0,0,0
2018,3,fp3,stroll,1,1,,,32.199,49.565,SOFT,1,1,305.0,0,0,0
2018,3,fp3,stroll,2,1,99.283,26.218,29.406,43.659,SOFT,2,1,314.0,1,0,1
2018,3,fp3,stroll,3,1,98.367,26.055,29.494,42.818,SOFT,3,1,317.0,1,0,1
2018,3,fp3,stroll,4,1,98.004,26.031,29.576,42.397,SOFT,4,1,313.0,1,0,1
2018,3,fp3,stroll,5,1,107.38,28.483,32.905,45.992,SOFT,5,1,300.0,0,0,1
2018,3,fp3,stroll,6,1,110.197,26.034,31.331,52.832,SOFT,6,1,302.0,0,0,0
2018,3,fp3,stroll,7,2,,,30.391,52.712,ULTRASOFT,1,1,323.0,0,0,0
2018,3,fp3,stroll,8,2,96.092,25.453,28.689,41.95,ULTRASOFT,2,1,318.0,1,0,1
2018,3,fp3,stroll,9,2,121.263,30.285,37.54,53.438,ULTRASOFT,3,1,276.0,0,0,1
2018,3,fp3,stroll,10,2,120.894,25.55,32.032,63.312,ULTRASOFT,4,1,223.0,0,0,0
2018,3,fp3,stroll,11,3,,66.791,43.599,66.06,ULTRASOFT,5,0,147.0,0,0,0
2018,3,fp3,stroll,12,4,,,30.434,45.725,ULTRASOFT,1,1,313.0,0,0,0
2018,3,fp3,stroll,13,4,95.375,25.115,28.427,41.833,ULTRASOFT,2,1,318.0,1,0,1
2018,3,fp3,stroll,14,4,118.218,31.676,35.825,50.717,ULTRASOFT,3,1,301.0,0,0,1
2018,3,fp3,stroll,15,4,95.638,25.315,28.425,41.898,ULTRASOFT,4,1,314.0,0,0,1
2018,3,fp3,stroll,16,4,123.456,30.063,37.827,55.566,ULTRASOFT,5,1,220.0,0,0,0
2018,3,fp3,kevin_magnussen,1,1,,,32.269,52.687,ULTRASOFT,1,1,299.0,0,0,0
2018,3,fp3,kevin_magnussen,2,1,99.97,26.335,30.42,43.215,ULTRASOFT,2,1,308.0,1,0,0
2018,3,fp3,kevin_magnussen,3,1,99.834,26.566,30.246,43.022,ULTRASOFT,3,1,307.0,1,0,0
2018,3,fp3,kevin_magnussen,4,1,100.659,27.009,30.291,43.359,ULTRASOFT,4,1,307.0,0,0,1
2018,3,fp3,kevin_magnussen,5,1,99.753,26.774,30.105,42.874,ULTRASOFT,5,1,313.0,1,0,1
2018,3,fp3,kevin_magnussen,6,1,99.977,26.752,30.14,43.085,ULTRASOFT,6,1,307.0,0,0,1
2018,3,fp3,kevin_magnussen,7,1,99.902,26.674,30.288,42.94,ULTRASOFT,7,1,307.0,0,0,1
2018,3,fp3,kevin_magnussen,8,1,99.919,26.747,30.188,42.984,ULTRASOFT,8,1,306.0,0,0,1
2018,3,fp3,kevin_magnussen,9,1,100.369,26.841,30.365,43.163,ULTRASOFT,9,1,309.0,0,0,1
2018,3,fp3,kevin_magnussen,10,1,101.094,26.717,30.532,43.845,ULTRASOFT,10,1,310.0,0,0,1
2018,3,fp3,kevin_magnussen,11,1,100.3,26.868,30.218,43.214,ULTRASOFT,11,1,315.0,0,0,1
2018,3,fp3,kevin_magnussen,12,1,100.09,26.913,30.345,42.832,ULTRASOFT,12,1,327.0,0,0,1
2018,3,fp3,kevin_magnussen,13,1,100.22,26.936,30.179,43.105,ULTRASOFT,13,1,306.0,0,0,1
2018,3,fp3,kevin_magnussen,14,1,101.131,27.397,30.437,43.297,ULTRASOFT,14,1,306.0,0,0,1
2018,3,fp3,kevin_magnussen,15,1,100.364,26.885,30.19,43.289,ULTRASOFT,15,1,308.0,0,0,1
2018,3,fp3,kevin_magnussen,16,1,100.673,26.88,30.31,43.483,ULTRASOFT,16,1,306.0,0,0,1
2018,3,fp3,kevin_magnussen,17,1,101.047,27.025,30.594,43.428,ULTRASOFT,17,1,308.0,0,0,1
2018,3,fp3,kevin_magnussen,18,1,100.585,27.076,30.255,43.254,ULTRASOFT,18,1,312.0,0,0,1
2018,3,fp3,kevin_magnussen,19,1,111.376,27.137,30.346,53.893,ULTRASOFT,19,1,303.0,0,0,0
2018,3,fp3,kevin_magnussen,20,2,,,30.401,46.138,SOFT,1,1,293.0,0,0,0
2018,3,fp3,kevin_magnussen,21,2,94.329,25.027,28.095,41.207,SOFT,2,1,321.0,1,0,1
2018,3,fp3,kevin_magnussen,22,2,112.134,29.439,35.066,47.629,SOFT,3,1,292.0,0,0,1
2018,3,fp3,kevin_magnussen,23,2,94.997,25.346,28.414,41.237,SOFT,4,1,324.0,0,0,1
2018,3,fp3,kevin_magnussen,24,2,121.058,27.943,35.127,57.988,SOFT,5,1,222.0,0,0,0
2018,3,fp3,kevin_magnussen,25,3,135.982,53.349,32.561,50.072,SOFT,6,0,288.0,0,0,0
2018,3,fp3,hulkenberg,1,1,,,36.175,50.433,SOFT,1,1,285.0,0,0,0
2018,3,fp3,hulkenberg,2,1,96.401,25.544,28.916,41.941,SOFT,2,1,321.0,1,0,0
2018,3,fp3,hulkenberg,3,1,115.466,31.105,35.922,48.439,SOFT,3,1,296.0,0,0,1
2018,3,fp3,hulkenberg,4,1,108.508,25.941,33.102,49.465,SOFT,4,1,302.0,0,0,0
2018,3,fp3,hulkenberg,5,2,147.49,64.421,29.506,53.563,SOFT,5,0,276.0,0,0,0
2018,3,fp3,hulkenberg,6,3,,,37.484,54.991,ULTRASOFT,1,1,298.0,0,0,0
2018,3,fp3,hulkenberg,7,3,102.562,25.006,28.792,48.764,ULTRASOFT,2,1,283.0,0,0,1
2018,3,fp3,hulkenberg,8,3,94.841,25.237,28.299,41.305,ULTRASOFT,3,1,324.0,1,0,1
2018,3,fp3,hulkenberg,9,3,119.141,29.481,33.607,56.053,ULTRASOFT,4,1,201.0,0,0,0
2018,3,fp3,hulkenberg,10,4,,,29.951,43.319,ULTRASOFT,5,0,306.0,0,0,0
2018,3,fp3,hulkenberg,11,4,98.966,26.241,29.757,42.968,ULTRASOFT,6,0,303.0,0,0,1
2018,3,fp3,hulkenberg,12,4,99.951,26.487,29.979,43.485,ULTRASOFT,7,0,303.0,0,0,1
2018,3,fp3,hulkenberg,13,4,100.072,26.498,30.005,43.569,ULTRASOFT,8,0,300.0,0,0,1
2018,3,fp3,hulkenberg,14,4,100.185,26.678,30.112,43.395,ULTRASOFT,9,0,301.0,0,0,1
2018,3,fp3,hulkenberg,15,4,101.346,26.939,30.38,44.027,ULTRASOFT,10,0,300.0,0,0,1
2018,3,fp3,hulkenberg,16,4,113.526,27.177,31.836,54.513,ULTRASOFT,11,0,172.0,0,0,0
2018,3,fp3,brendon_hartley,1,1,,,33.253,48.046,SOFT,1,1,285.0,0,0,0
2018,3,fp3,brendon_hartley,2,1,99.033,25.779,29.338,43.916,SOFT,2,1,322.0,1,0,1
2018,3,fp3,brendon_hartley,3,1,105.945,28.37,31.831,45.744,SOFT,3,1,305.0,0,0,1
2018,3,fp3,brendon_hartley,4,1,96.924,25.81,28.943,42.171,SOFT,4,1,323.0,1,0,1
2018,3,fp3,brendon_hartley,5,1,108.561,28.988,32.757,46.816,SOFT,5,1,285.0,0,0,1
2018,3,fp3,brendon_hartley,6,1,96.618,25.675,28.844,42.099,SOFT,6,1,322.0,1,0,1
2018,3,fp3,brendon_hartley,7,1,109.631,28.028,33.833,47.77,SOFT,7,1,284.0,0,0,1
2018,3,fp3,brendon_hartley,8,1,96.538,25.972,28.669,41.897,SOFT,8,1,319.0,1,0,1
2018,3,fp3,brendon_hartley,9,1,111.776,27.626,32.695,51.455,SOFT,9,1,302.0,0,0,0
2018,3,fp3,brendon_hartley,10,2,,,31.456,46.509,SOFT,10,0,290.0,0,0,0
2018,3,fp3,brendon_hartley,11,2,103.865,28.174,30.585,45.106,SOFT,11,0,296.0,0,0,1
2018,3,fp3,brendon_hartley,12,2,97.16,25.844,28.819,42.497,SOFT,12,0,320.0,0,0,0
2018,3,fp3,brendon_hartley,13,2,144.016,37.039,41.019,65.958,SOFT,13,0,149.0,0,0,0
2018,3,fp3,brendon_hartley,14,3,,57.22,44.02,60.797,SOFT,14,0,197.0,0,0,0
2018,3,fp3,brendon_hartley,15,4,,,31.758,47.533,ULTRASOFT,1,1,296.0,0,0,0
2018,3,fp3,brendon_hartley,16,4,94.991,25.289,28.201,41.501,ULTRASOFT,2,1,321.0,1,0,1
2018,3,fp3,brendon_hartley,17,4,111.483,29.8,33.508,48.175,ULTRASOFT,3,1,293.0,0,0,1
2018,3,fp3,brendon_hartley,18,4,96.29,25.467,28.464,42.359,ULTRASOFT,4,1,321.0,0,0,1
2018,3,fp3,brendon_hartley,19,4,111.941,29.378,32.387,50.176,ULTRASOFT,5,1,285.0,0,0,0
2018,3,fp3,brendon_hartley,20,5,141.809,55.58,31.957,54.272,ULTRASOFT,6,0,301.0,0,0,0
2018,3,fp3,ocon,1,1,,,35.871,48.378,SOFT,1,1,305.0,0,0,0
2018,3,fp3,ocon,2,1,95.971,25.396,28.585,41.99,SOFT,2,1,323.0,1,0,1
2018,3,fp3,ocon,3,1,114.006,28.591,35.025,50.39,SOFT,3,1,308.0,0,0,1
2018,3,fp3,ocon,4,1,103.042,25.516,29.495,48.031,SOFT,4,1,309.0,0,0,1
2018,3,fp3,ocon,5,1,109.191,25.653,31.388,52.15,SOFT,5,1,307.0,0,0,1
2018,3,fp3,ocon,6,1,105.445,27.727,32.116,45.602,SOFT,6,1,307.0,0,0,1
2018,3,fp3,ocon,7,1,101.769,25.54,28.523,47.706,SOFT,7,1,324.0,0,0,1
2018,3,fp3,ocon,8,1,117.711,29.055,35.003,53.653,SOFT,8,1,308.0,0,0,1
2018,3,fp3,ocon,9,1,136.611,27.018,42.728,66.865,SOFT,9,1,234.0,0,0,0
2018,3,fp3,ocon,10,2,,,38.628,49.745,ULTRASOFT,1,1,289.0,0,0,0
2018,3,fp3,ocon,11,2,94.456,24.861,28.184,41.411,ULTRASOFT,2,1,320.0,1,0,1
2018,3,fp3,ocon,12,2,127.874,30.839,40.782,56.253,ULTRASOFT,3,1,169.0,0,0,1
2018,3,fp3,ocon,13,2,94.881,25.08,28.404,41.397,ULTRASOFT,4,1,322.0,0,0,1
2018,3,fp3,ocon,14,2,139.59,29.277,46.483,63.83,ULTRASOFT,5,1,164.0,0,0,1
2018,3,fp3,ocon,15,2,95.394,25.266,28.478,41.65,ULTRASOFT,6,1,319.0,0,0,1
2018,3,fp3,ocon,16,2,113.322,27.391,31.418,54.513,ULTRASOFT,7,1,277.0,0,0,0
2018,3,fp3,max_verstappen,1,1,,,38.573,49.094,SOFT,1,1,286.0,0,0,0
2018,3,fp3,max_verstappen,2,1,119.755,29.64,37.205,52.91,SOFT,2,1,289.0,1,0,1
2018,3,fp3,max_verstappen,3,1,96.143,25.539,28.556,42.048,SOFT,3,1,317.0,1,0,1
2018,3,fp3,max_verstappen,4,1,118.592,31.732,38.257,48.603,SOFT,4,1,301.0,0,0,1
2018,3,fp3,max_verstappen,5,1,95.451,25.268,28.376,41.807,SOFT,5,1,319.0,1,0,1
2018,3,fp3,max_verstappen,6,1,128.246,33.226,34.087,60.933,SOFT,6,1,261.0,0,0,0
2018,3,fp3,max_verstappen,7,1,139.373,34.05,42.156,63.167,SOFT,7,1,189.0,0,0,0
2018,3,fp3,max_verstappen,8,2,,,34.857,47.432,ULTRASOFT,1,1,300.0,0,0,0
2018,3,fp3,max_verstappen,9,2,93.969,24.822,27.994,41.153,ULTRASOFT,2,1,315.0,1,0,1
2018,3,fp3,max_verstappen,10,2,121.821,29.997,36.83,54.994,ULTRASOFT,3,1,258.0,0,0,1
2018,3,fp3,max_verstappen,11,2,95.039,25.455,28.242,41.342,ULTRASOFT,4,1,310.0,0,0,1
2018,3,fp3,max_verstappen,12,2,95.517,25.615,28.45,41.452,ULTRASOFT,5,1,308.0,0,0,1
2018,3,fp3,max_verstappen,13,2,96.124,25.75,28.447,41.927,ULTRASOFT,6,1,296.0,0,0,1
2018,3,fp3,max_verstappen,14,2,105.689,25.748,28.561,51.38,ULTRASOFT,7,1,183.0,0,0,0
2018,3,fp3,sirotkin,1,1,,,33.815,46.734,ULTRASOFT,1,1,312.0,0,0,0
2018,3,fp3,sirotkin,2,1,96.743,25.612,28.964,42.167,ULTRASOFT,2,1,318.0,1,0,1
2018,3,fp3,sirotkin,3,1,112.162,28.245,33.56,50.357,ULTRASOFT,3,1,160.0,0,0,1
2018,3,fp3,sirotkin,4,1,96.907,25.658,28.852,42.397,ULTRASOFT,4,1,316.0,0,0,1
2018,3,fp3,sirotkin,5,1,114.043,29.137,36.043,48.863,ULTRASOFT,5,1,297.0,0,0,1
2018,3,fp3,sirotkin,6,1,96.386,25.693,28.627,42.066,ULTRASOFT,6,1,316.0,1,0,1
2018,3,fp3,sirotkin,7,1,116.982,29.438,33.377,54.167,ULTRASOFT,7,1,302.0,0,0,0
2018,3,fp3,sirotkin,8,2,,71.179,40.702,67.105,ULTRASOFT,8,0,272.0,0,0,0
2018,3,fp3,sirotkin,9,3,,,32.663,51.562,ULTRASOFT,1,1,311.0,0,0,0
2018,3,fp3,sirotkin,10,3,94.741,24.977,28.231,41.533,ULTRASOFT,2,1,320.0,1,0,1
2018,3,fp3,sirotkin,11,3,115.303,30.113,35.328,49.862,ULTRASOFT,3,1,301.0,0,0,1
2018,3,fp3,sirotkin,12,3,96.122,25.487,28.622,42.013,ULTRASOFT,4,1,316.0,0,0,1
2018,3,fp3,sirotkin,13,3,117.296,29.705,34.582,53.009,ULTRASOFT,5,1,301.0,0,0,0
2018,3,fp3,hamilton,1,1,,,36.081,50.395,SOFT,1,1,261.0,0,0,0
2018,3,fp3,hamilton,2,1,111.985,28.096,34.465,49.424,SOFT,2,1,306.0,1,0,1
2018,3,fp3,hamilton,3,1,100.125,25.499,30.419,44.207,SOFT,3,1,310.0,1,0,1
2018,3,fp3,hamilton,4,1,107.928,25.418,29.492,53.018,SOFT,4,1,310.0,0,0,1
2018,3,fp3,hamilton,5,1,94.807,25.091,28.276,41.44,SOFT,5,1,324.0,1,0,1
2018,3,fp3,hamilton,6,1,113.142,27.637,32.384,53.121,SOFT,6,1,320.0,0,0,1
2018,3,fp3,hamilton,7,1,147.729,24.971,55.157,67.601,SOFT,7,1,196.0,0,0,0
2018,3,fp3,hamilton,8,2,,,30.463,57.62,ULTRASOFT,1,1,311.0,0,0,0
2018,3,fp3,hamilton,9,2,109.173,24.573,28.109,56.491,ULTRASOFT,2,1,280.0,0,0,1
2018,3,fp3,hamilton,10,2,94.057,24.762,28.127,41.168,ULTRASOFT,3,1,321.0,1,0,1
2018,3,fp3,hamilton,11,2,105.936,29.173,31.726,45.037,ULTRASOFT,4,1,308.0,0,0,1
2018,3,fp3,hamilton,12,2,112.951,26.43,30.673,55.848,ULTRASOFT,5,1,208.0,0,0,0
2018,3,fp3,hamilton,13,3,,,31.11,51.12,ULTRASOFT,6,0,238.0,0,0,0
2018,3,fp3,hamilton,14,4,143.826,59.14,33.442,51.244,ULTRASOFT,7,0,256.0,0,0,0
2018,3,fp3,sainz,1,1,,,35.254,48.722,SOFT,1,1,287.0,0,0,0
2018,3,fp3,sainz,2,1,98.428,25.829,29.835,42.764,SOFT,2,1,314.0,1,0,0
2018,3,fp3,sainz,3,1,122.303,33.793,38.935,49.575,SOFT,3,1,296.0,0,0,1
2018,3,fp3,sainz,4,1,96.871,25.871,29.072,41.928,SOFT,4,1,323.0,1,0,1
2018,3,fp3,sainz,5,1,134.422,35.005,47.282,52.135,SOFT,5,1,292.0,0,0,1
2018,3,fp3,sainz,6,1,96.816,25.967,28.798,42.051,SOFT,6,1,316.0,1,0,1
2018,3,fp3,sainz,7,1,124.978,31.329,36.323,57.326,SOFT,7,1,237.0,0,0,0
2018,3,fp3,sainz,8,2,147.608,64.464,33.644,49.5,SOFT,8,0,296.0,0,0,0
2018,3,fp3,sainz,9,3,,,43.715,55.574,ULTRASOFT,1,1,294.0,0,0,0
2018,3,fp3,sainz,10,3,94.582,25.189,28.216,41.177,ULTRASOFT,2,1,322.0,1,0,1
2018,3,fp3,sainz,11,3,128.314,32.232,38.673,57.409,ULTRASOFT,3,1,268.0,0,0,0
2018,3,fp3,sainz,12,4,,,31.18,44.074,ULTRASOFT,4,0,300.0,0,0,0
2018,3,fp3,sainz,13,4,100.169,26.81,30.005,43.354,ULTRASOFT,5,0,303.0,0,0,1
2018,3,fp3,sainz,14,4,100.05,26.732,30.031,43.287,ULTRASOFT,6,0,301.0,0,0,1
2018,3,fp3,sainz,15,4,100.422,26.839,30.025,43.558,ULTRASOFT,7,0,299.0,0,0,1
2018,3,fp3,sainz,16,4,100.044,26.727,30.066,43.251,ULTRASOFT,8,0,304.0,0,0,1
2018,3,fp3,sainz,17,4,100.978,26.827,30.257,43.894,ULTRASOFT,9,0,304.0,0,0,1
2018,3,fp3,sainz,18,4,100.899,26.883,30.3,43.716,ULTRASOFT,10,0,306.0,0,0,1
2018,3,fp3,sainz,19,4,105.291,27.004,30.557,47.73,ULTRASOFT,11,0,303.0,0,0,1
2018,3,fp3,sainz,20,4,111.089,26.845,30.524,53.72,ULTRASOFT,12,0,284.0,0,0,0
2018,3,fp3,bottas,1,1,,,32.172,45.613,SOFT,1,1,306.0,0,0,0
2018,3,fp3,bottas,2,1,105.721,25.702,34.029,45.99,SOFT,2,1,312.0,1,0,1
2018,3,fp3,bottas,3,1,95.232,25.194,28.266,41.772,SOFT,3,1,320.0,1,0,1
2018,3,fp3,bottas,4,1,108.802,29.456,32.812,46.534,SOFT,4,1,311.0,0,0,1
2018,3,fp3,bottas,5,1,94.728,25.081,28.425,41.222,SOFT,5,1,324.0,1,0,1
2018,3,fp3,bottas,6,1,108.334,27.889,31.409,49.036,SOFT,6,1,321.0,0,0,1
2018,3,fp3,bottas,7,1,94.423,25.133,28.196,41.094,SOFT,7,1,323.0,1,0,1
2018,3,fp3,bottas,8,1,112.2,27.182,34.673,50.345,SOFT,8,1,313.0,0,0,0
2018,3,fp3,bottas,9,2,148.996,67.947,32.133,48.916,SOFT,9,0,312.0,0,0,0
2018,3,fp3,bottas,10,3,,,32.103,50.825,ULTRASOFT,1,1,300.0,0,0,0
2018,3,fp3,bottas,11,3,93.88,24.828,28.164,40.888,ULTRASOFT,2,1,323.0,1,0,1
2018,3,fp3,bottas,12,3,117.656,30.827,35.439,51.39,ULTRASOFT,3,1,319.0,0,0,1
2018,3,fp3,bottas,13,3,93.761,24.859,27.972,40.93,ULTRASOFT,4,1,321.0,1,0,1
2018,3,fp3,bottas,14,3,107.623,28.864,31.584,47.175,ULTRASOFT,5,1,310.0,0,0,0
2018,3,fp3,bottas,15,4,,,33.651,51.8,SOFT,10,0,313.0,0,0,0
2018,3,fp3,bottas,16,5,143.87,57.636,35.685,50.549,SOFT,11,0,307.0,0,0,0
2018,4,fp1,vandoorne,1,,,,55.361,36.835,,,1,278.0,0,0,0
2018,4,fp1,vandoorne,2,1,,,49.48,32.939,ULTRASOFT,2,0,287.0,0,0,0
2018,4,fp1,vandoorne,3,2,,,54.205,27.661,ULTRASOFT,3,0,288.0,0,0,0
2018,4,fp1,vandoorne,4,2,112.505,41.09,45.018,26.397,ULTRASOFT,4,0,301.0,1,0,1
2018,4,fp1,vandoorne,5,2,136.7,41.163,57.67,37.867,ULTRASOFT,5,0,194.0,0,0,0
2018,4,fp1,vandoorne,6,2,,52.94,57.452,41.428,ULTRASOFT,6,0,178.0,0,0,0
2018,4,fp1,vandoorne,7,3,,,48.646,27.683,ULTRASOFT,1,1,281.0,0,0,0
2018,4,fp1,vandoorne,8,3,109.545,38.686,44.392,26.467,ULTRASOFT,2,1,297.0,1,0,1
2018,4,fp1,vandoorne,9,3,120.317,43.686,49.247,27.384,ULTRASOFT,3,1,282.0,0,0,1
2018,4,fp1,vandoorne,10,3,117.308,38.217,51.323,27.768,ULTRASOFT,4,1,284.0,0,0,1
2018,4,fp1,vandoorne,11,3,107.967,37.849,43.843,26.275,ULTRASOFT,5,1,298.0,1,0,1
2018,4,fp1,vandoorne,12,3,140.413,50.52,53.565,36.328,ULTRASOFT,6,1,274.0,0,0,0
2018,4,fp1,vandoorne,13,4,,,49.462,27.922,ULTRASOFT,7,0,284.0,0,0,0
2018,4,fp1,vandoorne,14,4,108.883,38.479,43.957,26.447,ULTRASOFT,8,0,300.0,0,0,1
2018,4,fp1,vandoorne,15,4,109.746,38.867,44.18,26.699,ULTRASOFT,9,0,296.0,0,0,1
2018,4,fp1,vandoorne,16,4,128.467,48.713,52.333,27.421,ULTRASOFT,10,0,288.0,0,0,1
2018,4,fp1,vandoorne,17,4,108.574,38.263,44.237,26.074,ULTRASOFT,11,0,304.0,0,0,1
2018,4,fp1,vandoorne,18,4,123.48,43.657,52.328,27.495,ULTRASOFT,12,0,285.0,0,0,1
2018,4,fp1,vandoorne,19,4,108.466,38.358,44.266,25.842,ULTRASOFT,13,0,315.0,0,0,1
2018,4,fp1,vandoorne,20,4,125.607,44.543,53.207,27.857,ULTRASOFT,14,0,286.0,0,0,1
2018,4,fp1,vandoorne,21,4,129.727,46.295,50.576,32.856,ULTRASOFT,15,0,280.0,0,0,0
2018,4,fp1,ricciardo,1,,,,49.036,36.419,,,1,248.0,0,0,0
2018,4,fp1,ricciardo,2,1,,86.234,48.093,34.787,SOFT,2,0,248.0,0,0,0
2018,4,fp1,ricciardo,3,2,,,47.449,26.131,SOFT,3,0,307.0,0,0,0
2018,4,fp1,ricciardo,4,2,108.72,38.571,44.308,25.841,SOFT,4,0,308.0,1,0,1
2018,4,fp1,ricciardo,5,2,107.354,38.098,43.749,25.507,SOFT,5,0,312.0,1,0,1
2018,4,fp1,ricciardo,6,2,106.336,37.613,43.564,25.159,SOFT,6,0,317.0,1,0,1
2018,4,fp1,ricciardo,7,2,114.5,41.31,47.508,25.682,SOFT,7,0,314.0,0,0,1
2018,4,fp1,ricciardo,8,2,109.786,37.483,46.408,25.895,SOFT,8,0,311.0,0,0,1
2018,4,fp1,ricciardo,9,2,105.369,37.398,42.768,25.203,SOFT,9,0,317.0,1,0,1
2018,4,fp1,ricciardo,10,2,143.611,39.151,63.249,41.211,SOFT,10,0,227.0,0,0,0
2018,4,fp1,ricciardo,11,3,,,50.799,27.519,SUPERSOFT,1,1,299.0,0,0,0
2018,4,fp1,ricciardo,12,3,107.719,37.774,43.299,26.646,SUPERSOFT,2,1,318.0,0,0,1
2018,4,fp1,ricciardo,13,3,105.15,37.307,42.852,24.991,SUPERSOFT,3,1,326.0,1,0,1
2018,4,fp1,ricciardo,14,3,132.11,47.453,57.279,27.378,SUPERSOFT,4,1,298.0,0,0,1
2018,4,fp1,ricciardo,15,3,104.638,37.218,42.292,25.128,SUPERSOFT,5,1,318.0,1,0,1
2018,4,fp1,ricciardo,16,3,126.407,46.461,52.421,27.525,SUPERSOFT,6,1,291.0,0,0,1
2018,4,fp1,ricciardo,17,3,104.277,36.807,42.094,25.376,SUPERSOFT,7,1,313.0,1,0,1
2018,4,fp1,ricciardo,18,3,130.554,43.291,54.586,32.677,SUPERSOFT,8,1,309.0,0,0,0
2018,4,fp1,ricciardo,19,4,,,47.116,26.095,SUPERSOFT,9,0,309.0,0,0,0
2018,4,fp1,ricciardo,20,4,108.33,38.524,43.78,26.026,SUPERSOFT,10,0,312.0,0,0,1
2018,4,fp1,ricciardo,21,4,107.75,38.433,43.524,25.793,SUPERSOFT,11,0,312.0,0,0,1
2018,4,fp1,ricciardo,22,4,107.771,38.116,43.713,25.942,SUPERSOFT,12,0,311.0,0,0,1
2018,4,fp1,ricciardo,23,4,107.726,38.337,43.493,25.896,SUPERSOFT,13,0,311.0,0,0,1
2018,4,fp1,ricciardo,24,4,112.56,38.672,43.519,30.369,SUPERSOFT,14,0,311.0,0,0,0
2018,4,fp1,vettel,1,,,,53.638,36.219,,,1,288.0,0,0,0
2018,4,fp1,vettel,2,1,,,47.758,26.003,ULTRASOFT,2,0,307.0,0,0,0
2018,4,fp1,vettel,3,1,111.683,39.612,45.94,26.131,ULTRASOFT,3,0,304.0,1,0,1
2018,4,fp1,vettel,4,1,110.012,38.799,45.032,26.181,ULTRASOFT,4,0,305.0,1,0,1
2018,4,fp1,vettel,5,1,131.414,41.935,60.729,28.75,ULTRASOFT,5,0,307.0,0,0,1
2018,4,fp1,vettel,6,1,119.582,41.226,52.237,26.119,ULTRASOFT,6,0,309.0,0,0,1
2018,4,fp1,vettel,7,1,142.853,40.106,54.45,48.297,ULTRASOFT,7,0,153.0,0,0,0
2018,4,fp1,vettel,8,2,,,49.805,26.804,ULTRASOFT,1,1,303.0,0,0,0
2018,4,fp1,vettel,9,2,106.84,38.03,43.112,25.698,ULTRASOFT,2,1,306.0,1,0,1
2018,4,fp1,vettel,10,2,124.461,45.614,52.41,26.437,ULTRASOFT,3,1,300.0,0,0,1
2018,4,fp1,vettel,11,2,107.007,37.924,43.097,25.986,ULTRASOFT,4,1,301.0,0,0,1
2018,4,fp1,vettel,12,2,126.043,48.596,50.961,26.486,ULTRASOFT,5,1,301.0,0,0,1
2018,4,fp1,vettel,13,2,114.196,39.82,47.701,26.675,ULTRASOFT,6,1,301.0,0,0,1
2018,4,fp1,vettel,14,2,106.513,37.439,43.218,25.856,ULTRASOFT,7,1,309.0,1,0,1
2018,4,fp1,vettel,15,2,126.783,39.788,48.921,38.074,ULTRASOFT,8,1,238.0,0,0,0
2018,4,fp1,vettel,16,3,146.744,67.966,46.983,31.795,ULTRASOFT,9,0,311.0,0,0,0
2018,4,fp1,vettel,17,4,,,47.74,26.656,ULTRASOFT,10,0,302.0,0,0,0
2018,4,fp1,vettel,18,4,116.865,39.261,45.827,31.777,ULTRASOFT,11,0,302.0,0,0,0
2018,4,fp1,raikkonen,1,,,,48.478,27.917,,,1,294.0,0,0,0
2018,4,fp1,raikkonen,2,,119.855,39.241,45.783,34.831,,,1,292.0,0,0,0
2018,4,fp1,raikkonen,3,1,,,49.124,27.025,ULTRASOFT,3,0,305.0,0,0,0
2018,4,fp1,raikkonen,4,1,109.763,38.604,45.108,26.051,ULTRASOFT,4,0,304.0,1,0,1
2018,4,fp1,raikkonen,5,1,119.455,44.43,48.713,26.312,ULTRASOFT,5,0,301.0,0,0,1
2018,4,fp1,raikkonen,6,1,110.401,38.568,45.611,26.222,ULTRASOFT,6,0,302.0,0,0,1
2018,4,fp1,raikkonen,7,1,128.168,43.227,51.261,33.68,ULTRASOFT,7,0,290.0,0,0,0
2018,4,fp1,raikkonen,8,2,,,48.925,27.649,ULTRASOFT,1,1,299.0,0,0,0
2018,4,fp1,raikkonen,9,2,106.861,37.522,43.278,26.061,ULTRASOFT,2,1,300.0,1,0,1
2018,4,fp1,raikkonen,10,2,114.973,38.687,45.087,31.199,ULTRASOFT,3,1,300.0,0,0,0
2018,4,fp1,grosjean,1,,,,50.813,36.326,,,1,268.0,0,0,0
2018,4,fp1,grosjean,2,1,,,45.822,26.804,SUPERSOFT,2,0,301.0,0,0,0
2018,4,fp1,grosjean,3,1,108.12,38.352,44.122,25.646,SUPERSOFT,3,0,309.0,1,0,1
2018,4,fp1,grosjean,4,1,109.019,39.129,44.175,25.715,SUPERSOFT,4,0,312.0,0,0,1
2018,4,fp1,grosjean,5,1,109.112,38.399,45.228,25.485,SUPERSOFT,5,0,327.0,0,0,1
2018,4,fp1,grosjean,6,1,108.191,38.344,44.216,25.631,SUPERSOFT,6,0,311.0,0,0,1
2018,4,fp1,grosjean,7,1,110.578,39.689,45.226,25.663,SUPERSOFT,7,0,312.0,0,0,1
2018,4,fp1,grosjean,8,1,108.388,38.392,44.505,25.491,SUPERSOFT,8,0,312.0,0,0,0
2018,4,fp1,grosjean,9,1,,56.703,52.458,42.596,SUPERSOFT,9,0,180.0,0,0,0
2018,4,fp1,grosjean,10,2,,,47.063,29.344,ULTRASOFT,1,1,303.0,0,0,0
2018,4,fp1,grosjean,11,2,113.265,41.73,45.788,25.747,ULTRASOFT,2,1,309.0,0,0,1
2018,4,fp1,grosjean,12,2,108.885,38.776,44.402,25.707,ULTRASOFT,3,1,310.0,0,0,1
2018,4,fp1,grosjean,13,2,107.978,38.373,44.207,25.398,ULTRASOFT,4,1,317.0,1,0,1
2018,4,fp1,grosjean,14,2,117.057,46.24,45.218,25.599,ULTRASOFT,5,1,311.0,0,0,1
2018,4,fp1,grosjean,15,2,117.398,37.967,53.291,26.14,ULTRASOFT,6,1,310.0,0,0,1
2018,4,fp1,grosjean,16,2,130.999,48.913,50.6,31.486,ULTRASOFT,7,1,310.0,0,0,0
2018,4,fp1,grosjean,17,3,,,45.817,26.991,ULTRASOFT,8,0,300.0,0,0,0
2018,4,fp1,grosjean,18,3,107.81,38.365,43.787,25.658,ULTRASOFT,9,0,308.0,1,0,1
2018,4,fp1,grosjean,19,3,106.963,37.908,43.578,25.477,ULTRASOFT,10,0,312.0,1,0,1
2018,4,fp1,grosjean,20,3,115.021,44.253,45.123,25.645,ULTRASOFT,11,0,309.0,0,0,1
2018,4,fp1,grosjean,21,3,106.918,37.869,43.699,25.35,ULTRASOFT,12,0,316.0,1,0,1
2018,4,fp1,grosjean,22,3,106.856,37.816,43.63,25.41,ULTRASOFT,13,0,313.0,1,0,1
2018,4,fp1,grosjean,23,3,129.688,45.098,53.452,31.138,ULTRASOFT,14,0,310.0,0,0,0
2018,4,fp1,ericsson,1,,,,55.054,38.624,,,1,288.0,0,0,0
2018,4,fp1,ericsson,2,1,,76.962,52.635,37.187,ULTRASOFT,2,0,285.0,0,0,0
2018,4,fp1,ericsson,3,2,,,51.245,28.087,ULTRASOFT,3,0,302.0,0,0,0
2018,4,fp1,ericsson,4,2,113.447,40.396,46.931,26.12,ULTRASOFT,4,0,306.0,1,0,1
2018,4,fp1,ericsson,5,2,112.183,40.124,46.074,25.985,ULTRASOFT,5,0,307.0,1,0,1
2018,4,fp1,ericsson,6,2,110.951,39.382,45.583,25.986,ULTRASOFT,6,0,307.0,1,0,1
2018,4,fp1,ericsson,7,2,118.246,39.074,45.568,33.604,ULTRASOFT,7,0,306.0,0,0,0
2018,4,fp1,ericsson,8,2,,51.499,57.387,41.482,ULTRASOFT,8,0,265.0,0,0,0
2018,4,fp1,ericsson,9,3,,,49.883,27.113,ULTRASOFT,1,1,307.0,0,0,0
2018,4,fp1,ericsson,10,3,109.412,39.01,44.49,25.912,ULTRASOFT,2,1,304.0,1,0,1
2018,4,fp1,ericsson,11,3,130.981,47.303,56.477,27.201,ULTRASOFT,3,1,307.0,0,0,1
2018,4,fp1,ericsson,12,3,116.737,40.524,49.312,26.901,ULTRASOFT,4,1,305.0,0,0,1
2018,4,fp1,ericsson,13,3,107.818,38.066,43.858,25.894,ULTRASOFT,5,1,306.0,1,0,1
2018,4,fp1,ericsson,14,3,130.146,48.231,53.975,27.94,ULTRASOFT,6,1,301.0,0,0,1
2018,4,fp1,ericsson,15,3,107.073,37.727,43.688,25.658,ULTRASOFT,7,1,309.0,1,0,1
2018,4,fp1,ericsson,16,3,131.439,46.179,49.19,36.07,ULTRASOFT,8,1,272.0,0,0,0
2018,4,fp1,ericsson,17,4,,,50.937,28.021,ULTRASOFT,9,0,303.0,0,0,0
2018,4,fp1,ericsson,18,4,108.657,38.302,44.47,25.885,ULTRASOFT,10,0,307.0,0,0,1
2018,4,fp1,ericsson,19,4,131.421,49.507,53.591,28.323,ULTRASOFT,11,0,303.0,0,0,1
2018,4,fp1,ericsson,20,4,108.455,38.196,44.364,25.895,ULTRASOFT,12,0,307.0,0,0,1
2018,4,fp1,ericsson,21,4,131.745,49.064,50.489,32.192,ULTRASOFT,13,0,309.0,0,0,0
2018,4,fp1,gasly,1,,,,54.068,41.631,,,1,198.0,0,0,0
2018,4,fp1,gasly,2,1,,,51.43,27.255,SOFT,2,0,298.0,0,0,0
2018,4,fp1,gasly,3,1,114.959,40.393,46.576,27.99,SOFT,3,0,312.0,1,0,1
2018,4,fp1,gasly,4,1,110.424,39.32,45.32,25.784,SOFT,4,0,316.0,1,0,1
2018,4,fp1,gasly,5,1,146.149,53.158,56.352,36.639,SOFT,5,0,152.0,0,0,0
2018,4,fp1,gasly,6,1,,54.617,54.351,43.448,SOFT,6,0,192.0,0,0,0
2018,4,fp1,gasly,7,2,,,48.302,27.297,SUPERSOFT,1,1,298.0,0,0,0
2018,4,fp1,gasly,8,2,107.98,38.176,43.967,25.837,SUPERSOFT,2,1,307.0,1,0,1
2018,4,fp1,gasly,9,2,119.237,43.862,48.54,26.835,SUPERSOFT,3,1,308.0,0,0,1
2018,4,fp1,gasly,10,2,117.527,42.993,47.171,27.363,SUPERSOFT,4,1,302.0,0,0,1
2018,4,fp1,gasly,11,2,107.456,38.016,43.922,25.518,SUPERSOFT,5,1,316.0,1,0,1
2018,4,fp1,gasly,12,2,132.107,44.974,53.876,33.257,SUPERSOFT,6,1,286.0,0,0,0
2018,4,fp1,gasly,13,3,,,47.747,27.844,SUPERSOFT,7,0,288.0,0,0,0
2018,4,fp1,gasly,14,3,107.368,37.847,43.533,25.988,SUPERSOFT,8,0,307.0,1,0,1
2018,4,fp1,gasly,15,3,123.089,42.58,47.323,33.186,SUPERSOFT,9,0,281.0,0,0,0
2018,4,fp1,gasly,16,4,,,46.792,27.268,SUPERSOFT,10,0,295.0,0,0,0
2018,4,fp1,gasly,17,4,106.492,37.686,43.029,25.777,SUPERSOFT,11,0,307.0,1,0,1
2018,4,fp1,gasly,18,4,119.212,39.747,46.896,32.569,SUPERSOFT,12,0,279.0,0,0,0
2018,4,fp1,perez,1,1,,,52.056,30.469,ULTRASOFT,1,1,248.0,0,0,0
2018,4,fp1,perez,2,1,128.282,45.401,48.238,34.643,ULTRASOFT,2,1,248.0,0,0,0
2018,4,fp1,perez,3,2,,,48.672,26.186,ULTRASOFT,3,0,308.0,0,0,0
2018,4,fp1,perez,4,2,108.704,38.395,44.639,25.67,ULTRASOFT,4,0,311.0,1,0,1
2018,4,fp1,perez,5,2,116.045,38.426,50.719,26.9,ULTRASOFT,5,0,310.0,0,0,1
2018,4,fp1,perez,6,2,108.787,38.023,44.818,25.946,ULTRASOFT,6,0,310.0,0,0,1
2018,4,fp1,perez,7,2,131.247,51.063,52.839,27.345,ULTRASOFT,7,0,311.0,0,0,1
2018,4,fp1,perez,8,2,109.573,38.206,44.923,26.444,ULTRASOFT,8,0,310.0,0,0,1
2018,4,fp1,perez,9,2,136.873,51.312,53.58,31.981,ULTRASOFT,9,0,301.0,0,0,0
2018,4,fp1,perez,10,3,,69.217,56.149,26.124,ULTRASOFT,10,0,322.0,0,0,0
2018,4,fp1,perez,11,3,135.871,51.855,52.503,31.513,ULTRASOFT,11,0,301.0,0,0,0
2018,4,fp1,perez,12,4,,72.572,57.507,39.678,ULTRASOFT,12,0,267.0,0,0,0
2018,4,fp1,perez,13,4,146.219,53.7,56.518,36.001,ULTRASOFT,13,0,275.0,0,0,0
2018,4,fp1,perez,14,5,,,49.884,27.156,SUPERSOFT,1,1,310.0,0,0,0
2018,4,fp1,perez,15,5,106.003,37.387,43.274,25.342,SUPERSOFT,2,1,317.0,1,0,1
2018,4,fp1,perez,16,5,132.181,44.265,58.951,28.965,SUPERSOFT,3,1,311.0,0,0,1
2018,4,fp1,perez,17,5,118.485,37.581,53.04,27.864,SUPERSOFT,4,1,301.0,0,0,1
2018,4,fp1,perez,18,5,121.233,41.858,50.944,28.431,SUPERSOFT,5,1,311.0,0,0,1
2018,4,fp1,perez,19,5,105.967,37.156,43.564,25.247,SUPERSOFT,6,1,315.0,1,0,1
2018,4,fp1,perez,20,5,137.114,48.943,55.47,32.701,SUPERSOFT,7,1,299.0,0,0,0
2018,4,fp1,perez,21,6,,,52.78,26.679,SUPERSOFT,8,0,306.0,0,0,0
2018,4,fp1,perez,22,6,105.422,36.989,42.918,25.515,SUPERSOFT,9,0,311.0,1,0,1
2018,4,fp1,perez,23,6,126.165,44.671,54.082,27.412,SUPERSOFT,10,0,291.0,0,0,1
2018,4,fp1,perez,24,6,122.4,42.865,52.277,27.258,SUPERSOFT,11,0,306.0,0,0,1
2018,4,fp1,perez,25,6,105.075,36.802,42.847,25.426,SUPERSOFT,12,0,315.0,1,0,1
2018,4,fp1,perez,26,6,138.165,55.216,50.367,32.582,SUPERSOFT,13,0,291.0,0,0,0
2018,4,fp1,alonso,1,,,,53.268,36.419,,,1,279.0,0,0,0
2018,4,fp1,alonso,2,1,,,50.049,32.879,SUPERSOFT,2,0,283.0,0,0,0
2018,4,fp1,alonso,3,2,,,51.455,27.403,SUPERSOFT,3,0,293.0,0,0,0
2018,4,fp1,alonso,4,2,110.536,39.332,44.949,26.255,SUPERSOFT,4,0,301.0,1,0,1
2018,4,fp1,alonso,5,2,109.356,38.813,44.308,26.235,SUPERSOFT,5,0,303.0,1,0,1
2018,4,fp1,alonso,6,2,108.304,38.282,44.057,25.965,SUPERSOFT,6,0,306.0,1,0,1
2018,4,fp1,alonso,7,2,119.384,40.415,46.628,32.341,SUPERSOFT,7,0,291.0,0,0,0
2018,4,fp1,alonso,8,3,,78.367,58.726,33.481,SUPERSOFT,8,0,209.0,0,0,0
2018,4,fp1,alonso,9,3,,54.412,53.614,51.001,SUPERSOFT,9,0,167.0,0,0,0
2018,4,fp1,alonso,10,4,,,49.345,27.203,ULTRASOFT,1,1,294.0,0,0,0
2018,4,fp1,alonso,11,4,107.436,37.959,43.377,26.1,ULTRASOFT,2,1,303.0,1,0,1
2018,4,fp1,alonso,12,4,113.197,38.622,44.902,29.673,ULTRASOFT,3,1,303.0,0,0,1
2018,4,fp1,alonso,13,4,108.657,38.192,44.17,26.295,ULTRASOFT,4,1,303.0,0,0,1
2018,4,fp1,alonso,14,4,123.081,42.0,48.018,33.063,ULTRASOFT,5,1,288.0,0,0,0
2018,4,fp1,alonso,15,5,,77.561,52.851,27.727,ULTRASOFT,6,0,298.0,0,0,0
2018,4,fp1,alonso,16,5,106.465,37.507,43.198,25.76,ULTRASOFT,7,0,305.0,1,0,1
2018,4,fp1,alonso,17,5,124.76,41.37,49.558,33.832,ULTRASOFT,8,0,292.0,0,0,0
2018,4,fp1,alonso,18,6,,,50.286,27.39,ULTRASOFT,9,0,296.0,0,0,0
2018,4,fp1,alonso,19,6,108.236,37.896,44.04,26.3,ULTRASOFT,10,0,300.0,0,0,1
2018,4,fp1,alonso,20,6,121.749,45.119,49.127,27.503,ULTRASOFT,11,0,296.0,0,0,1
2018,4,fp1,alonso,21,6,117.256,38.538,51.855,26.863,ULTRASOFT,12,0,298.0,0,0,1
2018,4,fp1,alonso,22,6,108.737,38.305,44.351,26.081,ULTRASOFT,13,0,305.0,0,0,1
2018,4,fp1,alonso,23,6,117.59,42.807,47.238,27.545,ULTRASOFT,14,0,286.0,0,0,1
2018,4,fp1,alonso,24,6,118.355,39.733,49.341,29.281,ULTRASOFT,15,0,298.0,0,0,1
2018,4,fp1,alonso,25,6,134.923,50.168,48.603,36.152,ULTRASOFT,16,0,253.0,0,0,0
2018,4,fp1,leclerc,1,,,,57.496,39.827,,,1,272.0,0,0,0
2018,4,fp1,leclerc,2,1,,73.33,52.248,37.476,ULTRASOFT,2,0,269.0,0,0,0
2018,4,fp1,leclerc,3,2,,,49.086,26.714,ULTRASOFT,3,0,303.0,0,0,0
2018,4,fp1,leclerc,4,2,110.458,39.016,45.33,26.112,ULTRASOFT,4,0,306.0,1,0,1
2018,4,fp1,leclerc,5,2,109.23,38.629,44.601,26.0,ULTRASOFT,5,0,306.0,1,0,1
2018,4,fp1,leclerc,6,2,116.618,39.368,51.493,25.757,ULTRASOFT,6,0,314.0,0,0,1
2018,4,fp1,leclerc,7,2,111.998,38.763,47.158,26.077,ULTRASOFT,7,0,307.0,0,0,1
2018,4,fp1,leclerc,8,2,138.209,39.197,57.147,41.865,ULTRASOFT,8,0,192.0,0,0,0
2018,4,fp1,leclerc,9,3,,,50.764,26.97,ULTRASOFT,1,1,302.0,0,0,0
2018,4,fp1,leclerc,10,3,118.811,42.638,49.303,26.87,ULTRASOFT,2,1,301.0,0,0,1
2018,4,fp1,leclerc,11,3,106.982,37.61,43.571,25.801,ULTRASOFT,3,1,304.0,1,0,1
2018,4,fp1,leclerc,12,3,124.045,45.464,51.985,26.596,ULTRASOFT,4,1,309.0,0,0,1
2018,4,fp1,leclerc,13,3,106.875,37.563,43.686,25.626,ULTRASOFT,5,1,309.0,1,0,1
2018,4,fp1,leclerc,14,3,124.307,44.381,53.162,26.764,ULTRASOFT,6,1,304.0,0,0,1
2018,4,fp1,leclerc,15,3,119.875,40.72,51.398,27.757,ULTRASOFT,7,1,307.0,0,0,1
2018,4,fp1,leclerc,16,3,127.705,38.641,52.265,36.799,ULTRASOFT,8,1,231.0,0,0,0
2018,4,fp1,leclerc,17,4,,,52.475,27.369,ULTRASOFT,9,0,307.0,0,0,0
2018,4,fp1,leclerc,18,4,107.934,37.814,44.241,25.879,ULTRASOFT,10,0,306.0,0,0,1
2018,4,fp1,leclerc,19,4,120.036,45.906,47.693,26.437,ULTRASOFT,11,0,312.0,0,0,1
2018,4,fp1,leclerc,20,4,115.565,38.39,48.061,29.114,ULTRASOFT,12,0,282.0,0,0,1
2018,4,fp1,leclerc,21,4,129.246,40.29,54.031,34.925,ULTRASOFT,13,0,286.0,0,0,0
2018,4,fp1,stroll,1,,,,54.638,38.119,,,1,278.0,0,0,0
2018,4,fp1,stroll,2,1,,,49.822,28.359,SUPERSOFT,1,1,285.0,0,0,0
2018,4,fp1,stroll,3,1,115.256,40.306,47.375,27.575,SUPERSOFT,2,1,286.0,1,0,1
2018,4,fp1,stroll,4,1,109.276,38.539,44.271,26.466,SUPERSOFT,3,1,299.0,1,0,1
2018,4,fp1,stroll,5,1,108.928,38.527,44.223,26.178,SUPERSOFT,4,1,301.0,1,0,1
2018,4,fp1,stroll,6,1,108.638,38.559,43.999,26.08,SUPERSOFT,5,1,303.0,1,0,1
2018,4,fp1,stroll,7,1,119.483,43.776,48.084,27.623,SUPERSOFT,6,1,287.0,0,0,1
2018,4,fp1,stroll,8,1,115.703,40.106,48.169,27.428,SUPERSOFT,7,1,287.0,0,0,1
2018,4,fp1,stroll,9,1,107.506,38.063,43.206,26.237,SUPERSOFT,8,1,302.0,1,0,1
2018,4,fp1,stroll,10,1,121.951,41.71,47.135,33.106,SUPERSOFT,9,1,289.0,0,0,0
2018,4,fp1,stroll,11,2,,90.669,56.122,50.5,SUPERSOFT,10,0,222.0,0,0,0
2018,4,fp1,stroll,12,3,,,46.565,27.443,SUPERSOFT,1,1,292.0,0,0,0
2018,4,fp1,stroll,13,3,112.845,39.944,45.96,26.941,SUPERSOFT,2,1,291.0,0,0,1
2018,4,fp1,stroll,14,3,107.026,37.672,43.245,26.109,SUPERSOFT,3,1,304.0,1,0,1
2018,4,fp1,stroll,15,3,120.558,45.826,47.604,27.128,SUPERSOFT,4,1,293.0,0,0,1
2018,4,fp1,stroll,16,3,107.044,37.706,43.423,25.915,SUPERSOFT,5,1,306.0,0,0,1
2018,4,fp1,stroll,17,3,116.898,42.141,47.866,26.891,SUPERSOFT,6,1,294.0,0,0,1
2018,4,fp1,stroll,18,3,106.59,37.594,43.173,25.823,SUPERSOFT,7,1,308.0,1,0,1
2018,4,fp1,stroll,19,3,125.117,45.43,47.036,32.651,SUPERSOFT,8,1,291.0,0,0,0
2018,4,fp1,stroll,20,4,,,48.981,28.567,SUPERSOFT,9,0,301.0,0,0,0
2018,4,fp1,stroll,21,4,108.807,38.576,44.222,26.009,SUPERSOFT,10,0,311.0,0,0,1
2018,4,fp1,stroll,22,4,107.927,38.089,43.51,26.328,SUPERSOFT,11,0,303.0,0,0,1
2018,4,fp1,stroll,23,4,108.256,38.447,43.628,26.181,SUPERSOFT,12,0,305.0,0,0,1
2018,4,fp1,stroll,24,4,106.605,37.706,42.995,25.904,SUPERSOFT,13,0,305.0,0,0,1
2018,4,fp1,stroll,25,4,106.766,37.287,43.472,26.007,SUPERSOFT,14,0,305.0,0,0,1
2018,4,fp1,stroll,26,4,120.021,42.003,45.015,33.003,SUPERSOFT,15,0,298.0,0,0,0
2018,4,fp1,kevin_magnussen,1,,,,53.136,34.647,,,1,303.0,0,0,0
2018,4,fp1,kevin_magnussen,2,1,,,46.292,26.027,SUPERSOFT,2,0,306.0,0,0,0
2018,4,fp1,kevin_magnussen,3,1,109.256,38.956,44.468,25.832,SUPERSOFT,3,0,309.0,1,0,1
2018,4,fp1,kevin_magnussen,4,1,108.681,38.278,44.9,25.503,SUPERSOFT,4,0,314.0,1,0,1
2018,4,fp1,kevin_magnussen,5,1,113.108,39.975,46.73,26.403,SUPERSOFT,5,0,310.0,0,0,1
2018,4,fp1,kevin_magnussen,6,1,,47.689,66.057,41.54,SUPERSOFT,6,0,207.0,0,0,0
2018,4,fp1,kevin_magnussen,7,2,,,44.399,25.718,ULTRASOFT,1,1,309.0,0,0,0
2018,4,fp1,kevin_magnussen,8,2,107.434,37.967,43.944,25.523,ULTRASOFT,2,1,314.0,1,0,1
2018,4,fp1,kevin_magnussen,9,2,107.496,38.117,44.044,25.335,ULTRASOFT,3,1,325.0,0,0,1
2018,4,fp1,kevin_magnussen,10,2,116.61,38.284,52.239,26.087,ULTRASOFT,4,1,309.0,0,0,1
2018,4,fp1,kevin_magnussen,11,2,120.739,39.424,55.198,26.117,ULTRASOFT,5,1,306.0,0,0,1
2018,4,fp1,kevin_magnussen,12,2,108.203,38.25,43.991,25.962,ULTRASOFT,6,1,308.0,0,0,1
2018,4,fp1,kevin_magnussen,13,2,128.499,48.066,54.497,25.936,ULTRASOFT,7,1,311.0,0,0,1
2018,4,fp1,kevin_magnussen,14,2,108.346,38.134,44.355,25.857,ULTRASOFT,8,1,306.0,0,0,1
2018,4,fp1,kevin_magnussen,15,2,133.202,47.345,53.859,31.998,ULTRASOFT,9,1,306.0,0,0,0
2018,4,fp1,kevin_magnussen,16,3,,,45.132,25.612,ULTRASOFT,10,0,312.0,0,0,0
2018,4,fp1,kevin_magnussen,17,3,107.673,38.194,43.973,25.506,ULTRASOFT,11,0,313.0,0,0,1
2018,4,fp1,kevin_magnussen,18,3,121.509,38.511,50.928,32.07,ULTRASOFT,12,0,308.0,0,0,0
2018,4,fp1,hulkenberg,1,,,,52.815,35.4,,,1,276.0,0,0,0
2018,4,fp1,hulkenberg,2,1,,,47.571,26.442,SOFT,2,0,310.0,0,0,0
2018,4,fp1,hulkenberg,3,1,112.163,38.59,44.804,28.769,SOFT,3,0,310.0,1,0,1
2018,4,fp1,hulkenberg,4,1,106.993,37.831,43.791,25.371,SOFT,4,0,317.0,1,0,1
2018,4,fp1,hulkenberg,5,1,132.289,42.156,48.733,41.4,SOFT,5,0,178.0,0,0,0
2018,4,fp1,hulkenberg,6,1,,49.884,55.57,46.405,SOFT,6,0,147.0,0,0,0
2018,4,fp1,hulkenberg,7,2,,,58.348,27.022,SUPERSOFT,1,1,309.0,0,0,0
2018,4,fp1,hulkenberg,8,2,107.326,37.889,43.814,25.623,SUPERSOFT,2,1,311.0,0,0,1
2018,4,fp1,hulkenberg,9,2,106.749,37.692,43.359,25.698,SUPERSOFT,3,1,309.0,1,0,1
2018,4,fp1,hulkenberg,10,2,118.168,42.085,48.905,27.178,SUPERSOFT,4,1,305.0,0,0,1
2018,4,fp1,hulkenberg,11,2,,55.506,60.954,50.592,SUPERSOFT,5,1,153.0,0,0,0
2018,4,fp1,brendon_hartley,1,,,,52.038,40.719,,,1,198.0,0,0,0
2018,4,fp1,brendon_hartley,2,1,,,82.837,27.348,SOFT,2,0,297.0,0,0,0
2018,4,fp1,brendon_hartley,3,1,113.66,40.608,46.427,26.625,SOFT,3,0,301.0,1,0,1
2018,4,fp1,brendon_hartley,4,1,111.103,39.374,45.277,26.452,SOFT,4,0,304.0,1,0,1
2018,4,fp1,brendon_hartley,5,1,109.388,38.6,44.618,26.17,SOFT,5,0,307.0,1,0,1
2018,4,fp1,brendon_hartley,6,1,114.398,39.161,48.107,27.13,SOFT,6,0,301.0,0,0,1
2018,4,fp1,brendon_hartley,7,1,112.059,38.478,46.212,27.369,SOFT,7,0,300.0,0,0,1
2018,4,fp1,brendon_hartley,8,1,108.22,38.347,44.034,25.839,SOFT,8,0,309.0,1,0,1
2018,4,fp1,brendon_hartley,9,1,117.65,43.151,48.209,26.29,SOFT,9,0,309.0,0,0,1
2018,4,fp1,brendon_hartley,10,1,111.552,39.295,45.794,26.463,SOFT,10,0,304.0,0,0,1
2018,4,fp1,brendon_hartley,11,1,109.123,38.502,44.231,26.39,SOFT,11,0,305.0,0,0,1
2018,4,fp1,brendon_hartley,12,1,144.882,47.007,56.557,41.318,SOFT,12,0,175.0,0,0,0
2018,4,fp1,brendon_hartley,13,2,,82.063,55.434,43.262,SOFT,13,0,188.0,0,0,0
2018,4,fp1,brendon_hartley,14,3,,,47.053,27.097,SUPERSOFT,1,1,298.0,0,0,0
2018,4,fp1,brendon_hartley,15,3,107.43,37.782,43.678,25.97,SUPERSOFT,2,1,306.0,1,0,1
2018,4,fp1,brendon_hartley,16,3,118.145,42.97,48.072,27.103,SUPERSOFT,3,1,300.0,0,0,1
2018,4,fp1,brendon_hartley,17,3,128.539,50.772,50.513,27.254,SUPERSOFT,4,1,303.0,0,0,1
2018,4,fp1,brendon_hartley,18,3,110.024,37.836,45.15,27.038,SUPERSOFT,5,1,299.0,0,0,1
2018,4,fp1,brendon_hartley,19,3,122.807,41.756,53.38,27.671,SUPERSOFT,6,1,302.0,0,0,1
2018,4,fp1,brendon_hartley,20,3,107.453,37.791,43.793,25.869,SUPERSOFT,7,1,307.0,0,0,1
2018,4,fp1,brendon_hartley,21,3,124.772,41.859,48.677,34.236,SUPERSOFT,8,1,277.0,0,0,0
2018,4,fp1,brendon_hartley,22,4,,,46.851,27.372,SUPERSOFT,9,0,296.0,0,0,0
2018,4,fp1,brendon_hartley,23,4,107.396,37.734,43.553,26.109,SUPERSOFT,10,0,303.0,1,0,1
2018,4,fp1,brendon_hartley,24,4,116.272,41.617,47.479,27.176,SUPERSOFT,11,0,299.0,0,0,1
2018,4,fp1,brendon_hartley,25,4,106.747,37.514,43.353,25.88,SUPERSOFT,12,0,306.0,1,0,1
2018,4,fp1,brendon_hartley,26,4,113.706,42.035,45.229,26.442,SUPERSOFT,13,0,306.0,0,0,1
2018,4,fp1,brendon_hartley,27,4,108.749,38.323,44.14,26.286,SUPERSOFT,14,0,310.0,0,0,1
2018,4,fp1,brendon_hartley,28,4,134.85,38.553,69.435,26.862,SUPERSOFT,15,0,305.0,0,0,1
2018,4,fp1,brendon_hartley,29,4,108.838,38.406,43.955,26.477,SUPERSOFT,16,0,305.0,0,0,1
2018,4,fp1,brendon_hartley,30,4,108.535,38.321,43.841,26.373,SUPERSOFT,17,0,307.0,0,0,1
2018,4,fp1,brendon_hartley,31,4,108.356,38.245,43.731,26.38,SUPERSOFT,18,0,308.0,0,0,1
2018,4,fp1,brendon_hartley,32,4,130.466,41.807,54.999,33.66,SUPERSOFT,19,0,305.0,0,0,0
2018,4,fp1,ocon,1,,,,50.318,36.11,,,1,299.0,0,0,0
2018,4,fp1,ocon,2,1,,,48.511,32.4,ULTRASOFT,2,0,305.0,0,0,0
2018,4,fp1,ocon,3,2,,,46.568,31.37,ULTRASOFT,3,0,312.0,0,0,0
2018,4,fp1,ocon,4,3,,,46.092,26.145,ULTRASOFT,4,0,307.0,0,0,0
2018,4,fp1,ocon,5,3,108.431,38.655,44.304,25.472,ULTRASOFT,5,0,315.0,1,0,1
2018,4,fp1,ocon,6,3,128.452,45.433,56.358,26.661,ULTRASOFT,6,0,314.0,0,0,1
2018,4,fp1,ocon,7,3,108.402,38.606,44.264,25.532,ULTRASOFT,7,0,314.0,1,0,1
2018,4,fp1,ocon,8,3,129.431,48.271,49.216,31.944,ULTRASOFT,8,0,306.0,0,0,0
2018,4,fp1,ocon,9,4,145.294,73.497,45.811,25.986,ULTRASOFT,9,0,308.0,0,0,0
2018,4,fp1,ocon,10,4,130.307,38.426,52.29,39.591,ULTRASOFT,10,0,197.0,0,0,0
2018,4,fp1,ocon,11,4,,51.219,56.018,45.299,ULTRASOFT,11,0,260.0,0,0,0
2018,4,fp1,ocon,12,5,,,47.209,26.657,SUPERSOFT,1,1,297.0,0,0,0
2018,4,fp1,ocon,13,5,115.86,42.832,46.744,26.284,SUPERSOFT,2,1,312.0,0,0,1
2018,4,fp1,ocon,14,5,106.143,37.575,43.316,25.252,SUPERSOFT,3,1,322.0,1,0,1
2018,4,fp1,ocon,15,5,131.914,50.414,54.237,27.263,SUPERSOFT,4,1,312.0,0,0,1
2018,4,fp1,ocon,16,5,105.667,37.345,43.045,25.277,SUPERSOFT,5,1,317.0,1,0,1
2018,4,fp1,ocon,17,5,125.58,45.812,47.455,32.313,SUPERSOFT,6,1,307.0,0,0,0
2018,4,fp1,ocon,18,6,142.303,69.803,46.287,26.213,SUPERSOFT,7,0,307.0,0,0,0
2018,4,fp1,ocon,19,6,105.942,37.565,42.958,25.419,SUPERSOFT,8,0,312.0,0,0,1
2018,4,fp1,ocon,20,6,120.095,43.754,49.452,26.889,SUPERSOFT,9,0,307.0,0,0,1
2018,4,fp1,ocon,21,6,105.237,36.999,42.79,25.448,SUPERSOFT,10,0,311.0,1,0,1
2018,4,fp1,ocon,22,6,123.787,45.125,47.015,31.647,SUPERSOFT,11,0,298.0,0,0,0
2018,4,fp1,ocon,23,7,,,52.194,27.686,SUPERSOFT,12,0,309.0,0,0,0
2018,4,fp1,ocon,24,7,108.33,38.427,44.106,25.797,SUPERSOFT,13,0,315.0,0,0,1
2018,4,fp1,ocon,25,7,108.85,38.776,44.195,25.879,SUPERSOFT,14,0,314.0,0,0,1
2018,4,fp1,ocon,26,7,108.226,38.385,44.121,25.72,SUPERSOFT,15,0,314.0,0,0,1
2018,4,fp1,ocon,27,7,108.603,38.398,44.42,25.785,SUPERSOFT,16,0,314.0,0,0,1
2018,4,fp1,ocon,28,7,109.047,38.578,44.589,25.88,SUPERSOFT,17,0,312.0,0,0,1
2018,4,fp1,ocon,29,7,125.214,45.579,47.289,32.346,SUPERSOFT,18,0,298.0,0,0,0
2018,4,fp1,max_verstappen,1,1,,,46.276,31.232,SOFT,1,1,305.0,0,0,0
2018,4,fp1,max_verstappen,2,2,,,47.086,26.984,SOFT,2,0,299.0,0,0,0
2018,4,fp1,max_verstappen,3,2,108.681,39.094,43.805,25.782,SOFT,3,0,313.0,1,0,1
2018,4,fp1,max_verstappen,4,2,107.343,38.099,43.513,25.731,SOFT,4,0,308.0,1,0,1
2018,4,fp1,max_verstappen,5,2,106.399,37.76,43.326,25.313,SOFT,5,0,319.0,1,0,1
2018,4,fp1,max_verstappen,6,2,111.159,39.278,45.682,26.199,SOFT,6,0,304.0,0,0,1
2018,4,fp1,max_verstappen,7,2,106.267,37.814,43.012,25.441,SOFT,7,0,313.0,1,0,1
2018,4,fp1,max_verstappen,8,2,112.328,37.739,47.999,26.59,SOFT,8,0,299.0,0,0,1
2018,4,fp1,max_verstappen,9,2,105.559,37.32,43.418,24.821,SOFT,9,0,333.0,1,0,1
2018,4,fp1,max_verstappen,10,2,117.77,38.706,47.619,31.445,SOFT,10,0,300.0,0,0,1
2018,4,fp1,max_verstappen,11,2,,37.47,47.619,,SOFT,11,0,300.0,0,0,0
2018,4,fp1,sirotkin,1,,,,60.428,38.23,,,1,281.0,0,0,0
2018,4,fp1,sirotkin,2,1,,86.788,52.546,34.82,SOFT,2,0,283.0,0,0,0
2018,4,fp1,sirotkin,3,2,,83.251,52.106,34.514,SOFT,3,0,284.0,0,0,0
2018,4,fp1,sirotkin,4,3,,,49.5,27.467,SUPERSOFT,1,1,285.0,0,0,0
2018,4,fp1,sirotkin,5,3,117.072,41.659,48.192,27.221,SUPERSOFT,2,1,304.0,1,0,1
2018,4,fp1,sirotkin,6,3,110.747,38.933,45.734,26.08,SUPERSOFT,3,1,307.0,1,0,1
2018,4,fp1,sirotkin,7,3,109.51,38.564,44.845,26.101,SUPERSOFT,4,1,306.0,1,0,1
2018,4,fp1,sirotkin,8,3,129.772,45.238,57.092,27.442,SUPERSOFT,5,1,300.0,0,0,1
2018,4,fp1,sirotkin,9,3,110.567,40.289,44.436,25.842,SUPERSOFT,6,1,314.0,0,0,1
2018,4,fp1,sirotkin,10,3,137.433,38.987,53.967,44.479,SUPERSOFT,7,1,158.0,0,0,0
2018,4,fp1,sirotkin,11,4,,71.711,54.986,43.1,SUPERSOFT,8,0,163.0,0,0,0
2018,4,fp1,sirotkin,12,5,,,50.377,26.82,SUPERSOFT,1,1,301.0,0,0,0
2018,4,fp1,sirotkin,13,5,106.885,37.529,43.36,25.996,SUPERSOFT,2,1,303.0,1,0,1
2018,4,fp1,sirotkin,14,5,121.787,45.67,49.113,27.004,SUPERSOFT,3,1,300.0,0,0,1
2018,4,fp1,sirotkin,15,5,106.749,37.505,43.243,26.001,SUPERSOFT,4,1,303.0,1,0,1
2018,4,fp1,sirotkin,16,5,120.284,44.754,48.91,26.62,SUPERSOFT,5,1,302.0,0,0,1
2018,4,fp1,sirotkin,17,5,106.48,37.449,43.207,25.824,SUPERSOFT,6,1,307.0,1,0,1
2018,4,fp1,sirotkin,18,5,132.073,46.858,51.873,33.342,SUPERSOFT,7,1,286.0,0,0,0
2018,4,fp1,sirotkin,19,6,,,49.417,27.428,SUPERSOFT,8,0,295.0,0,0,0
2018,4,fp1,sirotkin,20,6,107.286,37.956,43.204,26.126,SUPERSOFT,9,0,301.0,0,0,1
2018,4,fp1,sirotkin,21,6,122.204,46.493,48.789,26.922,SUPERSOFT,10,0,299.0,0,0,1
2018,4,fp1,sirotkin,22,6,,73.327,50.085,27.258,SUPERSOFT,11,0,297.0,0,0,0
2018,4,fp1,sirotkin,23,6,108.059,38.087,43.624,26.348,SUPERSOFT,12,0,303.0,0,0,1
2018,4,fp1,sirotkin,24,6,108.472,38.204,43.956,26.312,SUPERSOFT,13,0,303.0,0,0,1
2018,4,fp1,sirotkin,25,6,108.261,38.216,43.832,26.213,SUPERSOFT,14,0,303.0,0,0,1
2018,4,fp1,sirotkin,26,6,108.302,38.042,44.071,26.189,SUPERSOFT,15,0,304.0,0,0,1
2018,4,fp1,sirotkin,27,6,108.453,38.575,43.602,26.276,SUPERSOFT,16,0,304.0,0,0,1
2018,4,fp1,sirotkin,28,6,132.512,43.891,55.638,32.983,SUPERSOFT,17,0,288.0,0,0,0
2018,4,fp1,hamilton,1,1,,,48.913,27.363,SUPERSOFT,1,1,300.0,0,0,0
2018,4,fp1,hamilton,2,1,112.006,39.43,45.616,26.96,SUPERSOFT,2,1,297.0,1,0,1
2018,4,fp1,hamilton,3,1,107.563,38.138,43.861,25.564,SUPERSOFT,3,1,311.0,1,0,1
2018,4,fp1,hamilton,4,1,111.557,37.847,46.72,26.99,SUPERSOFT,4,1,295.0,0,0,1
2018,4,fp1,hamilton,5,1,106.465,37.512,43.399,25.554,SUPERSOFT,5,1,310.0,1,0,1
2018,4,fp1,hamilton,6,1,122.79,43.24,46.719,32.831,SUPERSOFT,6,1,283.0,0,0,0
2018,4,fp1,hamilton,7,2,,,48.535,26.83,SUPERSOFT,7,0,306.0,0,0,0
2018,4,fp1,hamilton,8,2,114.58,41.205,46.227,27.148,SUPERSOFT,8,0,294.0,0,0,1
2018,4,fp1,hamilton,9,2,105.629,37.362,43.07,25.197,SUPERSOFT,9,0,317.0,1,0,1
2018,4,fp1,hamilton,10,2,116.609,40.393,47.179,29.037,SUPERSOFT,10,0,292.0,0,0,1
2018,4,fp1,hamilton,11,2,115.88,38.837,50.49,26.553,SUPERSOFT,11,0,294.0,0,0,1
2018,4,fp1,hamilton,12,2,149.017,50.668,57.124,41.225,SUPERSOFT,12,0,196.0,0,0,0
2018,4,fp1,hamilton,13,3,,,48.794,26.983,ULTRASOFT,1,1,300.0,0,0,0
2018,4,fp1,hamilton,14,3,135.107,60.779,47.745,26.583,ULTRASOFT,2,1,302.0,0,0,1
2018,4,fp1,hamilton,15,3,105.2,37.039,42.721,25.44,ULTRASOFT,3,1,313.0,1,0,1
2018,4,fp1,hamilton,16,3,115.219,41.444,47.291,26.484,ULTRASOFT,4,1,300.0,0,0,1
2018,4,fp1,hamilton,17,3,105.553,37.173,43.022,25.358,ULTRASOFT,5,1,313.0,0,0,1
2018,4,fp1,hamilton,18,3,120.39,43.399,50.352,26.639,ULTRASOFT,6,1,303.0,0,0,1
2018,4,fp1,hamilton,19,3,111.839,37.133,48.058,26.648,ULTRASOFT,7,1,308.0,0,0,1
2018,4,fp1,hamilton,20,3,128.55,39.063,53.381,36.106,ULTRASOFT,8,1,254.0,0,0,0
2018,4,fp1,hamilton,21,4,,,47.017,26.472,ULTRASOFT,9,0,307.0,0,0,0
2018,4,fp1,hamilton,22,4,109.942,38.988,44.769,26.185,ULTRASOFT,10,0,309.0,0,0,1
2018,4,fp1,hamilton,23,4,113.429,41.026,46.002,26.401,ULTRASOFT,11,0,309.0,0,0,1
2018,4,fp1,hamilton,24,4,123.885,40.422,49.78,33.683,ULTRASOFT,12,0,282.0,0,0,0
2018,4,fp1,sainz,1,1,,,52.552,33.69,SOFT,1,1,293.0,0,0,0
2018,4,fp1,sainz,2,2,,,54.211,26.967,SOFT,2,0,300.0,0,0,0
2018,4,fp1,sainz,3,2,111.426,39.787,45.932,25.707,SOFT,3,0,312.0,1,0,1
2018,4,fp1,sainz,4,2,112.025,40.47,45.734,25.821,SOFT,4,0,311.0,0,0,1
2018,4,fp1,sainz,5,2,108.741,38.876,44.226,25.639,SOFT,5,0,311.0,1,0,1
2018,4,fp1,sainz,6,2,138.106,39.716,59.621,38.769,SOFT,6,0,208.0,0,0,0
2018,4,fp1,sainz,7,2,148.632,53.418,56.491,38.723,SOFT,7,0,161.0,0,0,0
2018,4,fp1,sainz,8,3,,,44.816,26.343,SUPERSOFT,1,1,306.0,0,0,0
2018,4,fp1,sainz,9,3,137.244,60.612,49.961,26.671,SUPERSOFT,2,1,306.0,0,0,1
2018,4,fp1,sainz,10,3,111.308,39.751,45.751,25.806,SUPERSOFT,3,1,309.0,0,0,1
2018,4,fp1,sainz,11,3,,49.194,57.864,45.079,SUPERSOFT,4,1,205.0,0,0,0
2018,4,fp1,bottas,1,1,,,48.967,26.514,SUPERSOFT,1,1,308.0,0,0,0
2018,4,fp1,bottas,2,1,109.762,39.35,44.583,25.829,SUPERSOFT,2,1,308.0,1,0,1
2018,4,fp1,bottas,3,1,108.1,38.335,43.961,25.804,SUPERSOFT,3,1,309.0,1,0,1
2018,4,fp1,bottas,4,1,107.637,38.201,43.775,25.661,SUPERSOFT,4,1,311.0,1,0,1
2018,4,fp1,bottas,5,1,106.539,37.717,43.38,25.442,SUPERSOFT,5,1,312.0,1,0,1
2018,4,fp1,bottas,6,1,106.796,37.781,43.627,25.388,SUPERSOFT,6,1,313.0,0,0,1
2018,4,fp1,bottas,7,1,132.766,43.279,50.275,39.212,SUPERSOFT,7,1,223.0,0,0,0
2018,4,fp1,bottas,8,2,,,48.193,25.669,SUPERSOFT,8,0,312.0,0,0,0
2018,4,fp1,bottas,9,2,106.981,37.736,43.843,25.402,SUPERSOFT,9,0,314.0,0,0,1
2018,4,fp1,bottas,10,2,109.159,37.786,43.624,27.749,SUPERSOFT,10,0,303.0,0,0,1
2018,4,fp1,bottas,11,2,106.389,37.456,43.393,25.54,SUPERSOFT,11,0,313.0,1,0,1
2018,4,fp1,bottas,12,2,114.476,37.592,43.337,33.547,SUPERSOFT,12,0,129.0,0,0,0
2018,4,fp1,bottas,13,2,,52.666,55.28,45.481,SUPERSOFT,13,0,178.0,0,0,0
2018,4,fp1,bottas,14,3,,,53.223,25.697,ULTRASOFT,1,1,325.0,0,0,0
2018,4,fp1,bottas,15,3,119.845,40.302,48.298,31.245,ULTRASOFT,2,1,308.0,0,0,1
2018,4,fp1,bottas,16,3,104.242,36.696,42.488,25.058,ULTRASOFT,3,1,318.0,1,0,1
2018,4,fp1,bottas,17,3,124.123,44.306,52.663,27.154,ULTRASOFT,4,1,311.0,0,0,1
2018,4,fp1,bottas,18,3,108.999,37.162,45.435,26.402,ULTRASOFT,5,1,310.0,0,0,1
2018,4,fp1,bottas,19,3,114.209,36.968,46.031,31.21,ULTRASOFT,6,1,311.0,0,0,0
2018,4,fp1,bottas,20,4,,,48.365,26.316,ULTRASOFT,7,0,309.0,0,0,0
2018,4,fp1,bottas,21,4,109.619,38.884,44.59,26.145,ULTRASOFT,8,0,309.0,0,0,1
2018,4,fp1,bottas,22,4,109.217,38.78,44.305,26.132,ULTRASOFT,9,0,309.0,0,0,1
2018,4,fp1,bottas,23,4,116.022,38.85,44.811,32.361,ULTRASOFT,10,0,283.0,0,0,1
2018,4,fp1,bottas,24,4,125.61,48.428,50.801,26.381,ULTRASOFT,11,0,310.0,0,0,1
2018,4,fp1,bottas,25,4,112.525,38.944,44.531,29.05,ULTRASOFT,12,0,234.0,0,0,1
2018,4,fp1,bottas,26,4,129.909,49.179,49.833,30.897,ULTRASOFT,13,0,310.0,0,0,0
2018,4,fp2,vandoorne,1,1,,,50.274,26.994,SUPERSOFT,1,1,293.0,0,0,0
2018,4,fp2,vandoorne,2,1,106.392,37.396,43.231,25.765,SUPERSOFT,2,1,305.0,1,0,1
2018,4,fp2,vandoorne,3,1,118.733,42.222,48.949,27.562,SUPERSOFT,3,1,298.0,0,0,1
2018,4,fp2,vandoorne,4,1,116.989,40.51,49.56,26.919,SUPERSOFT,4,1,294.0,0,0,1
2018,4,fp2,vandoorne,5,1,124.287,37.149,60.23,26.908,SUPERSOFT,5,1,296.0,0,0,1
2018,4,fp2,vandoorne,6,1,105.288,37.046,42.608,25.634,SUPERSOFT,6,1,307.0,1,0,1
2018,4,fp2,vandoorne,7,1,127.206,43.603,51.386,32.217,SUPERSOFT,7,1,286.0,0,0,0
2018,4,fp2,vandoorne,8,2,,,48.297,27.65,ULTRASOFT,1,1,296.0,0,0,0
2018,4,fp2,vandoorne,9,2,105.535,36.623,43.08,25.832,ULTRASOFT,2,1,305.0,0,0,1
2018,4,fp2,vandoorne,10,2,118.792,43.665,48.192,26.935,ULTRASOFT,3,1,300.0,0,0,1
2018,4,fp2,vandoorne,11,2,105.526,36.935,42.887,25.704,ULTRASOFT,4,1,307.0,0,0,1
2018,4,fp2,vandoorne,12,2,128.618,47.23,53.322,28.066,ULTRASOFT,5,1,295.0,0,0,1
2018,4,fp2,vandoorne,13,2,106.024,37.186,42.932,25.906,ULTRASOFT,6,1,303.0,0,0,1
2018,4,fp2,vandoorne,14,2,125.278,42.992,50.254,32.032,ULTRASOFT,7,1,289.0,0,0,0
2018,4,fp2,vandoorne,15,3,,,51.088,35.811,SUPERSOFT,8,0,258.0,0,0,0
2018,4,fp2,vandoorne,16,4,145.438,73.654,45.445,26.339,SUPERSOFT,9,0,305.0,0,0,0
2018,4,fp2,vandoorne,17,4,109.283,38.725,44.305,26.253,SUPERSOFT,10,0,306.0,0,0,1
2018,4,fp2,vandoorne,18,4,108.944,38.582,44.247,26.115,SUPERSOFT,11,0,311.0,0,0,1
2018,4,fp2,vandoorne,19,4,111.403,39.168,45.825,26.41,SUPERSOFT,12,0,303.0,0,0,1
2018,4,fp2,vandoorne,20,4,108.763,38.415,44.123,26.225,SUPERSOFT,13,0,303.0,0,0,1
2018,4,fp2,vandoorne,21,4,108.954,38.677,43.988,26.289,SUPERSOFT,14,0,304.0,0,0,1
2018,4,fp2,vandoorne,22,4,108.627,38.489,44.429,25.709,SUPERSOFT,15,0,312.0,0,0,1
2018,4,fp2,vandoorne,23,4,109.24,38.693,44.021,26.526,SUPERSOFT,16,0,301.0,0,0,1
2018,4,fp2,vandoorne,24,4,111.696,39.746,46.206,25.744,SUPERSOFT,17,0,315.0,0,0,1
2018,4,fp2,vandoorne,25,4,109.507,38.902,44.044,26.561,SUPERSOFT,18,0,300.0,0,0,1
2018,4,fp2,vandoorne,26,4,108.503,38.41,43.863,26.23,SUPERSOFT,19,0,304.0,0,0,1
2018,4,fp2,vandoorne,27,4,108.478,38.503,43.836,26.139,SUPERSOFT,20,0,304.0,0,0,1
2018,4,fp2,vandoorne,28,4,107.729,38.224,43.562,25.943,SUPERSOFT,21,0,305.0,0,0,1
2018,4,fp2,vandoorne,29,4,119.745,37.74,48.409,33.596,SUPERSOFT,22,0,269.0,0,0,0
2018,4,fp2,ricciardo,1,1,,,47.908,27.291,SUPERSOFT,1,1,293.0,0,0,0
2018,4,fp2,ricciardo,2,1,118.848,41.125,50.564,27.159,SUPERSOFT,2,1,299.0,1,0,1
2018,4,fp2,ricciardo,3,1,103.947,36.59,42.516,24.841,SUPERSOFT,3,1,322.0,1,0,1
2018,4,fp2,ricciardo,4,1,124.704,46.502,51.728,26.474,SUPERSOFT,4,1,302.0,0,0,1
2018,4,fp2,ricciardo,5,1,103.967,36.639,42.109,25.219,SUPERSOFT,5,1,315.0,0,0,1
2018,4,fp2,ricciardo,6,1,121.322,44.686,50.044,26.592,SUPERSOFT,6,1,306.0,0,0,1
2018,4,fp2,ricciardo,7,1,104.188,36.826,42.123,25.239,SUPERSOFT,7,1,313.0,0,0,1
2018,4,fp2,ricciardo,8,1,116.567,41.033,48.683,26.851,SUPERSOFT,8,1,290.0,0,0,1
2018,4,fp2,ricciardo,9,1,103.512,36.634,41.543,25.335,SUPERSOFT,9,1,311.0,1,0,1
2018,4,fp2,ricciardo,10,1,118.122,40.13,45.845,32.147,SUPERSOFT,10,1,293.0,0,0,0
2018,4,fp2,ricciardo,11,2,,,46.44,26.51,ULTRASOFT,1,1,298.0,0,0,0
2018,4,fp2,ricciardo,12,2,103.017,36.311,41.488,25.218,ULTRASOFT,2,1,313.0,1,0,1
2018,4,fp2,ricciardo,13,2,123.853,47.404,49.715,26.734,ULTRASOFT,3,1,297.0,0,0,1
2018,4,fp2,ricciardo,14,2,102.816,36.321,41.4,25.095,ULTRASOFT,4,1,315.0,1,0,1
2018,4,fp2,ricciardo,15,2,122.673,45.355,50.628,26.69,ULTRASOFT,5,1,296.0,0,0,1
2018,4,fp2,ricciardo,16,2,102.795,36.352,41.33,25.113,ULTRASOFT,6,1,314.0,1,0,1
2018,4,fp2,ricciardo,17,2,120.094,41.311,46.945,31.838,ULTRASOFT,7,1,293.0,0,0,0
2018,4,fp2,ricciardo,18,3,,,46.644,26.163,ULTRASOFT,8,0,310.0,0,0,0
2018,4,fp2,ricciardo,19,3,107.353,38.104,43.391,25.858,ULTRASOFT,9,0,312.0,0,0,1
2018,4,fp2,ricciardo,20,3,106.929,37.966,43.179,25.784,ULTRASOFT,10,0,312.0,0,0,1
2018,4,fp2,ricciardo,21,3,106.913,37.808,43.964,25.141,ULTRASOFT,11,0,323.0,0,0,1
2018,4,fp2,ricciardo,22,3,107.965,38.314,43.741,25.91,ULTRASOFT,12,0,311.0,0,0,1
2018,4,fp2,ricciardo,23,3,107.902,38.176,43.817,25.909,ULTRASOFT,13,0,311.0,0,0,1
2018,4,fp2,ricciardo,24,3,108.594,38.494,44.146,25.954,ULTRASOFT,14,0,314.0,0,0,1
2018,4,fp2,ricciardo,25,3,117.947,38.737,47.587,31.623,ULTRASOFT,15,0,313.0,0,0,0
2018,4,fp2,ricciardo,26,4,135.926,59.681,47.845,28.4,SUPERSOFT,11,0,315.0,0,0,0
2018,4,fp2,ricciardo,27,4,106.312,38.017,42.982,25.313,SUPERSOFT,12,0,320.0,0,0,1
2018,4,fp2,ricciardo,28,4,112.407,38.085,47.148,27.174,SUPERSOFT,13,0,303.0,0,0,1
2018,4,fp2,ricciardo,29,4,106.438,37.852,43.162,25.424,SUPERSOFT,14,0,322.0,0,0,1
2018,4,fp2,ricciardo,30,4,105.692,37.605,42.65,25.437,SUPERSOFT,15,0,316.0,0,0,1
2018,4,fp2,ricciardo,31,4,106.64,38.236,42.816,25.588,SUPERSOFT,16,0,315.0,0,0,1
2018,4,fp2,ricciardo,32,4,106.435,37.739,42.901,25.795,SUPERSOFT,17,0,310.0,0,0,1
2018,4,fp2,ricciardo,33,4,106.364,37.676,42.945,25.743,SUPERSOFT,18,0,311.0,0,0,1
2018,4,fp2,ricciardo,34,4,106.017,37.479,42.874,25.664,SUPERSOFT,19,0,312.0,0,0,1
2018,4,fp2,ricciardo,35,4,126.033,42.767,52.393,30.873,SUPERSOFT,20,0,312.0,0,0,0
2018,4,fp2,vettel,1,,,,49.79,27.857,,,1,292.0,0,0,0
2018,4,fp2,vettel,2,1,118.297,41.84,49.269,27.188,SUPERSOFT,1,1,306.0,1,0,0
2018,4,fp2,vettel,3,1,126.819,50.987,49.02,26.812,SUPERSOFT,2,1,305.0,0,0,1
2018,4,fp2,vettel,4,1,134.587,52.49,54.763,27.334,SUPERSOFT,3,1,312.0,0,0,1
2018,4,fp2,vettel,5,1,105.785,37.368,42.926,25.491,SUPERSOFT,4,1,307.0,1,0,1
2018,4,fp2,vettel,6,1,127.157,47.057,53.22,26.88,SUPERSOFT,5,1,308.0,0,0,1
2018,4,fp2,vettel,7,1,105.232,37.023,42.618,25.591,SUPERSOFT,6,1,313.0,1,0,1
2018,4,fp2,vettel,8,1,125.071,43.438,48.365,33.268,SUPERSOFT,7,1,285.0,0,0,0
2018,4,fp2,vettel,9,2,,,49.572,27.463,ULTRASOFT,1,1,298.0,0,0,0
2018,4,fp2,vettel,10,2,116.05,40.236,48.716,27.098,ULTRASOFT,2,1,305.0,0,0,1
2018,4,fp2,vettel,11,2,104.127,36.564,42.128,25.435,ULTRASOFT,3,1,310.0,1,0,1
2018,4,fp2,vettel,12,2,129.192,46.172,54.988,28.032,ULTRASOFT,4,1,309.0,0,0,1
2018,4,fp2,vettel,13,2,104.524,37.047,42.112,25.365,ULTRASOFT,5,1,310.0,0,0,1
2018,4,fp2,vettel,14,2,133.472,46.138,59.241,28.093,ULTRASOFT,6,1,307.0,0,0,1
2018,4,fp2,vettel,15,2,123.465,36.328,50.332,36.805,ULTRASOFT,7,1,200.0,0,0,0
2018,4,fp2,vettel,16,3,,70.638,53.842,31.976,ULTRASOFT,8,0,290.0,0,0,0
2018,4,fp2,vettel,17,4,,,49.697,32.277,ULTRASOFT,9,0,297.0,0,0,0
2018,4,fp2,vettel,18,5,141.444,70.416,45.143,25.885,ULTRASOFT,10,0,313.0,0,0,0
2018,4,fp2,vettel,19,5,108.162,38.364,43.809,25.989,ULTRASOFT,11,0,309.0,0,0,1
2018,4,fp2,vettel,20,5,107.009,37.898,43.342,25.769,ULTRASOFT,12,0,311.0,0,0,1
2018,4,fp2,vettel,21,5,107.735,38.237,44.088,25.41,ULTRASOFT,13,0,320.0,0,0,1
2018,4,fp2,vettel,22,5,107.836,38.144,43.657,26.035,ULTRASOFT,14,0,308.0,0,0,1
2018,4,fp2,vettel,23,5,107.989,38.167,43.8,26.022,ULTRASOFT,15,0,308.0,0,0,1
2018,4,fp2,vettel,24,5,107.758,38.081,43.878,25.799,ULTRASOFT,16,0,312.0,0,0,1
2018,4,fp2,vettel,25,5,114.44,39.048,44.773,30.619,ULTRASOFT,17,0,310.0,0,0,0
2018,4,fp2,vettel,26,6,126.869,55.515,45.07,26.284,SUPERSOFT,9,0,303.0,0,0,0
2018,4,fp2,vettel,27,6,107.478,37.985,43.427,26.066,SUPERSOFT,10,0,305.0,0,0,1
2018,4,fp2,vettel,28,6,107.236,37.924,43.358,25.954,SUPERSOFT,11,0,307.0,0,0,1
2018,4,fp2,vettel,29,6,107.168,37.913,43.199,26.056,SUPERSOFT,12,0,306.0,0,0,1
2018,4,fp2,vettel,30,6,106.914,37.765,43.247,25.902,SUPERSOFT,13,0,308.0,0,0,1
2018,4,fp2,vettel,31,6,106.711,37.628,43.265,25.818,SUPERSOFT,14,0,309.0,0,0,1
2018,4,fp2,vettel,32,6,106.998,37.924,43.26,25.814,SUPERSOFT,15,0,313.0,0,0,1
2018,4,fp2,vettel,33,6,109.565,38.127,45.449,25.989,SUPERSOFT,16,0,315.0,0,0,1
2018,4,fp2,vettel,34,6,106.72,37.621,43.158,25.941,SUPERSOFT,17,0,307.0,0,0,1
2018,4,fp2,vettel,35,6,106.348,37.582,42.849,25.917,SUPERSOFT,18,0,307.0,0,0,1
2018,4,fp2,vettel,36,6,106.223,37.455,42.94,25.828,SUPERSOFT,19,0,308.0,0,0,1
2018,4,fp2,vettel,37,6,106.15,37.754,42.89,25.506,SUPERSOFT,20,0,314.0,0,0,1
2018,4,fp2,vettel,38,6,135.388,45.061,54.462,35.865,SUPERSOFT,21,0,300.0,0,0,0
2018,4,fp2,raikkonen,1,1,,,48.386,27.495,SOFT,1,1,303.0,0,0,0
2018,4,fp2,raikkonen,2,1,125.283,49.745,48.509,27.029,SOFT,2,1,304.0,1,0,1
2018,4,fp2,raikkonen,3,1,106.383,37.132,42.987,26.264,SOFT,3,1,305.0,1,0,1
2018,4,fp2,raikkonen,4,1,134.078,51.487,55.815,26.776,SOFT,4,1,307.0,0,0,1
2018,4,fp2,raikkonen,5,1,114.47,39.387,47.854,27.229,SOFT,5,1,305.0,0,0,1
2018,4,fp2,raikkonen,6,1,105.475,37.42,42.668,25.387,SOFT,6,1,311.0,1,0,1
2018,4,fp2,raikkonen,7,1,117.445,39.24,51.521,26.684,SOFT,7,1,303.0,0,0,1
2018,4,fp2,raikkonen,8,1,104.333,36.502,42.257,25.574,SOFT,8,1,308.0,1,0,1
2018,4,fp2,raikkonen,9,1,119.601,40.396,46.29,32.915,SOFT,9,1,280.0,0,0,0
2018,4,fp2,raikkonen,10,2,,76.251,46.662,33.034,SOFT,10,0,280.0,0,0,0
2018,4,fp2,raikkonen,11,3,,,48.924,26.69,ULTRASOFT,1,1,304.0,0,0,0
2018,4,fp2,raikkonen,12,3,102.864,36.318,41.595,24.951,ULTRASOFT,2,1,316.0,1,0,1
2018,4,fp2,raikkonen,13,3,116.831,41.129,48.282,27.42,ULTRASOFT,3,1,306.0,0,0,1
2018,4,fp2,raikkonen,14,3,103.509,36.312,41.801,25.396,ULTRASOFT,4,1,308.0,0,0,1
2018,4,fp2,raikkonen,15,3,119.468,38.428,48.799,32.241,ULTRASOFT,5,1,285.0,0,0,0
2018,4,fp2,raikkonen,16,4,,80.045,46.756,32.535,ULTRASOFT,6,0,279.0,0,0,0
2018,4,fp2,raikkonen,17,5,,,45.399,30.795,ULTRASOFT,7,0,303.0,0,0,0
2018,4,fp2,raikkonen,18,6,137.402,67.639,43.586,26.177,ULTRASOFT,8,0,308.0,0,0,0
2018,4,fp2,raikkonen,19,6,107.278,38.097,43.365,25.816,ULTRASOFT,9,0,309.0,0,0,1
2018,4,fp2,raikkonen,20,6,107.183,37.998,43.454,25.731,ULTRASOFT,10,0,311.0,0,0,1
2018,4,fp2,raikkonen,21,6,107.255,37.891,43.776,25.588,ULTRASOFT,11,0,316.0,0,0,1
2018,4,fp2,raikkonen,22,6,117.981,38.699,52.973,26.309,ULTRASOFT,12,0,311.0,0,0,1
2018,4,fp2,raikkonen,23,6,108.566,38.262,44.29,26.014,ULTRASOFT,13,0,308.0,0,0,1
2018,4,fp2,raikkonen,24,6,113.534,38.491,44.126,30.917,ULTRASOFT,14,0,308.0,0,0,0
2018,4,fp2,raikkonen,25,7,133.212,60.924,46.207,26.081,SOFT,11,0,307.0,0,0,0
2018,4,fp2,raikkonen,26,7,107.762,37.943,43.783,26.036,SOFT,12,0,306.0,0,0,1
2018,4,fp2,raikkonen,27,7,106.426,38.166,43.207,25.053,SOFT,13,0,318.0,0,0,1
2018,4,fp2,raikkonen,28,7,109.804,40.189,44.101,25.514,SOFT,14,0,313.0,0,0,1
2018,4,fp2,raikkonen,29,7,107.984,38.781,43.862,25.341,SOFT,15,0,314.0,0,0,1
2018,4,fp2,raikkonen,30,7,106.879,37.816,43.036,26.027,SOFT,16,0,302.0,0,0,1
2018,4,fp2,raikkonen,31,7,106.584,37.703,42.839,26.042,SOFT,17,0,304.0,0,0,1
2018,4,fp2,raikkonen,32,7,106.789,37.505,43.148,26.136,SOFT,18,0,301.0,0,0,1
2018,4,fp2,raikkonen,33,7,117.885,38.516,44.689,34.68,SOFT,19,0,283.0,0,0,0
2018,4,fp2,grosjean,1,1,,,46.091,26.676,SUPERSOFT,1,1,304.0,0,0,0
2018,4,fp2,grosjean,2,1,106.407,37.309,42.968,26.13,SUPERSOFT,2,1,309.0,1,0,1
2018,4,fp2,grosjean,3,1,109.314,37.564,46.149,25.601,SUPERSOFT,3,1,312.0,0,0,1
2018,4,fp2,grosjean,4,1,105.326,37.284,42.566,25.476,SUPERSOFT,4,1,312.0,1,0,1
2018,4,fp2,grosjean,5,1,131.869,50.843,55.378,25.648,SUPERSOFT,5,1,313.0,0,0,1
2018,4,fp2,grosjean,6,1,105.053,37.204,42.59,25.259,SUPERSOFT,6,1,314.0,1,0,1
2018,4,fp2,grosjean,7,1,122.168,44.633,45.729,31.806,SUPERSOFT,7,1,312.0,0,0,0
2018,4,fp2,grosjean,8,2,,,46.047,29.066,ULTRASOFT,1,1,304.0,0,0,0
2018,4,fp2,grosjean,9,2,107.178,36.479,43.371,27.328,ULTRASOFT,2,1,297.0,0,0,1
2018,4,fp2,grosjean,10,2,115.403,40.507,47.933,26.963,ULTRASOFT,3,1,298.0,0,0,1
2018,4,fp2,grosjean,11,2,104.425,36.645,42.288,25.492,ULTRASOFT,4,1,309.0,1,0,1
2018,4,fp2,grosjean,12,2,123.942,46.941,50.22,26.781,ULTRASOFT,5,1,300.0,0,0,1
2018,4,fp2,grosjean,13,2,104.509,36.821,42.121,25.567,ULTRASOFT,6,1,306.0,0,0,1
2018,4,fp2,grosjean,14,2,120.642,44.33,44.943,31.369,ULTRASOFT,7,1,294.0,0,0,0
2018,4,fp2,grosjean,15,3,,,46.01,26.928,ULTRASOFT,8,0,303.0,0,0,0
2018,4,fp2,grosjean,16,3,107.456,38.069,43.718,25.669,ULTRASOFT,9,0,311.0,0,0,1
2018,4,fp2,grosjean,17,3,107.934,37.99,44.489,25.455,ULTRASOFT,10,0,320.0,0,0,1
2018,4,fp2,grosjean,18,3,113.799,43.642,44.478,25.679,ULTRASOFT,11,0,313.0,0,0,1
2018,4,fp2,grosjean,19,3,116.801,38.321,52.188,26.292,ULTRASOFT,12,0,310.0,0,0,1
2018,4,fp2,grosjean,20,3,109.903,38.968,44.917,26.018,ULTRASOFT,13,0,310.0,0,0,1
2018,4,fp2,grosjean,21,3,109.621,39.035,44.576,26.01,ULTRASOFT,14,0,315.0,0,0,1
2018,4,fp2,grosjean,22,3,114.507,38.875,45.053,30.579,ULTRASOFT,15,0,315.0,0,0,0
2018,4,fp2,grosjean,23,4,127.122,56.46,44.655,26.007,SUPERSOFT,8,0,309.0,0,0,0
2018,4,fp2,grosjean,24,4,107.992,38.391,43.788,25.813,SUPERSOFT,9,0,309.0,0,0,1
2018,4,fp2,grosjean,25,4,107.662,38.192,43.622,25.848,SUPERSOFT,10,0,309.0,0,0,1
2018,4,fp2,grosjean,26,4,106.835,37.92,43.118,25.797,SUPERSOFT,11,0,309.0,0,0,1
2018,4,fp2,grosjean,27,4,123.319,43.969,47.676,31.674,SUPERSOFT,12,0,295.0,0,0,0
2018,4,fp2,ericsson,1,,,,49.029,27.136,,,1,301.0,0,0,0
2018,4,fp2,ericsson,2,1,108.632,38.189,44.678,25.765,SOFT,1,1,307.0,1,0,1
2018,4,fp2,ericsson,3,1,116.745,42.252,47.862,26.631,SOFT,2,1,307.0,0,0,1
2018,4,fp2,ericsson,4,1,106.684,37.845,43.523,25.316,SOFT,3,1,312.0,1,0,1
2018,4,fp2,ericsson,5,1,123.224,41.719,52.778,28.727,SOFT,4,1,309.0,0,0,1
2018,4,fp2,ericsson,6,1,106.042,37.359,43.095,25.588,SOFT,5,1,308.0,1,0,1
2018,4,fp2,ericsson,7,1,142.288,47.721,58.328,36.239,SOFT,6,1,278.0,0,0,0
2018,4,fp2,ericsson,8,2,,,46.898,27.332,ULTRASOFT,1,1,304.0,0,0,0
2018,4,fp2,ericsson,9,2,,54.494,66.507,57.664,ULTRASOFT,2,1,136.0,0,0,0
2018,4,fp2,gasly,1,,,,48.935,27.88,,,1,292.0,0,0,0
2018,4,fp2,gasly,2,1,108.023,38.016,44.167,25.84,SUPERSOFT,1,1,305.0,1,0,1
2018,4,fp2,gasly,3,1,121.234,43.558,50.916,26.76,SUPERSOFT,2,1,313.0,0,0,1
2018,4,fp2,gasly,4,1,117.819,43.425,47.115,27.279,SUPERSOFT,3,1,298.0,0,0,1
2018,4,fp2,gasly,5,1,105.806,37.289,43.109,25.408,SUPERSOFT,4,1,314.0,1,0,1
2018,4,fp2,gasly,6,1,119.261,41.315,50.59,27.356,SUPERSOFT,5,1,299.0,0,0,1
2018,4,fp2,gasly,7,1,106.006,37.22,43.05,25.736,SUPERSOFT,6,1,307.0,0,0,1
2018,4,fp2,gasly,8,1,120.122,41.211,46.756,32.155,SUPERSOFT,7,1,283.0,0,0,0
2018,4,fp2,gasly,9,2,,,46.204,27.494,ULTRASOFT,1,1,292.0,0,0,0
2018,4,fp2,gasly,10,2,104.926,36.968,42.177,25.781,ULTRASOFT,2,1,306.0,1,0,1
2018,4,fp2,gasly,11,2,117.558,42.783,47.26,27.515,ULTRASOFT,3,1,295.0,0,0,1
2018,4,fp2,gasly,12,2,104.846,36.741,42.266,25.839,ULTRASOFT,4,1,304.0,1,0,1
2018,4,fp2,gasly,13,2,116.278,42.761,46.348,27.169,ULTRASOFT,5,1,292.0,0,0,1
2018,4,fp2,gasly,14,2,104.723,36.53,42.45,25.743,ULTRASOFT,6,1,303.0,1,0,1
2018,4,fp2,gasly,15,2,119.684,40.902,51.052,27.73,ULTRASOFT,7,1,300.0,0,0,1
2018,4,fp2,gasly,16,2,104.712,36.656,42.413,25.643,ULTRASOFT,8,1,308.0,1,0,1
2018,4,fp2,gasly,17,2,119.139,40.771,46.524,31.844,ULTRASOFT,9,1,282.0,0,0,0
2018,4,fp2,gasly,18,3,,,47.951,32.949,ULTRASOFT,10,0,276.0,0,0,0
2018,4,fp2,gasly,19,4,139.155,67.388,45.208,26.559,ULTRASOFT,11,0,305.0,0,0,0
2018,4,fp2,gasly,20,4,109.084,38.59,44.069,26.425,ULTRASOFT,12,0,307.0,0,0,1
2018,4,fp2,gasly,21,4,109.675,39.03,44.292,26.353,ULTRASOFT,13,0,309.0,0,0,1
2018,4,fp2,gasly,22,4,109.63,38.576,44.188,26.866,ULTRASOFT,14,0,305.0,0,0,1
2018,4,fp2,gasly,23,4,109.514,38.537,44.392,26.585,ULTRASOFT,15,0,306.0,0,0,1
2018,4,fp2,gasly,24,4,109.821,38.739,44.357,26.725,ULTRASOFT,16,0,304.0,0,0,1
2018,4,fp2,gasly,25,4,109.636,38.908,44.19,26.538,ULTRASOFT,17,0,303.0,0,0,1
2018,4,fp2,gasly,26,4,109.866,38.74,44.477,26.649,ULTRASOFT,18,0,302.0,0,0,1
2018,4,fp2,gasly,27,4,110.813,39.077,45.072,26.664,ULTRASOFT,19,0,303.0,0,0,1
2018,4,fp2,gasly,28,4,,40.385,79.914,33.77,ULTRASOFT,20,0,300.0,0,0,0
2018,4,fp2,gasly,29,5,131.471,55.619,49.79,26.062,SUPERSOFT,9,0,316.0,0,0,0
2018,4,fp2,gasly,30,5,111.4,40.523,44.391,26.486,SUPERSOFT,10,0,307.0,0,0,1
2018,4,fp2,gasly,31,5,111.784,38.586,47.13,26.068,SUPERSOFT,11,0,326.0,0,0,1
2018,4,fp2,gasly,32,5,109.548,39.049,44.322,26.177,SUPERSOFT,12,0,310.0,0,0,1
2018,4,fp2,gasly,33,5,108.756,38.673,43.906,26.177,SUPERSOFT,13,0,309.0,0,0,1
2018,4,fp2,gasly,34,5,108.258,38.347,43.82,26.091,SUPERSOFT,14,0,312.0,0,0,1
2018,4,fp2,gasly,35,5,108.179,38.34,43.721,26.118,SUPERSOFT,15,0,311.0,0,0,1
2018,4,fp2,gasly,36,5,107.919,38.168,43.636,26.115,SUPERSOFT,16,0,311.0,0,0,1
2018,4,fp2,gasly,37,5,108.392,38.321,43.65,26.421,SUPERSOFT,17,0,308.0,0,0,1
2018,4,fp2,gasly,38,5,108.513,38.399,43.764,26.35,SUPERSOFT,18,0,309.0,0,0,1
2018,4,fp2,gasly,39,5,148.325,45.634,63.152,39.539,SUPERSOFT,19,0,225.0,0,0,0
2018,4,fp2,perez,1,1,,,48.962,27.266,SOFT,1,1,297.0,0,0,0
2018,4,fp2,perez,2,1,112.903,39.294,47.158,26.451,SOFT,2,1,309.0,1,0,1
2018,4,fp2,perez,3,1,138.279,51.358,60.438,26.483,SOFT,3,1,311.0,0,0,1
2018,4,fp2,perez,4,1,106.272,37.472,43.412,25.388,SOFT,4,1,314.0,1,0,1
2018,4,fp2,perez,5,1,124.778,48.73,49.601,26.447,SOFT,5,1,309.0,0,0,1
2018,4,fp2,perez,6,1,104.778,37.022,42.645,25.111,SOFT,6,1,317.0,1,0,1
2018,4,fp2,perez,7,1,135.627,54.933,49.53,31.164,SOFT,7,1,302.0,0,0,0
2018,4,fp2,perez,8,2,,,49.529,26.455,ULTRASOFT,1,1,312.0,0,0,0
2018,4,fp2,perez,9,2,104.226,36.554,42.329,25.343,ULTRASOFT,2,1,315.0,1,0,1
2018,4,fp2,perez,10,2,130.117,44.525,57.996,27.596,ULTRASOFT,3,1,309.0,0,0,1
2018,4,fp2,perez,11,2,104.142,36.536,42.204,25.402,ULTRASOFT,4,1,314.0,1,0,1
2018,4,fp2,perez,12,2,132.769,48.769,52.326,31.674,ULTRASOFT,5,1,301.0,0,0,0
2018,4,fp2,perez,13,3,,,46.076,26.167,ULTRASOFT,6,0,308.0,0,0,0
2018,4,fp2,perez,14,3,108.115,38.127,43.929,26.059,ULTRASOFT,7,0,309.0,0,0,1
2018,4,fp2,perez,15,3,107.676,37.922,43.736,26.018,ULTRASOFT,8,0,310.0,0,0,1
2018,4,fp2,perez,16,3,107.84,38.313,43.63,25.897,ULTRASOFT,9,0,312.0,0,0,1
2018,4,fp2,perez,17,3,107.599,38.034,43.617,25.948,ULTRASOFT,10,0,311.0,0,0,1
2018,4,fp2,perez,18,3,107.749,38.206,43.669,25.874,ULTRASOFT,11,0,313.0,0,0,1
2018,4,fp2,perez,19,3,107.819,38.118,43.926,25.775,ULTRASOFT,12,0,314.0,0,0,1
2018,4,fp2,perez,20,3,109.675,38.735,44.637,26.303,ULTRASOFT,13,0,314.0,0,0,1
2018,4,fp2,perez,21,3,111.539,38.809,46.476,26.254,ULTRASOFT,14,0,313.0,0,0,1
2018,4,fp2,perez,22,3,126.759,49.554,46.439,30.766,ULTRASOFT,15,0,309.0,0,0,0
2018,4,fp2,perez,23,4,137.209,56.892,53.461,26.856,SOFT,8,0,312.0,0,0,0
2018,4,fp2,perez,24,4,110.361,39.629,44.793,25.939,SOFT,9,0,313.0,0,0,1
2018,4,fp2,perez,25,4,107.791,38.259,43.715,25.817,SOFT,10,0,312.0,0,0,1
2018,4,fp2,perez,26,4,107.02,37.972,43.423,25.625,SOFT,11,0,313.0,0,0,1
2018,4,fp2,perez,27,4,120.671,48.839,45.935,25.897,SOFT,12,0,312.0,0,0,1
2018,4,fp2,perez,28,4,108.404,38.702,43.88,25.822,SOFT,13,0,310.0,0,0,1
2018,4,fp2,perez,29,4,109.829,39.498,44.678,25.653,SOFT,14,0,314.0,0,0,1
2018,4,fp2,perez,30,4,106.9,37.969,43.408,25.523,SOFT,15,0,314.0,0,0,1
2018,4,fp2,perez,31,4,130.021,49.43,48.06,32.531,SOFT,16,0,301.0,0,0,0
2018,4,fp2,alonso,1,1,,,49.441,27.514,SUPERSOFT,1,1,298.0,0,0,0
2018,4,fp2,alonso,2,1,106.093,37.397,43.093,25.603,SUPERSOFT,2,1,310.0,1,0,1
2018,4,fp2,alonso,3,1,122.541,43.142,52.053,27.346,SUPERSOFT,3,1,298.0,0,0,1
2018,4,fp2,alonso,4,1,105.503,37.206,42.645,25.652,SUPERSOFT,4,1,306.0,1,0,1
2018,4,fp2,alonso,5,1,124.354,42.805,48.636,32.913,SUPERSOFT,5,1,288.0,0,0,0
2018,4,fp2,alonso,6,2,,,48.664,27.424,SUPERSOFT,6,0,296.0,0,0,0
2018,4,fp2,alonso,7,2,105.638,37.159,42.648,25.831,SUPERSOFT,7,0,303.0,0,0,1
2018,4,fp2,alonso,8,2,119.091,42.185,49.432,27.474,SUPERSOFT,8,0,298.0,0,0,1
2018,4,fp2,alonso,9,2,105.01,36.944,42.365,25.701,SUPERSOFT,9,0,306.0,1,0,1
2018,4,fp2,alonso,10,2,117.863,41.417,49.239,27.207,SUPERSOFT,10,0,300.0,0,0,1
2018,4,fp2,alonso,11,2,104.571,36.729,42.25,25.592,SUPERSOFT,11,0,308.0,1,0,1
2018,4,fp2,alonso,12,2,116.956,40.098,45.447,31.411,SUPERSOFT,12,0,300.0,0,0,0
2018,4,fp2,alonso,13,3,,,47.201,26.754,ULTRASOFT,1,1,305.0,0,0,0
2018,4,fp2,alonso,14,3,103.7,36.409,42.045,25.246,ULTRASOFT,2,1,315.0,1,0,1
2018,4,fp2,alonso,15,3,121.246,43.775,50.39,27.081,ULTRASOFT,3,1,303.0,0,0,1
2018,4,fp2,alonso,16,3,104.275,36.559,42.163,25.553,ULTRASOFT,4,1,311.0,0,0,1
2018,4,fp2,alonso,17,3,125.489,42.89,49.295,33.304,ULTRASOFT,5,1,287.0,0,0,0
2018,4,fp2,alonso,18,4,,,53.69,39.669,ULTRASOFT,6,0,262.0,0,0,0
2018,4,fp2,alonso,19,5,147.464,76.088,45.252,26.124,ULTRASOFT,7,0,306.0,0,0,0
2018,4,fp2,alonso,20,5,110.325,39.522,44.757,26.046,ULTRASOFT,8,0,311.0,0,0,1
2018,4,fp2,alonso,21,5,108.167,38.37,43.77,26.027,ULTRASOFT,9,0,309.0,0,0,1
2018,4,fp2,alonso,22,5,107.846,38.214,43.733,25.899,ULTRASOFT,10,0,313.0,0,0,1
2018,4,fp2,alonso,23,5,111.29,38.194,46.935,26.161,ULTRASOFT,11,0,315.0,0,0,1
2018,4,fp2,alonso,24,5,113.506,40.497,46.266,26.743,ULTRASOFT,12,0,310.0,0,0,1
2018,4,fp2,alonso,25,5,108.503,38.464,43.918,26.121,ULTRASOFT,13,0,309.0,0,0,1
2018,4,fp2,alonso,26,5,121.229,38.368,56.223,26.638,ULTRASOFT,14,0,313.0,0,0,1
2018,4,fp2,alonso,27,5,109.265,38.537,44.173,26.555,ULTRASOFT,15,0,303.0,0,0,1
2018,4,fp2,alonso,28,5,109.53,38.775,44.284,26.471,ULTRASOFT,16,0,303.0,0,0,1
2018,4,fp2,alonso,29,5,114.141,38.707,44.629,30.805,ULTRASOFT,17,0,304.0,0,0,0
2018,4,fp2,alonso,30,6,126.008,55.624,44.454,25.93,SUPERSOFT,13,0,310.0,0,0,0
2018,4,fp2,alonso,31,6,108.809,,43.991,25.753,SUPERSOFT,14,0,315.0,0,0,0
2018,4,fp2,alonso,32,6,110.231,38.01,45.573,26.648,SUPERSOFT,15,0,309.0,0,0,1
2018,4,fp2,alonso,33,6,106.968,37.85,43.242,25.876,SUPERSOFT,16,0,310.0,0,0,1
2018,4,fp2,alonso,34,6,127.08,40.93,48.05,38.1,SUPERSOFT,17,0,294.0,0,0,0
2018,4,fp2,leclerc,1,,,,49.439,26.834,,,1,306.0,0,0,0
2018,4,fp2,leclerc,2,1,106.703,37.726,43.31,25.667,SUPERSOFT,1,1,307.0,1,0,0
2018,4,fp2,leclerc,3,1,116.606,43.122,47.125,26.359,SUPERSOFT,2,1,307.0,0,0,1
2018,4,fp2,leclerc,4,1,105.758,37.337,42.955,25.466,SUPERSOFT,3,1,310.0,1,0,1
2018,4,fp2,leclerc,5,1,116.738,43.355,47.03,26.353,SUPERSOFT,4,1,305.0,0,0,1
2018,4,fp2,leclerc,6,1,105.491,37.067,42.726,25.698,SUPERSOFT,5,1,310.0,1,0,1
2018,4,fp2,leclerc,7,1,140.067,50.194,53.208,36.665,SUPERSOFT,6,1,266.0,0,0,0
2018,4,fp2,leclerc,8,2,,,48.39,26.633,ULTRASOFT,1,1,305.0,0,0,0
2018,4,fp2,leclerc,9,2,105.055,36.619,42.87,25.566,ULTRASOFT,2,1,308.0,1,0,1
2018,4,fp2,leclerc,10,2,123.38,45.751,51.159,26.47,ULTRASOFT,3,1,304.0,0,0,1
2018,4,fp2,leclerc,11,2,104.94,36.721,42.615,25.604,ULTRASOFT,4,1,307.0,1,0,1
2018,4,fp2,leclerc,12,2,124.911,43.466,48.653,32.792,ULTRASOFT,5,1,282.0,0,0,0
2018,4,fp2,leclerc,13,3,,,50.001,26.445,ULTRASOFT,6,0,305.0,0,0,0
2018,4,fp2,leclerc,14,3,108.241,38.134,44.011,26.096,ULTRASOFT,7,0,305.0,0,0,1
2018,4,fp2,leclerc,15,3,107.626,37.934,43.816,25.876,ULTRASOFT,8,0,311.0,0,0,1
2018,4,fp2,leclerc,16,3,107.805,37.934,43.7,26.171,ULTRASOFT,9,0,305.0,0,0,1
2018,4,fp2,leclerc,17,3,115.147,43.736,44.943,26.468,ULTRASOFT,10,0,301.0,0,0,1
2018,4,fp2,leclerc,18,3,108.885,38.409,44.176,26.3,ULTRASOFT,11,0,303.0,0,0,1
2018,4,fp2,leclerc,19,3,115.883,39.264,45.564,31.055,ULTRASOFT,12,0,310.0,0,0,0
2018,4,fp2,leclerc,20,4,135.028,64.266,44.488,26.274,SUPERSOFT,8,0,304.0,0,0,0
2018,4,fp2,leclerc,21,4,108.393,38.514,43.891,25.988,SUPERSOFT,9,0,308.0,0,0,1
2018,4,fp2,leclerc,22,4,107.314,37.888,43.392,26.034,SUPERSOFT,10,0,305.0,0,0,1
2018,4,fp2,leclerc,23,4,108.038,37.923,44.128,25.987,SUPERSOFT,11,0,307.0,0,0,1
2018,4,fp2,leclerc,24,4,107.434,37.715,43.582,26.137,SUPERSOFT,12,0,309.0,0,0,1
2018,4,fp2,leclerc,25,4,108.038,38.014,44.005,26.019,SUPERSOFT,13,0,309.0,0,0,1
2018,4,fp2,leclerc,26,4,107.699,38.019,43.68,26.0,SUPERSOFT,14,0,308.0,0,0,1
2018,4,fp2,leclerc,27,4,107.407,37.748,44.455,25.204,SUPERSOFT,15,0,322.0,0,0,1
2018,4,fp2,leclerc,28,4,116.998,44.773,46.165,26.06,SUPERSOFT,16,0,311.0,0,0,1
2018,4,fp2,leclerc,29,4,110.849,37.976,46.967,25.906,SUPERSOFT,17,0,311.0,0,0,1
2018,4,fp2,leclerc,30,4,114.149,38.843,44.355,30.951,SUPERSOFT,18,0,310.0,0,0,0
2018,4,fp2,stroll,1,1,,,48.335,27.178,SUPERSOFT,2,0,288.0,0,0,0
2018,4,fp2,stroll,2,1,119.422,44.852,47.326,27.244,SUPERSOFT,3,0,293.0,1,0,1
2018,4,fp2,stroll,3,1,112.053,38.929,46.119,27.005,SUPERSOFT,4,0,290.0,1,0,1
2018,4,fp2,stroll,4,1,113.536,37.875,48.918,26.743,SUPERSOFT,5,0,291.0,0,0,1
2018,4,fp2,stroll,5,1,119.112,46.599,46.139,26.374,SUPERSOFT,6,0,299.0,0,0,1
2018,4,fp2,stroll,6,1,105.606,37.123,42.708,25.775,SUPERSOFT,7,0,306.0,1,0,1
2018,4,fp2,stroll,7,1,123.189,41.947,53.795,27.447,SUPERSOFT,8,0,300.0,0,0,1
2018,4,fp2,stroll,8,1,123.244,38.285,50.801,34.158,SUPERSOFT,9,0,289.0,0,0,0
2018,4,fp2,stroll,9,2,,,46.631,26.869,ULTRASOFT,1,1,295.0,0,0,0
2018,4,fp2,stroll,10,2,117.381,36.754,52.762,27.865,ULTRASOFT,2,1,294.0,0,0,1
2018,4,fp2,stroll,11,2,111.613,37.589,47.442,26.582,ULTRASOFT,3,1,304.0,0,0,1
2018,4,fp2,stroll,12,2,104.654,36.799,42.147,25.708,ULTRASOFT,4,1,308.0,1,0,1
2018,4,fp2,stroll,13,2,121.123,44.848,49.417,26.858,ULTRASOFT,5,1,292.0,0,0,1
2018,4,fp2,stroll,14,2,104.496,36.741,42.096,25.659,ULTRASOFT,6,1,308.0,1,0,1
2018,4,fp2,stroll,15,2,116.402,41.78,47.622,27.0,ULTRASOFT,7,1,291.0,0,0,1
2018,4,fp2,stroll,16,2,104.459,36.682,42.096,25.681,ULTRASOFT,8,1,306.0,1,0,1
2018,4,fp2,stroll,17,2,130.189,46.065,49.135,34.989,ULTRASOFT,9,1,282.0,0,0,0
2018,4,fp2,stroll,18,3,,,51.941,34.63,SUPERSOFT,10,0,285.0,0,0,0
2018,4,fp2,stroll,19,4,,76.782,53.796,34.281,SUPERSOFT,10,0,297.0,0,0,0
2018,4,fp2,stroll,20,5,134.659,58.499,48.561,27.599,ULTRASOFT,12,0,306.0,0,0,0
2018,4,fp2,stroll,21,5,111.19,40.343,44.482,26.365,ULTRASOFT,13,0,306.0,0,0,1
2018,4,fp2,stroll,22,5,109.854,38.865,44.809,26.18,ULTRASOFT,14,0,310.0,0,0,1
2018,4,fp2,stroll,23,5,110.282,39.287,44.837,26.158,ULTRASOFT,15,0,310.0,0,0,1
2018,4,fp2,stroll,24,5,114.619,41.892,45.404,27.323,ULTRASOFT,16,0,256.0,0,0,1
2018,4,fp2,stroll,25,5,109.504,39.153,44.235,26.116,ULTRASOFT,17,0,309.0,0,0,1
2018,4,fp2,stroll,26,5,116.432,42.11,45.318,29.004,ULTRASOFT,18,0,309.0,0,0,1
2018,4,fp2,stroll,27,5,113.787,42.287,45.233,26.267,ULTRASOFT,19,0,308.0,0,0,1
2018,4,fp2,stroll,28,5,109.478,38.705,44.568,26.205,ULTRASOFT,20,0,310.0,0,0,1
2018,4,fp2,stroll,29,5,109.642,38.737,44.685,26.22,ULTRASOFT,21,0,309.0,0,0,1
2018,4,fp2,stroll,30,5,111.251,39.381,45.411,26.459,ULTRASOFT,22,0,309.0,0,0,1
2018,4,fp2,stroll,31,5,142.145,45.015,53.956,43.174,ULTRASOFT,23,0,247.0,0,0,0
2018,4,fp2,kevin_magnussen,1,1,,,44.741,25.968,SUPERSOFT,1,1,307.0,0,0,0
2018,4,fp2,kevin_magnussen,2,1,106.531,37.576,43.374,25.581,SUPERSOFT,2,1,308.0,1,0,1
2018,4,fp2,kevin_magnussen,3,1,109.584,38.039,45.982,25.563,SUPERSOFT,3,1,309.0,0,0,1
2018,4,fp2,kevin_magnussen,4,1,105.258,37.224,42.666,25.368,SUPERSOFT,4,1,313.0,1,0,1
2018,4,fp2,kevin_magnussen,5,1,119.596,41.162,52.67,25.764,SUPERSOFT,5,1,313.0,0,0,1
2018,4,fp2,kevin_magnussen,6,1,125.992,48.291,51.938,25.763,SUPERSOFT,6,1,310.0,0,0,1
2018,4,fp2,kevin_magnussen,7,1,105.264,37.352,42.712,25.2,SUPERSOFT,7,1,316.0,0,0,1
2018,4,fp2,kevin_magnussen,8,1,116.231,40.44,50.238,25.553,SUPERSOFT,8,1,312.0,0,0,1
2018,4,fp2,kevin_magnussen,9,1,104.77,37.094,42.426,25.25,SUPERSOFT,9,1,314.0,1,0,1
2018,4,fp2,kevin_magnussen,10,1,121.231,44.006,45.9,31.325,SUPERSOFT,10,1,296.0,0,0,0
2018,4,fp2,kevin_magnussen,11,2,,,46.535,27.13,ULTRASOFT,1,1,304.0,0,0,0
2018,4,fp2,kevin_magnussen,12,2,103.977,36.608,41.784,25.585,ULTRASOFT,2,1,308.0,1,0,1
2018,4,fp2,kevin_magnussen,13,2,115.991,42.965,46.495,26.531,ULTRASOFT,3,1,304.0,0,0,1
2018,4,fp2,kevin_magnussen,14,2,104.085,36.534,41.9,25.651,ULTRASOFT,4,1,305.0,0,0,1
2018,4,fp2,kevin_magnussen,15,2,116.456,41.258,48.217,26.981,ULTRASOFT,5,1,302.0,0,0,1
2018,4,fp2,kevin_magnussen,16,2,104.264,36.474,42.135,25.655,ULTRASOFT,6,1,305.0,0,0,1
2018,4,fp2,kevin_magnussen,17,2,122.138,44.241,46.439,31.458,ULTRASOFT,7,1,285.0,0,0,0
2018,4,fp2,kevin_magnussen,18,3,,,44.326,25.764,ULTRASOFT,8,0,308.0,0,0,0
2018,4,fp2,kevin_magnussen,19,3,107.238,37.991,43.76,25.487,ULTRASOFT,9,0,316.0,0,0,1
2018,4,fp2,kevin_magnussen,20,3,110.328,39.564,45.092,25.672,ULTRASOFT,10,0,325.0,0,0,1
2018,4,fp2,kevin_magnussen,21,3,109.81,38.061,45.78,25.969,ULTRASOFT,11,0,312.0,0,0,1
2018,4,fp2,kevin_magnussen,22,3,110.139,39.278,44.796,26.065,ULTRASOFT,12,0,312.0,0,0,1
2018,4,fp2,kevin_magnussen,23,3,109.79,39.017,44.817,25.956,ULTRASOFT,13,0,312.0,0,0,1
2018,4,fp2,kevin_magnussen,24,3,110.146,38.946,45.267,25.933,ULTRASOFT,14,0,313.0,0,0,1
2018,4,fp2,kevin_magnussen,25,3,115.556,39.686,45.222,30.648,ULTRASOFT,15,0,307.0,0,0,0
2018,4,fp2,kevin_magnussen,26,4,126.273,55.896,44.668,25.709,SUPERSOFT,11,0,312.0,0,0,0
2018,4,fp2,kevin_magnussen,27,4,125.08,38.314,59.891,26.875,SUPERSOFT,12,0,306.0,0,0,1
2018,4,fp2,kevin_magnussen,28,4,110.503,38.949,43.901,27.653,SUPERSOFT,13,0,302.0,0,0,1
2018,4,fp2,kevin_magnussen,29,4,138.669,49.436,56.004,33.229,SUPERSOFT,14,0,283.0,0,0,0
2018,4,fp2,hulkenberg,1,1,,,46.362,26.548,SUPERSOFT,1,1,307.0,0,0,0
2018,4,fp2,hulkenberg,2,1,109.607,39.339,44.397,25.871,SUPERSOFT,2,1,306.0,1,0,1
2018,4,fp2,hulkenberg,3,1,106.406,37.736,43.005,25.665,SUPERSOFT,3,1,310.0,1,0,1
2018,4,fp2,hulkenberg,4,1,115.139,42.1,46.529,26.51,SUPERSOFT,4,1,306.0,0,0,1
2018,4,fp2,hulkenberg,5,1,109.158,37.28,46.163,25.715,SUPERSOFT,5,1,310.0,0,0,1
2018,4,fp2,hulkenberg,6,1,106.088,37.712,42.778,25.598,SUPERSOFT,6,1,310.0,1,0,1
2018,4,fp2,hulkenberg,7,1,114.929,41.519,47.089,26.321,SUPERSOFT,7,1,307.0,0,0,1
2018,4,fp2,hulkenberg,8,1,105.434,37.105,42.567,25.762,SUPERSOFT,8,1,311.0,1,0,1
2018,4,fp2,hulkenberg,9,1,123.444,44.165,46.749,32.53,SUPERSOFT,9,1,294.0,0,0,0
2018,4,fp2,hulkenberg,10,2,,,48.506,26.807,ULTRASOFT,1,1,310.0,0,0,0
2018,4,fp2,hulkenberg,11,2,104.091,36.668,42.248,25.175,ULTRASOFT,2,1,316.0,1,0,1
2018,4,fp2,hulkenberg,12,2,126.087,44.829,54.042,27.216,ULTRASOFT,3,1,312.0,0,0,1
2018,4,fp2,hulkenberg,13,2,104.52,36.657,42.505,25.358,ULTRASOFT,4,1,312.0,0,0,1
2018,4,fp2,hulkenberg,14,2,126.747,45.039,48.979,32.729,ULTRASOFT,5,1,292.0,0,0,0
2018,4,fp2,hulkenberg,15,3,,,45.613,25.814,ULTRASOFT,6,0,312.0,0,0,0
2018,4,fp2,hulkenberg,16,3,108.937,38.785,44.346,25.806,ULTRASOFT,7,0,313.0,0,0,1
2018,4,fp2,hulkenberg,17,3,107.968,38.263,43.928,25.777,ULTRASOFT,8,0,313.0,0,0,1
2018,4,fp2,hulkenberg,18,3,107.552,37.991,43.94,25.621,ULTRASOFT,9,0,316.0,0,0,1
2018,4,fp2,hulkenberg,19,3,107.84,38.213,43.943,25.684,ULTRASOFT,10,0,315.0,0,0,1
2018,4,fp2,hulkenberg,20,3,109.063,38.454,44.504,26.105,ULTRASOFT,11,0,311.0,0,0,1
2018,4,fp2,hulkenberg,21,3,115.455,39.162,45.375,30.918,ULTRASOFT,12,0,310.0,0,0,0
2018,4,fp2,hulkenberg,22,4,140.68,69.538,45.107,26.035,SUPERSOFT,10,0,309.0,0,0,0
2018,4,fp2,hulkenberg,23,4,109.015,38.601,44.464,25.95,SUPERSOFT,11,0,313.0,0,0,1
2018,4,fp2,hulkenberg,24,4,108.134,38.473,43.977,25.684,SUPERSOFT,12,0,315.0,0,0,1
2018,4,fp2,hulkenberg,25,4,109.201,38.696,45.05,25.455,SUPERSOFT,13,0,321.0,0,0,1
2018,4,fp2,hulkenberg,26,4,108.899,39.254,44.353,25.292,SUPERSOFT,14,0,325.0,0,0,1
2018,4,fp2,hulkenberg,27,4,107.245,38.17,43.36,25.715,SUPERSOFT,15,0,315.0,0,0,1
2018,4,fp2,hulkenberg,28,4,107.628,38.25,43.766,25.612,SUPERSOFT,16,0,317.0,0,0,1
2018,4,fp2,hulkenberg,29,4,107.692,38.599,44.252,24.841,SUPERSOFT,17,0,327.0,0,0,1
2018,4,fp2,hulkenberg,30,4,107.315,38.304,43.617,25.394,SUPERSOFT,18,0,320.0,0,0,1
2018,4,fp2,hulkenberg,31,4,107.64,38.27,43.749,25.621,SUPERSOFT,19,0,317.0,0,0,1
2018,4,fp2,hulkenberg,32,4,108.641,38.895,44.108,25.638,SUPERSOFT,20,0,319.0,0,0,1
2018,4,fp2,hulkenberg,33,4,122.314,42.909,47.138,32.267,SUPERSOFT,21,0,293.0,0,0,0
2018,4,fp2,brendon_hartley,1,1,,,47.299,27.447,SUPERSOFT,1,1,294.0,0,0,0
2018,4,fp2,brendon_hartley,2,1,106.358,37.302,43.03,26.026,SUPERSOFT,2,1,302.0,1,0,1
2018,4,fp2,brendon_hartley,3,1,119.872,42.91,49.601,27.361,SUPERSOFT,3,1,295.0,0,0,1
2018,4,fp2,brendon_hartley,4,1,105.383,37.135,42.832,25.416,SUPERSOFT,4,1,314.0,1,0,1
2018,4,fp2,brendon_hartley,5,1,120.939,42.571,50.99,27.378,SUPERSOFT,5,1,300.0,0,0,1
2018,4,fp2,brendon_hartley,6,1,,37.178,96.281,34.379,SUPERSOFT,6,1,275.0,0,0,0
2018,4,fp2,brendon_hartley,7,2,,,47.979,27.154,ULTRASOFT,1,1,299.0,0,0,0
2018,4,fp2,brendon_hartley,8,2,105.281,36.674,42.646,25.961,ULTRASOFT,2,1,303.0,1,0,1
2018,4,fp2,brendon_hartley,9,2,121.901,44.181,49.829,27.891,ULTRASOFT,3,1,299.0,0,0,1
2018,4,fp2,brendon_hartley,10,2,105.549,36.84,42.674,26.035,ULTRASOFT,4,1,302.0,0,0,1
2018,4,fp2,brendon_hartley,11,2,116.239,41.305,47.676,27.258,ULTRASOFT,5,1,298.0,0,0,1
2018,4,fp2,brendon_hartley,12,2,105.051,36.769,42.488,25.794,ULTRASOFT,6,1,306.0,1,0,1
2018,4,fp2,brendon_hartley,13,2,117.121,41.821,48.237,27.063,ULTRASOFT,7,1,300.0,0,0,1
2018,4,fp2,brendon_hartley,14,2,105.056,36.701,42.542,25.813,ULTRASOFT,8,1,305.0,0,0,1
2018,4,fp2,brendon_hartley,15,2,122.984,43.35,47.397,32.237,ULTRASOFT,9,1,296.0,0,0,0
2018,4,fp2,brendon_hartley,16,3,,,49.059,33.036,ULTRASOFT,10,0,276.0,0,0,0
2018,4,fp2,brendon_hartley,17,4,137.113,62.448,47.851,26.814,ULTRASOFT,11,0,302.0,0,0,0
2018,4,fp2,brendon_hartley,18,4,110.462,38.878,44.6,26.984,ULTRASOFT,12,0,297.0,0,0,1
2018,4,fp2,brendon_hartley,19,4,110.222,38.758,44.449,27.015,ULTRASOFT,13,0,299.0,0,0,1
2018,4,fp2,brendon_hartley,20,4,109.692,38.494,44.303,26.895,ULTRASOFT,14,0,300.0,0,0,1
2018,4,fp2,brendon_hartley,21,4,109.556,38.381,44.35,26.825,ULTRASOFT,15,0,302.0,0,0,1
2018,4,fp2,brendon_hartley,22,4,109.308,38.446,44.073,26.789,ULTRASOFT,16,0,303.0,0,0,1
2018,4,fp2,brendon_hartley,23,4,109.622,38.637,44.143,26.842,ULTRASOFT,17,0,302.0,0,0,1
2018,4,fp2,brendon_hartley,24,4,109.544,38.634,44.196,26.714,ULTRASOFT,18,0,302.0,0,0,1
2018,4,fp2,brendon_hartley,25,4,109.88,38.873,44.437,26.57,ULTRASOFT,19,0,303.0,0,0,1
2018,4,fp2,brendon_hartley,26,4,109.817,38.607,44.437,26.773,ULTRASOFT,20,0,302.0,0,0,1
2018,4,fp2,brendon_hartley,27,4,112.429,38.979,46.685,26.765,ULTRASOFT,21,0,302.0,0,0,1
2018,4,fp2,brendon_hartley,28,4,116.207,39.38,45.229,31.598,ULTRASOFT,22,0,304.0,0,0,0
2018,4,fp2,brendon_hartley,29,5,126.45,54.837,45.048,26.565,SUPERSOFT,7,0,299.0,0,0,0
2018,4,fp2,brendon_hartley,30,5,114.421,40.296,47.507,26.618,SUPERSOFT,8,0,304.0,0,0,1
2018,4,fp2,brendon_hartley,31,5,108.297,38.403,43.833,26.061,SUPERSOFT,9,0,306.0,0,0,1
2018,4,fp2,brendon_hartley,32,5,111.445,39.397,45.357,26.691,SUPERSOFT,10,0,301.0,0,0,1
2018,4,fp2,brendon_hartley,33,5,108.679,38.319,43.928,26.432,SUPERSOFT,11,0,305.0,0,0,1
2018,4,fp2,brendon_hartley,34,5,113.766,38.256,44.621,30.889,SUPERSOFT,12,0,307.0,0,0,0
2018,4,fp2,brendon_hartley,35,6,,68.857,49.958,33.528,SUPERSOFT,13,0,275.0,0,0,0
2018,4,fp2,brendon_hartley,36,7,,71.554,47.489,32.112,SUPERSOFT,14,0,302.0,0,0,0
2018,4,fp2,ocon,1,1,,,46.37,26.695,SOFT,1,1,307.0,0,0,0
2018,4,fp2,ocon,2,1,105.858,37.408,43.103,25.347,SOFT,2,1,314.0,1,0,1
2018,4,fp2,ocon,3,1,118.297,43.803,48.036,26.458,SOFT,3,1,308.0,0,0,1
2018,4,fp2,ocon,4,1,105.19,37.044,42.826,25.32,SOFT,4,1,314.0,1,0,1
2018,4,fp2,ocon,5,1,121.256,46.009,48.9,26.347,SOFT,5,1,309.0,0,0,1
2018,4,fp2,ocon,6,1,104.328,36.617,42.366,25.345,SOFT,6,1,313.0,1,0,1
2018,4,fp2,ocon,7,1,121.94,44.645,46.25,31.045,SOFT,7,1,301.0,0,0,0
2018,4,fp2,ocon,8,2,,,46.31,26.597,ULTRASOFT,1,1,309.0,0,0,0
2018,4,fp2,ocon,9,2,108.296,36.776,44.143,27.377,ULTRASOFT,2,1,287.0,0,0,1
2018,4,fp2,ocon,10,2,126.019,44.814,54.476,26.729,ULTRASOFT,3,1,308.0,0,0,1
2018,4,fp2,ocon,11,2,104.23,36.602,42.334,25.294,ULTRASOFT,4,1,313.0,1,0,1
2018,4,fp2,ocon,12,2,129.058,43.149,59.587,26.322,ULTRASOFT,5,1,309.0,0,0,1
2018,4,fp2,ocon,13,2,103.814,36.598,42.143,25.073,ULTRASOFT,6,1,323.0,1,0,1
2018,4,fp2,ocon,14,2,124.36,45.879,46.992,31.489,ULTRASOFT,7,1,298.0,0,0,0
2018,4,fp2,ocon,15,3,,,46.041,26.765,ULTRASOFT,8,0,305.0,0,0,0
2018,4,fp2,ocon,16,3,107.448,37.91,43.53,26.008,ULTRASOFT,9,0,311.0,0,0,1
2018,4,fp2,ocon,17,3,107.766,38.045,43.779,25.942,ULTRASOFT,10,0,312.0,0,0,1
2018,4,fp2,ocon,18,3,107.529,37.971,43.726,25.832,ULTRASOFT,11,0,312.0,0,0,1
2018,4,fp2,ocon,19,3,107.935,38.122,43.976,25.837,ULTRASOFT,12,0,313.0,0,0,1
2018,4,fp2,ocon,20,3,108.141,38.344,43.992,25.805,ULTRASOFT,13,0,314.0,0,0,1
2018,4,fp2,ocon,21,3,108.516,38.409,44.191,25.916,ULTRASOFT,14,0,312.0,0,0,1
2018,4,fp2,ocon,22,3,113.939,38.663,44.653,30.623,ULTRASOFT,15,0,312.0,0,0,0
2018,4,fp2,ocon,23,4,128.596,55.943,46.055,26.598,SOFT,8,0,315.0,0,0,0
2018,4,fp2,ocon,24,4,108.065,38.516,43.885,25.664,SOFT,9,0,315.0,0,0,1
2018,4,fp2,ocon,25,4,109.044,37.956,45.804,25.284,SOFT,10,0,329.0,0,0,1
2018,4,fp2,ocon,26,4,107.372,38.209,43.686,25.477,SOFT,11,0,317.0,0,0,1
2018,4,fp2,ocon,27,4,108.483,38.451,43.544,26.488,SOFT,12,0,314.0,0,0,1
2018,4,fp2,ocon,28,4,109.463,38.617,45.043,25.803,SOFT,13,0,314.0,0,0,1
2018,4,fp2,ocon,29,4,107.268,38.134,43.561,25.573,SOFT,14,0,315.0,0,0,1
2018,4,fp2,ocon,30,4,112.074,37.74,44.052,30.282,SOFT,15,0,320.0,0,0,0
2018,4,fp2,max_verstappen,1,1,,,49.466,26.875,SUPERSOFT,1,1,296.0,0,0,0
2018,4,fp2,max_verstappen,2,1,137.258,62.103,48.339,26.816,SUPERSOFT,2,1,284.0,1,0,1
2018,4,fp2,max_verstappen,3,1,104.873,37.08,42.422,25.371,SUPERSOFT,3,1,310.0,1,0,1
2018,4,fp2,max_verstappen,4,1,117.043,42.859,47.354,26.83,SUPERSOFT,4,1,294.0,0,0,1
2018,4,fp2,max_verstappen,5,1,103.992,36.862,41.908,25.222,SUPERSOFT,5,1,312.0,1,0,1
2018,4,fp2,max_verstappen,6,1,121.31,42.502,46.776,32.032,SUPERSOFT,6,1,294.0,0,0,0
2018,4,fp2,max_verstappen,7,2,,,48.921,26.658,ULTRASOFT,1,1,298.0,0,0,0
2018,4,fp2,max_verstappen,8,2,103.018,36.118,41.618,25.282,ULTRASOFT,2,1,313.0,1,0,1
2018,4,fp2,max_verstappen,9,2,118.635,42.803,48.717,27.115,ULTRASOFT,3,1,296.0,0,0,1
2018,4,fp2,max_verstappen,10,2,102.911,36.212,41.56,25.139,ULTRASOFT,4,1,314.0,1,0,1
2018,4,fp2,max_verstappen,11,2,116.921,41.94,48.097,26.884,ULTRASOFT,5,1,301.0,0,0,1
2018,4,fp2,max_verstappen,12,2,102.943,36.223,41.521,25.199,ULTRASOFT,6,1,312.0,0,0,1
2018,4,fp2,max_verstappen,13,2,116.525,42.064,47.512,26.949,ULTRASOFT,7,1,298.0,0,0,1
2018,4,fp2,max_verstappen,14,2,115.054,36.174,47.28,31.6,ULTRASOFT,8,1,298.0,0,0,0
2018,4,fp2,max_verstappen,15,3,,,55.414,27.062,ULTRASOFT,9,0,308.0,0,0,0
2018,4,fp2,max_verstappen,16,3,107.128,38.046,43.252,25.83,ULTRASOFT,10,0,311.0,0,0,1
2018,4,fp2,max_verstappen,17,3,106.711,37.853,43.096,25.762,ULTRASOFT,11,0,311.0,0,0,1
2018,4,fp2,max_verstappen,18,3,106.809,38.065,43.127,25.617,ULTRASOFT,12,0,314.0,0,0,1
2018,4,fp2,max_verstappen,19,3,109.271,39.333,44.265,25.673,ULTRASOFT,13,0,315.0,0,0,1
2018,4,fp2,max_verstappen,20,3,107.655,38.274,43.798,25.583,ULTRASOFT,14,0,328.0,0,0,1
2018,4,fp2,max_verstappen,21,3,114.605,39.072,44.947,30.586,ULTRASOFT,15,0,319.0,0,0,0
2018,4,fp2,max_verstappen,22,4,133.122,57.83,48.749,26.543,SUPERSOFT,7,0,314.0,0,0,0
2018,4,fp2,max_verstappen,23,4,110.371,38.348,44.312,27.711,SUPERSOFT,8,0,314.0,0,0,1
2018,4,fp2,max_verstappen,24,4,105.911,37.537,42.848,25.526,SUPERSOFT,9,0,314.0,0,0,1
2018,4,fp2,max_verstappen,25,4,105.962,37.644,42.807,25.511,SUPERSOFT,10,0,316.0,0,0,1
2018,4,fp2,max_verstappen,26,4,105.677,37.479,43.298,24.9,SUPERSOFT,11,0,330.0,0,0,1
2018,4,fp2,max_verstappen,27,4,,46.109,81.817,63.52,SUPERSOFT,12,0,133.0,0,0,0
2018,4,fp2,sirotkin,1,1,,,50.969,27.014,SOFT,4,0,296.0,0,0,0
2018,4,fp2,sirotkin,2,1,107.647,37.959,43.84,25.848,SOFT,5,0,306.0,1,0,1
2018,4,fp2,sirotkin,3,1,136.609,55.497,53.514,27.598,SOFT,6,0,296.0,0,0,1
2018,4,fp2,sirotkin,4,1,106.331,37.621,43.253,25.457,SOFT,7,0,314.0,1,0,1
2018,4,fp2,sirotkin,5,1,126.16,45.88,53.243,27.037,SOFT,8,0,309.0,0,0,1
2018,4,fp2,sirotkin,6,1,106.751,37.979,43.082,25.69,SOFT,9,0,308.0,0,0,1
2018,4,fp2,sirotkin,7,1,128.256,45.632,50.012,32.612,SOFT,10,0,287.0,0,0,0
2018,4,fp2,sirotkin,8,2,,,50.977,27.928,ULTRASOFT,1,1,298.0,0,0,0
2018,4,fp2,sirotkin,9,2,106.17,36.588,43.682,25.9,ULTRASOFT,2,1,303.0,1,0,1
2018,4,fp2,sirotkin,10,2,133.259,50.626,55.311,27.322,ULTRASOFT,3,1,299.0,0,0,1
2018,4,fp2,sirotkin,11,2,105.822,36.859,42.975,25.988,ULTRASOFT,4,1,302.0,1,0,1
2018,4,fp2,sirotkin,12,2,125.26,47.396,51.141,26.723,ULTRASOFT,5,1,302.0,0,0,1
2018,4,fp2,sirotkin,13,2,105.007,36.601,42.559,25.847,ULTRASOFT,6,1,303.0,1,0,1
2018,4,fp2,sirotkin,14,2,129.884,48.42,49.651,31.813,ULTRASOFT,7,1,288.0,0,0,0
2018,4,fp2,sirotkin,15,3,,,45.829,26.771,ULTRASOFT,8,0,288.0,0,0,0
2018,4,fp2,sirotkin,16,3,110.459,39.272,44.53,26.657,ULTRASOFT,9,0,300.0,0,0,1
2018,4,fp2,sirotkin,17,3,108.97,38.425,44.003,26.542,ULTRASOFT,10,0,301.0,0,0,1
2018,4,fp2,sirotkin,18,3,109.423,38.291,44.2,26.932,ULTRASOFT,11,0,301.0,0,0,1
2018,4,fp2,sirotkin,19,3,111.789,39.908,45.362,26.519,ULTRASOFT,12,0,303.0,0,0,1
2018,4,fp2,sirotkin,20,3,109.418,38.533,44.431,26.454,ULTRASOFT,13,0,302.0,0,0,1
2018,4,fp2,sirotkin,21,3,109.26,38.473,44.197,26.59,ULTRASOFT,14,0,303.0,0,0,1
2018,4,fp2,sirotkin,22,3,116.737,39.735,45.643,31.359,ULTRASOFT,15,0,302.0,0,0,0
2018,4,fp2,sirotkin,23,4,149.27,63.661,57.988,27.621,SOFT,11,0,298.0,0,0,0
2018,4,fp2,sirotkin,24,4,122.259,43.956,49.708,28.595,SOFT,12,0,299.0,0,0,1
2018,4,fp2,sirotkin,25,4,123.437,40.059,56.466,26.912,SOFT,13,0,306.0,0,0,1
2018,4,fp2,sirotkin,26,4,125.892,46.373,47.659,31.86,SOFT,14,0,307.0,0,0,0
2018,4,fp2,sirotkin,27,5,149.917,77.554,45.883,26.48,SOFT,15,0,300.0,0,0,0
2018,4,fp2,sirotkin,28,5,116.383,40.45,47.952,27.981,SOFT,16,0,304.0,0,0,1
2018,4,fp2,sirotkin,29,5,110.342,39.297,44.656,26.389,SOFT,17,0,302.0,0,0,1
2018,4,fp2,sirotkin,30,5,110.247,39.14,44.561,26.546,SOFT,18,0,304.0,0,0,1
2018,4,fp2,sirotkin,31,5,110.512,38.604,45.041,26.867,SOFT,19,0,300.0,0,0,1
2018,4,fp2,sirotkin,32,5,108.734,38.4,43.715,26.619,SOFT,20,0,302.0,0,0,1
2018,4,fp2,sirotkin,33,5,113.614,38.626,43.878,31.11,SOFT,21,0,301.0,0,0,0
2018,4,fp2,hamilton,1,1,,,46.476,26.94,SOFT,1,1,295.0,0,0,0
2018,4,fp2,hamilton,2,1,105.105,37.127,42.468,25.51,SOFT,2,1,312.0,1,0,1
2018,4,fp2,hamilton,3,1,128.677,39.593,63.16,25.924,SOFT,3,1,309.0,0,0,1
2018,4,fp2,hamilton,4,1,104.196,36.659,42.148,25.389,SOFT,4,1,310.0,1,0,1
2018,4,fp2,hamilton,5,1,121.465,40.887,47.269,33.309,SOFT,5,1,285.0,0,0,0
2018,4,fp2,hamilton,6,2,,,46.345,26.391,ULTRASOFT,1,1,301.0,0,0,0
2018,4,fp2,hamilton,7,2,103.96,36.553,42.156,25.251,ULTRASOFT,2,1,313.0,1,0,1
2018,4,fp2,hamilton,8,2,115.787,41.874,47.507,26.406,ULTRASOFT,3,1,301.0,0,0,1
2018,4,fp2,hamilton,9,2,103.603,36.371,41.964,25.268,ULTRASOFT,4,1,313.0,1,0,1
2018,4,fp2,hamilton,10,2,118.674,42.917,49.299,26.458,ULTRASOFT,5,1,305.0,0,0,1
2018,4,fp2,hamilton,11,2,109.673,36.256,46.944,26.473,ULTRASOFT,6,1,305.0,0,0,1
2018,4,fp2,hamilton,12,2,118.133,36.032,49.521,32.58,ULTRASOFT,7,1,294.0,0,0,0
2018,4,fp2,hamilton,13,3,,,49.841,32.205,ULTRASOFT,8,0,297.0,0,0,0
2018,4,fp2,hamilton,14,4,137.778,67.063,44.591,26.124,ULTRASOFT,9,0,309.0,0,0,0
2018,4,fp2,hamilton,15,4,108.233,38.52,43.729,25.984,ULTRASOFT,10,0,309.0,0,0,1
2018,4,fp2,hamilton,16,4,114.532,38.29,45.175,31.067,ULTRASOFT,11,0,310.0,0,0,0
2018,4,fp2,hamilton,17,5,126.989,55.675,45.135,26.179,ULTRASOFT,12,0,313.0,0,0,0
2018,4,fp2,hamilton,18,5,107.653,38.208,43.672,25.773,ULTRASOFT,13,0,314.0,0,0,1
2018,4,fp2,hamilton,19,5,107.352,38.124,43.641,25.587,ULTRASOFT,14,0,317.0,0,0,1
2018,4,fp2,hamilton,20,5,106.921,38.031,43.601,25.289,ULTRASOFT,15,0,323.0,0,0,1
2018,4,fp2,hamilton,21,5,110.961,39.513,45.116,26.332,ULTRASOFT,16,0,316.0,0,0,1
2018,4,fp2,hamilton,22,5,112.929,38.7,48.031,26.198,ULTRASOFT,17,0,311.0,0,0,1
2018,4,fp2,hamilton,23,5,115.481,38.641,45.545,31.295,ULTRASOFT,18,0,309.0,0,0,0
2018,4,fp2,hamilton,24,6,140.345,67.911,46.344,26.09,SOFT,6,0,312.0,0,0,0
2018,4,fp2,hamilton,25,6,108.049,38.369,43.781,25.899,SOFT,7,0,312.0,0,0,1
2018,4,fp2,hamilton,26,6,106.803,37.886,43.234,25.683,SOFT,8,0,313.0,0,0,1
2018,4,fp2,hamilton,27,6,106.4,37.683,43.278,25.439,SOFT,9,0,316.0,0,0,1
2018,4,fp2,hamilton,28,6,,40.477,47.706,25.571,SOFT,10,0,314.0,0,0,0
2018,4,fp2,hamilton,29,6,113.172,40.477,46.765,25.93,SOFT,11,0,312.0,0,0,1
2018,4,fp2,hamilton,30,6,107.249,38.019,43.62,25.61,SOFT,12,0,313.0,0,0,1
2018,4,fp2,hamilton,31,6,144.041,54.049,51.516,38.476,SOFT,13,0,243.0,0,0,0
2018,4,fp2,sainz,1,,,,47.935,26.962,,,1,298.0,0,0,0
2018,4,fp2,sainz,2,,108.433,38.427,44.392,25.614,,,1,312.0,1,0,0
2018,4,fp2,sainz,3,1,114.684,41.704,46.577,26.403,SUPERSOFT,1,1,305.0,0,0,1
2018,4,fp2,sainz,4,1,107.455,37.793,43.554,26.108,SUPERSOFT,2,1,312.0,1,0,1
2018,4,fp2,sainz,5,1,106.602,37.762,43.294,25.546,SUPERSOFT,3,1,313.0,1,0,1
2018,4,fp2,sainz,6,1,121.371,46.803,48.161,26.407,SUPERSOFT,4,1,309.0,0,0,1
2018,4,fp2,sainz,7,1,110.826,37.806,46.532,26.488,SUPERSOFT,5,1,301.0,0,0,1
2018,4,fp2,sainz,8,1,105.979,37.395,42.925,25.659,SUPERSOFT,6,1,310.0,1,0,1
2018,4,fp2,sainz,9,1,113.802,37.38,49.677,26.745,SUPERSOFT,7,1,300.0,0,0,1
2018,4,fp2,sainz,10,1,105.544,37.29,42.649,25.605,SUPERSOFT,8,1,311.0,1,0,1
2018,4,fp2,sainz,11,1,127.467,45.436,49.459,32.572,SUPERSOFT,9,1,304.0,0,0,0
2018,4,fp2,sainz,12,2,,,48.055,26.576,ULTRASOFT,1,1,305.0,0,0,0
2018,4,fp2,sainz,13,2,103.834,36.553,42.12,25.161,ULTRASOFT,2,1,316.0,1,0,1
2018,4,fp2,sainz,14,2,122.178,45.148,50.279,26.751,ULTRASOFT,3,1,308.0,0,0,1
2018,4,fp2,sainz,15,2,104.472,36.793,42.368,25.311,ULTRASOFT,4,1,314.0,0,0,1
2018,4,fp2,sainz,16,2,134.755,49.538,53.374,31.843,ULTRASOFT,5,1,308.0,0,0,0
2018,4,fp2,sainz,17,3,,,47.593,32.303,ULTRASOFT,6,0,289.0,0,0,0
2018,4,fp2,sainz,18,4,138.934,68.147,44.787,26.0,ULTRASOFT,7,0,312.0,0,0,0
2018,4,fp2,sainz,19,4,107.812,38.349,43.671,25.792,ULTRASOFT,8,0,314.0,0,0,1
2018,4,fp2,sainz,20,4,107.945,38.761,43.476,25.708,ULTRASOFT,9,0,315.0,0,0,1
2018,4,fp2,sainz,21,4,107.53,38.258,43.584,25.688,ULTRASOFT,10,0,316.0,0,0,1
2018,4,fp2,sainz,22,4,109.056,39.209,44.119,25.728,ULTRASOFT,11,0,316.0,0,0,1
2018,4,fp2,sainz,23,4,110.112,39.122,44.629,26.361,ULTRASOFT,12,0,312.0,0,0,1
2018,4,fp2,sainz,24,4,110.55,39.233,45.159,26.158,ULTRASOFT,13,0,311.0,0,0,1
2018,4,fp2,sainz,25,4,111.341,39.635,45.246,26.46,ULTRASOFT,14,0,310.0,0,0,1
2018,4,fp2,sainz,26,4,123.476,40.074,52.025,31.377,ULTRASOFT,15,0,311.0,0,0,0
2018,4,fp2,sainz,27,5,126.067,55.421,44.625,26.021,SUPERSOFT,12,0,311.0,0,0,0
2018,4,fp2,sainz,28,5,108.885,38.663,44.197,26.025,SUPERSOFT,13,0,311.0,0,0,1
2018,4,fp2,sainz,29,5,108.642,38.65,43.953,26.039,SUPERSOFT,14,0,311.0,0,0,1
2018,4,fp2,sainz,30,5,108.877,38.573,44.165,26.139,SUPERSOFT,15,0,308.0,0,0,1
2018,4,fp2,sainz,31,5,116.01,44.795,44.949,26.266,SUPERSOFT,16,0,307.0,0,0,1
2018,4,fp2,sainz,32,5,108.804,38.667,44.001,26.136,SUPERSOFT,17,0,308.0,0,0,1
2018,4,fp2,sainz,33,5,108.955,38.753,44.079,26.123,SUPERSOFT,18,0,307.0,0,0,1
2018,4,fp2,sainz,34,5,108.584,38.661,43.82,26.103,SUPERSOFT,19,0,308.0,0,0,1
2018,4,fp2,sainz,35,5,108.623,38.517,44.089,26.017,SUPERSOFT,20,0,308.0,0,0,1
2018,4,fp2,sainz,36,5,138.79,55.002,52.425,31.363,SUPERSOFT,21,0,313.0,0,0,0
2018,4,fp2,bottas,1,1,,,47.834,26.582,SUPERSOFT,1,1,311.0,0,0,0
2018,4,fp2,bottas,2,1,116.101,39.809,50.35,25.942,SUPERSOFT,2,1,313.0,1,0,1
2018,4,fp2,bottas,3,1,137.711,53.07,47.81,36.831,SUPERSOFT,3,1,231.0,0,0,0
2018,4,fp2,bottas,4,2,,,45.053,25.502,ULTRASOFT,1,1,312.0,0,0,0
2018,4,fp2,bottas,5,2,113.766,41.016,47.094,25.656,ULTRASOFT,2,1,308.0,1,0,1
2018,4,fp2,bottas,6,2,104.086,36.601,42.129,25.356,ULTRASOFT,3,1,310.0,1,0,1
2018,4,fp2,bottas,7,2,116.492,43.08,47.726,25.686,ULTRASOFT,4,1,311.0,0,0,1
2018,4,fp2,bottas,8,2,111.483,36.534,49.175,25.774,ULTRASOFT,5,1,309.0,0,0,1
2018,4,fp2,bottas,9,2,103.57,36.49,41.814,25.266,ULTRASOFT,6,1,312.0,1,0,1
2018,4,fp2,bottas,10,2,118.769,41.991,46.728,30.05,ULTRASOFT,7,1,312.0,0,0,0
2018,4,fp2,bottas,11,3,,,47.6,32.045,ULTRASOFT,8,0,296.0,0,0,0
2018,4,fp2,bottas,12,4,148.88,73.397,48.057,27.426,ULTRASOFT,9,0,315.0,0,0,0
2018,4,fp2,bottas,13,4,113.117,38.012,43.805,31.3,ULTRASOFT,10,0,260.0,0,0,1
2018,4,fp2,bottas,14,4,107.268,38.018,43.542,25.708,ULTRASOFT,11,0,319.0,0,0,1
2018,4,fp2,bottas,15,4,107.834,38.144,43.778,25.912,ULTRASOFT,12,0,312.0,0,0,1
2018,4,fp2,bottas,16,4,114.605,38.507,44.438,31.66,ULTRASOFT,13,0,313.0,0,0,0
2018,4,fp2,bottas,17,5,131.361,58.691,46.698,25.972,ULTRASOFT,14,0,311.0,0,0,0
2018,4,fp2,bottas,18,5,108.214,38.236,44.203,25.775,ULTRASOFT,15,0,313.0,0,0,1
2018,4,fp2,bottas,19,5,107.851,38.271,43.893,25.687,ULTRASOFT,16,0,314.0,0,0,1
2018,4,fp2,bottas,20,5,110.753,38.475,46.26,26.018,ULTRASOFT,17,0,313.0,0,0,1
2018,4,fp2,bottas,21,5,112.293,38.877,47.042,26.374,ULTRASOFT,18,0,314.0,0,0,1
2018,4,fp2,bottas,22,5,118.823,41.95,49.835,27.038,ULTRASOFT,19,0,312.0,0,0,1
2018,4,fp2,bottas,23,5,109.41,39.102,44.243,26.065,ULTRASOFT,20,0,310.0,0,0,1
2018,4,fp2,bottas,24,5,108.917,38.73,44.024,26.163,ULTRASOFT,21,0,310.0,0,0,1
2018,4,fp2,bottas,25,5,119.216,39.548,47.369,32.299,ULTRASOFT,22,0,313.0,0,0,0
2018,4,fp3,gasly,1,1,,,48.034,27.335,ULTRASOFT,1,1,298.0,0,0,0
2018,4,fp3,gasly,2,1,105.349,37.013,42.85,25.486,ULTRASOFT,2,1,313.0,1,0,1
2018,4,fp3,gasly,3,1,119.938,44.5,48.039,27.399,ULTRASOFT,3,1,297.0,0,0,1
2018,4,fp3,gasly,4,1,104.973,36.689,42.608,25.676,ULTRASOFT,4,1,313.0,1,0,1
2018,4,fp3,gasly,5,1,116.667,41.371,47.841,27.455,ULTRASOFT,5,1,297.0,0,0,1
2018,4,fp3,gasly,6,1,105.618,36.964,42.736,25.918,ULTRASOFT,6,1,309.0,0,0,1
2018,4,fp3,gasly,7,1,123.955,43.541,48.092,32.322,ULTRASOFT,7,1,279.0,0,0,0
2018,4,fp3,gasly,8,2,,,53.202,27.624,ULTRASOFT,8,0,294.0,0,0,0
2018,4,fp3,gasly,9,2,105.774,37.014,42.73,26.03,ULTRASOFT,9,0,301.0,0,0,1
2018,4,fp3,gasly,10,2,119.837,44.138,48.287,27.412,ULTRASOFT,10,0,295.0,0,0,1
2018,4,fp3,gasly,11,2,106.125,37.156,42.844,26.125,ULTRASOFT,11,0,303.0,0,0,1
2018,4,fp3,gasly,12,2,128.345,46.228,49.775,32.342,ULTRASOFT,12,0,282.0,0,0,0
2018,4,fp3,gasly,13,3,,,46.615,,ULTRASOFT,1,1,,0,0,0
2018,4,fp3,gasly,14,4,,,58.54,27.473,ULTRASOFT,2,0,298.0,0,0,0
2018,4,fp3,gasly,15,4,104.905,36.705,42.219,25.981,ULTRASOFT,3,0,305.0,1,0,1
2018,4,fp3,gasly,16,4,149.507,51.14,57.772,40.595,ULTRASOFT,4,0,236.0,0,0,0
2018,4,fp3,perez,1,1,,,49.993,26.833,ULTRASOFT,1,1,310.0,0,0,0
2018,4,fp3,perez,2,1,105.666,36.833,43.475,25.358,ULTRASOFT,2,1,317.0,1,0,1
2018,4,fp3,perez,3,1,136.048,51.503,57.79,26.755,ULTRASOFT,3,1,310.0,0,0,1
2018,4,fp3,perez,4,1,104.272,36.816,42.263,25.193,ULTRASOFT,4,1,314.0,1,0,1
2018,4,fp3,perez,5,1,133.732,51.707,55.211,26.814,ULTRASOFT,5,1,308.0,0,0,1
2018,4,fp3,perez,6,1,103.936,36.566,42.001,25.369,ULTRASOFT,6,1,313.0,1,0,1
2018,4,fp3,perez,7,1,127.675,46.604,49.517,31.554,ULTRASOFT,7,1,296.0,0,0,0
2018,4,fp3,perez,8,2,,,55.042,26.766,ULTRASOFT,1,1,308.0,0,0,0
2018,4,fp3,perez,9,2,,36.518,54.645,,ULTRASOFT,2,1,282.0,0,0,0
2018,4,fp3,alonso,1,,,,53.135,35.635,,,1,289.0,0,0,0
2018,4,fp3,alonso,2,1,,,48.872,27.438,ULTRASOFT,2,0,302.0,0,0,0
2018,4,fp3,alonso,3,1,117.556,41.209,49.311,27.036,ULTRASOFT,3,0,302.0,1,0,1
2018,4,fp3,alonso,4,1,106.032,37.099,42.535,26.398,ULTRASOFT,4,0,306.0,1,0,1
2018,4,fp3,alonso,5,1,121.576,42.701,51.71,27.165,ULTRASOFT,5,0,302.0,0,0,1
2018,4,fp3,alonso,6,1,104.763,36.605,42.428,25.73,ULTRASOFT,6,0,308.0,1,0,1
2018,4,fp3,alonso,7,1,110.582,40.535,43.754,26.293,ULTRASOFT,7,0,302.0,0,0,1
2018,4,fp3,alonso,8,1,107.189,37.845,43.309,26.035,ULTRASOFT,8,0,304.0,0,0,1
2018,4,fp3,alonso,9,1,116.615,37.597,43.62,35.398,ULTRASOFT,9,0,284.0,0,0,0
2018,4,fp3,alonso,10,2,,,50.376,27.152,ULTRASOFT,1,1,301.0,0,0,0
2018,4,fp3,alonso,11,2,105.209,36.865,42.193,26.151,ULTRASOFT,2,1,305.0,0,0,1
2018,4,fp3,alonso,12,2,120.63,40.757,44.626,35.247,ULTRASOFT,3,1,289.0,0,0,0
2018,4,fp3,leclerc,1,,,,54.611,35.479,,,1,286.0,0,0,0
2018,4,fp3,leclerc,2,1,,,45.581,26.538,ULTRASOFT,2,0,303.0,0,0,0
2018,4,fp3,leclerc,3,1,107.096,37.004,42.768,27.324,ULTRASOFT,3,0,308.0,1,0,1
2018,4,fp3,leclerc,4,1,125.988,45.37,54.124,26.494,ULTRASOFT,4,0,307.0,0,0,1
2018,4,fp3,leclerc,5,1,105.907,37.46,42.879,25.568,ULTRASOFT,5,0,311.0,1,0,1
2018,4,fp3,leclerc,6,1,125.133,44.432,54.241,26.46,ULTRASOFT,6,0,309.0,0,0,1
2018,4,fp3,leclerc,7,1,105.647,37.102,42.693,25.852,ULTRASOFT,7,0,308.0,1,0,1
2018,4,fp3,leclerc,8,1,134.413,49.701,58.418,26.294,ULTRASOFT,8,0,309.0,0,0,1
2018,4,fp3,leclerc,9,1,105.218,36.814,42.694,25.71,ULTRASOFT,9,0,312.0,1,0,1
2018,4,fp3,leclerc,10,1,123.433,43.351,47.845,32.237,ULTRASOFT,10,0,288.0,0,0,0
2018,4,fp3,leclerc,11,2,,68.961,49.947,32.678,ULTRASOFT,11,0,281.0,0,0,0
2018,4,fp3,leclerc,12,3,,,46.001,,ULTRASOFT,1,1,303.0,0,0,0
2018,4,fp3,leclerc,13,4,,,51.809,26.791,ULTRASOFT,2,0,304.0,0,0,0
2018,4,fp3,leclerc,14,4,105.554,37.122,42.568,25.864,ULTRASOFT,3,0,306.0,0,0,1
2018,4,fp3,leclerc,15,4,118.968,40.486,45.533,32.949,ULTRASOFT,4,0,280.0,0,0,0
2018,4,fp3,stroll,1,1,,,46.006,26.794,ULTRASOFT,1,1,295.0,0,0,0
2018,4,fp3,stroll,2,1,104.123,36.42,41.95,25.753,ULTRASOFT,2,1,309.0,1,0,1
2018,4,fp3,stroll,3,1,116.929,42.857,47.283,26.789,ULTRASOFT,3,1,294.0,0,0,1
2018,4,fp3,stroll,4,1,,,77.175,64.244,ULTRASOFT,4,1,122.0,0,0,0
2018,4,fp3,stroll,5,2,,,46.713,27.075,ULTRASOFT,1,1,289.0,0,0,0
2018,4,fp3,stroll,6,2,,36.503,41.992,,ULTRASOFT,2,1,,0,0,0
2018,4,fp3,stroll,7,3,,,51.945,28.44,ULTRASOFT,3,0,302.0,0,0,0
2018,4,fp3,stroll,8,3,128.914,42.284,53.032,33.598,ULTRASOFT,4,0,288.0,0,0,0
2018,4,fp3,vandoorne,1,,,,56.879,36.164,,,1,284.0,0,0,0
2018,4,fp3,vandoorne,2,1,,,49.968,27.196,ULTRASOFT,2,0,294.0,0,0,0
2018,4,fp3,vandoorne,3,1,117.568,41.131,49.214,27.223,ULTRASOFT,3,0,303.0,1,0,1
2018,4,fp3,vandoorne,4,1,112.363,37.048,46.215,29.1,ULTRASOFT,4,0,279.0,1,0,1
2018,4,fp3,vandoorne,5,1,130.246,45.952,56.592,27.702,ULTRASOFT,5,0,298.0,0,0,1
2018,4,fp3,vandoorne,6,1,106.239,36.96,42.921,26.358,ULTRASOFT,6,0,299.0,1,0,1
2018,4,fp3,vandoorne,7,1,135.664,50.407,57.902,27.355,ULTRASOFT,7,0,295.0,0,0,1
2018,4,fp3,vandoorne,8,1,106.279,37.142,42.99,26.147,ULTRASOFT,8,0,301.0,0,0,1
2018,4,fp3,vandoorne,9,1,122.856,43.911,47.044,31.901,ULTRASOFT,9,0,285.0,0,0,0
2018,4,fp3,vandoorne,10,2,,77.971,45.715,31.203,ULTRASOFT,10,0,302.0,0,0,0
2018,4,fp3,vandoorne,11,3,,,53.681,30.215,ULTRASOFT,1,1,297.0,0,0,0
2018,4,fp3,vandoorne,12,3,105.505,36.98,42.235,26.29,ULTRASOFT,2,1,304.0,1,0,1
2018,4,fp3,vandoorne,13,3,130.881,47.523,50.083,33.275,ULTRASOFT,3,1,280.0,0,0,0
2018,4,fp3,kevin_magnussen,1,,,,53.548,37.299,,,1,298.0,0,0,0
2018,4,fp3,kevin_magnussen,2,1,,,45.406,26.181,ULTRASOFT,2,0,308.0,0,0,0
2018,4,fp3,kevin_magnussen,3,1,111.064,40.472,44.891,25.701,ULTRASOFT,3,0,310.0,1,0,1
2018,4,fp3,kevin_magnussen,4,1,112.301,36.36,47.986,27.955,ULTRASOFT,4,0,302.0,0,0,1
2018,4,fp3,kevin_magnussen,5,1,104.655,36.768,42.258,25.629,ULTRASOFT,5,0,307.0,1,0,1
2018,4,fp3,kevin_magnussen,6,1,112.57,41.407,45.163,26.0,ULTRASOFT,6,0,306.0,0,0,1
2018,4,fp3,kevin_magnussen,7,1,104.439,36.671,42.055,25.713,ULTRASOFT,7,0,309.0,1,0,1
2018,4,fp3,kevin_magnussen,8,1,123.77,44.189,47.759,31.822,ULTRASOFT,8,0,288.0,0,0,0
2018,4,fp3,kevin_magnussen,9,2,,,44.599,26.712,ULTRASOFT,1,1,303.0,0,0,0
2018,4,fp3,kevin_magnussen,10,2,103.958,36.371,42.072,25.515,ULTRASOFT,2,1,323.0,1,0,1
2018,4,fp3,kevin_magnussen,11,2,,,,,ULTRASOFT,3,1,,,0,0
2018,4,fp3,hulkenberg,1,,,,48.038,34.067,,,1,288.0,0,0,0
2018,4,fp3,hulkenberg,2,1,,,50.843,28.973,SUPERSOFT,2,0,302.0,0,0,0
2018,4,fp3,hulkenberg,3,1,106.392,37.637,42.981,25.774,SUPERSOFT,3,0,310.0,1,0,1
2018,4,fp3,hulkenberg,4,1,123.208,45.195,51.148,26.865,SUPERSOFT,4,0,302.0,0,0,1
2018,4,fp3,hulkenberg,5,1,106.2,37.339,42.87,25.991,SUPERSOFT,5,0,303.0,1,0,1
2018,4,fp3,hulkenberg,6,1,109.52,37.036,42.484,30.0,SUPERSOFT,6,0,273.0,0,0,1
2018,4,fp3,hulkenberg,7,1,118.008,43.498,47.804,26.706,SUPERSOFT,7,0,301.0,0,0,1
2018,4,fp3,hulkenberg,8,1,105.71,37.223,42.286,26.201,SUPERSOFT,8,0,303.0,1,0,1
2018,4,fp3,hulkenberg,9,1,117.784,44.346,46.611,26.827,SUPERSOFT,9,0,301.0,0,0,1
2018,4,fp3,hulkenberg,10,1,105.456,36.925,42.457,26.074,SUPERSOFT,10,0,304.0,1,0,1
2018,4,fp3,hulkenberg,11,1,135.89,44.035,50.139,41.716,SUPERSOFT,11,0,225.0,0,0,0
2018,4,fp3,brendon_hartley,1,1,,,49.004,27.241,ULTRASOFT,1,1,297.0,0,0,0
2018,4,fp3,brendon_hartley,2,1,106.35,37.186,43.092,26.072,ULTRASOFT,2,1,308.0,1,0,1
2018,4,fp3,brendon_hartley,3,1,118.763,43.322,48.198,27.243,ULTRASOFT,3,1,299.0,0,0,1
2018,4,fp3,brendon_hartley,4,1,144.072,36.858,69.008,38.206,ULTRASOFT,4,1,292.0,0,0,0
2018,4,fp3,brendon_hartley,5,2,,,60.417,42.381,ULTRASOFT,5,0,228.0,0,0,0
2018,4,fp3,brendon_hartley,6,3,,,47.006,27.589,ULTRASOFT,1,1,297.0,0,0,0
2018,4,fp3,brendon_hartley,7,3,106.186,36.928,42.826,26.432,ULTRASOFT,2,1,299.0,1,0,1
2018,4,fp3,brendon_hartley,8,3,126.484,50.569,48.102,27.813,ULTRASOFT,3,1,292.0,0,0,1
2018,4,fp3,brendon_hartley,9,3,,36.928,47.92,,ULTRASOFT,4,1,,0,0,0
2018,4,fp3,brendon_hartley,10,4,,,53.63,30.599,ULTRASOFT,5,0,294.0,0,0,0
2018,4,fp3,brendon_hartley,11,4,,72.889,48.734,32.869,ULTRASOFT,6,0,274.0,0,0,0
2018,4,fp3,ricciardo,1,,,,47.316,26.934,,,1,293.0,0,0,0
2018,4,fp3,ricciardo,2,,106.147,37.316,43.11,25.721,,,1,313.0,1,0,1
2018,4,fp3,ricciardo,3,1,120.162,45.755,47.799,26.608,ULTRASOFT,1,1,299.0,0,0,1
2018,4,fp3,ricciardo,4,1,104.861,36.957,42.36,25.544,ULTRASOFT,2,1,315.0,1,0,1
2018,4,fp3,ricciardo,5,1,122.124,46.686,48.782,26.656,ULTRASOFT,3,1,297.0,0,0,1
2018,4,fp3,ricciardo,6,1,123.346,36.868,47.383,39.095,ULTRASOFT,4,1,274.0,0,0,0
2018,4,fp3,ricciardo,7,2,,,46.313,26.279,ULTRASOFT,7,0,308.0,0,0,0
2018,4,fp3,ricciardo,8,2,108.496,38.694,43.593,26.209,ULTRASOFT,8,0,308.0,0,0,1
2018,4,fp3,ricciardo,9,2,108.147,38.368,43.666,26.113,ULTRASOFT,9,0,309.0,0,0,1
2018,4,fp3,ricciardo,10,2,108.41,38.102,43.462,26.846,ULTRASOFT,10,0,308.0,0,0,1
2018,4,fp3,ricciardo,11,2,107.727,37.986,43.568,26.173,ULTRASOFT,11,0,310.0,0,0,1
2018,4,fp3,ricciardo,12,2,107.866,38.257,43.454,26.155,ULTRASOFT,12,0,312.0,0,0,1
2018,4,fp3,ricciardo,13,2,110.27,38.585,45.396,26.289,ULTRASOFT,13,0,309.0,0,0,1
2018,4,fp3,ricciardo,14,2,116.05,38.58,43.844,33.626,ULTRASOFT,14,0,285.0,0,0,0
2018,4,fp3,ricciardo,15,3,,,,,ULTRASOFT,2,0,,0,0,0
2018,4,fp3,ricciardo,16,3,,,56.212,29.26,ULTRASOFT,3,0,285.0,0,0,0
2018,4,fp3,ricciardo,17,4,114.311,36.481,44.329,33.501,,,0,292.0,0,0,0
2018,4,fp3,ocon,1,1,,,46.773,26.388,ULTRASOFT,1,1,306.0,0,0,0
2018,4,fp3,ocon,2,1,105.613,36.957,43.024,25.632,ULTRASOFT,2,1,311.0,1,0,1
2018,4,fp3,ocon,3,1,135.894,49.146,59.386,27.362,ULTRASOFT,3,1,304.0,0,0,1
2018,4,fp3,ocon,4,1,104.887,36.533,42.107,26.247,ULTRASOFT,4,1,314.0,1,0,1
2018,4,fp3,ocon,5,1,129.41,51.102,51.799,26.509,ULTRASOFT,5,1,306.0,0,0,1
2018,4,fp3,ocon,6,1,104.22,36.376,42.286,25.558,ULTRASOFT,6,1,312.0,1,0,1
2018,4,fp3,ocon,7,1,121.962,44.132,46.484,31.346,ULTRASOFT,7,1,296.0,0,0,0
2018,4,fp3,ocon,8,2,,,50.651,26.551,ULTRASOFT,3,0,303.0,0,0,0
2018,4,fp3,ocon,9,2,,39.39,,,ULTRASOFT,4,0,,0,0,0
2018,4,fp3,ocon,10,2,,,53.153,27.053,ULTRASOFT,5,0,305.0,0,0,0
2018,4,fp3,ocon,11,3,113.183,36.692,42.684,33.807,,,0,299.0,0,0,0
2018,4,fp3,max_verstappen,1,,,,51.303,27.042,,,1,299.0,0,0,0
2018,4,fp3,max_verstappen,2,1,105.979,37.522,42.922,25.535,ULTRASOFT,1,1,312.0,1,0,1
2018,4,fp3,max_verstappen,3,1,119.768,44.12,49.029,26.619,ULTRASOFT,2,1,301.0,0,0,1
2018,4,fp3,max_verstappen,4,1,104.563,36.954,42.218,25.391,ULTRASOFT,3,1,312.0,1,0,1
2018,4,fp3,max_verstappen,5,1,120.817,42.508,51.537,26.772,ULTRASOFT,4,1,300.0,0,0,1
2018,4,fp3,max_verstappen,6,1,103.959,36.575,41.799,25.585,ULTRASOFT,5,1,312.0,1,0,1
2018,4,fp3,max_verstappen,7,1,117.559,40.064,45.531,31.964,ULTRASOFT,6,1,295.0,0,0,0
2018,4,fp3,max_verstappen,8,2,,,46.292,27.223,ULTRASOFT,8,0,290.0,0,0,0
2018,4,fp3,max_verstappen,9,2,108.164,38.227,43.545,26.392,ULTRASOFT,9,0,307.0,0,0,1
2018,4,fp3,max_verstappen,10,2,108.147,38.194,43.644,26.309,ULTRASOFT,10,0,307.0,0,0,1
2018,4,fp3,max_verstappen,11,2,107.775,38.179,43.36,26.236,ULTRASOFT,11,0,307.0,0,0,1
2018,4,fp3,max_verstappen,12,2,107.583,38.026,43.338,26.219,ULTRASOFT,12,0,307.0,0,0,1
2018,4,fp3,max_verstappen,13,2,107.831,38.071,43.228,26.532,ULTRASOFT,13,0,307.0,0,0,1
2018,4,fp3,max_verstappen,14,2,114.03,37.996,43.271,32.763,ULTRASOFT,14,0,301.0,0,0,0
2018,4,fp3,max_verstappen,15,3,,,48.641,26.982,ULTRASOFT,1,1,296.0,0,0,0
2018,4,fp3,max_verstappen,16,3,103.519,36.518,41.5,25.501,ULTRASOFT,2,1,310.0,1,0,1
2018,4,fp3,max_verstappen,17,3,118.714,40.632,46.376,31.706,ULTRASOFT,3,1,294.0,0,0,0
2018,4,fp3,sirotkin,1,1,,,51.777,27.254,ULTRASOFT,1,1,296.0,0,0,0
2018,4,fp3,sirotkin,2,1,106.295,36.873,42.625,26.797,ULTRASOFT,2,1,304.0,1,0,1
2018,4,fp3,sirotkin,3,1,123.521,47.529,49.131,26.861,ULTRASOFT,3,1,299.0,0,0,1
2018,4,fp3,sirotkin,4,1,104.534,36.366,42.196,25.972,ULTRASOFT,4,1,311.0,1,0,1
2018,4,fp3,sirotkin,5,1,124.14,44.853,51.925,27.362,ULTRASOFT,5,1,299.0,0,0,1
2018,4,fp3,sirotkin,6,1,105.335,36.764,42.509,26.062,ULTRASOFT,6,1,306.0,0,0,1
2018,4,fp3,sirotkin,7,1,130.985,47.376,51.438,32.171,ULTRASOFT,7,1,290.0,0,0,0
2018,4,fp3,sirotkin,8,2,,,47.695,27.233,ULTRASOFT,1,1,296.0,0,0,0
2018,4,fp3,sirotkin,9,2,,,,,ULTRASOFT,2,1,,,0,0
2018,4,fp3,hamilton,1,1,,,47.11,26.506,ULTRASOFT,1,1,302.0,0,0,0
2018,4,fp3,hamilton,2,1,104.109,36.211,42.513,25.385,ULTRASOFT,2,1,312.0,1,0,1
2018,4,fp3,hamilton,3,1,119.342,43.617,49.283,26.442,ULTRASOFT,3,1,301.0,0,0,1
2018,4,fp3,hamilton,4,1,104.131,36.058,42.094,25.979,ULTRASOFT,4,1,314.0,0,0,1
2018,4,fp3,hamilton,5,1,140.019,55.066,57.862,27.091,ULTRASOFT,5,1,298.0,0,0,1
2018,4,fp3,hamilton,6,1,109.391,38.482,42.783,28.126,ULTRASOFT,6,1,292.0,0,0,1
2018,4,fp3,hamilton,7,1,114.566,36.115,42.25,36.201,ULTRASOFT,7,1,254.0,0,0,0
2018,4,fp3,hamilton,8,2,,,45.269,26.457,ULTRASOFT,8,0,301.0,0,0,0
2018,4,fp3,hamilton,9,2,103.874,36.059,41.99,25.825,ULTRASOFT,9,0,312.0,1,0,1
2018,4,fp3,hamilton,10,2,134.036,56.084,51.142,26.81,ULTRASOFT,10,0,298.0,0,0,1
2018,4,fp3,hamilton,11,2,103.553,36.059,41.727,25.767,ULTRASOFT,11,0,310.0,1,0,1
2018,4,fp3,hamilton,12,2,131.877,48.918,56.05,26.909,ULTRASOFT,12,0,297.0,0,0,1
2018,4,fp3,hamilton,13,2,103.452,35.813,41.938,25.701,ULTRASOFT,13,0,310.0,1,0,1
2018,4,fp3,hamilton,14,2,,47.643,53.126,,ULTRASOFT,14,0,,0,0,0
2018,4,fp3,hamilton,15,2,,,48.01,31.661,ULTRASOFT,15,0,296.0,0,0,0
2018,4,fp3,hamilton,16,3,,73.433,51.489,42.445,ULTRASOFT,9,0,278.0,0,0,0
2018,4,fp3,vettel,1,,,,50.311,27.272,,,1,304.0,0,0,0
2018,4,fp3,vettel,2,1,104.758,37.076,42.26,25.422,ULTRASOFT,1,1,312.0,1,0,1
2018,4,fp3,vettel,3,1,133.119,49.941,56.105,27.073,ULTRASOFT,2,1,306.0,0,0,1
2018,4,fp3,vettel,4,1,103.642,36.393,41.744,25.505,ULTRASOFT,3,1,306.0,1,0,1
2018,4,fp3,vettel,5,1,128.969,45.71,56.239,27.02,ULTRASOFT,4,1,305.0,0,0,1
2018,4,fp3,vettel,6,1,103.176,36.055,41.553,25.568,ULTRASOFT,5,1,308.0,1,0,1
2018,4,fp3,vettel,7,1,123.251,42.654,48.765,31.832,ULTRASOFT,6,1,287.0,0,0,0
2018,4,fp3,vettel,8,2,,73.162,51.785,31.467,ULTRASOFT,1,1,304.0,0,0,0
2018,4,fp3,vettel,9,3,,,53.069,27.651,ULTRASOFT,2,0,302.0,0,0,0
2018,4,fp3,vettel,10,3,103.637,35.863,41.818,25.956,ULTRASOFT,3,0,302.0,0,0,1
2018,4,fp3,vettel,11,3,130.587,48.895,54.707,26.985,ULTRASOFT,4,0,305.0,0,0,1
2018,4,fp3,vettel,12,3,103.091,35.886,41.201,26.004,ULTRASOFT,5,0,307.0,1,0,1
2018,4,fp3,vettel,13,3,135.713,48.92,59.355,27.438,ULTRASOFT,6,0,300.0,0,0,1
2018,4,fp3,vettel,14,3,110.136,36.105,41.47,32.561,ULTRASOFT,7,0,288.0,0,0,0
2018,4,fp3,vettel,15,4,132.711,54.503,45.816,32.392,ULTRASOFT,8,0,293.0,0,0,0
2018,4,fp3,vettel,16,5,,,47.651,32.245,ULTRASOFT,8,0,293.0,0,0,0
2018,4,fp3,vettel,17,6,148.31,67.447,49.049,31.814,ULTRASOFT,9,0,290.0,0,0,0
2018,4,fp3,sainz,1,1,,,47.74,32.033,SUPERSOFT,1,1,300.0,0,0,0
2018,4,fp3,sainz,2,2,,,46.321,27.197,SUPERSOFT,2,0,294.0,0,0,0
2018,4,fp3,sainz,3,2,106.488,37.583,43.03,25.875,SUPERSOFT,3,0,305.0,1,0,1
2018,4,fp3,sainz,4,2,106.69,37.682,42.865,26.143,SUPERSOFT,4,0,306.0,0,0,1
2018,4,fp3,sainz,5,2,128.906,49.706,51.899,27.301,SUPERSOFT,5,0,295.0,0,0,1
2018,4,fp3,sainz,6,2,105.861,37.234,42.794,25.833,SUPERSOFT,6,0,307.0,1,0,1
2018,4,fp3,sainz,7,2,130.615,47.298,56.306,27.011,SUPERSOFT,7,0,296.0,0,0,1
2018,4,fp3,sainz,8,2,115.118,40.673,47.572,26.873,SUPERSOFT,8,0,297.0,0,0,1
2018,4,fp3,sainz,9,2,105.432,37.203,42.395,25.834,SUPERSOFT,9,0,306.0,1,0,1
2018,4,fp3,sainz,10,2,125.868,45.956,52.77,27.142,SUPERSOFT,10,0,297.0,0,0,1
2018,4,fp3,sainz,11,2,106.718,37.197,42.435,27.086,SUPERSOFT,11,0,289.0,0,0,1
2018,4,fp3,sainz,12,2,131.428,46.991,52.702,31.735,SUPERSOFT,12,0,297.0,0,0,0
2018,4,fp3,sainz,13,3,,,58.237,27.246,ULTRASOFT,1,1,303.0,0,0,0
2018,4,fp3,sainz,14,3,109.231,37.052,44.218,27.961,ULTRASOFT,2,1,291.0,0,0,1
2018,4,fp3,sainz,15,3,121.464,38.111,51.773,31.58,ULTRASOFT,3,1,290.0,0,0,0
2018,4,fp3,raikkonen,1,,,,47.102,27.119,,,1,300.0,0,0,0
2018,4,fp3,raikkonen,2,1,105.075,36.968,42.337,25.77,ULTRASOFT,1,1,302.0,1,0,1
2018,4,fp3,raikkonen,3,1,118.201,43.631,47.626,26.944,ULTRASOFT,2,1,304.0,0,0,1
2018,4,fp3,raikkonen,4,1,103.877,36.341,41.796,25.74,ULTRASOFT,3,1,303.0,1,0,1
2018,4,fp3,raikkonen,5,1,118.133,40.435,45.406,32.292,ULTRASOFT,4,1,288.0,0,0,0
2018,4,fp3,raikkonen,6,2,149.155,68.632,47.233,33.29,ULTRASOFT,6,0,283.0,0,0,0
2018,4,fp3,raikkonen,7,3,,,46.646,27.212,ULTRASOFT,7,0,301.0,0,0,0
2018,4,fp3,raikkonen,8,3,104.294,36.4,41.804,26.09,ULTRASOFT,8,0,301.0,0,0,1
2018,4,fp3,raikkonen,9,3,119.731,40.95,51.835,26.946,ULTRASOFT,9,0,303.0,0,0,1
2018,4,fp3,raikkonen,10,3,103.493,36.061,41.524,25.908,ULTRASOFT,10,0,303.0,1,0,1
2018,4,fp3,raikkonen,11,3,122.468,42.398,52.552,27.518,ULTRASOFT,11,0,301.0,0,0,1
2018,4,fp3,raikkonen,12,3,107.463,35.947,41.393,30.123,ULTRASOFT,12,0,295.0,0,0,1
2018,4,fp3,raikkonen,13,3,119.14,42.834,48.687,27.619,ULTRASOFT,13,0,301.0,0,0,1
2018,4,fp3,raikkonen,14,3,,38.957,,,ULTRASOFT,14,0,,0,0,0
2018,4,fp3,raikkonen,15,3,,,44.275,26.384,ULTRASOFT,15,0,305.0,0,0,0
2018,4,fp3,raikkonen,16,4,119.094,46.119,46.351,26.624,,,0,300.0,0,0,1
2018,4,fp3,raikkonen,17,4,114.116,37.739,43.732,32.645,,,0,303.0,0,0,0
2018,4,fp3,bottas,1,1,,,47.58,25.867,ULTRASOFT,1,1,311.0,0,0,0
2018,4,fp3,bottas,2,1,110.129,37.69,46.644,25.795,ULTRASOFT,2,1,311.0,1,0,1
2018,4,fp3,bottas,3,1,118.17,47.015,45.54,25.615,ULTRASOFT,3,1,312.0,0,0,1
2018,4,fp3,bottas,4,1,104.925,36.9,42.372,25.653,ULTRASOFT,4,1,314.0,1,0,1
2018,4,fp3,bottas,5,1,119.715,43.229,50.914,25.572,ULTRASOFT,5,1,313.0,0,0,1
2018,4,fp3,bottas,6,1,104.98,36.793,42.631,25.556,ULTRASOFT,6,1,311.0,0,0,1
2018,4,fp3,bottas,7,1,115.92,42.253,47.772,25.895,ULTRASOFT,7,1,311.0,0,0,1
2018,4,fp3,bottas,8,1,112.421,40.681,46.124,25.616,ULTRASOFT,8,1,311.0,0,0,1
2018,4,fp3,bottas,9,1,104.309,36.307,42.14,25.862,ULTRASOFT,9,1,314.0,1,0,1
2018,4,fp3,bottas,10,1,120.022,41.087,46.878,32.057,ULTRASOFT,10,1,298.0,0,0,0
2018,4,fp3,bottas,11,2,,75.062,71.503,30.567,ULTRASOFT,11,0,311.0,0,0,0
2018,4,fp3,bottas,12,3,,,46.413,27.09,ULTRASOFT,1,1,308.0,0,0,0
2018,4,fp3,bottas,13,3,103.569,36.147,41.912,25.51,ULTRASOFT,2,1,315.0,1,0,1
2018,4,fp3,bottas,14,3,117.323,42.868,48.611,25.844,ULTRASOFT,3,1,309.0,0,0,1
2018,4,fp3,bottas,15,3,104.393,36.341,42.267,25.785,ULTRASOFT,4,1,309.0,0,0,1
2018,4,fp3,bottas,16,3,119.702,43.497,50.084,26.121,ULTRASOFT,5,1,307.0,0,0,1
2018,4,fp3,bottas,17,3,103.981,36.33,41.983,25.668,ULTRASOFT,6,1,309.0,0,0,1
2018,4,fp3,bottas,18,3,120.056,42.262,47.144,30.65,ULTRASOFT,7,1,309.0,0,0,0
2018,4,fp3,bottas,19,4,,,49.29,31.035,ULTRASOFT,12,0,313.0,0,0,0
2018,4,fp3,bottas,20,5,,69.797,48.395,33.925,ULTRASOFT,13,0,309.0,0,0,0
2018,4,fp3,grosjean,1,,,,53.414,37.802,,,1,282.0,0,0,0
2018,4,fp3,grosjean,2,1,,,46.026,27.08,ULTRASOFT,2,0,302.0,0,0,0
2018,4,fp3,grosjean,3,1,114.694,39.25,48.62,26.824,ULTRASOFT,3,0,305.0,1,0,1
2018,4,fp3,grosjean,4,1,121.323,36.583,55.031,29.709,ULTRASOFT,4,0,305.0,0,0,1
2018,4,fp3,grosjean,5,1,122.63,48.024,47.827,26.779,ULTRASOFT,5,0,304.0,0,0,1
2018,4,fp3,grosjean,6,1,120.005,36.664,42.325,41.016,ULTRASOFT,6,0,298.0,0,0,1
2018,4,fp3,grosjean,7,1,117.92,39.788,51.382,26.75,ULTRASOFT,7,0,305.0,0,0,1
2018,4,fp3,grosjean,8,1,105.261,36.965,42.486,25.81,ULTRASOFT,8,0,316.0,1,0,1
2018,4,fp3,grosjean,9,1,125.225,45.239,48.055,31.931,ULTRASOFT,9,0,299.0,0,0,0
2018,4,fp3,grosjean,10,2,,,51.389,26.785,ULTRASOFT,1,1,303.0,0,0,0
2018,4,fp3,grosjean,11,2,105.917,37.519,42.575,25.823,ULTRASOFT,2,1,310.0,0,0,1
2018,4,fp3,grosjean,12,2,127.816,44.197,51.674,31.945,ULTRASOFT,3,1,293.0,0,0,0
2018,4,fp3,ericsson,1,,,,53.495,37.391,,,1,300.0,0,0,0
2018,4,fp3,ericsson,2,1,,,47.005,27.184,ULTRASOFT,2,0,306.0,0,0,0
2018,4,fp3,ericsson,3,1,107.285,37.889,43.434,25.962,ULTRASOFT,3,0,307.0,1,0,1
2018,4,fp3,ericsson,4,1,131.591,45.765,56.973,28.853,ULTRASOFT,4,0,302.0,0,0,1
2018,4,fp3,ericsson,5,1,124.085,42.378,53.803,27.904,ULTRASOFT,5,0,307.0,0,0,1
2018,4,fp3,ericsson,6,1,107.245,37.269,43.313,26.663,ULTRASOFT,6,0,308.0,1,0,1
2018,4,fp3,ericsson,7,1,128.746,45.324,54.128,29.294,ULTRASOFT,7,0,305.0,0,0,1
2018,4,fp3,ericsson,8,1,106.617,37.449,43.164,26.004,ULTRASOFT,8,0,305.0,1,0,1
2018,4,fp3,ericsson,9,1,128.467,45.077,56.072,27.318,ULTRASOFT,9,0,303.0,0,0,1
2018,4,fp3,ericsson,10,1,106.374,37.362,43.108,25.904,ULTRASOFT,10,0,305.0,1,0,1
2018,4,fp3,ericsson,11,1,120.267,41.461,46.696,32.11,ULTRASOFT,11,0,294.0,0,0,0
2018,4,fp3,ericsson,12,2,143.117,62.88,47.743,32.494,ULTRASOFT,12,0,295.0,0,0,0
2018,4,fp3,ericsson,13,3,,,55.593,27.156,ULTRASOFT,4,0,303.0,0,0,0
2018,4,fp3,ericsson,14,3,105.91,37.042,42.835,26.033,ULTRASOFT,5,0,304.0,1,0,1
2018,4,fp3,ericsson,15,3,,44.905,,,ULTRASOFT,6,0,,0,0,0
2018,4,fp3,ericsson,16,3,,,52.977,28.27,ULTRASOFT,7,0,303.0,0,0,0
2018,4,fp3,ericsson,17,4,122.525,37.111,42.91,42.504,,,0,269.0,0,0,0
2018,5,fp1,vandoorne,1,,,,34.968,35.336,,,1,216.0,0,0,0
2018,5,fp1,vandoorne,2,1,,,32.96,30.722,SOFT,1,1,233.0,0,0,0
2018,5,fp1,vandoorne,3,1,82.529,23.045,30.485,28.999,SOFT,2,1,302.0,1,0,0
2018,5,fp1,vandoorne,4,1,94.724,27.401,36.842,30.481,SOFT,3,1,285.0,0,0,0
2018,5,fp1,vandoorne,5,1,80.801,22.782,30.128,27.891,SOFT,4,1,302.0,1,0,0
2018,5,fp1,vandoorne,6,1,95.989,26.849,34.877,34.263,SOFT,5,1,281.0,0,0,0
2018,5,fp1,vandoorne,7,2,,,32.796,30.09,SOFT,6,0,237.0,0,0,0
2018,5,fp1,vandoorne,8,2,80.881,22.677,29.846,28.358,SOFT,7,0,304.0,0,0,1
2018,5,fp1,vandoorne,9,2,94.6,27.255,36.076,31.269,SOFT,8,0,287.0,0,0,1
2018,5,fp1,vandoorne,10,2,85.995,22.669,34.097,29.229,SOFT,9,0,303.0,0,0,1
2018,5,fp1,vandoorne,11,2,80.551,22.693,29.954,27.904,SOFT,10,0,303.0,1,0,1
2018,5,fp1,vandoorne,12,2,94.186,26.451,34.156,33.579,SOFT,11,0,282.0,0,0,0
2018,5,fp1,vandoorne,13,3,,,35.229,32.268,MEDIUM,1,1,237.0,0,0,0
2018,5,fp1,vandoorne,14,3,80.257,22.497,29.869,27.891,MEDIUM,2,1,304.0,1,0,1
2018,5,fp1,vandoorne,15,3,93.878,27.53,36.052,30.296,MEDIUM,3,1,281.0,0,0,1
2018,5,fp1,vandoorne,16,3,80.14,22.501,29.808,27.831,MEDIUM,4,1,304.0,1,0,1
2018,5,fp1,vandoorne,17,3,95.941,27.692,36.826,31.423,MEDIUM,5,1,287.0,0,0,1
2018,5,fp1,vandoorne,18,3,89.028,22.579,30.162,36.287,MEDIUM,6,1,306.0,0,0,0
2018,5,fp1,vandoorne,19,4,,,33.098,30.053,MEDIUM,7,0,222.0,0,0,0
2018,5,fp1,vandoorne,20,4,80.23,22.585,29.768,27.877,MEDIUM,8,0,305.0,0,0,1
2018,5,fp1,vandoorne,21,4,92.501,27.801,34.723,29.977,MEDIUM,9,0,287.0,0,0,1
2018,5,fp1,vandoorne,22,4,80.083,22.525,29.826,27.732,MEDIUM,10,0,305.0,1,0,1
2018,5,fp1,vandoorne,23,4,106.402,26.899,40.934,38.569,MEDIUM,11,0,283.0,0,0,1
2018,5,fp1,vandoorne,24,4,80.701,22.623,29.656,28.422,MEDIUM,12,0,306.0,0,0,1
2018,5,fp1,vandoorne,25,4,82.979,24.101,30.607,28.271,MEDIUM,13,0,291.0,0,0,1
2018,5,fp1,vandoorne,26,4,82.155,22.902,30.735,28.518,MEDIUM,14,0,313.0,0,0,1
2018,5,fp1,vandoorne,27,4,83.012,22.977,31.126,28.909,MEDIUM,15,0,316.0,0,0,1
2018,5,fp1,vandoorne,28,4,102.276,26.424,39.599,36.253,MEDIUM,16,0,303.0,0,0,0
2018,5,fp1,ricciardo,1,1,,,32.861,36.398,SOFT,1,1,236.0,0,0,0
2018,5,fp1,ricciardo,2,2,128.411,62.659,32.373,33.379,SOFT,2,0,219.0,0,0,0
2018,5,fp1,ricciardo,3,3,,,33.516,30.627,SOFT,3,0,218.0,0,0,0
2018,5,fp1,ricciardo,4,3,81.324,22.933,30.302,28.089,SOFT,4,0,304.0,1,0,1
2018,5,fp1,ricciardo,5,3,95.308,22.632,36.886,35.79,SOFT,5,0,304.0,0,0,1
2018,5,fp1,ricciardo,6,3,80.649,22.605,30.233,27.811,SOFT,6,0,307.0,1,0,1
2018,5,fp1,ricciardo,7,3,95.667,25.291,33.942,36.434,SOFT,7,0,307.0,0,0,0
2018,5,fp1,ricciardo,8,4,131.577,60.348,37.487,33.742,SOFT,8,0,220.0,0,0,0
2018,5,fp1,ricciardo,9,4,79.871,22.695,29.803,27.373,SOFT,9,0,305.0,1,0,1
2018,5,fp1,ricciardo,10,4,101.254,29.905,39.947,31.402,SOFT,10,0,285.0,0,0,1
2018,5,fp1,ricciardo,11,4,,22.345,39.947,,SOFT,11,0,307.0,0,0,0
2018,5,fp1,vettel,1,,,,37.749,38.749,,,1,225.0,0,0,0
2018,5,fp1,vettel,2,1,,,34.91,29.885,SOFT,2,0,233.0,0,0,0
2018,5,fp1,vettel,3,1,81.195,22.907,30.473,27.815,SOFT,3,0,308.0,1,0,0
2018,5,fp1,vettel,4,1,99.548,22.72,29.973,46.855,SOFT,4,0,309.0,0,0,1
2018,5,fp1,vettel,5,1,100.954,28.763,39.255,32.936,SOFT,5,0,264.0,0,0,1
2018,5,fp1,vettel,6,1,80.452,22.625,30.029,27.798,SOFT,6,0,310.0,1,0,1
2018,5,fp1,vettel,7,1,101.133,27.708,37.373,36.052,SOFT,7,0,285.0,0,0,1
2018,5,fp1,vettel,8,1,79.9,22.454,29.902,27.544,SOFT,8,0,312.0,1,0,1
2018,5,fp1,vettel,9,1,100.175,27.28,37.929,34.966,SOFT,9,0,301.0,0,0,0
2018,5,fp1,vettel,10,2,,,46.603,43.05,SUPERSOFT,1,1,227.0,0,0,0
2018,5,fp1,vettel,11,3,,,36.904,35.446,SUPERSOFT,2,0,239.0,0,0,0
2018,5,fp1,vettel,12,3,82.836,22.622,29.973,30.241,SUPERSOFT,3,0,306.0,0,0,1
2018,5,fp1,vettel,13,3,100.05,27.278,38.986,33.786,SUPERSOFT,4,0,286.0,0,0,1
2018,5,fp1,vettel,14,3,79.772,22.581,29.856,27.335,SUPERSOFT,5,0,306.0,1,0,1
2018,5,fp1,vettel,15,3,100.276,27.512,37.312,35.452,SUPERSOFT,6,0,277.0,0,0,1
2018,5,fp1,vettel,16,3,79.098,22.441,29.484,27.173,SUPERSOFT,7,0,308.0,1,0,1
2018,5,fp1,vettel,17,3,96.757,25.566,34.952,36.239,SUPERSOFT,8,0,287.0,0,0,0
2018,5,fp1,vettel,18,4,139.176,72.498,34.151,32.527,SUPERSOFT,9,0,239.0,0,0,0
2018,5,fp1,vettel,19,5,,,33.13,29.601,SUPERSOFT,10,0,220.0,0,0,0
2018,5,fp1,vettel,20,5,83.234,23.851,31.203,28.18,SUPERSOFT,11,0,287.0,0,0,1
2018,5,fp1,vettel,21,5,83.318,23.535,31.498,28.285,SUPERSOFT,12,0,302.0,0,0,1
2018,5,fp1,vettel,22,5,84.418,23.527,31.413,29.478,SUPERSOFT,13,0,294.0,0,0,1
2018,5,fp1,vettel,23,5,85.344,23.536,31.583,30.225,SUPERSOFT,14,0,298.0,0,0,1
2018,5,fp1,vettel,24,5,94.387,23.737,31.465,39.185,SUPERSOFT,15,0,296.0,0,0,0
2018,5,fp1,raikkonen,1,,,,33.169,35.716,,,1,240.0,0,0,0
2018,5,fp1,raikkonen,2,1,,,32.705,30.817,SOFT,2,0,237.0,0,0,0
2018,5,fp1,raikkonen,3,1,80.336,22.684,29.973,27.679,SOFT,3,0,307.0,1,0,0
2018,5,fp1,raikkonen,4,1,90.791,22.557,37.583,30.651,SOFT,4,0,308.0,0,0,0
2018,5,fp1,raikkonen,5,1,80.262,22.521,30.122,27.619,SOFT,5,0,308.0,1,0,0
2018,5,fp1,raikkonen,6,1,87.888,24.9,32.495,30.493,SOFT,6,0,310.0,0,0,0
2018,5,fp1,raikkonen,7,1,91.865,22.428,30.41,39.027,SOFT,7,0,312.0,0,0,0
2018,5,fp1,raikkonen,8,1,92.875,22.334,31.014,39.527,SOFT,8,0,314.0,0,0,0
2018,5,fp1,raikkonen,9,2,,,32.541,37.619,SUPERSOFT,1,1,236.0,0,0,0
2018,5,fp1,raikkonen,10,2,80.372,22.359,29.952,28.061,SUPERSOFT,2,1,312.0,0,0,1
2018,5,fp1,raikkonen,11,2,100.274,27.99,39.171,33.113,SUPERSOFT,3,1,236.0,0,0,1
2018,5,fp1,raikkonen,12,2,79.765,22.242,29.96,27.563,SUPERSOFT,4,1,311.0,1,0,1
2018,5,fp1,raikkonen,13,2,79.499,22.191,29.824,27.484,SUPERSOFT,5,1,312.0,1,0,1
2018,5,fp1,raikkonen,14,2,93.233,24.743,32.364,36.126,SUPERSOFT,6,1,308.0,0,0,0
2018,5,fp1,raikkonen,15,3,134.44,67.843,30.507,36.09,SUPERSOFT,7,0,244.0,0,0,0
2018,5,fp1,raikkonen,16,4,,,32.58,28.797,SUPERSOFT,8,0,235.0,0,0,0
2018,5,fp1,raikkonen,17,4,83.781,23.799,31.317,28.665,SUPERSOFT,9,0,293.0,0,0,1
2018,5,fp1,raikkonen,18,4,85.72,23.698,31.676,30.346,SUPERSOFT,10,0,296.0,0,0,1
2018,5,fp1,raikkonen,19,4,102.608,30.581,37.364,34.663,SUPERSOFT,11,0,225.0,0,0,0
2018,5,fp1,grosjean,1,,,,38.454,36.759,,,1,217.0,0,0,0
2018,5,fp1,grosjean,2,1,,,32.682,31.427,MEDIUM,2,0,236.0,0,0,0
2018,5,fp1,grosjean,3,1,83.479,23.159,31.444,28.876,MEDIUM,3,0,326.0,1,0,0
2018,5,fp1,grosjean,4,1,85.199,22.774,30.414,32.011,MEDIUM,4,0,312.0,0,0,1
2018,5,fp1,grosjean,5,1,82.371,22.656,30.382,29.333,MEDIUM,5,0,315.0,1,0,1
2018,5,fp1,grosjean,6,1,81.123,22.631,30.08,28.412,MEDIUM,6,0,315.0,1,0,1
2018,5,fp1,grosjean,7,1,82.629,22.673,31.284,28.672,MEDIUM,7,0,314.0,0,0,1
2018,5,fp1,grosjean,8,1,96.277,22.417,43.826,30.034,MEDIUM,8,0,316.0,0,0,1
2018,5,fp1,grosjean,9,1,102.478,22.419,41.175,38.884,MEDIUM,9,0,316.0,0,0,0
2018,5,fp1,grosjean,10,2,,,31.731,28.862,SOFT,1,1,234.0,0,0,0
2018,5,fp1,grosjean,11,2,80.967,22.286,30.044,28.637,SOFT,2,1,313.0,1,0,1
2018,5,fp1,grosjean,12,2,97.742,25.656,40.182,31.904,SOFT,3,1,298.0,0,0,1
2018,5,fp1,grosjean,13,2,80.619,22.448,29.999,28.172,SOFT,4,1,313.0,1,0,1
2018,5,fp1,grosjean,14,2,101.245,27.434,41.588,32.223,SOFT,5,1,298.0,0,0,1
2018,5,fp1,grosjean,15,2,79.906,22.45,29.716,27.74,SOFT,6,1,312.0,1,0,1
2018,5,fp1,grosjean,16,2,114.591,28.085,42.051,44.455,SOFT,7,1,292.0,0,0,0
2018,5,fp1,grosjean,17,3,,,31.807,29.607,SOFT,8,0,240.0,0,0,0
2018,5,fp1,grosjean,18,3,83.144,23.15,31.011,28.983,SOFT,9,0,312.0,0,0,1
2018,5,fp1,grosjean,19,3,82.562,23.114,30.922,28.526,SOFT,10,0,320.0,0,0,1
2018,5,fp1,grosjean,20,3,83.115,23.06,31.165,28.89,SOFT,11,0,314.0,0,0,1
2018,5,fp1,grosjean,21,3,83.643,23.058,31.483,29.102,SOFT,12,0,312.0,0,0,1
2018,5,fp1,grosjean,22,3,83.118,22.992,31.276,28.85,SOFT,13,0,316.0,0,0,1
2018,5,fp1,grosjean,23,3,84.663,23.123,31.948,29.592,SOFT,14,0,315.0,0,0,1
2018,5,fp1,grosjean,24,3,96.255,23.015,36.99,36.25,SOFT,15,0,315.0,0,0,0
2018,5,fp1,ericsson,1,,,,39.577,37.24,,,1,228.0,0,0,0
2018,5,fp1,ericsson,2,1,141.182,62.989,39.586,38.607,MEDIUM,1,0,233.0,0,0,0
2018,5,fp1,ericsson,3,2,,,36.389,37.344,MEDIUM,3,0,227.0,0,0,0
2018,5,fp1,ericsson,4,2,105.443,24.047,31.505,49.891,MEDIUM,4,0,297.0,1,0,1
2018,5,fp1,ericsson,5,2,99.715,26.528,36.698,36.489,MEDIUM,5,0,290.0,1,0,1
2018,5,fp1,ericsson,6,2,101.422,26.957,37.528,36.937,MEDIUM,6,0,313.0,0,0,0
2018,5,fp1,ericsson,7,3,,,33.248,30.493,SOFT,1,1,238.0,0,0,0
2018,5,fp1,ericsson,8,3,81.979,22.573,30.6,28.806,SOFT,2,1,314.0,1,0,1
2018,5,fp1,ericsson,9,3,109.372,26.469,43.022,39.881,SOFT,3,1,290.0,0,0,1
2018,5,fp1,ericsson,10,3,81.456,22.51,30.33,28.616,SOFT,4,1,317.0,1,0,1
2018,5,fp1,ericsson,11,3,107.35,28.271,42.877,36.202,SOFT,5,1,289.0,0,0,1
2018,5,fp1,ericsson,12,3,84.873,22.541,30.759,31.573,SOFT,6,1,313.0,0,0,1
2018,5,fp1,ericsson,13,3,102.455,26.161,38.584,37.71,SOFT,7,1,283.0,0,0,1
2018,5,fp1,ericsson,14,3,89.836,22.753,36.395,30.688,SOFT,8,1,314.0,0,0,1
2018,5,fp1,ericsson,15,3,81.513,22.597,30.418,28.498,SOFT,9,1,314.0,0,0,1
2018,5,fp1,ericsson,16,3,106.882,27.427,45.401,34.054,SOFT,10,1,288.0,0,0,1
2018,5,fp1,ericsson,17,3,80.984,22.507,30.351,28.126,SOFT,11,1,313.0,1,0,1
2018,5,fp1,ericsson,18,3,104.019,28.816,39.741,35.462,SOFT,12,1,293.0,0,0,0
2018,5,fp1,gasly,1,,,,37.9,38.938,,,1,221.0,0,0,0
2018,5,fp1,gasly,2,1,,,32.813,29.334,MEDIUM,2,0,234.0,0,0,0
2018,5,fp1,gasly,3,1,82.892,23.449,30.991,28.452,MEDIUM,3,0,302.0,1,0,0
2018,5,fp1,gasly,4,1,92.614,23.175,36.284,33.155,MEDIUM,4,0,308.0,0,0,1
2018,5,fp1,gasly,5,1,82.468,23.095,30.807,28.566,MEDIUM,5,0,310.0,1,0,1
2018,5,fp1,gasly,6,1,95.66,26.084,36.039,33.537,MEDIUM,6,0,291.0,0,0,1
2018,5,fp1,gasly,7,1,81.63,22.988,30.579,28.063,MEDIUM,7,0,313.0,1,0,1
2018,5,fp1,gasly,8,1,94.663,26.011,36.434,32.218,MEDIUM,8,0,312.0,0,0,1
2018,5,fp1,gasly,9,1,81.219,22.712,30.271,28.236,MEDIUM,9,0,309.0,1,0,1
2018,5,fp1,gasly,10,1,93.292,27.812,34.487,30.993,MEDIUM,10,0,289.0,0,0,1
2018,5,fp1,gasly,11,1,80.508,22.359,30.233,27.916,MEDIUM,11,0,316.0,1,0,1
2018,5,fp1,gasly,12,1,117.456,29.575,46.291,41.59,MEDIUM,12,0,282.0,0,0,0
2018,5,fp1,gasly,13,2,,,35.246,34.241,SOFT,1,1,218.0,0,0,0
2018,5,fp1,gasly,14,2,84.751,22.728,30.655,31.368,SOFT,2,1,312.0,0,0,1
2018,5,fp1,gasly,15,2,98.305,27.332,37.576,33.397,SOFT,3,1,263.0,0,0,1
2018,5,fp1,gasly,16,2,91.991,22.717,34.738,34.536,SOFT,4,1,311.0,0,0,1
2018,5,fp1,gasly,17,2,80.595,22.692,30.181,27.722,SOFT,5,1,310.0,0,0,1
2018,5,fp1,gasly,18,2,99.145,28.214,38.133,32.798,SOFT,6,1,288.0,0,0,1
2018,5,fp1,gasly,19,2,124.044,35.634,45.659,42.751,SOFT,7,1,309.0,0,0,0
2018,5,fp1,gasly,20,3,,,34.253,32.852,SOFT,8,0,240.0,0,0,0
2018,5,fp1,gasly,21,3,80.834,22.83,30.354,27.65,SOFT,9,0,309.0,0,0,1
2018,5,fp1,gasly,22,3,99.117,27.93,38.35,32.837,SOFT,10,0,289.0,0,0,1
2018,5,fp1,gasly,23,3,98.034,25.758,39.664,32.612,SOFT,11,0,307.0,0,0,1
2018,5,fp1,gasly,24,3,80.569,22.659,30.011,27.899,SOFT,12,0,309.0,0,0,1
2018,5,fp1,gasly,25,3,96.951,26.923,39.717,30.311,SOFT,13,0,289.0,0,0,1
2018,5,fp1,gasly,26,3,80.523,22.505,30.185,27.833,SOFT,14,0,310.0,0,0,1
2018,5,fp1,gasly,27,3,97.039,26.874,37.165,33.0,SOFT,15,0,289.0,0,0,1
2018,5,fp1,gasly,28,3,81.513,22.464,30.462,28.587,SOFT,16,0,312.0,0,0,1
2018,5,fp1,gasly,29,3,95.694,26.343,33.619,35.732,SOFT,17,0,261.0,0,0,0
2018,5,fp1,perez,1,1,,,39.426,35.258,MEDIUM,1,1,114.0,0,0,0
2018,5,fp1,perez,2,2,121.777,49.342,36.593,35.842,MEDIUM,2,0,245.0,0,0,0
2018,5,fp1,perez,3,3,123.365,53.323,34.992,35.05,MEDIUM,3,0,244.0,0,0,0
2018,5,fp1,perez,4,4,,,38.678,33.803,MEDIUM,4,0,240.0,0,0,0
2018,5,fp1,perez,5,4,81.794,23.212,30.993,27.589,MEDIUM,5,0,312.0,1,0,1
2018,5,fp1,perez,6,4,104.585,28.806,38.31,37.469,MEDIUM,6,0,304.0,0,0,1
2018,5,fp1,perez,7,4,82.066,22.843,30.871,28.352,MEDIUM,7,0,314.0,0,0,1
2018,5,fp1,perez,8,4,101.238,27.945,37.97,35.323,MEDIUM,8,0,301.0,0,0,1
2018,5,fp1,perez,9,4,81.844,22.797,30.832,28.215,MEDIUM,9,0,314.0,0,0,1
2018,5,fp1,perez,10,4,104.771,29.593,40.954,34.224,MEDIUM,10,0,290.0,0,0,1
2018,5,fp1,perez,11,4,81.815,22.745,30.418,28.652,MEDIUM,11,0,314.0,0,0,1
2018,5,fp1,perez,12,4,106.847,27.488,37.933,41.426,MEDIUM,12,0,298.0,0,0,0
2018,5,fp1,perez,13,5,,,37.328,32.328,MEDIUM,1,1,234.0,0,0,0
2018,5,fp1,perez,14,5,82.503,22.688,30.631,29.184,MEDIUM,2,1,313.0,0,0,1
2018,5,fp1,perez,15,5,108.171,28.712,39.396,40.063,MEDIUM,3,1,284.0,0,0,1
2018,5,fp1,perez,16,5,81.654,22.841,30.43,28.383,MEDIUM,4,1,316.0,1,0,1
2018,5,fp1,perez,17,5,92.055,22.486,36.714,32.855,MEDIUM,5,1,321.0,0,0,1
2018,5,fp1,perez,18,5,81.467,22.58,30.449,28.438,MEDIUM,6,1,318.0,1,0,1
2018,5,fp1,perez,19,5,100.668,26.823,36.762,37.083,MEDIUM,7,1,295.0,0,0,0
2018,5,fp1,perez,20,6,129.309,56.607,34.637,38.065,MEDIUM,8,0,208.0,0,0,0
2018,5,fp1,perez,21,6,121.122,31.838,51.744,37.54,MEDIUM,9,0,280.0,0,0,0
2018,5,fp1,perez,22,6,113.103,31.679,48.69,32.734,MEDIUM,10,0,280.0,0,0,0
2018,5,fp1,perez,23,6,88.153,24.296,32.541,31.316,MEDIUM,11,0,295.0,0,0,1
2018,5,fp1,perez,24,6,80.924,22.628,30.274,28.022,MEDIUM,12,0,314.0,1,0,1
2018,5,fp1,perez,25,6,99.415,28.533,36.682,34.2,MEDIUM,13,0,302.0,0,0,0
2018,5,fp1,perez,26,7,,,33.116,31.055,MEDIUM,14,0,240.0,0,0,0
2018,5,fp1,perez,27,7,84.898,23.717,32.269,28.912,MEDIUM,15,0,296.0,0,0,1
2018,5,fp1,perez,28,7,84.884,23.678,32.121,29.085,MEDIUM,16,0,300.0,0,0,1
2018,5,fp1,perez,29,7,85.703,23.807,32.3,29.596,MEDIUM,17,0,298.0,0,0,1
2018,5,fp1,perez,30,7,85.159,23.731,32.429,28.999,MEDIUM,18,0,301.0,0,0,1
2018,5,fp1,perez,31,7,84.77,23.64,32.156,28.974,MEDIUM,19,0,303.0,0,0,1
2018,5,fp1,perez,32,7,84.419,23.47,32.312,28.637,MEDIUM,20,0,308.0,0,0,1
2018,5,fp1,perez,33,7,86.373,23.721,32.127,30.525,MEDIUM,21,0,296.0,0,0,1
2018,5,fp1,perez,34,7,83.765,23.576,31.677,28.512,MEDIUM,22,0,296.0,0,0,1
2018,5,fp1,perez,35,7,84.202,23.695,31.629,28.878,MEDIUM,23,0,292.0,0,0,1
2018,5,fp1,perez,36,7,95.212,27.275,34.454,33.483,MEDIUM,24,0,298.0,0,0,0
2018,5,fp1,alonso,1,,,,34.263,34.496,,,1,201.0,0,0,0
2018,5,fp1,alonso,2,,110.502,46.818,31.356,32.328,,,1,241.0,0,0,0
2018,5,fp1,alonso,3,1,,,34.082,30.189,SOFT,3,0,235.0,0,0,0
2018,5,fp1,alonso,4,1,82.226,23.037,30.148,29.041,SOFT,4,0,303.0,1,0,0
2018,5,fp1,alonso,5,1,91.627,26.524,34.128,30.975,SOFT,5,0,278.0,0,0,0
2018,5,fp1,alonso,6,1,80.535,22.625,29.834,28.076,SOFT,6,0,304.0,1,0,0
2018,5,fp1,alonso,7,1,94.518,25.915,33.391,35.212,SOFT,7,0,278.0,0,0,0
2018,5,fp1,alonso,8,2,,,33.342,30.327,SOFT,8,0,241.0,0,0,0
2018,5,fp1,alonso,9,2,80.218,22.663,29.796,27.759,SOFT,9,0,304.0,1,0,1
2018,5,fp1,alonso,10,2,90.498,25.645,33.546,31.307,SOFT,10,0,272.0,0,0,1
2018,5,fp1,alonso,11,2,79.99,22.421,29.604,27.965,SOFT,11,0,307.0,1,0,1
2018,5,fp1,alonso,12,2,98.006,26.174,33.146,38.686,SOFT,12,0,254.0,0,0,0
2018,5,fp1,alonso,13,3,,,32.689,31.647,SOFT,1,1,233.0,0,0,0
2018,5,fp1,alonso,14,3,85.14,22.285,32.609,30.246,SOFT,2,1,307.0,0,0,1
2018,5,fp1,alonso,15,3,85.788,23.338,32.301,30.149,SOFT,3,1,306.0,0,0,1
2018,5,fp1,alonso,16,3,83.943,22.424,29.761,31.758,SOFT,4,1,307.0,0,0,1
2018,5,fp1,alonso,17,3,90.729,26.025,33.455,31.249,SOFT,5,1,287.0,0,0,1
2018,5,fp1,alonso,18,3,89.632,22.386,30.17,37.076,SOFT,6,1,309.0,0,0,0
2018,5,fp1,alonso,19,4,,,36.207,31.177,SOFT,7,0,221.0,0,0,0
2018,5,fp1,alonso,20,4,80.718,22.67,30.056,27.992,SOFT,8,0,306.0,0,0,1
2018,5,fp1,alonso,21,4,92.224,26.573,34.088,31.563,SOFT,9,0,278.0,0,0,1
2018,5,fp1,alonso,22,4,79.858,22.456,29.693,27.709,SOFT,10,0,307.0,1,0,1
2018,5,fp1,alonso,23,4,95.18,25.278,34.152,35.75,SOFT,11,0,279.0,0,0,0
2018,5,fp1,alonso,24,5,130.455,67.042,33.252,30.161,SOFT,12,0,245.0,0,0,0
2018,5,fp1,alonso,25,5,91.683,22.484,38.006,31.193,SOFT,13,0,308.0,0,0,1
2018,5,fp1,alonso,26,5,84.392,22.437,29.75,32.205,SOFT,14,0,307.0,0,0,0
2018,5,fp1,leclerc,1,,,,38.245,38.473,,,1,230.0,0,0,0
2018,5,fp1,leclerc,2,1,131.732,59.202,36.928,35.602,MEDIUM,2,0,235.0,0,0,0
2018,5,fp1,leclerc,3,2,,,34.594,30.665,MEDIUM,3,0,207.0,0,0,0
2018,5,fp1,leclerc,4,2,83.103,23.205,31.169,28.729,MEDIUM,4,0,313.0,1,0,1
2018,5,fp1,leclerc,5,2,95.416,27.544,34.8,33.072,MEDIUM,5,0,287.0,0,0,1
2018,5,fp1,leclerc,6,2,82.57,23.383,31.014,28.173,MEDIUM,6,0,319.0,1,0,1
2018,5,fp1,leclerc,7,2,100.098,26.76,35.243,38.095,MEDIUM,7,0,296.0,0,0,1
2018,5,fp1,leclerc,8,2,81.961,22.884,30.959,28.118,MEDIUM,8,0,315.0,1,0,1
2018,5,fp1,leclerc,9,2,93.805,25.546,34.554,33.705,MEDIUM,9,0,292.0,0,0,1
2018,5,fp1,leclerc,10,2,81.125,22.792,30.427,27.906,MEDIUM,10,0,313.0,1,0,1
2018,5,fp1,leclerc,11,2,99.387,25.795,34.518,39.074,MEDIUM,11,0,285.0,0,0,0
2018,5,fp1,leclerc,12,3,,,34.126,29.944,SOFT,1,1,233.0,0,0,0
2018,5,fp1,leclerc,13,3,80.91,22.69,30.342,27.878,SOFT,2,1,315.0,1,0,1
2018,5,fp1,leclerc,14,3,107.259,26.938,45.069,35.252,SOFT,3,1,289.0,0,0,1
2018,5,fp1,leclerc,15,3,80.983,22.44,30.801,27.742,SOFT,4,1,315.0,0,0,1
2018,5,fp1,leclerc,16,3,96.053,27.054,36.903,32.096,SOFT,5,1,288.0,0,0,1
2018,5,fp1,leclerc,17,3,80.665,22.566,30.203,27.896,SOFT,6,1,315.0,1,0,1
2018,5,fp1,leclerc,18,3,103.272,28.146,39.347,35.779,SOFT,7,1,276.0,0,0,1
2018,5,fp1,leclerc,19,3,80.868,22.636,30.537,27.695,SOFT,8,1,315.0,0,0,1
2018,5,fp1,leclerc,20,3,98.548,26.454,42.97,29.124,SOFT,9,1,292.0,0,0,1
2018,5,fp1,leclerc,21,3,82.815,22.566,30.352,29.897,SOFT,10,1,314.0,0,0,1
2018,5,fp1,leclerc,22,3,98.215,27.463,38.051,32.701,SOFT,11,1,326.0,0,0,1
2018,5,fp1,leclerc,23,3,87.576,22.873,30.127,34.576,SOFT,12,1,315.0,0,0,0
2018,5,fp1,stroll,1,1,,,34.437,29.59,MEDIUM,1,1,224.0,0,0,0
2018,5,fp1,stroll,2,1,91.78,24.691,31.785,35.304,MEDIUM,2,1,278.0,0,0,0
2018,5,fp1,stroll,3,2,,,33.717,30.331,SUPERSOFT,1,1,225.0,0,0,0
2018,5,fp1,stroll,4,2,84.077,23.134,31.741,29.202,SUPERSOFT,2,1,308.0,1,0,0
2018,5,fp1,stroll,5,2,91.726,23.459,32.369,35.898,SUPERSOFT,3,1,309.0,0,0,0
2018,5,fp1,stroll,6,3,,,35.469,33.172,SUPERSOFT,4,0,242.0,0,0,0
2018,5,fp1,stroll,7,3,92.969,25.425,33.277,34.267,SUPERSOFT,5,0,295.0,0,0,0
2018,5,fp1,stroll,8,4,,,32.337,28.878,SUPERSOFT,6,0,243.0,0,0,0
2018,5,fp1,stroll,9,4,123.577,35.115,46.271,42.191,SUPERSOFT,7,0,254.0,0,0,0
2018,5,fp1,stroll,10,5,,,35.466,31.691,SUPERSOFT,1,1,246.0,0,0,0
2018,5,fp1,stroll,11,5,97.108,24.599,38.179,34.33,SUPERSOFT,2,1,310.0,0,0,1
2018,5,fp1,stroll,12,5,82.756,22.983,31.126,28.647,SUPERSOFT,3,1,314.0,1,0,1
2018,5,fp1,stroll,13,5,98.049,27.962,37.753,32.334,SUPERSOFT,4,1,298.0,0,0,1
2018,5,fp1,stroll,14,5,97.191,23.345,36.085,37.761,SUPERSOFT,5,1,295.0,0,0,1
2018,5,fp1,stroll,15,5,,22.918,36.085,,SUPERSOFT,6,1,313.0,0,0,0
2018,5,fp1,kevin_magnussen,1,,,,37.076,35.347,,,1,242.0,0,0,0
2018,5,fp1,kevin_magnussen,2,1,,,37.239,36.975,MEDIUM,2,0,231.0,0,0,0
2018,5,fp1,kevin_magnussen,3,1,88.01,23.388,30.795,33.827,MEDIUM,3,0,312.0,1,0,1
2018,5,fp1,kevin_magnussen,4,1,82.555,23.033,30.927,28.595,MEDIUM,4,0,310.0,1,0,1
2018,5,fp1,kevin_magnussen,5,1,92.877,25.025,33.144,34.708,MEDIUM,5,0,316.0,0,0,1
2018,5,fp1,kevin_magnussen,6,1,91.059,22.877,33.774,34.408,MEDIUM,6,0,313.0,0,0,1
2018,5,fp1,kevin_magnussen,7,1,81.031,22.478,30.247,28.306,MEDIUM,7,0,313.0,1,0,1
2018,5,fp1,kevin_magnussen,8,1,100.246,26.671,38.581,34.994,MEDIUM,8,0,313.0,0,0,1
2018,5,fp1,kevin_magnussen,9,1,80.637,22.573,30.041,28.023,MEDIUM,9,0,311.0,1,0,1
2018,5,fp1,kevin_magnussen,10,1,98.738,24.433,34.352,39.953,MEDIUM,10,0,313.0,0,0,0
2018,5,fp1,kevin_magnussen,11,2,,,34.726,32.118,SOFT,1,1,240.0,0,0,0
2018,5,fp1,kevin_magnussen,12,2,81.078,22.517,30.103,28.458,SOFT,2,1,312.0,0,0,1
2018,5,fp1,kevin_magnussen,13,2,102.301,27.138,41.072,34.091,SOFT,3,1,313.0,0,0,1
2018,5,fp1,kevin_magnussen,14,2,81.038,22.74,30.144,28.154,SOFT,4,1,312.0,0,0,1
2018,5,fp1,kevin_magnussen,15,2,99.124,29.741,37.791,31.592,SOFT,5,1,307.0,0,0,1
2018,5,fp1,kevin_magnussen,16,2,81.108,22.709,30.349,28.05,SOFT,6,1,309.0,0,0,1
2018,5,fp1,kevin_magnussen,17,2,97.462,27.192,36.588,33.682,SOFT,7,1,312.0,0,0,1
2018,5,fp1,kevin_magnussen,18,2,111.946,22.526,46.813,42.607,SOFT,8,1,310.0,0,0,0
2018,5,fp1,kevin_magnussen,19,3,,,32.86,29.638,SOFT,9,0,199.0,0,0,0
2018,5,fp1,kevin_magnussen,20,3,82.098,23.042,30.805,28.251,SOFT,10,0,311.0,0,0,1
2018,5,fp1,kevin_magnussen,21,3,82.863,22.879,30.901,29.083,SOFT,11,0,311.0,0,0,1
2018,5,fp1,kevin_magnussen,22,3,82.593,22.886,31.041,28.666,SOFT,12,0,322.0,0,0,1
2018,5,fp1,kevin_magnussen,23,3,86.999,22.991,31.956,32.052,SOFT,13,0,317.0,0,0,1
2018,5,fp1,kevin_magnussen,24,3,82.601,22.963,31.004,28.634,SOFT,14,0,314.0,0,0,1
2018,5,fp1,kevin_magnussen,25,3,87.23,22.875,32.168,32.187,SOFT,15,0,313.0,0,0,1
2018,5,fp1,kevin_magnussen,26,3,83.236,23.501,31.237,28.498,SOFT,16,0,311.0,0,0,1
2018,5,fp1,kevin_magnussen,27,3,82.905,23.095,31.173,28.637,SOFT,17,0,312.0,0,0,1
2018,5,fp1,kevin_magnussen,28,3,97.154,27.051,36.101,34.002,SOFT,18,0,317.0,0,0,0
2018,5,fp1,hulkenberg,1,,,,35.751,38.315,,,1,208.0,0,0,0
2018,5,fp1,hulkenberg,2,1,133.779,60.652,36.184,36.943,SOFT,2,0,233.0,0,0,0
2018,5,fp1,hulkenberg,3,2,,,35.716,30.865,SOFT,3,0,226.0,0,0,0
2018,5,fp1,hulkenberg,4,2,91.524,23.32,36.066,32.138,SOFT,4,0,305.0,1,0,1
2018,5,fp1,hulkenberg,5,2,82.109,22.921,30.728,28.46,SOFT,5,0,309.0,1,0,1
2018,5,fp1,hulkenberg,6,2,97.544,28.39,39.166,29.988,SOFT,6,0,289.0,0,0,1
2018,5,fp1,hulkenberg,7,2,99.922,27.291,38.155,34.476,SOFT,7,0,268.0,0,0,1
2018,5,fp1,hulkenberg,8,2,81.18,22.818,30.279,28.083,SOFT,8,0,307.0,1,0,1
2018,5,fp1,hulkenberg,9,2,117.992,29.043,48.153,40.796,SOFT,9,0,282.0,0,0,0
2018,5,fp1,hulkenberg,10,3,,,40.497,36.774,SUPERSOFT,1,1,220.0,0,0,0
2018,5,fp1,hulkenberg,11,3,97.45,22.931,39.503,35.016,SUPERSOFT,2,1,307.0,0,0,1
2018,5,fp1,hulkenberg,12,3,82.015,22.924,30.958,28.133,SUPERSOFT,3,1,307.0,0,0,1
2018,5,fp1,hulkenberg,13,3,103.066,29.009,40.153,33.904,SUPERSOFT,4,1,287.0,0,0,1
2018,5,fp1,hulkenberg,14,3,81.159,22.902,30.351,27.906,SUPERSOFT,5,1,308.0,1,0,1
2018,5,fp1,hulkenberg,15,3,113.454,29.445,41.428,42.581,SUPERSOFT,6,1,276.0,0,0,0
2018,5,fp1,hulkenberg,16,4,,,33.304,30.756,SUPERSOFT,7,0,236.0,0,0,0
2018,5,fp1,hulkenberg,17,4,83.874,23.569,31.461,28.844,SUPERSOFT,8,0,304.0,0,0,1
2018,5,fp1,hulkenberg,18,4,84.153,23.629,31.677,28.847,SUPERSOFT,9,0,307.0,0,0,1
2018,5,fp1,hulkenberg,19,4,85.621,23.556,32.517,29.548,SUPERSOFT,10,0,305.0,0,0,1
2018,5,fp1,hulkenberg,20,4,86.039,23.942,32.373,29.724,SUPERSOFT,11,0,306.0,0,0,1
2018,5,fp1,hulkenberg,21,4,85.865,24.123,32.353,29.389,SUPERSOFT,12,0,305.0,0,0,1
2018,5,fp1,hulkenberg,22,4,86.051,23.95,32.424,29.677,SUPERSOFT,13,0,307.0,0,0,1
2018,5,fp1,hulkenberg,23,4,85.217,23.863,32.017,29.337,SUPERSOFT,14,0,307.0,0,0,1
2018,5,fp1,hulkenberg,24,4,84.731,23.728,31.86,29.143,SUPERSOFT,15,0,304.0,0,0,1
2018,5,fp1,hulkenberg,25,4,85.121,23.825,31.963,29.333,SUPERSOFT,16,0,303.0,0,0,1
2018,5,fp1,hulkenberg,26,4,97.673,23.956,34.185,39.532,SUPERSOFT,17,0,307.0,0,0,0
2018,5,fp1,brendon_hartley,1,,,,41.123,37.678,,,1,212.0,0,0,0
2018,5,fp1,brendon_hartley,2,1,,84.431,41.439,38.232,SOFT,2,0,230.0,0,0,0
2018,5,fp1,brendon_hartley,3,2,,,33.308,31.428,SOFT,3,0,239.0,0,0,0
2018,5,fp1,brendon_hartley,4,2,94.244,24.298,33.956,35.99,SOFT,4,0,303.0,1,0,0
2018,5,fp1,brendon_hartley,5,2,84.035,23.282,31.14,29.613,SOFT,5,0,313.0,1,0,1
2018,5,fp1,brendon_hartley,6,2,84.427,23.167,30.971,30.289,SOFT,6,0,309.0,0,0,1
2018,5,fp1,brendon_hartley,7,2,82.683,23.148,30.684,28.851,SOFT,7,0,309.0,1,0,1
2018,5,fp1,brendon_hartley,8,2,134.599,22.975,73.819,37.805,SOFT,8,0,315.0,0,0,0
2018,5,fp1,brendon_hartley,9,3,,,33.972,30.851,SOFT,1,1,219.0,0,0,0
2018,5,fp1,brendon_hartley,10,3,81.886,22.895,30.602,28.389,SOFT,2,1,304.0,1,0,1
2018,5,fp1,brendon_hartley,11,3,92.85,26.12,35.722,31.008,SOFT,3,1,280.0,0,0,1
2018,5,fp1,brendon_hartley,12,3,82.312,22.763,30.767,28.782,SOFT,4,1,309.0,0,0,1
2018,5,fp1,brendon_hartley,13,3,98.593,27.584,39.011,31.998,SOFT,5,1,279.0,0,0,1
2018,5,fp1,brendon_hartley,14,3,89.281,22.796,34.79,31.695,SOFT,6,1,310.0,0,0,1
2018,5,fp1,brendon_hartley,15,3,81.373,22.758,30.55,28.065,SOFT,7,1,310.0,1,0,1
2018,5,fp1,brendon_hartley,16,3,102.708,26.29,35.657,40.761,SOFT,8,1,282.0,0,0,0
2018,5,fp1,brendon_hartley,17,4,,,33.364,30.459,SOFT,9,0,239.0,0,0,0
2018,5,fp1,brendon_hartley,18,4,81.676,22.846,30.651,28.179,SOFT,10,0,306.0,0,0,1
2018,5,fp1,brendon_hartley,19,4,93.198,26.232,35.244,31.722,SOFT,11,0,281.0,0,0,1
2018,5,fp1,brendon_hartley,20,4,82.349,22.793,30.895,28.661,SOFT,12,0,308.0,0,0,1
2018,5,fp1,brendon_hartley,21,4,88.739,25.315,34.107,29.317,SOFT,13,0,301.0,0,0,1
2018,5,fp1,brendon_hartley,22,4,83.088,22.988,31.574,28.526,SOFT,14,0,308.0,0,0,1
2018,5,fp1,brendon_hartley,23,4,82.927,23.059,31.003,28.865,SOFT,15,0,307.0,0,0,1
2018,5,fp1,brendon_hartley,24,4,82.401,22.781,30.995,28.625,SOFT,16,0,316.0,0,0,1
2018,5,fp1,brendon_hartley,25,4,92.791,23.92,33.156,35.715,SOFT,17,0,310.0,0,0,0
2018,5,fp1,brendon_hartley,26,5,,82.413,39.381,35.409,SOFT,18,0,235.0,0,0,0
2018,5,fp1,brendon_hartley,27,6,149.554,72.551,37.139,39.864,SOFT,19,0,199.0,0,0,0
2018,5,fp1,brendon_hartley,28,7,133.402,56.039,40.701,36.662,SOFT,20,0,223.0,0,0,0
2018,5,fp1,ocon,1,1,,,35.978,35.556,MEDIUM,1,1,235.0,0,0,0
2018,5,fp1,ocon,2,2,,,33.521,32.13,MEDIUM,2,0,243.0,0,0,0
2018,5,fp1,ocon,3,2,82.592,23.338,31.232,28.022,MEDIUM,3,0,310.0,1,0,0
2018,5,fp1,ocon,4,2,102.436,30.171,37.832,34.433,MEDIUM,4,0,227.0,0,0,0
2018,5,fp1,ocon,5,2,82.089,22.876,30.801,28.412,MEDIUM,5,0,311.0,1,0,0
2018,5,fp1,ocon,6,2,110.614,32.916,43.754,33.944,MEDIUM,6,0,274.0,0,0,0
2018,5,fp1,ocon,7,2,82.202,22.667,30.992,28.543,MEDIUM,7,0,313.0,0,0,0
2018,5,fp1,ocon,8,2,94.321,25.076,35.343,33.902,MEDIUM,8,0,305.0,0,0,0
2018,5,fp1,ocon,9,3,,,53.449,42.927,MEDIUM,9,0,247.0,0,0,0
2018,5,fp1,ocon,10,4,,,37.021,31.812,MEDIUM,1,1,233.0,0,0,0
2018,5,fp1,ocon,11,4,81.524,22.664,30.811,28.049,MEDIUM,2,1,315.0,1,0,1
2018,5,fp1,ocon,12,4,110.256,29.745,42.371,38.14,MEDIUM,3,1,300.0,0,0,1
2018,5,fp1,ocon,13,4,81.144,22.592,30.581,27.971,MEDIUM,4,1,315.0,1,0,1
2018,5,fp1,ocon,14,4,120.381,29.844,44.813,45.724,MEDIUM,5,1,300.0,0,0,0
2018,5,fp1,ocon,15,5,,,34.704,31.508,MEDIUM,6,0,235.0,0,0,0
2018,5,fp1,ocon,16,5,84.41,23.833,32.033,28.544,MEDIUM,7,0,295.0,0,0,1
2018,5,fp1,ocon,17,5,84.152,23.544,31.932,28.676,MEDIUM,8,0,300.0,0,0,1
2018,5,fp1,ocon,18,5,83.908,23.7,31.717,28.491,MEDIUM,9,0,293.0,0,0,1
2018,5,fp1,ocon,19,5,84.468,23.611,31.996,28.861,MEDIUM,10,0,304.0,0,0,1
2018,5,fp1,ocon,20,5,84.197,23.649,31.741,28.807,MEDIUM,11,0,300.0,0,0,1
2018,5,fp1,ocon,21,5,84.155,23.759,31.628,28.768,MEDIUM,12,0,299.0,0,0,1
2018,5,fp1,ocon,22,5,84.149,23.637,31.932,28.58,MEDIUM,13,0,312.0,0,0,1
2018,5,fp1,ocon,23,5,83.813,23.683,31.603,28.527,MEDIUM,14,0,296.0,0,0,1
2018,5,fp1,ocon,24,5,83.866,23.6,31.625,28.641,MEDIUM,15,0,303.0,0,0,1
2018,5,fp1,ocon,25,5,84.286,23.859,31.6,28.827,MEDIUM,16,0,301.0,0,0,1
2018,5,fp1,ocon,26,5,83.775,23.567,31.648,28.56,MEDIUM,17,0,298.0,0,0,1
2018,5,fp1,ocon,27,5,95.333,25.43,35.17,34.733,MEDIUM,18,0,281.0,0,0,0
2018,5,fp1,max_verstappen,1,1,,,39.462,33.658,SOFT,1,1,237.0,0,0,0
2018,5,fp1,max_verstappen,2,1,81.023,22.957,30.036,28.03,SOFT,2,1,302.0,1,0,1
2018,5,fp1,max_verstappen,3,1,102.241,28.549,37.507,36.185,SOFT,3,1,284.0,0,0,1
2018,5,fp1,max_verstappen,4,1,80.14,22.602,29.917,27.621,SOFT,4,1,309.0,1,0,1
2018,5,fp1,max_verstappen,5,1,103.341,28.668,40.791,33.882,SOFT,5,1,284.0,0,0,1
2018,5,fp1,max_verstappen,6,1,81.31,22.441,29.626,29.243,SOFT,6,1,306.0,0,0,1
2018,5,fp1,max_verstappen,7,1,94.507,29.048,34.988,30.471,SOFT,7,1,282.0,0,0,1
2018,5,fp1,max_verstappen,8,1,119.376,32.479,44.902,41.995,SOFT,8,1,306.0,0,0,0
2018,5,fp1,max_verstappen,9,2,,,33.531,29.861,MEDIUM,1,1,234.0,0,0,0
2018,5,fp1,max_verstappen,10,2,80.542,22.702,30.305,27.535,MEDIUM,2,1,303.0,0,0,1
2018,5,fp1,max_verstappen,11,2,93.849,26.032,34.311,33.506,MEDIUM,3,1,286.0,0,0,1
2018,5,fp1,max_verstappen,12,2,80.064,22.563,30.075,27.426,MEDIUM,4,1,306.0,1,0,1
2018,5,fp1,max_verstappen,13,2,96.461,28.011,37.603,30.847,MEDIUM,5,1,284.0,0,0,1
2018,5,fp1,max_verstappen,14,2,80.142,22.56,29.883,27.699,MEDIUM,6,1,306.0,0,0,1
2018,5,fp1,max_verstappen,15,2,91.427,27.076,34.745,29.606,MEDIUM,7,1,269.0,0,0,1
2018,5,fp1,max_verstappen,16,2,79.663,22.606,29.764,27.293,MEDIUM,8,1,303.0,1,0,1
2018,5,fp1,max_verstappen,17,2,89.218,24.501,31.807,32.91,MEDIUM,9,1,286.0,0,0,0
2018,5,fp1,max_verstappen,18,3,133.847,65.111,32.067,36.669,MEDIUM,10,0,232.0,0,0,0
2018,5,fp1,max_verstappen,19,3,81.05,22.522,30.431,28.097,MEDIUM,11,0,307.0,0,0,1
2018,5,fp1,max_verstappen,20,3,91.357,24.946,34.384,32.027,MEDIUM,12,0,289.0,0,0,1
2018,5,fp1,max_verstappen,21,3,79.524,22.369,29.695,27.46,MEDIUM,13,0,308.0,1,0,1
2018,5,fp1,max_verstappen,22,3,97.504,24.816,36.649,36.039,MEDIUM,14,0,295.0,0,0,1
2018,5,fp1,max_verstappen,23,3,79.26,22.395,29.685,27.18,MEDIUM,15,0,308.0,1,0,1
2018,5,fp1,max_verstappen,24,3,88.497,25.228,33.08,30.189,MEDIUM,16,0,290.0,0,0,1
2018,5,fp1,max_verstappen,25,3,79.187,22.306,29.548,27.333,MEDIUM,17,0,304.0,1,0,1
2018,5,fp1,max_verstappen,26,3,96.833,25.783,32.712,38.338,MEDIUM,18,0,293.0,0,0,0
2018,5,fp1,kubica,1,,,,37.413,38.41,,,1,224.0,0,0,0
2018,5,fp1,kubica,2,1,,,34.025,32.203,SUPERSOFT,1,1,236.0,0,0,0
2018,5,fp1,kubica,3,1,84.278,23.114,31.634,29.53,SUPERSOFT,2,1,311.0,1,0,0
2018,5,fp1,kubica,4,1,83.386,23.016,31.259,29.111,SUPERSOFT,3,1,310.0,1,0,0
2018,5,fp1,kubica,5,1,91.66,25.887,35.236,30.537,SUPERSOFT,4,1,298.0,0,0,0
2018,5,fp1,kubica,6,1,83.259,23.008,31.02,29.231,SUPERSOFT,5,1,311.0,1,0,0
2018,5,fp1,kubica,7,1,93.123,25.714,35.675,31.734,SUPERSOFT,6,1,298.0,0,0,0
2018,5,fp1,kubica,8,1,88.208,23.041,33.239,31.928,SUPERSOFT,7,1,311.0,0,0,1
2018,5,fp1,kubica,9,1,84.275,23.33,31.205,29.74,SUPERSOFT,8,1,312.0,0,0,1
2018,5,fp1,kubica,10,1,99.032,25.496,34.878,38.658,SUPERSOFT,9,1,299.0,0,0,0
2018,5,fp1,kubica,11,2,,,37.197,32.408,SUPERSOFT,1,1,229.0,0,0,0
2018,5,fp1,kubica,12,2,96.503,22.907,30.783,42.813,SUPERSOFT,2,1,311.0,0,0,1
2018,5,fp1,kubica,13,2,118.637,28.638,50.373,39.626,SUPERSOFT,3,1,275.0,0,0,0
2018,5,fp1,kubica,14,2,119.631,34.265,47.334,38.032,SUPERSOFT,4,1,164.0,0,0,0
2018,5,fp1,kubica,15,2,94.403,30.693,33.703,30.007,SUPERSOFT,5,1,191.0,0,0,0
2018,5,fp1,kubica,16,2,82.205,22.879,30.963,28.363,SUPERSOFT,6,1,310.0,1,0,1
2018,5,fp1,kubica,17,2,90.839,26.146,34.51,30.183,SUPERSOFT,7,1,294.0,0,0,1
2018,5,fp1,kubica,18,2,81.51,22.723,30.562,28.225,SUPERSOFT,8,1,311.0,1,0,1
2018,5,fp1,kubica,19,2,84.686,24.074,31.794,28.818,SUPERSOFT,9,1,297.0,0,0,1
2018,5,fp1,kubica,20,2,93.563,24.056,34.397,35.11,SUPERSOFT,10,1,295.0,0,0,0
2018,5,fp1,kubica,21,3,,,35.647,30.652,SUPERSOFT,1,0,232.0,0,0,0
2018,5,fp1,kubica,22,3,83.201,23.677,31.157,28.367,SUPERSOFT,2,0,312.0,0,0,1
2018,5,fp1,kubica,23,3,83.038,22.915,31.397,28.726,SUPERSOFT,3,0,313.0,0,0,1
2018,5,fp1,kubica,24,3,92.28,23.73,31.733,36.817,SUPERSOFT,4,0,303.0,0,0,0
2018,5,fp1,hamilton,1,1,,,33.526,34.286,SOFT,1,1,228.0,0,0,0
2018,5,fp1,hamilton,2,1,80.7,22.582,30.078,28.04,SOFT,2,1,310.0,1,0,0
2018,5,fp1,hamilton,3,1,97.428,28.27,39.284,29.874,SOFT,3,1,297.0,0,0,1
2018,5,fp1,hamilton,4,1,78.997,22.192,29.51,27.295,SOFT,4,1,316.0,1,0,1
2018,5,fp1,hamilton,5,1,119.416,36.933,48.534,33.949,SOFT,5,1,292.0,0,0,1
2018,5,fp1,hamilton,6,1,95.943,22.213,37.153,36.577,SOFT,6,1,313.0,0,0,1
2018,5,fp1,hamilton,7,1,89.322,24.927,33.988,30.407,SOFT,7,1,315.0,0,0,1
2018,5,fp1,hamilton,8,1,94.98,22.664,35.066,37.25,SOFT,8,1,319.0,0,0,1
2018,5,fp1,hamilton,9,1,89.822,22.107,29.391,38.324,SOFT,9,1,313.0,0,0,0
2018,5,fp1,hamilton,10,1,,,33.582,29.197,SOFT,10,1,239.0,0,0,0
2018,5,fp1,hamilton,11,2,79.701,22.292,29.563,27.846,MEDIUM,1,1,313.0,0,0,1
2018,5,fp1,hamilton,12,2,98.472,28.313,38.734,31.425,MEDIUM,2,1,272.0,0,0,1
2018,5,fp1,hamilton,13,2,79.297,22.179,29.398,27.72,MEDIUM,3,1,315.0,0,0,1
2018,5,fp1,hamilton,14,2,112.619,29.563,38.673,44.383,MEDIUM,4,1,213.0,0,0,0
2018,5,fp1,hamilton,15,3,,,33.863,32.365,MEDIUM,6,0,213.0,0,0,0
2018,5,fp1,hamilton,16,3,83.469,23.636,31.218,28.615,MEDIUM,7,0,298.0,0,0,1
2018,5,fp1,hamilton,17,3,87.601,23.279,30.86,33.462,MEDIUM,8,0,303.0,0,0,1
2018,5,fp1,hamilton,18,3,82.399,23.369,30.813,28.217,MEDIUM,9,0,298.0,0,0,1
2018,5,fp1,hamilton,19,3,83.905,23.461,32.031,28.413,MEDIUM,10,0,293.0,0,0,1
2018,5,fp1,hamilton,20,3,82.348,23.361,30.85,28.137,MEDIUM,11,0,299.0,0,0,1
2018,5,fp1,hamilton,21,3,83.854,23.513,31.579,28.762,MEDIUM,12,0,295.0,0,0,1
2018,5,fp1,hamilton,22,3,93.793,27.492,33.521,32.78,MEDIUM,13,0,252.0,0,0,0
2018,5,fp1,sainz,1,,,,37.162,38.784,,,1,227.0,0,0,0
2018,5,fp1,sainz,2,1,,92.325,36.141,35.426,MEDIUM,2,0,232.0,0,0,0
2018,5,fp1,sainz,3,2,,,33.968,31.75,MEDIUM,3,0,234.0,0,0,0
2018,5,fp1,sainz,4,2,82.249,23.216,30.892,28.141,MEDIUM,4,0,309.0,1,0,1
2018,5,fp1,sainz,5,2,86.096,23.129,32.245,30.722,MEDIUM,5,0,305.0,0,0,1
2018,5,fp1,sainz,6,2,86.023,23.513,30.996,31.514,MEDIUM,6,0,309.0,0,0,1
2018,5,fp1,sainz,7,2,81.481,22.898,30.452,28.131,MEDIUM,7,0,307.0,1,0,1
2018,5,fp1,sainz,8,2,95.246,26.656,36.007,32.583,MEDIUM,8,0,293.0,0,0,1
2018,5,fp1,sainz,9,2,85.115,22.847,30.202,32.066,MEDIUM,9,0,308.0,0,0,1
2018,5,fp1,sainz,10,2,108.116,22.881,42.137,43.098,MEDIUM,10,0,308.0,0,0,0
2018,5,fp1,sainz,11,3,,,32.809,33.411,SUPERSOFT,1,1,226.0,0,0,0
2018,5,fp1,sainz,12,3,89.372,22.633,30.377,36.362,SUPERSOFT,2,1,306.0,0,0,1
2018,5,fp1,sainz,13,3,102.908,28.615,38.47,35.823,SUPERSOFT,3,1,271.0,0,0,1
2018,5,fp1,sainz,14,3,81.599,22.738,30.515,28.346,SUPERSOFT,4,1,307.0,0,0,1
2018,5,fp1,sainz,15,3,106.381,28.123,43.002,35.256,SUPERSOFT,5,1,286.0,0,0,1
2018,5,fp1,sainz,16,3,81.053,22.732,30.168,28.153,SUPERSOFT,6,1,306.0,1,0,1
2018,5,fp1,sainz,17,3,124.014,37.684,43.931,42.399,SUPERSOFT,7,1,153.0,0,0,0
2018,5,fp1,sainz,18,4,,,32.318,31.377,SUPERSOFT,8,0,231.0,0,0,0
2018,5,fp1,sainz,19,4,81.706,22.682,30.639,28.385,SUPERSOFT,9,0,306.0,0,0,1
2018,5,fp1,sainz,20,4,109.17,29.764,40.96,38.446,SUPERSOFT,10,0,286.0,0,0,1
2018,5,fp1,sainz,21,4,81.273,22.739,30.516,28.018,SUPERSOFT,11,0,306.0,0,0,1
2018,5,fp1,sainz,22,4,113.214,28.885,43.748,40.581,SUPERSOFT,12,0,287.0,0,0,1
2018,5,fp1,sainz,23,4,96.401,22.769,35.191,38.441,SUPERSOFT,13,0,305.0,0,0,0
2018,5,fp1,sainz,24,5,137.04,72.607,33.095,31.338,SUPERSOFT,14,0,230.0,0,0,0
2018,5,fp1,sainz,25,5,82.33,23.426,30.802,28.102,SUPERSOFT,15,0,292.0,0,0,1
2018,5,fp1,sainz,26,5,82.468,23.262,30.757,28.449,SUPERSOFT,16,0,292.0,0,0,1
2018,5,fp1,sainz,27,5,83.475,23.336,31.514,28.625,SUPERSOFT,17,0,298.0,0,0,1
2018,5,fp1,sainz,28,5,105.281,25.597,43.372,36.312,SUPERSOFT,18,0,292.0,0,0,0
2018,5,fp1,bottas,1,1,,,33.5,33.303,SOFT,1,1,226.0,0,0,0
2018,5,fp1,bottas,2,1,87.725,22.217,30.446,35.062,SOFT,2,1,311.0,1,0,0
2018,5,fp1,bottas,3,1,105.622,22.123,29.486,54.013,SOFT,3,1,314.0,0,0,1
2018,5,fp1,bottas,4,1,99.82,28.799,39.647,31.374,SOFT,4,1,282.0,0,0,1
2018,5,fp1,bottas,5,1,78.703,22.199,29.285,27.219,SOFT,5,1,312.0,1,0,1
2018,5,fp1,bottas,6,1,107.252,28.606,41.532,37.114,SOFT,6,1,289.0,0,0,1
2018,5,fp1,bottas,7,1,78.695,22.101,29.089,27.505,SOFT,7,1,317.0,1,0,1
2018,5,fp1,bottas,8,1,97.236,26.019,35.964,35.253,SOFT,8,1,315.0,0,0,0
2018,5,fp1,bottas,9,1,,,35.79,33.207,SOFT,9,1,241.0,0,0,0
2018,5,fp1,bottas,10,1,78.499,22.176,29.139,27.184,SOFT,10,1,307.0,1,0,1
2018,5,fp1,bottas,11,1,106.873,29.109,43.105,34.659,SOFT,11,1,293.0,0,0,1
2018,5,fp1,bottas,12,1,78.441,22.112,29.069,27.26,SOFT,12,1,310.0,1,0,1
2018,5,fp1,bottas,13,2,105.414,28.968,40.86,35.586,SOFT,1,1,285.0,0,0,1
2018,5,fp1,bottas,14,2,91.425,22.109,29.464,39.852,SOFT,2,1,312.0,0,0,1
2018,5,fp1,bottas,15,2,103.614,29.318,41.367,32.929,SOFT,3,1,276.0,0,0,1
2018,5,fp1,bottas,16,2,106.924,22.179,45.582,39.163,SOFT,4,1,311.0,0,0,0
2018,5,fp1,bottas,17,2,124.337,32.714,46.871,44.752,SOFT,5,1,228.0,0,0,0
2018,5,fp1,bottas,18,2,94.185,28.019,32.346,33.82,SOFT,6,1,287.0,0,0,0
2018,5,fp1,bottas,19,2,78.148,22.09,28.994,27.064,SOFT,7,1,311.0,1,0,1
2018,5,fp1,bottas,20,2,95.467,26.813,35.275,33.379,SOFT,8,1,282.0,0,0,0
2018,5,fp1,bottas,21,3,,,38.736,34.254,SOFT,13,0,230.0,0,0,0
2018,5,fp1,bottas,22,3,83.349,23.335,31.396,28.618,SOFT,14,0,295.0,0,0,1
2018,5,fp1,bottas,23,3,82.726,23.403,30.925,28.398,SOFT,15,0,301.0,0,0,1
2018,5,fp1,bottas,24,3,83.442,23.313,31.16,28.969,SOFT,16,0,300.0,0,0,1
2018,5,fp1,bottas,25,3,83.721,23.538,31.401,28.782,SOFT,17,0,294.0,0,0,1
2018,5,fp1,bottas,26,3,89.505,23.364,35.378,30.763,SOFT,18,0,301.0,0,0,1
2018,5,fp1,bottas,27,3,83.136,23.438,31.064,28.634,SOFT,19,0,298.0,0,0,1
2018,5,fp1,bottas,28,3,83.897,23.549,31.254,29.094,SOFT,20,0,298.0,0,0,1
2018,5,fp1,bottas,29,3,83.2,23.244,31.284,28.672,SOFT,21,0,309.0,0,0,1
2018,5,fp1,bottas,30,3,83.463,23.479,31.117,28.867,SOFT,22,0,300.0,0,0,1
2018,5,fp1,bottas,31,3,83.065,23.336,31.159,28.57,SOFT,23,0,293.0,0,0,1
2018,5,fp1,bottas,32,3,101.934,26.451,35.525,39.958,SOFT,24,0,287.0,0,0,0
2018,5,fp2,vandoorne,1,1,,,33.171,30.964,SOFT,2,0,230.0,0,0,0
2018,5,fp2,vandoorne,2,1,80.617,22.479,30.194,27.944,SOFT,3,0,306.0,1,0,1
2018,5,fp2,vandoorne,3,1,96.999,27.876,34.263,34.86,SOFT,4,0,275.0,0,0,0
2018,5,fp2,vandoorne,4,2,108.134,45.441,33.16,29.533,SOFT,5,0,243.0,0,0,0
2018,5,fp2,vandoorne,5,2,79.996,22.474,29.894,27.628,SOFT,6,0,305.0,1,0,1
2018,5,fp2,vandoorne,6,2,94.268,27.079,36.822,30.367,SOFT,7,0,283.0,0,0,1
2018,5,fp2,vandoorne,7,2,79.742,22.485,29.674,27.583,SOFT,8,0,303.0,1,0,1
2018,5,fp2,vandoorne,8,2,93.619,25.722,33.548,34.349,SOFT,9,0,291.0,0,0,0
2018,5,fp2,vandoorne,9,3,,,34.151,30.009,SUPERSOFT,1,1,194.0,0,0,0
2018,5,fp2,vandoorne,10,3,93.63,22.289,39.223,32.118,SUPERSOFT,2,1,307.0,0,0,1
2018,5,fp2,vandoorne,11,3,88.547,22.339,29.861,36.347,SUPERSOFT,3,1,307.0,0,0,1
2018,5,fp2,vandoorne,12,3,93.229,27.025,35.41,30.794,SUPERSOFT,4,1,284.0,0,0,1
2018,5,fp2,vandoorne,13,3,87.074,23.922,33.376,29.776,SUPERSOFT,5,1,306.0,0,0,1
2018,5,fp2,vandoorne,14,3,79.722,22.366,29.741,27.615,SUPERSOFT,6,1,309.0,1,0,1
2018,5,fp2,vandoorne,15,3,93.066,26.342,33.455,33.269,SUPERSOFT,7,1,287.0,0,0,0
2018,5,fp2,vandoorne,16,4,,,36.859,35.336,SUPERSOFT,8,0,197.0,0,0,0
2018,5,fp2,vandoorne,17,5,130.023,66.383,32.948,30.692,SUPERSOFT,9,0,238.0,0,0,0
2018,5,fp2,vandoorne,18,5,82.82,23.125,31.163,28.532,SUPERSOFT,10,0,309.0,0,0,1
2018,5,fp2,vandoorne,19,5,85.368,23.596,32.656,29.116,SUPERSOFT,11,0,294.0,0,0,1
2018,5,fp2,vandoorne,20,5,88.497,25.556,32.555,30.386,SUPERSOFT,12,0,321.0,0,0,1
2018,5,fp2,vandoorne,21,5,85.368,23.463,33.155,28.75,SUPERSOFT,13,0,294.0,0,0,1
2018,5,fp2,vandoorne,22,5,84.051,23.763,31.502,28.786,SUPERSOFT,14,0,296.0,0,0,1
2018,5,fp2,vandoorne,23,5,86.264,23.412,32.517,30.335,SUPERSOFT,15,0,316.0,0,0,0
2018,5,fp2,vandoorne,24,5,123.253,36.973,47.995,38.285,SUPERSOFT,16,0,220.0,0,0,0
2018,5,fp2,vandoorne,25,6,120.241,53.52,38.277,28.444,SOFT,10,0,243.0,0,0,0
2018,5,fp2,vandoorne,26,6,83.176,23.653,31.162,28.361,SOFT,11,0,291.0,0,0,1
2018,5,fp2,vandoorne,27,6,83.197,23.669,31.058,28.47,SOFT,12,0,292.0,0,0,1
2018,5,fp2,vandoorne,28,6,83.442,23.675,31.14,28.627,SOFT,13,0,290.0,0,0,1
2018,5,fp2,vandoorne,29,6,83.328,23.573,31.252,28.503,SOFT,14,0,293.0,0,0,1
2018,5,fp2,vandoorne,30,6,83.422,23.634,31.138,28.65,SOFT,15,0,291.0,0,0,1
2018,5,fp2,vandoorne,31,6,84.294,23.534,31.877,28.883,SOFT,16,0,313.0,0,0,1
2018,5,fp2,vandoorne,32,6,,23.698,34.473,,SOFT,17,0,320.0,0,0,0
2018,5,fp2,ricciardo,1,1,,,34.076,32.914,SOFT,1,1,219.0,0,0,0
2018,5,fp2,ricciardo,2,1,80.408,22.403,29.748,28.257,SOFT,2,1,309.0,1,0,1
2018,5,fp2,ricciardo,3,1,107.084,29.103,41.061,36.92,SOFT,3,1,290.0,0,0,1
2018,5,fp2,ricciardo,4,1,99.317,22.414,39.511,37.392,SOFT,4,1,311.0,0,0,0
2018,5,fp2,ricciardo,5,2,121.755,53.825,37.105,30.825,SOFT,5,0,230.0,0,0,0
2018,5,fp2,ricciardo,6,2,79.104,22.359,29.553,27.192,SOFT,6,0,309.0,1,0,1
2018,5,fp2,ricciardo,7,2,101.535,27.385,40.355,33.795,SOFT,7,0,289.0,0,0,1
2018,5,fp2,ricciardo,8,2,78.976,22.348,29.389,27.239,SOFT,8,0,305.0,1,0,1
2018,5,fp2,ricciardo,9,2,102.006,27.939,41.418,32.649,SOFT,9,0,285.0,0,0,1
2018,5,fp2,ricciardo,10,2,78.392,22.246,29.235,26.911,SOFT,10,0,308.0,1,0,1
2018,5,fp2,ricciardo,11,2,96.569,26.047,34.801,35.721,SOFT,11,0,289.0,0,0,0
2018,5,fp2,ricciardo,12,3,,,36.061,33.716,SUPERSOFT,1,1,212.0,0,0,0
2018,5,fp2,ricciardo,13,3,92.205,22.42,35.269,34.516,SUPERSOFT,2,1,305.0,0,0,1
2018,5,fp2,ricciardo,14,3,106.181,31.992,41.643,32.546,SUPERSOFT,3,1,276.0,0,0,1
2018,5,fp2,ricciardo,15,3,78.698,22.395,29.341,26.962,SUPERSOFT,4,1,305.0,0,0,1
2018,5,fp2,ricciardo,16,3,98.895,26.091,36.361,36.443,SUPERSOFT,5,1,287.0,0,0,0
2018,5,fp2,ricciardo,17,4,137.661,57.656,45.178,34.827,SUPERSOFT,6,0,168.0,0,0,0
2018,5,fp2,ricciardo,18,4,87.452,22.462,30.048,34.942,SUPERSOFT,7,0,305.0,0,0,0
2018,5,fp2,ricciardo,19,5,,,39.925,32.349,SUPERSOFT,8,0,196.0,0,0,0
2018,5,fp2,ricciardo,20,5,83.326,23.695,31.365,28.266,SUPERSOFT,9,0,293.0,0,0,1
2018,5,fp2,ricciardo,21,5,82.779,23.733,31.143,27.903,SUPERSOFT,10,0,288.0,0,0,1
2018,5,fp2,ricciardo,22,5,83.209,23.616,31.12,28.473,SUPERSOFT,11,0,285.0,0,0,1
2018,5,fp2,ricciardo,23,5,84.103,23.645,31.591,28.867,SUPERSOFT,12,0,300.0,0,0,1
2018,5,fp2,ricciardo,24,5,82.672,23.35,31.156,28.166,SUPERSOFT,13,0,309.0,0,0,1
2018,5,fp2,ricciardo,25,5,82.798,23.464,31.103,28.231,SUPERSOFT,14,0,309.0,0,0,1
2018,5,fp2,ricciardo,26,5,83.555,23.555,31.737,28.263,SUPERSOFT,15,0,325.0,0,0,1
2018,5,fp2,ricciardo,27,5,82.547,23.478,30.919,28.15,SUPERSOFT,16,0,289.0,0,0,1
2018,5,fp2,ricciardo,28,5,85.654,23.372,30.919,31.363,SUPERSOFT,17,0,291.0,0,0,0
2018,5,fp2,ricciardo,29,6,131.695,57.43,32.292,41.973,SOFT,12,0,237.0,0,0,0
2018,5,fp2,ricciardo,30,6,81.851,23.391,30.691,27.769,SOFT,13,0,293.0,0,0,1
2018,5,fp2,ricciardo,31,6,87.066,23.39,31.142,32.534,SOFT,14,0,291.0,0,0,1
2018,5,fp2,ricciardo,32,6,95.361,23.349,31.79,40.222,SOFT,15,0,294.0,0,0,0
2018,5,fp2,ricciardo,33,6,127.529,35.231,52.033,40.265,SOFT,16,0,144.0,0,0,0
2018,5,fp2,ricciardo,34,6,95.773,29.412,33.506,32.855,SOFT,17,0,264.0,0,0,0
2018,5,fp2,ricciardo,35,6,81.498,23.338,30.593,27.567,SOFT,18,0,295.0,0,0,1
2018,5,fp2,ricciardo,36,6,92.694,23.425,33.624,35.645,SOFT,19,0,298.0,0,0,1
2018,5,fp2,ricciardo,37,6,81.265,23.305,30.358,27.602,SOFT,20,0,294.0,0,0,1
2018,5,fp2,ricciardo,38,6,81.423,23.22,30.546,27.657,SOFT,21,0,290.0,0,0,1
2018,5,fp2,ricciardo,39,6,81.234,23.186,30.388,27.66,SOFT,22,0,291.0,0,0,1
2018,5,fp2,ricciardo,40,6,81.304,23.131,30.406,27.767,SOFT,23,0,298.0,0,0,1
2018,5,fp2,ricciardo,41,6,89.268,23.525,31.363,34.38,SOFT,24,0,301.0,0,0,0
2018,5,fp2,vettel,1,1,,,37.621,36.109,SOFT,1,1,235.0,0,0,0
2018,5,fp2,vettel,2,1,79.421,22.435,29.595,27.391,SOFT,2,1,311.0,1,0,1
2018,5,fp2,vettel,3,1,101.44,27.584,37.636,36.22,SOFT,3,1,269.0,0,0,1
2018,5,fp2,vettel,4,1,79.074,22.051,29.842,27.181,SOFT,4,1,314.0,1,0,1
2018,5,fp2,vettel,5,1,105.11,27.642,41.754,35.714,SOFT,5,1,273.0,0,0,1
2018,5,fp2,vettel,6,1,78.904,22.3,29.386,27.218,SOFT,6,1,310.0,1,0,1
2018,5,fp2,vettel,7,1,99.092,27.215,35.172,36.705,SOFT,7,1,285.0,0,0,0
2018,5,fp2,vettel,8,2,,,34.033,35.727,SUPERSOFT,1,1,241.0,0,0,0
2018,5,fp2,vettel,9,2,83.229,22.081,29.487,31.661,SUPERSOFT,2,1,311.0,0,0,1
2018,5,fp2,vettel,10,2,102.662,28.557,37.238,36.867,SUPERSOFT,3,1,244.0,0,0,1
2018,5,fp2,vettel,11,2,78.585,22.113,29.428,27.044,SUPERSOFT,4,1,313.0,1,0,1
2018,5,fp2,vettel,12,2,99.511,26.768,35.811,36.932,SUPERSOFT,5,1,284.0,0,0,0
2018,5,fp2,vettel,13,3,143.481,66.545,37.609,39.327,SUPERSOFT,6,0,234.0,0,0,0
2018,5,fp2,vettel,14,4,,,32.7,29.644,SUPERSOFT,7,0,228.0,0,0,0
2018,5,fp2,vettel,15,4,83.034,23.525,31.251,28.258,SUPERSOFT,8,0,292.0,0,0,1
2018,5,fp2,vettel,16,4,82.722,23.276,31.056,28.39,SUPERSOFT,9,0,297.0,0,0,1
2018,5,fp2,vettel,17,4,83.921,23.509,31.451,28.961,SUPERSOFT,10,0,304.0,0,0,1
2018,5,fp2,vettel,18,4,82.765,23.085,31.157,28.523,SUPERSOFT,11,0,322.0,0,0,1
2018,5,fp2,vettel,19,4,83.182,23.399,31.013,28.77,SUPERSOFT,12,0,301.0,0,0,1
2018,5,fp2,vettel,20,4,85.868,23.513,33.729,28.626,SUPERSOFT,13,0,297.0,0,0,1
2018,5,fp2,vettel,21,4,82.923,23.511,31.005,28.407,SUPERSOFT,14,0,295.0,0,0,1
2018,5,fp2,vettel,22,4,82.996,23.402,30.978,28.616,SUPERSOFT,15,0,299.0,0,0,1
2018,5,fp2,vettel,23,4,87.489,23.912,32.161,31.416,SUPERSOFT,16,0,304.0,0,0,1
2018,5,fp2,vettel,24,4,83.146,23.484,31.257,28.405,SUPERSOFT,17,0,298.0,0,0,1
2018,5,fp2,vettel,25,4,84.453,23.586,31.654,29.213,SUPERSOFT,18,0,302.0,0,0,1
2018,5,fp2,vettel,26,4,83.049,23.001,31.215,28.833,SUPERSOFT,19,0,317.0,0,0,1
2018,5,fp2,vettel,27,4,117.279,33.633,46.834,36.812,SUPERSOFT,20,0,296.0,0,0,0
2018,5,fp2,vettel,28,5,135.181,57.058,43.427,34.696,SOFT,8,0,185.0,0,0,0
2018,5,fp2,vettel,29,6,118.919,55.262,31.615,32.042,SOFT,9,0,235.0,0,0,0
2018,5,fp2,vettel,30,6,95.402,28.086,31.344,35.972,SOFT,10,0,297.0,0,0,1
2018,5,fp2,vettel,31,6,81.513,23.304,30.426,27.783,SOFT,11,0,297.0,0,0,1
2018,5,fp2,vettel,32,6,80.928,22.977,30.362,27.589,SOFT,12,0,296.0,0,0,1
2018,5,fp2,vettel,33,6,81.585,23.081,30.543,27.961,SOFT,13,0,297.0,0,0,1
2018,5,fp2,vettel,34,6,86.783,23.127,32.01,31.646,SOFT,14,0,323.0,0,0,0
2018,5,fp2,raikkonen,1,1,,,36.523,41.277,SOFT,1,1,226.0,0,0,0
2018,5,fp2,raikkonen,2,1,89.408,22.249,29.791,37.368,SOFT,2,1,314.0,1,0,1
2018,5,fp2,raikkonen,3,1,103.378,26.536,36.447,40.395,SOFT,3,1,278.0,0,0,1
2018,5,fp2,raikkonen,4,1,92.956,22.944,36.417,33.595,SOFT,4,1,314.0,0,0,1
2018,5,fp2,raikkonen,5,1,79.212,22.083,29.382,27.747,SOFT,5,1,312.0,1,0,1
2018,5,fp2,raikkonen,6,1,110.012,28.669,45.454,35.889,SOFT,6,1,291.0,0,0,1
2018,5,fp2,raikkonen,7,1,78.829,22.224,29.333,27.272,SOFT,7,1,309.0,1,0,1
2018,5,fp2,raikkonen,8,1,97.754,26.016,35.415,36.323,SOFT,8,1,291.0,0,0,0
2018,5,fp2,raikkonen,9,2,,,33.55,33.008,SUPERSOFT,1,1,240.0,0,0,0
2018,5,fp2,raikkonen,10,2,92.855,22.195,34.707,35.953,SUPERSOFT,2,1,308.0,0,0,0
2018,5,fp2,raikkonen,11,3,142.856,63.949,41.266,37.641,SUPERSOFT,3,0,223.0,0,0,0
2018,5,fp2,raikkonen,12,3,78.917,22.197,29.26,27.46,SUPERSOFT,4,0,313.0,0,0,1
2018,5,fp2,raikkonen,13,3,116.4,26.08,52.361,37.959,SUPERSOFT,5,0,286.0,0,0,1
2018,5,fp2,raikkonen,14,3,118.837,22.069,60.278,36.49,SUPERSOFT,6,0,311.0,0,0,1
2018,5,fp2,raikkonen,15,3,93.068,23.496,32.553,37.019,SUPERSOFT,7,0,309.0,0,0,1
2018,5,fp2,raikkonen,16,3,142.839,22.179,32.627,88.033,SUPERSOFT,8,0,317.0,0,0,0
2018,5,fp2,grosjean,1,,,,32.522,29.195,,,1,223.0,0,0,0
2018,5,fp2,grosjean,2,,81.454,22.505,30.217,28.732,,,1,311.0,1,0,0
2018,5,fp2,grosjean,3,1,89.418,23.376,35.151,30.891,MEDIUM,1,1,311.0,0,0,0
2018,5,fp2,grosjean,4,1,,22.38,35.151,,MEDIUM,2,1,310.0,0,0,0
2018,5,fp2,grosjean,5,2,,,37.532,32.667,SUPERSOFT,1,1,239.0,0,0,0
2018,5,fp2,grosjean,6,2,80.257,22.362,29.887,28.008,SUPERSOFT,2,1,312.0,1,0,1
2018,5,fp2,grosjean,7,2,104.93,29.497,43.399,32.034,SUPERSOFT,3,1,296.0,0,0,1
2018,5,fp2,grosjean,8,2,79.766,22.148,29.521,28.097,SUPERSOFT,4,1,313.0,1,0,1
2018,5,fp2,grosjean,9,2,104.004,29.643,40.58,33.781,SUPERSOFT,5,1,290.0,0,0,1
2018,5,fp2,grosjean,10,2,79.579,22.15,29.451,27.978,SUPERSOFT,6,1,313.0,1,0,1
2018,5,fp2,grosjean,11,2,95.577,25.776,35.96,33.841,SUPERSOFT,7,1,300.0,0,0,0
2018,5,fp2,grosjean,12,3,,,32.388,30.767,SUPERSOFT,2,0,224.0,0,0,0
2018,5,fp2,grosjean,13,3,83.983,23.511,31.618,28.854,SUPERSOFT,3,0,302.0,0,0,1
2018,5,fp2,grosjean,14,3,85.901,23.751,32.874,29.276,SUPERSOFT,4,0,302.0,0,0,1
2018,5,fp2,grosjean,15,3,85.101,23.462,32.133,29.506,SUPERSOFT,5,0,301.0,0,0,1
2018,5,fp2,grosjean,16,3,102.289,23.933,40.497,37.859,SUPERSOFT,6,0,302.0,0,0,0
2018,5,fp2,grosjean,17,3,121.636,34.543,48.353,38.74,SUPERSOFT,7,0,225.0,0,0,0
2018,5,fp2,grosjean,18,3,95.185,30.68,31.809,32.696,SUPERSOFT,8,0,224.0,0,0,0
2018,5,fp2,grosjean,19,3,83.849,23.626,31.381,28.842,SUPERSOFT,9,0,299.0,0,0,1
2018,5,fp2,grosjean,20,3,93.048,24.933,31.566,36.549,SUPERSOFT,10,0,301.0,0,0,1
2018,5,fp2,grosjean,21,3,83.422,23.383,31.033,29.006,SUPERSOFT,11,0,304.0,0,0,1
2018,5,fp2,grosjean,22,3,83.88,23.692,31.376,28.812,SUPERSOFT,12,0,300.0,0,0,1
2018,5,fp2,grosjean,23,3,83.675,23.555,31.345,28.775,SUPERSOFT,13,0,299.0,0,0,1
2018,5,fp2,grosjean,24,3,93.364,23.475,33.9,35.989,SUPERSOFT,14,0,301.0,0,0,0
2018,5,fp2,ericsson,1,1,,,36.345,32.237,SOFT,1,1,240.0,0,0,0
2018,5,fp2,ericsson,2,1,87.489,22.711,30.56,34.218,SOFT,2,1,312.0,1,0,0
2018,5,fp2,ericsson,3,1,119.801,34.02,45.76,40.021,SOFT,3,1,267.0,0,0,0
2018,5,fp2,ericsson,4,1,127.617,35.343,47.296,44.978,SOFT,4,1,219.0,0,0,0
2018,5,fp2,ericsson,5,1,103.881,29.599,42.73,31.552,SOFT,5,1,253.0,0,0,0
2018,5,fp2,ericsson,6,1,96.28,22.646,36.733,36.901,SOFT,6,1,313.0,0,0,1
2018,5,fp2,ericsson,7,1,81.894,22.583,30.904,28.407,SOFT,7,1,322.0,1,0,1
2018,5,fp2,ericsson,8,1,113.25,26.981,44.117,42.152,SOFT,8,1,292.0,0,0,1
2018,5,fp2,ericsson,9,1,80.907,22.395,30.331,28.181,SOFT,9,1,317.0,1,0,1
2018,5,fp2,ericsson,10,1,114.733,27.99,47.549,39.194,SOFT,10,1,309.0,0,0,1
2018,5,fp2,ericsson,11,1,80.588,22.339,30.125,28.124,SOFT,11,1,317.0,1,0,1
2018,5,fp2,ericsson,12,1,113.05,25.101,41.492,46.457,SOFT,12,1,295.0,0,0,0
2018,5,fp2,ericsson,13,2,,,40.69,34.348,SUPERSOFT,1,1,240.0,0,0,0
2018,5,fp2,ericsson,14,2,80.501,22.27,30.275,27.956,SUPERSOFT,2,1,317.0,1,0,1
2018,5,fp2,ericsson,15,2,116.257,28.866,47.998,39.393,SUPERSOFT,3,1,290.0,0,0,1
2018,5,fp2,ericsson,16,2,81.115,22.313,30.352,28.45,SUPERSOFT,4,1,315.0,0,0,1
2018,5,fp2,ericsson,17,2,100.94,26.439,39.136,35.365,SUPERSOFT,5,1,286.0,0,0,0
2018,5,fp2,ericsson,18,3,,,32.749,30.956,SOFT,13,0,239.0,0,0,0
2018,5,fp2,ericsson,19,3,85.086,23.721,31.905,29.46,SOFT,14,0,319.0,0,0,1
2018,5,fp2,ericsson,20,3,84.461,23.399,31.711,29.351,SOFT,15,0,321.0,0,0,1
2018,5,fp2,ericsson,21,3,85.287,23.707,32.009,29.571,SOFT,16,0,298.0,0,0,1
2018,5,fp2,ericsson,22,3,85.191,23.74,32.135,29.316,SOFT,17,0,299.0,0,0,1
2018,5,fp2,ericsson,23,3,84.985,23.8,31.839,29.346,SOFT,18,0,300.0,0,0,1
2018,5,fp2,ericsson,24,3,85.036,23.703,32.018,29.315,SOFT,19,0,299.0,0,0,1
2018,5,fp2,ericsson,25,3,86.972,23.69,33.522,29.76,SOFT,20,0,298.0,0,0,1
2018,5,fp2,ericsson,26,3,85.551,23.77,32.216,29.565,SOFT,21,0,305.0,0,0,1
2018,5,fp2,ericsson,27,3,86.643,24.617,32.453,29.573,SOFT,22,0,303.0,0,0,1
2018,5,fp2,ericsson,28,3,85.574,23.85,32.175,29.549,SOFT,23,0,303.0,0,0,1
2018,5,fp2,ericsson,29,3,85.378,23.732,32.183,29.463,SOFT,24,0,303.0,0,0,1
2018,5,fp2,ericsson,30,3,85.78,23.964,32.144,29.672,SOFT,25,0,303.0,0,0,1
2018,5,fp2,ericsson,31,3,86.921,24.734,32.44,29.747,SOFT,26,0,300.0,0,0,1
2018,5,fp2,ericsson,32,3,89.326,25.801,33.847,29.678,SOFT,27,0,304.0,0,0,1
2018,5,fp2,ericsson,33,3,87.867,24.867,32.763,30.237,SOFT,28,0,301.0,0,0,1
2018,5,fp2,ericsson,34,3,85.701,23.989,32.277,29.435,SOFT,29,0,306.0,0,0,1
2018,5,fp2,ericsson,35,3,89.993,24.202,33.059,32.732,SOFT,30,0,303.0,0,0,1
2018,5,fp2,ericsson,36,3,92.773,24.224,32.51,36.039,SOFT,31,0,310.0,0,0,0
2018,5,fp2,ericsson,37,4,,56.522,50.696,48.021,SUPERSOFT,6,0,252.0,0,0,0
2018,5,fp2,gasly,1,1,,,47.454,42.688,SOFT,1,1,212.0,0,0,0
2018,5,fp2,gasly,2,2,,,35.687,32.702,SOFT,2,0,220.0,0,0,0
2018,5,fp2,gasly,3,2,96.259,26.398,35.771,34.09,SOFT,3,0,283.0,1,0,1
2018,5,fp2,gasly,4,2,80.653,22.575,30.255,27.823,SOFT,4,0,317.0,1,0,1
2018,5,fp2,gasly,5,2,100.135,28.071,38.883,33.181,SOFT,5,0,288.0,0,0,1
2018,5,fp2,gasly,6,2,80.603,22.589,29.938,28.076,SOFT,6,0,309.0,1,0,1
2018,5,fp2,gasly,7,2,102.818,29.643,39.65,33.525,SOFT,7,0,291.0,0,0,1
2018,5,fp2,gasly,8,2,93.999,23.285,35.807,34.907,SOFT,8,0,311.0,0,0,0
2018,5,fp2,gasly,9,3,,,35.991,40.768,SUPERSOFT,1,1,209.0,0,0,0
2018,5,fp2,gasly,10,3,80.403,22.518,30.149,27.736,SUPERSOFT,2,1,315.0,1,0,1
2018,5,fp2,gasly,11,3,105.575,30.551,39.224,35.8,SUPERSOFT,3,1,291.0,0,0,1
2018,5,fp2,gasly,12,3,80.373,22.618,30.074,27.681,SUPERSOFT,4,1,309.0,1,0,1
2018,5,fp2,gasly,13,3,99.19,26.414,37.13,35.646,SUPERSOFT,5,1,281.0,0,0,0
2018,5,fp2,gasly,14,4,,,34.059,31.282,SUPERSOFT,6,0,239.0,0,0,0
2018,5,fp2,gasly,15,4,88.106,24.478,32.225,31.403,SUPERSOFT,7,0,318.0,0,0,1
2018,5,fp2,gasly,16,4,84.602,23.889,31.523,29.19,SUPERSOFT,8,0,288.0,0,0,1
2018,5,fp2,gasly,17,4,87.034,23.255,32.02,31.759,SUPERSOFT,9,0,323.0,0,0,1
2018,5,fp2,gasly,18,4,84.237,23.884,31.417,28.936,SUPERSOFT,10,0,289.0,0,0,1
2018,5,fp2,gasly,19,4,84.693,23.773,31.867,29.053,SUPERSOFT,11,0,293.0,0,0,1
2018,5,fp2,gasly,20,4,86.438,25.13,32.199,29.109,SUPERSOFT,12,0,332.0,0,0,1
2018,5,fp2,gasly,21,4,86.834,23.703,33.833,29.298,SUPERSOFT,13,0,295.0,0,0,1
2018,5,fp2,gasly,22,4,84.319,23.883,31.613,28.823,SUPERSOFT,14,0,293.0,0,0,1
2018,5,fp2,gasly,23,4,92.121,23.895,32.512,35.714,SUPERSOFT,15,0,293.0,0,0,0
2018,5,fp2,gasly,24,5,139.599,51.923,47.596,40.08,SOFT,9,0,244.0,0,0,0
2018,5,fp2,gasly,25,5,97.311,32.999,35.665,28.647,SOFT,10,0,236.0,0,0,0
2018,5,fp2,gasly,26,5,84.303,23.998,31.604,28.701,SOFT,11,0,297.0,0,0,1
2018,5,fp2,gasly,27,5,83.475,23.612,31.467,28.396,SOFT,12,0,294.0,0,0,1
2018,5,fp2,gasly,28,5,83.345,23.704,31.38,28.261,SOFT,13,0,292.0,0,0,1
2018,5,fp2,gasly,29,5,83.917,23.706,31.702,28.509,SOFT,14,0,292.0,0,0,1
2018,5,fp2,gasly,30,5,83.794,23.804,31.385,28.605,SOFT,15,0,291.0,0,0,1
2018,5,fp2,gasly,31,5,83.468,23.73,31.272,28.466,SOFT,16,0,293.0,0,0,1
2018,5,fp2,gasly,32,5,107.114,31.096,39.272,36.746,SOFT,17,0,292.0,0,0,0
2018,5,fp2,perez,1,1,,,50.623,44.651,SOFT,1,1,228.0,0,0,0
2018,5,fp2,perez,2,2,,,37.299,36.64,SOFT,2,0,229.0,0,0,0
2018,5,fp2,perez,3,2,98.494,22.643,40.206,35.645,SOFT,3,0,313.0,1,0,1
2018,5,fp2,perez,4,2,104.188,27.218,37.293,39.677,SOFT,4,0,301.0,0,0,1
2018,5,fp2,perez,5,2,81.722,22.562,31.197,27.963,SOFT,5,0,316.0,1,0,1
2018,5,fp2,perez,6,2,102.769,28.433,38.447,35.889,SOFT,6,0,285.0,0,0,1
2018,5,fp2,perez,7,2,109.837,28.902,42.986,37.949,SOFT,7,0,304.0,0,0,1
2018,5,fp2,perez,8,2,80.442,22.519,30.18,27.743,SOFT,8,0,313.0,1,0,1
2018,5,fp2,perez,9,2,102.847,27.398,41.466,33.983,SOFT,9,0,272.0,0,0,1
2018,5,fp2,perez,10,2,105.226,29.18,41.314,34.732,SOFT,10,0,296.0,0,0,1
2018,5,fp2,perez,11,2,79.962,22.389,30.0,27.573,SOFT,11,0,314.0,1,0,1
2018,5,fp2,perez,12,2,102.63,27.181,37.997,37.452,SOFT,12,0,256.0,0,0,0
2018,5,fp2,perez,13,3,,,45.267,41.16,SUPERSOFT,1,1,221.0,0,0,0
2018,5,fp2,perez,14,3,80.317,22.364,30.159,27.794,SUPERSOFT,2,1,320.0,0,0,1
2018,5,fp2,perez,15,3,104.964,28.645,40.705,35.614,SUPERSOFT,3,1,248.0,0,0,1
2018,5,fp2,perez,16,3,119.067,31.232,45.388,42.447,SUPERSOFT,4,1,289.0,0,0,1
2018,5,fp2,perez,17,3,90.684,22.358,30.315,38.011,SUPERSOFT,5,1,315.0,0,0,0
2018,5,fp2,perez,18,4,,,35.282,31.134,SUPERSOFT,6,0,234.0,0,0,0
2018,5,fp2,perez,19,4,84.545,23.446,32.254,28.845,SUPERSOFT,7,0,299.0,0,0,1
2018,5,fp2,perez,20,4,85.467,24.141,31.93,29.396,SUPERSOFT,8,0,291.0,0,0,1
2018,5,fp2,perez,21,4,88.589,24.873,34.74,28.976,SUPERSOFT,9,0,308.0,0,0,1
2018,5,fp2,perez,22,4,88.848,24.235,35.31,29.303,SUPERSOFT,10,0,303.0,0,0,1
2018,5,fp2,perez,23,4,84.147,23.354,31.942,28.851,SUPERSOFT,11,0,319.0,0,0,1
2018,5,fp2,perez,24,4,83.987,23.591,31.739,28.657,SUPERSOFT,12,0,304.0,0,0,1
2018,5,fp2,perez,25,4,88.041,23.589,32.537,31.915,SUPERSOFT,13,0,303.0,0,0,1
2018,5,fp2,perez,26,4,84.288,23.406,31.912,28.97,SUPERSOFT,14,0,316.0,0,0,1
2018,5,fp2,perez,27,4,88.729,23.692,32.085,32.952,SUPERSOFT,15,0,306.0,0,0,0
2018,5,fp2,perez,28,5,,44.825,32.085,,SOFT,13,0,252.0,0,0,0
2018,5,fp2,alonso,1,1,,,47.752,43.437,MEDIUM,1,1,218.0,0,0,0
2018,5,fp2,alonso,2,2,,,33.058,31.352,MEDIUM,2,0,204.0,0,0,0
2018,5,fp2,alonso,3,2,81.223,22.638,30.309,28.276,MEDIUM,3,0,306.0,1,0,1
2018,5,fp2,alonso,4,2,94.647,26.116,35.216,33.315,MEDIUM,4,0,282.0,0,0,1
2018,5,fp2,alonso,5,2,80.515,22.493,29.956,28.066,MEDIUM,5,0,306.0,1,0,1
2018,5,fp2,alonso,6,2,103.515,26.866,38.02,38.629,MEDIUM,6,0,285.0,0,0,0
2018,5,fp2,alonso,7,2,,,33.452,30.39,MEDIUM,7,0,232.0,0,0,0
2018,5,fp2,alonso,8,3,80.035,22.501,29.812,27.722,MEDIUM,7,0,303.0,1,0,1
2018,5,fp2,alonso,9,3,94.386,26.512,34.939,32.935,MEDIUM,8,0,275.0,0,0,1
2018,5,fp2,alonso,10,3,91.094,22.382,36.334,32.378,MEDIUM,9,0,305.0,0,0,1
2018,5,fp2,alonso,11,3,80.131,22.457,29.948,27.726,MEDIUM,10,0,304.0,0,0,1
2018,5,fp2,alonso,12,3,99.048,27.447,37.148,34.453,MEDIUM,11,0,267.0,0,0,1
2018,5,fp2,alonso,13,3,86.459,22.518,29.787,34.154,MEDIUM,12,0,302.0,0,0,0
2018,5,fp2,alonso,14,4,,,34.866,30.504,SUPERSOFT,1,1,222.0,0,0,0
2018,5,fp2,alonso,15,4,93.435,22.266,38.925,32.244,SUPERSOFT,2,1,307.0,0,0,1
2018,5,fp2,alonso,16,4,80.34,22.397,30.073,27.87,SUPERSOFT,3,1,303.0,0,0,1
2018,5,fp2,alonso,17,4,106.988,28.871,40.175,37.942,SUPERSOFT,4,1,268.0,0,0,1
2018,5,fp2,alonso,18,4,86.017,22.465,31.51,32.042,SUPERSOFT,5,1,309.0,0,0,0
2018,5,fp2,alonso,19,5,,,32.534,29.752,SUPERSOFT,6,0,242.0,0,0,0
2018,5,fp2,alonso,20,5,80.743,22.541,30.122,28.08,SUPERSOFT,7,0,307.0,0,0,1
2018,5,fp2,alonso,21,5,92.656,24.683,33.034,34.939,SUPERSOFT,8,0,285.0,0,0,0
2018,5,fp2,alonso,22,6,115.613,52.449,32.97,30.194,SUPERSOFT,9,0,245.0,0,0,0
2018,5,fp2,alonso,23,6,81.079,22.485,30.066,28.528,SUPERSOFT,10,0,308.0,0,0,1
2018,5,fp2,alonso,24,6,91.568,26.586,32.133,32.849,SUPERSOFT,11,0,280.0,0,0,0
2018,5,fp2,alonso,25,7,,,40.01,36.912,MEDIUM,14,0,223.0,0,0,0
2018,5,fp2,alonso,26,8,118.376,57.958,31.42,28.998,MEDIUM,15,0,243.0,0,0,0
2018,5,fp2,alonso,27,8,98.485,23.557,32.043,42.885,MEDIUM,16,0,291.0,0,0,0
2018,5,fp2,alonso,28,9,,62.42,48.05,40.327,MEDIUM,17,0,239.0,0,0,0
2018,5,fp2,alonso,29,10,110.317,50.481,31.484,28.352,MEDIUM,18,0,238.0,0,0,0
2018,5,fp2,alonso,30,10,83.537,23.553,31.137,28.847,MEDIUM,19,0,292.0,0,0,1
2018,5,fp2,alonso,31,10,83.389,23.493,31.315,28.581,MEDIUM,20,0,292.0,0,0,1
2018,5,fp2,alonso,32,10,83.293,23.364,31.261,28.668,MEDIUM,21,0,297.0,0,0,1
2018,5,fp2,alonso,33,10,84.049,23.451,31.423,29.175,MEDIUM,22,0,294.0,0,0,1
2018,5,fp2,alonso,34,10,83.521,23.595,31.264,28.662,MEDIUM,23,0,292.0,0,0,1
2018,5,fp2,alonso,35,10,92.666,24.498,32.756,35.412,MEDIUM,24,0,290.0,0,0,0
2018,5,fp2,leclerc,1,1,,,49.236,39.914,MEDIUM,1,1,225.0,0,0,0
2018,5,fp2,leclerc,2,2,,,32.396,34.266,MEDIUM,2,0,244.0,0,0,0
2018,5,fp2,leclerc,3,2,81.68,22.738,30.773,28.169,MEDIUM,3,0,321.0,1,0,1
2018,5,fp2,leclerc,4,2,100.561,26.815,43.06,30.686,MEDIUM,4,0,296.0,0,0,1
2018,5,fp2,leclerc,5,2,81.319,22.545,30.578,28.196,MEDIUM,5,0,320.0,1,0,1
2018,5,fp2,leclerc,6,2,103.73,28.031,42.03,33.669,MEDIUM,6,0,292.0,0,0,1
2018,5,fp2,leclerc,7,2,80.885,22.523,30.362,28.0,MEDIUM,7,0,314.0,1,0,1
2018,5,fp2,leclerc,8,2,101.33,29.232,37.064,35.034,MEDIUM,8,0,291.0,0,0,0
2018,5,fp2,leclerc,9,3,,,34.847,31.48,SUPERSOFT,1,1,245.0,0,0,0
2018,5,fp2,leclerc,10,3,80.514,22.403,30.265,27.846,SUPERSOFT,2,1,316.0,1,0,1
2018,5,fp2,leclerc,11,3,103.882,28.472,41.91,33.5,SUPERSOFT,3,1,290.0,0,0,1
2018,5,fp2,leclerc,12,3,80.518,22.448,30.131,27.939,SUPERSOFT,4,1,313.0,0,0,1
2018,5,fp2,leclerc,13,3,98.484,26.157,36.327,36.0,SUPERSOFT,5,1,289.0,0,0,0
2018,5,fp2,leclerc,14,4,,,32.27,29.093,MEDIUM,9,0,236.0,0,0,0
2018,5,fp2,leclerc,15,4,83.454,23.269,31.437,28.748,MEDIUM,10,0,314.0,0,0,1
2018,5,fp2,leclerc,16,4,83.758,23.27,31.617,28.871,MEDIUM,11,0,322.0,0,0,1
2018,5,fp2,leclerc,17,4,83.863,23.233,31.648,28.982,MEDIUM,12,0,326.0,0,0,1
2018,5,fp2,leclerc,18,4,84.52,24.008,31.581,28.931,MEDIUM,13,0,299.0,0,0,1
2018,5,fp2,leclerc,19,4,84.182,23.833,31.545,28.804,MEDIUM,14,0,299.0,0,0,1
2018,5,fp2,leclerc,20,4,84.038,23.818,31.401,28.819,MEDIUM,15,0,300.0,0,0,1
2018,5,fp2,leclerc,21,4,84.036,23.734,31.443,28.859,MEDIUM,16,0,299.0,0,0,1
2018,5,fp2,leclerc,22,4,127.076,23.664,66.039,37.373,MEDIUM,17,0,303.0,0,0,0
2018,5,fp2,leclerc,23,5,,,32.307,29.256,MEDIUM,18,0,228.0,0,0,0
2018,5,fp2,leclerc,24,5,83.745,23.795,31.325,28.625,MEDIUM,19,0,300.0,0,0,1
2018,5,fp2,leclerc,25,5,84.103,23.912,31.589,28.602,MEDIUM,20,0,301.0,0,0,1
2018,5,fp2,leclerc,26,5,83.95,23.696,31.627,28.627,MEDIUM,21,0,303.0,0,0,1
2018,5,fp2,leclerc,27,5,83.826,23.709,31.512,28.605,MEDIUM,22,0,301.0,0,0,1
2018,5,fp2,leclerc,28,5,83.909,23.749,31.459,28.701,MEDIUM,23,0,300.0,0,0,1
2018,5,fp2,leclerc,29,5,89.642,23.832,31.606,34.204,MEDIUM,24,0,303.0,0,0,0
2018,5,fp2,stroll,1,1,,,34.215,45.365,MEDIUM,3,0,217.0,0,0,0
2018,5,fp2,stroll,2,1,83.234,23.317,31.513,28.404,MEDIUM,4,0,312.0,1,0,1
2018,5,fp2,stroll,3,1,102.879,25.926,36.538,40.415,MEDIUM,5,0,303.0,0,0,1
2018,5,fp2,stroll,4,1,82.055,22.733,30.979,28.343,MEDIUM,6,0,311.0,1,0,1
2018,5,fp2,stroll,5,1,104.829,26.998,38.258,39.573,MEDIUM,7,0,295.0,0,0,1
2018,5,fp2,stroll,6,1,81.781,22.737,30.77,28.274,MEDIUM,8,0,314.0,1,0,1
2018,5,fp2,stroll,7,1,97.373,27.48,36.023,33.87,MEDIUM,9,0,295.0,0,0,1
2018,5,fp2,stroll,8,1,81.556,22.723,30.6,28.233,MEDIUM,10,0,310.0,1,0,1
2018,5,fp2,stroll,9,1,98.43,27.163,34.546,36.721,MEDIUM,11,0,294.0,0,0,0
2018,5,fp2,stroll,10,2,,,40.435,36.951,SUPERSOFT,1,1,233.0,0,0,0
2018,5,fp2,stroll,11,2,81.806,22.652,30.815,28.339,SUPERSOFT,2,1,311.0,0,0,1
2018,5,fp2,stroll,12,2,110.995,30.105,44.415,36.475,SUPERSOFT,3,1,298.0,0,0,1
2018,5,fp2,stroll,13,2,81.725,22.8,30.72,28.205,SUPERSOFT,4,1,316.0,0,0,1
2018,5,fp2,stroll,14,2,123.828,31.708,51.275,40.845,SUPERSOFT,5,1,272.0,0,0,1
2018,5,fp2,stroll,15,2,108.686,28.512,40.917,39.257,SUPERSOFT,6,1,282.0,0,0,1
2018,5,fp2,stroll,16,2,91.068,22.822,30.737,37.509,SUPERSOFT,7,1,313.0,0,0,0
2018,5,fp2,stroll,17,3,,,36.024,35.785,SUPERSOFT,8,0,230.0,0,0,0
2018,5,fp2,stroll,18,4,117.07,55.348,32.649,29.073,SUPERSOFT,9,0,237.0,0,0,0
2018,5,fp2,stroll,19,4,85.329,24.061,32.131,29.137,SUPERSOFT,10,0,293.0,0,0,1
2018,5,fp2,stroll,20,4,85.778,24.204,32.07,29.504,SUPERSOFT,11,0,288.0,0,0,1
2018,5,fp2,stroll,21,4,91.934,23.974,32.587,35.373,SUPERSOFT,12,0,293.0,0,0,0
2018,5,fp2,stroll,22,5,107.14,45.467,32.62,29.053,MEDIUM,12,0,249.0,0,0,0
2018,5,fp2,stroll,23,5,84.83,23.46,32.026,29.344,MEDIUM,13,0,309.0,0,0,1
2018,5,fp2,stroll,24,5,87.863,24.197,32.498,31.168,MEDIUM,14,0,307.0,0,0,1
2018,5,fp2,stroll,25,5,84.737,23.805,31.891,29.041,MEDIUM,15,0,298.0,0,0,1
2018,5,fp2,stroll,26,5,85.3,23.795,32.273,29.232,MEDIUM,16,0,300.0,0,0,0
2018,5,fp2,stroll,27,5,122.876,35.36,47.88,39.636,MEDIUM,17,0,160.0,0,0,0
2018,5,fp2,stroll,28,5,114.56,33.345,47.342,33.873,MEDIUM,18,0,218.0,0,0,0
2018,5,fp2,stroll,29,5,84.455,24.096,31.675,28.684,MEDIUM,19,0,295.0,0,0,1
2018,5,fp2,stroll,30,5,84.613,23.668,31.752,29.193,MEDIUM,20,0,299.0,0,0,1
2018,5,fp2,stroll,31,5,84.269,23.724,31.798,28.747,MEDIUM,21,0,298.0,0,0,1
2018,5,fp2,stroll,32,5,84.545,23.726,31.934,28.885,MEDIUM,22,0,299.0,0,0,1
2018,5,fp2,stroll,33,5,86.118,24.647,32.299,29.172,MEDIUM,23,0,303.0,0,0,1
2018,5,fp2,stroll,34,5,89.194,24.288,34.198,30.708,MEDIUM,24,0,293.0,0,0,1
2018,5,fp2,stroll,35,5,106.226,26.061,41.089,39.076,MEDIUM,25,0,300.0,0,0,0
2018,5,fp2,kevin_magnussen,1,,,,38.815,32.776,,,1,236.0,0,0,0
2018,5,fp2,kevin_magnussen,2,1,81.164,22.458,30.15,28.556,SOFT,1,1,309.0,1,0,0
2018,5,fp2,kevin_magnussen,3,1,102.731,28.233,39.621,34.877,SOFT,2,1,310.0,0,0,1
2018,5,fp2,kevin_magnussen,4,1,121.972,35.168,46.186,40.618,SOFT,3,1,113.0,0,0,0
2018,5,fp2,kevin_magnussen,5,2,,,33.178,30.018,SOFT,5,0,244.0,0,0,0
2018,5,fp2,kevin_magnussen,6,2,79.98,22.387,29.76,27.833,SOFT,6,0,311.0,1,0,1
2018,5,fp2,kevin_magnussen,7,2,101.398,27.056,39.424,34.918,SOFT,7,0,314.0,0,0,1
2018,5,fp2,kevin_magnussen,8,2,79.878,22.303,29.811,27.764,SOFT,8,0,309.0,1,0,1
2018,5,fp2,kevin_magnussen,9,2,99.765,26.207,38.225,35.333,SOFT,9,0,307.0,0,0,0
2018,5,fp2,kevin_magnussen,10,3,,,39.355,34.372,SUPERSOFT,1,1,239.0,0,0,0
2018,5,fp2,kevin_magnussen,11,3,79.924,22.31,29.928,27.686,SUPERSOFT,2,1,309.0,0,0,1
2018,5,fp2,kevin_magnussen,12,3,110.829,28.904,44.27,37.655,SUPERSOFT,3,1,310.0,0,0,1
2018,5,fp2,kevin_magnussen,13,3,79.643,22.316,29.538,27.789,SUPERSOFT,4,1,310.0,1,0,1
2018,5,fp2,kevin_magnussen,14,3,93.841,25.465,35.421,32.955,SUPERSOFT,5,1,314.0,0,0,0
2018,5,fp2,kevin_magnussen,15,4,,,32.414,29.07,SUPERSOFT,6,0,227.0,0,0,0
2018,5,fp2,kevin_magnussen,16,4,82.575,23.02,30.987,28.568,SUPERSOFT,7,0,311.0,0,0,1
2018,5,fp2,kevin_magnussen,17,4,83.669,23.529,31.643,28.497,SUPERSOFT,8,0,296.0,0,0,1
2018,5,fp2,kevin_magnussen,18,4,83.765,23.443,31.477,28.845,SUPERSOFT,9,0,300.0,0,0,1
2018,5,fp2,kevin_magnussen,19,4,83.616,23.397,31.485,28.734,SUPERSOFT,10,0,303.0,0,0,1
2018,5,fp2,kevin_magnussen,20,4,84.064,23.504,31.539,29.021,SUPERSOFT,11,0,301.0,0,0,1
2018,5,fp2,kevin_magnussen,21,4,88.854,24.23,32.349,32.275,SUPERSOFT,12,0,303.0,0,0,1
2018,5,fp2,kevin_magnussen,22,4,87.117,23.566,31.843,31.708,SUPERSOFT,13,0,303.0,0,0,1
2018,5,fp2,kevin_magnussen,23,4,85.034,23.727,32.109,29.198,SUPERSOFT,14,0,300.0,0,0,1
2018,5,fp2,kevin_magnussen,24,4,84.905,23.744,31.827,29.334,SUPERSOFT,15,0,302.0,0,0,1
2018,5,fp2,kevin_magnussen,25,4,84.753,23.738,31.873,29.142,SUPERSOFT,16,0,304.0,0,0,1
2018,5,fp2,kevin_magnussen,26,4,88.76,23.775,32.174,32.811,SUPERSOFT,17,0,303.0,0,0,0
2018,5,fp2,kevin_magnussen,27,5,103.538,43.836,31.355,28.347,SOFT,10,0,252.0,0,0,0
2018,5,fp2,kevin_magnussen,28,5,83.022,23.253,31.352,28.417,SOFT,11,0,301.0,0,0,1
2018,5,fp2,kevin_magnussen,29,5,86.941,24.221,32.656,30.064,SOFT,12,0,302.0,0,0,1
2018,5,fp2,kevin_magnussen,30,5,98.599,23.846,35.718,39.035,SOFT,13,0,304.0,0,0,0
2018,5,fp2,kevin_magnussen,31,5,121.622,35.547,47.352,38.723,SOFT,14,0,202.0,0,0,0
2018,5,fp2,kevin_magnussen,32,5,98.197,34.421,32.217,31.559,SOFT,15,0,258.0,0,0,0
2018,5,fp2,kevin_magnussen,33,5,82.78,23.442,31.132,28.206,SOFT,16,0,302.0,0,0,1
2018,5,fp2,kevin_magnussen,34,5,89.414,26.851,33.671,28.892,SOFT,17,0,302.0,0,0,1
2018,5,fp2,kevin_magnussen,35,5,82.456,23.244,30.998,28.214,SOFT,18,0,300.0,0,0,1
2018,5,fp2,kevin_magnussen,36,5,82.443,23.418,30.897,28.128,SOFT,19,0,298.0,0,0,1
2018,5,fp2,kevin_magnussen,37,5,82.761,23.384,31.044,28.333,SOFT,20,0,297.0,0,0,1
2018,5,fp2,kevin_magnussen,38,5,84.603,24.08,31.681,28.842,SOFT,21,0,301.0,0,0,1
2018,5,fp2,kevin_magnussen,39,5,110.509,26.848,43.278,40.383,SOFT,22,0,304.0,0,0,0
2018,5,fp2,hulkenberg,1,1,,,33.352,29.092,MEDIUM,1,1,214.0,0,0,0
2018,5,fp2,hulkenberg,2,1,82.28,22.86,30.933,28.487,MEDIUM,2,1,301.0,1,0,0
2018,5,fp2,hulkenberg,3,1,116.089,28.771,48.955,38.363,MEDIUM,3,1,280.0,0,0,0
2018,5,fp2,hulkenberg,4,1,134.561,36.002,47.08,51.479,MEDIUM,4,1,256.0,0,0,0
2018,5,fp2,hulkenberg,5,1,115.105,26.489,45.884,42.732,MEDIUM,5,1,278.0,0,0,0
2018,5,fp2,hulkenberg,6,1,81.541,22.904,30.761,27.876,MEDIUM,6,1,301.0,1,0,1
2018,5,fp2,hulkenberg,7,1,91.62,25.493,32.884,33.243,MEDIUM,7,1,287.0,0,0,0
2018,5,fp2,hulkenberg,8,2,,,32.614,34.9,MEDIUM,8,0,231.0,0,0,0
2018,5,fp2,hulkenberg,9,2,81.276,22.73,30.758,27.788,MEDIUM,9,0,306.0,1,0,1
2018,5,fp2,hulkenberg,10,2,96.615,29.242,36.698,30.675,MEDIUM,10,0,255.0,0,0,1
2018,5,fp2,hulkenberg,11,2,80.731,22.617,30.328,27.786,MEDIUM,11,0,306.0,1,0,1
2018,5,fp2,hulkenberg,12,2,94.594,24.624,35.555,34.415,MEDIUM,12,0,288.0,0,0,0
2018,5,fp2,hulkenberg,13,3,,,32.84,32.408,SUPERSOFT,1,1,243.0,0,0,0
2018,5,fp2,hulkenberg,14,3,80.584,22.441,30.022,28.121,SUPERSOFT,2,1,309.0,1,0,1
2018,5,fp2,hulkenberg,15,3,100.473,28.678,37.997,33.798,SUPERSOFT,3,1,282.0,0,0,1
2018,5,fp2,hulkenberg,16,3,80.183,22.339,30.08,27.764,SUPERSOFT,4,1,312.0,1,0,1
2018,5,fp2,hulkenberg,17,3,93.545,24.825,33.627,35.093,SUPERSOFT,5,1,291.0,0,0,0
2018,5,fp2,hulkenberg,18,4,,,41.873,38.291,SUPERSOFT,6,0,241.0,0,0,0
2018,5,fp2,hulkenberg,19,5,114.148,54.271,31.466,28.411,SUPERSOFT,7,0,244.0,0,0,0
2018,5,fp2,hulkenberg,20,5,85.778,23.511,33.087,29.18,SUPERSOFT,8,0,294.0,0,0,1
2018,5,fp2,hulkenberg,21,5,83.464,23.494,31.447,28.523,SUPERSOFT,9,0,297.0,0,0,1
2018,5,fp2,hulkenberg,22,5,83.797,23.526,31.467,28.804,SUPERSOFT,10,0,299.0,0,0,1
2018,5,fp2,hulkenberg,23,5,85.013,23.445,32.138,29.43,SUPERSOFT,11,0,301.0,0,0,1
2018,5,fp2,hulkenberg,24,5,88.747,23.599,32.41,32.738,SUPERSOFT,12,0,299.0,0,0,0
2018,5,fp2,hulkenberg,25,6,103.218,42.735,31.517,28.966,MEDIUM,13,0,252.0,0,0,0
2018,5,fp2,hulkenberg,26,6,83.336,23.037,31.643,28.656,MEDIUM,14,0,322.0,0,0,1
2018,5,fp2,hulkenberg,27,6,83.669,23.118,31.711,28.84,MEDIUM,15,0,324.0,0,0,1
2018,5,fp2,hulkenberg,28,6,84.085,23.445,31.497,29.143,MEDIUM,16,0,299.0,0,0,1
2018,5,fp2,hulkenberg,29,6,83.546,23.53,31.474,28.542,MEDIUM,17,0,309.0,0,0,1
2018,5,fp2,hulkenberg,30,6,88.238,23.507,31.826,32.905,MEDIUM,18,0,304.0,0,0,1
2018,5,fp2,hulkenberg,31,6,87.34,23.407,31.433,32.5,MEDIUM,19,0,302.0,0,0,1
2018,5,fp2,hulkenberg,32,6,83.543,23.683,31.244,28.616,MEDIUM,20,0,300.0,0,0,1
2018,5,fp2,hulkenberg,33,6,83.244,23.468,31.421,28.355,MEDIUM,21,0,305.0,0,0,1
2018,5,fp2,hulkenberg,34,6,95.629,23.243,33.593,38.793,MEDIUM,22,0,327.0,0,0,0
2018,5,fp2,hulkenberg,35,6,124.301,35.856,49.83,38.615,MEDIUM,23,0,191.0,0,0,0
2018,5,fp2,hulkenberg,36,6,105.266,33.137,41.145,30.984,MEDIUM,24,0,260.0,0,0,0
2018,5,fp2,hulkenberg,37,6,83.004,23.603,31.259,28.142,MEDIUM,25,0,296.0,0,0,1
2018,5,fp2,hulkenberg,38,6,83.398,23.574,31.304,28.52,MEDIUM,26,0,301.0,0,0,1
2018,5,fp2,hulkenberg,39,6,83.297,23.599,31.378,28.32,MEDIUM,27,0,301.0,0,0,1
2018,5,fp2,hulkenberg,40,6,83.656,23.52,31.496,28.64,MEDIUM,28,0,310.0,0,0,1
2018,5,fp2,hulkenberg,41,6,83.553,22.993,31.532,29.028,MEDIUM,29,0,321.0,0,0,1
2018,5,fp2,hulkenberg,42,6,82.522,23.136,31.14,28.246,MEDIUM,30,0,311.0,0,0,1
2018,5,fp2,hulkenberg,43,6,86.184,23.424,31.134,31.626,MEDIUM,31,0,298.0,0,0,0
2018,5,fp2,brendon_hartley,1,1,,,39.331,31.071,MEDIUM,1,1,213.0,0,0,0
2018,5,fp2,brendon_hartley,2,1,88.88,22.992,34.742,31.146,MEDIUM,2,1,308.0,1,0,0
2018,5,fp2,brendon_hartley,3,1,101.277,22.686,36.459,42.132,MEDIUM,3,1,309.0,0,0,0
2018,5,fp2,brendon_hartley,4,2,,,35.172,31.481,MEDIUM,4,0,219.0,0,0,0
2018,5,fp2,brendon_hartley,5,2,91.55,25.3,35.374,30.876,MEDIUM,5,0,281.0,0,0,1
2018,5,fp2,brendon_hartley,6,2,81.809,22.691,30.935,28.183,MEDIUM,6,0,313.0,1,0,1
2018,5,fp2,brendon_hartley,7,2,96.919,25.606,34.549,36.764,MEDIUM,7,0,310.0,0,0,0
2018,5,fp2,brendon_hartley,8,3,,96.655,33.505,30.639,MEDIUM,8,0,218.0,0,0,0
2018,5,fp2,brendon_hartley,9,3,81.385,22.601,30.501,28.283,MEDIUM,9,0,311.0,1,0,1
2018,5,fp2,brendon_hartley,10,3,105.169,25.892,36.917,42.36,MEDIUM,10,0,291.0,0,0,0
2018,5,fp2,brendon_hartley,11,4,,,35.43,31.021,SUPERSOFT,1,1,215.0,0,0,0
2018,5,fp2,brendon_hartley,12,4,84.148,22.702,31.358,30.088,SUPERSOFT,2,1,311.0,0,0,1
2018,5,fp2,brendon_hartley,13,4,101.354,27.724,38.884,34.746,SUPERSOFT,3,1,280.0,0,0,1
2018,5,fp2,brendon_hartley,14,4,82.233,22.647,31.062,28.524,SUPERSOFT,4,1,320.0,0,0,1
2018,5,fp2,brendon_hartley,15,4,96.163,27.029,36.617,32.517,SUPERSOFT,5,1,281.0,0,0,1
2018,5,fp2,brendon_hartley,16,4,81.265,22.755,30.642,27.868,SUPERSOFT,6,1,311.0,1,0,1
2018,5,fp2,brendon_hartley,17,4,96.146,25.769,35.474,34.903,SUPERSOFT,7,1,288.0,0,0,0
2018,5,fp2,brendon_hartley,18,5,,,38.95,34.159,SUPERSOFT,8,0,237.0,0,0,0
2018,5,fp2,brendon_hartley,19,6,119.717,53.339,32.542,33.836,SUPERSOFT,9,0,238.0,0,0,0
2018,5,fp2,brendon_hartley,20,7,105.314,43.814,32.123,29.377,MEDIUM,11,0,243.0,0,0,0
2018,5,fp2,brendon_hartley,21,7,84.533,23.877,31.823,28.833,MEDIUM,12,0,287.0,0,0,1
2018,5,fp2,brendon_hartley,22,7,84.694,23.998,31.657,29.039,MEDIUM,13,0,288.0,0,0,1
2018,5,fp2,brendon_hartley,23,7,84.785,23.934,31.729,29.122,MEDIUM,14,0,286.0,0,0,1
2018,5,fp2,brendon_hartley,24,7,84.745,23.951,31.502,29.292,MEDIUM,15,0,284.0,0,0,1
2018,5,fp2,brendon_hartley,25,7,85.432,23.748,32.627,29.057,MEDIUM,16,0,290.0,0,0,1
2018,5,fp2,brendon_hartley,26,7,118.281,35.424,47.164,35.693,MEDIUM,17,0,289.0,0,0,0
2018,5,fp2,brendon_hartley,27,7,117.892,35.473,47.621,34.798,MEDIUM,18,0,155.0,0,0,0
2018,5,fp2,brendon_hartley,28,7,86.675,24.328,32.055,30.292,MEDIUM,19,0,289.0,0,0,1
2018,5,fp2,brendon_hartley,29,7,84.891,23.886,31.706,29.299,MEDIUM,20,0,293.0,0,0,1
2018,5,fp2,brendon_hartley,30,7,84.165,23.757,31.649,28.759,MEDIUM,21,0,291.0,0,0,1
2018,5,fp2,brendon_hartley,31,7,83.98,23.599,31.571,28.81,MEDIUM,22,0,293.0,0,0,1
2018,5,fp2,brendon_hartley,32,7,84.267,23.686,31.685,28.896,MEDIUM,23,0,291.0,0,0,1
2018,5,fp2,brendon_hartley,33,7,84.102,23.733,31.644,28.725,MEDIUM,24,0,290.0,0,0,1
2018,5,fp2,brendon_hartley,34,7,91.952,25.935,33.753,32.264,MEDIUM,25,0,277.0,0,0,0
2018,5,fp2,ocon,1,1,,,49.528,40.264,SOFT,1,1,228.0,0,0,0
2018,5,fp2,ocon,2,1,,,33.156,35.555,SOFT,2,1,233.0,0,0,0
2018,5,fp2,ocon,3,2,81.101,22.537,30.447,28.117,SOFT,2,0,316.0,1,0,1
2018,5,fp2,ocon,4,2,106.846,31.082,42.366,33.398,SOFT,3,0,283.0,0,0,1
2018,5,fp2,ocon,5,2,105.881,28.598,41.278,36.005,SOFT,4,0,303.0,0,0,1
2018,5,fp2,ocon,6,2,80.677,22.449,30.327,27.901,SOFT,5,0,316.0,1,0,1
2018,5,fp2,ocon,7,2,102.905,26.414,37.831,38.66,SOFT,6,0,300.0,0,0,1
2018,5,fp2,ocon,8,2,110.764,30.061,40.558,40.145,SOFT,7,0,306.0,0,0,1
2018,5,fp2,ocon,9,2,80.219,22.38,30.15,27.689,SOFT,8,0,315.0,1,0,1
2018,5,fp2,ocon,10,2,96.467,25.348,35.677,35.442,SOFT,9,0,302.0,0,0,0
2018,5,fp2,ocon,11,3,,,39.584,32.168,SUPERSOFT,1,1,246.0,0,0,0
2018,5,fp2,ocon,12,3,93.3,22.334,37.624,33.342,SUPERSOFT,2,1,315.0,0,0,1
2018,5,fp2,ocon,13,3,80.645,22.339,30.237,28.069,SUPERSOFT,3,1,314.0,0,0,1
2018,5,fp2,ocon,14,3,107.916,30.466,38.615,38.835,SUPERSOFT,4,1,294.0,0,0,1
2018,5,fp2,ocon,15,3,107.298,28.515,41.174,37.609,SUPERSOFT,5,1,305.0,0,0,1
2018,5,fp2,ocon,16,3,80.024,22.236,30.121,27.667,SUPERSOFT,6,1,320.0,1,0,1
2018,5,fp2,ocon,17,3,102.265,28.768,38.382,35.115,SUPERSOFT,7,1,304.0,0,0,1
2018,5,fp2,ocon,18,3,122.482,32.987,47.105,42.39,SUPERSOFT,8,1,300.0,0,0,1
2018,5,fp2,ocon,19,3,80.444,22.317,30.202,27.925,SUPERSOFT,9,1,320.0,0,0,1
2018,5,fp2,ocon,20,3,94.341,24.528,35.543,34.27,SUPERSOFT,10,1,301.0,0,0,0
2018,5,fp2,ocon,21,4,,,33.625,31.217,SUPERSOFT,11,0,233.0,0,0,0
2018,5,fp2,ocon,22,4,84.545,23.788,31.844,28.913,SUPERSOFT,12,0,298.0,0,0,1
2018,5,fp2,ocon,23,4,84.354,23.729,31.795,28.83,SUPERSOFT,13,0,302.0,0,0,1
2018,5,fp2,ocon,24,4,84.843,24.03,31.81,29.003,SUPERSOFT,14,0,290.0,0,0,1
2018,5,fp2,ocon,25,4,84.451,23.695,31.827,28.929,SUPERSOFT,15,0,302.0,0,0,1
2018,5,fp2,ocon,26,4,91.203,23.937,36.052,31.214,SUPERSOFT,16,0,302.0,0,0,1
2018,5,fp2,ocon,27,4,84.239,23.733,31.696,28.81,SUPERSOFT,17,0,300.0,0,0,1
2018,5,fp2,ocon,28,4,84.358,23.727,31.815,28.816,SUPERSOFT,18,0,302.0,0,0,1
2018,5,fp2,ocon,29,4,94.484,23.72,37.537,33.227,SUPERSOFT,19,0,300.0,0,0,0
2018,5,fp2,ocon,30,5,136.531,53.696,47.274,35.561,SOFT,11,0,246.0,0,0,0
2018,5,fp2,ocon,31,5,115.763,36.138,46.898,32.727,SOFT,12,0,138.0,0,0,0
2018,5,fp2,ocon,32,5,83.346,23.703,31.47,28.173,SOFT,13,0,299.0,0,0,1
2018,5,fp2,ocon,33,5,83.266,23.5,31.394,28.372,SOFT,14,0,302.0,0,0,1
2018,5,fp2,ocon,34,5,83.231,23.389,31.447,28.395,SOFT,15,0,299.0,0,0,1
2018,5,fp2,ocon,35,5,83.21,23.389,31.431,28.39,SOFT,16,0,305.0,0,0,1
2018,5,fp2,ocon,36,5,84.36,23.345,31.871,29.144,SOFT,17,0,302.0,0,0,1
2018,5,fp2,ocon,37,5,83.002,23.429,31.237,28.336,SOFT,18,0,302.0,0,0,1
2018,5,fp2,ocon,38,5,95.163,25.241,35.943,33.979,SOFT,19,0,286.0,0,0,0
2018,5,fp2,max_verstappen,1,1,,,35.279,40.449,SOFT,1,1,233.0,0,0,0
2018,5,fp2,max_verstappen,2,1,79.05,22.26,29.61,27.18,SOFT,2,1,310.0,1,0,1
2018,5,fp2,max_verstappen,3,1,100.99,28.104,39.671,33.215,SOFT,3,1,288.0,0,0,1
2018,5,fp2,max_verstappen,4,1,78.699,22.232,29.272,27.195,SOFT,4,1,306.0,1,0,1
2018,5,fp2,max_verstappen,5,1,96.877,26.484,34.846,35.547,SOFT,5,1,254.0,0,0,0
2018,5,fp2,max_verstappen,6,2,,,35.451,31.63,SUPERSOFT,1,1,234.0,0,0,0
2018,5,fp2,max_verstappen,7,2,90.461,22.163,34.523,33.775,SUPERSOFT,2,1,308.0,0,0,1
2018,5,fp2,max_verstappen,8,2,91.881,26.159,34.834,30.888,SUPERSOFT,3,1,291.0,0,0,1
2018,5,fp2,max_verstappen,9,2,78.533,22.176,29.156,27.201,SUPERSOFT,4,1,307.0,1,0,1
2018,5,fp2,max_verstappen,10,2,91.626,26.081,32.837,32.708,SUPERSOFT,5,1,254.0,0,0,0
2018,5,fp2,max_verstappen,11,3,,,34.162,35.138,SUPERSOFT,6,0,236.0,0,0,0
2018,5,fp2,max_verstappen,12,3,83.001,23.645,31.125,28.231,SUPERSOFT,7,0,291.0,0,0,1
2018,5,fp2,max_verstappen,13,3,82.805,23.53,30.974,28.301,SUPERSOFT,8,0,292.0,0,0,1
2018,5,fp2,max_verstappen,14,3,82.835,23.629,30.961,28.245,SUPERSOFT,9,0,294.0,0,0,1
2018,5,fp2,max_verstappen,15,3,83.08,23.652,31.063,28.365,SUPERSOFT,10,0,293.0,0,0,1
2018,5,fp2,max_verstappen,16,3,82.822,23.613,30.885,28.324,SUPERSOFT,11,0,292.0,0,0,1
2018,5,fp2,max_verstappen,17,3,82.702,23.49,30.928,28.284,SUPERSOFT,12,0,295.0,0,0,1
2018,5,fp2,max_verstappen,18,3,82.642,23.531,31.008,28.103,SUPERSOFT,13,0,294.0,0,0,1
2018,5,fp2,max_verstappen,19,3,82.233,23.392,30.806,28.035,SUPERSOFT,14,0,293.0,0,0,1
2018,5,fp2,max_verstappen,20,3,82.571,23.333,31.064,28.174,SUPERSOFT,15,0,292.0,0,0,1
2018,5,fp2,max_verstappen,21,3,82.382,23.308,30.973,28.101,SUPERSOFT,16,0,293.0,0,0,1
2018,5,fp2,max_verstappen,22,3,82.189,23.295,30.805,28.089,SUPERSOFT,17,0,294.0,0,0,1
2018,5,fp2,max_verstappen,23,3,82.595,23.479,31.073,28.043,SUPERSOFT,18,0,294.0,0,0,1
2018,5,fp2,max_verstappen,24,3,82.807,23.225,31.202,28.38,SUPERSOFT,19,0,297.0,0,0,1
2018,5,fp2,max_verstappen,25,3,87.254,23.49,31.358,32.406,SUPERSOFT,20,0,302.0,0,0,0
2018,5,fp2,max_verstappen,26,4,102.377,42.704,31.347,28.326,SOFT,6,0,245.0,0,0,0
2018,5,fp2,max_verstappen,27,4,81.656,23.234,30.626,27.796,SOFT,7,0,295.0,0,0,1
2018,5,fp2,max_verstappen,28,4,82.577,23.085,31.078,28.414,SOFT,8,0,296.0,0,0,1
2018,5,fp2,max_verstappen,29,4,89.507,23.11,30.786,35.611,SOFT,9,0,298.0,0,0,1
2018,5,fp2,max_verstappen,30,4,98.781,23.096,31.464,44.221,SOFT,10,0,297.0,0,0,0
2018,5,fp2,max_verstappen,31,4,119.258,31.68,48.484,39.094,SOFT,11,0,277.0,0,0,0
2018,5,fp2,max_verstappen,32,4,100.175,33.89,32.475,33.81,SOFT,12,0,265.0,0,0,0
2018,5,fp2,max_verstappen,33,4,81.03,23.158,30.376,27.496,SOFT,13,0,293.0,0,0,1
2018,5,fp2,max_verstappen,34,4,96.519,35.069,32.8,28.65,SOFT,14,0,295.0,0,0,1
2018,5,fp2,max_verstappen,35,4,81.543,23.241,30.551,27.751,SOFT,15,0,299.0,0,0,1
2018,5,fp2,max_verstappen,36,4,81.325,23.13,30.501,27.694,SOFT,16,0,298.0,0,0,1
2018,5,fp2,max_verstappen,37,4,82.204,22.94,31.08,28.184,SOFT,17,0,317.0,0,0,1
2018,5,fp2,max_verstappen,38,4,80.634,22.574,30.508,27.552,SOFT,18,0,321.0,0,0,1
2018,5,fp2,max_verstappen,39,4,110.829,28.796,40.395,41.638,SOFT,19,0,248.0,0,0,0
2018,5,fp2,sirotkin,1,,,,36.213,31.835,,,1,225.0,0,0,0
2018,5,fp2,sirotkin,2,1,84.326,23.315,32.111,28.9,SUPERSOFT,1,1,310.0,1,0,0
2018,5,fp2,sirotkin,3,1,114.728,28.559,45.085,41.084,SUPERSOFT,2,1,241.0,0,0,0
2018,5,fp2,sirotkin,4,1,120.596,33.905,46.899,39.792,SUPERSOFT,3,1,184.0,0,0,0
2018,5,fp2,sirotkin,5,1,121.739,35.005,47.687,39.047,SUPERSOFT,4,1,226.0,0,0,0
2018,5,fp2,sirotkin,6,1,105.795,35.056,39.644,31.095,SUPERSOFT,5,1,266.0,0,0,0
2018,5,fp2,sirotkin,7,1,84.823,22.952,30.968,30.903,SUPERSOFT,6,1,311.0,0,0,1
2018,5,fp2,sirotkin,8,1,105.213,28.294,37.445,39.474,SUPERSOFT,7,1,244.0,0,0,0
2018,5,fp2,sirotkin,9,2,,75.251,41.782,35.096,SUPERSOFT,9,0,233.0,0,0,0
2018,5,fp2,sirotkin,10,2,82.198,22.842,30.81,28.546,SUPERSOFT,10,0,312.0,1,0,1
2018,5,fp2,sirotkin,11,2,103.445,27.586,43.594,32.265,SUPERSOFT,11,0,268.0,0,0,1
2018,5,fp2,sirotkin,12,2,92.325,22.66,33.722,35.943,SUPERSOFT,12,0,312.0,0,0,0
2018,5,fp2,sirotkin,13,3,,,36.795,33.342,SUPERSOFT,1,1,226.0,0,0,0
2018,5,fp2,sirotkin,14,3,82.602,22.737,30.998,28.867,SUPERSOFT,2,1,310.0,0,0,1
2018,5,fp2,sirotkin,15,3,114.464,33.258,45.27,35.936,SUPERSOFT,3,1,227.0,0,0,1
2018,5,fp2,sirotkin,16,3,82.284,22.786,30.544,28.954,SUPERSOFT,4,1,311.0,0,0,1
2018,5,fp2,sirotkin,17,3,124.8,31.863,55.359,37.578,SUPERSOFT,5,1,247.0,0,0,1
2018,5,fp2,sirotkin,18,3,82.06,22.75,30.832,28.478,SUPERSOFT,6,1,310.0,1,0,1
2018,5,fp2,sirotkin,19,3,106.294,26.995,39.031,40.268,SUPERSOFT,7,1,256.0,0,0,0
2018,5,fp2,sirotkin,20,4,,,39.767,37.425,SUPERSOFT,13,0,230.0,0,0,0
2018,5,fp2,sirotkin,21,5,134.488,68.838,33.838,31.812,SUPERSOFT,14,0,236.0,0,0,0
2018,5,fp2,sirotkin,22,5,86.572,24.119,32.663,29.79,SUPERSOFT,15,0,298.0,0,0,1
2018,5,fp2,sirotkin,23,5,89.185,23.974,32.083,33.128,SUPERSOFT,16,0,299.0,0,0,0
2018,5,fp2,sirotkin,24,6,106.901,45.013,32.538,29.35,SUPERSOFT,8,0,244.0,0,0,0
2018,5,fp2,sirotkin,25,6,85.406,24.118,32.014,29.274,SUPERSOFT,9,0,290.0,0,0,1
2018,5,fp2,sirotkin,26,6,85.409,24.013,32.018,29.378,SUPERSOFT,10,0,295.0,0,0,1
2018,5,fp2,sirotkin,27,6,89.88,24.893,33.571,31.416,SUPERSOFT,11,0,300.0,0,0,1
2018,5,fp2,sirotkin,28,6,120.989,34.997,46.948,39.044,SUPERSOFT,12,0,259.0,0,0,0
2018,5,fp2,sirotkin,29,6,114.127,34.695,47.777,31.655,SUPERSOFT,13,0,230.0,0,0,0
2018,5,fp2,sirotkin,30,6,85.436,24.313,32.186,28.937,SUPERSOFT,14,0,298.0,0,0,1
2018,5,fp2,sirotkin,31,6,85.392,23.947,31.947,29.498,SUPERSOFT,15,0,301.0,0,0,1
2018,5,fp2,sirotkin,32,6,85.224,23.86,32.072,29.292,SUPERSOFT,16,0,298.0,0,0,1
2018,5,fp2,sirotkin,33,6,85.309,23.78,32.177,29.352,SUPERSOFT,17,0,302.0,0,0,1
2018,5,fp2,sirotkin,34,6,85.525,23.876,32.218,29.431,SUPERSOFT,18,0,295.0,0,0,1
2018,5,fp2,sirotkin,35,6,86.81,24.911,32.341,29.558,SUPERSOFT,19,0,297.0,0,0,1
2018,5,fp2,sirotkin,36,6,89.698,24.173,32.337,33.188,SUPERSOFT,20,0,299.0,0,0,0
2018,5,fp2,hamilton,1,1,,,36.397,30.124,SOFT,1,1,230.0,0,0,0
2018,5,fp2,hamilton,2,1,80.042,22.148,29.436,28.458,SOFT,2,1,313.0,1,0,1
2018,5,fp2,hamilton,3,1,122.365,35.218,48.888,38.259,SOFT,3,1,217.0,0,0,1
2018,5,fp2,hamilton,4,1,78.886,22.238,29.394,27.254,SOFT,4,1,312.0,1,0,1
2018,5,fp2,hamilton,5,1,105.342,33.916,38.055,33.371,SOFT,5,1,281.0,0,0,1
2018,5,fp2,hamilton,6,1,78.259,22.001,29.141,27.117,SOFT,6,1,315.0,1,0,1
2018,5,fp2,hamilton,7,1,96.387,26.215,35.211,34.961,SOFT,7,1,306.0,0,0,0
2018,5,fp2,hamilton,8,2,,,37.003,30.764,SUPERSOFT,1,1,234.0,0,0,0
2018,5,fp2,hamilton,9,2,93.303,22.057,34.23,37.016,SUPERSOFT,2,1,313.0,0,0,1
2018,5,fp2,hamilton,10,2,94.134,22.168,30.58,41.386,SUPERSOFT,3,1,313.0,0,0,0
2018,5,fp2,hamilton,11,3,,,34.61,37.216,SUPERSOFT,4,0,234.0,0,0,0
2018,5,fp2,hamilton,12,4,121.219,61.159,31.544,28.516,SUPERSOFT,5,0,237.0,0,0,0
2018,5,fp2,hamilton,13,4,84.028,23.803,31.841,28.384,SUPERSOFT,6,0,298.0,0,0,1
2018,5,fp2,hamilton,14,4,83.274,23.591,31.365,28.318,SUPERSOFT,7,0,299.0,0,0,1
2018,5,fp2,hamilton,15,4,83.794,23.496,31.577,28.721,SUPERSOFT,8,0,306.0,0,0,1
2018,5,fp2,hamilton,16,4,83.188,23.547,31.446,28.195,SUPERSOFT,9,0,302.0,0,0,1
2018,5,fp2,hamilton,17,4,83.143,23.571,31.089,28.483,SUPERSOFT,10,0,297.0,0,0,1
2018,5,fp2,hamilton,18,4,84.098,23.409,31.34,29.349,SUPERSOFT,11,0,301.0,0,0,1
2018,5,fp2,hamilton,19,4,83.431,23.648,31.282,28.501,SUPERSOFT,12,0,300.0,0,0,1
2018,5,fp2,hamilton,20,4,86.645,23.434,31.314,31.897,SUPERSOFT,13,0,299.0,0,0,0
2018,5,fp2,hamilton,21,5,110.451,50.415,31.603,28.433,SOFT,8,0,250.0,0,0,0
2018,5,fp2,hamilton,22,5,81.729,22.97,30.741,28.018,SOFT,9,0,318.0,0,0,1
2018,5,fp2,hamilton,23,5,81.847,23.043,30.621,28.183,SOFT,10,0,299.0,0,0,1
2018,5,fp2,hamilton,24,5,82.049,23.194,30.67,28.185,SOFT,11,0,303.0,0,0,1
2018,5,fp2,hamilton,25,5,81.519,22.959,30.611,27.949,SOFT,12,0,305.0,0,0,1
2018,5,fp2,hamilton,26,5,81.586,22.942,30.684,27.96,SOFT,13,0,303.0,0,0,1
2018,5,fp2,hamilton,27,5,81.75,22.936,30.757,28.057,SOFT,14,0,304.0,0,0,1
2018,5,fp2,hamilton,28,5,82.195,23.008,30.836,28.351,SOFT,15,0,304.0,0,0,1
2018,5,fp2,hamilton,29,5,95.431,23.141,38.154,34.136,SOFT,16,0,307.0,0,0,1
2018,5,fp2,hamilton,30,5,106.634,23.216,44.866,38.552,SOFT,17,0,299.0,0,0,0
2018,5,fp2,hamilton,31,5,120.679,34.953,46.238,39.488,SOFT,18,0,263.0,0,0,0
2018,5,fp2,hamilton,32,5,84.877,25.915,31.271,27.691,SOFT,19,0,278.0,0,0,0
2018,5,fp2,hamilton,33,5,81.504,23.074,30.552,27.878,SOFT,20,0,299.0,0,0,1
2018,5,fp2,hamilton,34,5,82.038,23.09,30.777,28.171,SOFT,21,0,307.0,0,0,1
2018,5,fp2,hamilton,35,5,81.613,22.917,30.657,28.039,SOFT,22,0,306.0,0,0,1
2018,5,fp2,hamilton,36,5,81.85,22.99,30.626,28.234,SOFT,23,0,302.0,0,0,1
2018,5,fp2,hamilton,37,5,81.765,22.973,30.77,28.022,SOFT,24,0,304.0,0,0,1
2018,5,fp2,hamilton,38,5,82.312,23.06,30.949,28.303,SOFT,25,0,306.0,0,0,1
2018,5,fp2,hamilton,39,5,,26.305,36.971,,SOFT,26,0,287.0,0,0,0
2018,5,fp2,sainz,1,1,,,34.825,41.391,SOFT,1,1,231.0,0,0,0
2018,5,fp2,sainz,2,1,81.612,22.923,30.518,28.171,SOFT,2,1,308.0,1,0,1
2018,5,fp2,sainz,3,1,101.853,28.41,37.279,36.164,SOFT,3,1,293.0,0,0,1
2018,5,fp2,sainz,4,1,99.176,22.609,41.082,35.485,SOFT,4,1,305.0,0,0,1
2018,5,fp2,sainz,5,1,81.216,22.622,30.258,28.336,SOFT,5,1,306.0,1,0,1
2018,5,fp2,sainz,6,1,106.236,28.605,43.793,33.838,SOFT,6,1,287.0,0,0,1
2018,5,fp2,sainz,7,1,95.177,22.519,37.071,35.587,SOFT,7,1,310.0,0,0,1
2018,5,fp2,sainz,8,1,80.672,22.564,30.114,27.994,SOFT,8,1,305.0,1,0,1
2018,5,fp2,sainz,9,1,101.253,27.491,38.093,35.669,SOFT,9,1,287.0,0,0,0
2018,5,fp2,sainz,10,2,,,32.243,36.588,SUPERSOFT,1,1,235.0,0,0,0
2018,5,fp2,sainz,11,2,82.85,22.383,30.329,30.138,SUPERSOFT,2,1,313.0,0,0,1
2018,5,fp2,sainz,12,2,104.336,28.857,41.658,33.821,SUPERSOFT,3,1,286.0,0,0,1
2018,5,fp2,sainz,13,2,80.879,22.443,30.275,28.161,SUPERSOFT,4,1,310.0,0,0,1
2018,5,fp2,sainz,14,2,104.338,28.794,41.395,34.149,SUPERSOFT,5,1,285.0,0,0,1
2018,5,fp2,sainz,15,2,80.679,22.647,30.111,27.921,SUPERSOFT,6,1,307.0,0,0,1
2018,5,fp2,sainz,16,2,100.095,26.615,36.651,36.829,SUPERSOFT,7,1,293.0,0,0,0
2018,5,fp2,sainz,17,3,,,33.866,34.527,SUPERSOFT,8,0,241.0,0,0,0
2018,5,fp2,sainz,18,4,114.229,51.031,33.003,30.195,SUPERSOFT,9,0,242.0,0,0,0
2018,5,fp2,sainz,19,4,84.634,23.811,31.857,28.966,SUPERSOFT,10,0,299.0,0,0,1
2018,5,fp2,sainz,20,4,93.706,26.239,32.333,35.134,SUPERSOFT,11,0,296.0,0,0,0
2018,5,fp2,sainz,21,5,,,31.463,28.412,SOFT,10,0,240.0,0,0,0
2018,5,fp2,sainz,22,5,93.78,23.296,36.217,34.267,SOFT,11,0,299.0,0,0,1
2018,5,fp2,sainz,23,5,117.148,23.359,50.939,42.85,SOFT,12,0,297.0,0,0,0
2018,5,fp2,sainz,24,5,116.34,29.974,47.291,39.075,SOFT,13,0,245.0,0,0,0
2018,5,fp2,sainz,25,5,83.383,24.047,31.13,28.206,SOFT,14,0,293.0,0,0,1
2018,5,fp2,sainz,26,5,82.944,23.426,31.086,28.432,SOFT,15,0,294.0,0,0,1
2018,5,fp2,sainz,27,5,83.412,23.486,31.37,28.556,SOFT,16,0,293.0,0,0,1
2018,5,fp2,sainz,28,5,84.123,23.502,31.462,29.159,SOFT,17,0,304.0,0,0,1
2018,5,fp2,sainz,29,5,83.838,23.578,31.546,28.714,SOFT,18,0,298.0,0,0,1
2018,5,fp2,sainz,30,5,83.95,23.727,31.401,28.822,SOFT,19,0,294.0,0,0,1
2018,5,fp2,sainz,31,5,89.09,23.631,31.414,34.045,SOFT,20,0,297.0,0,0,0
2018,5,fp2,bottas,1,1,,,34.271,33.641,MEDIUM,1,1,230.0,0,0,0
2018,5,fp2,bottas,2,1,89.083,23.05,34.456,31.577,MEDIUM,2,1,316.0,1,0,1
2018,5,fp2,bottas,3,1,79.216,22.069,29.547,27.6,MEDIUM,3,1,316.0,1,0,1
2018,5,fp2,bottas,4,1,110.273,27.955,42.855,39.463,MEDIUM,4,1,300.0,0,0,1
2018,5,fp2,bottas,5,1,78.882,22.168,29.387,27.327,MEDIUM,5,1,312.0,1,0,1
2018,5,fp2,bottas,6,1,95.6,25.981,35.053,34.566,MEDIUM,6,1,300.0,0,0,0
2018,5,fp2,bottas,7,2,,,34.196,30.893,SUPERSOFT,1,1,233.0,0,0,0
2018,5,fp2,bottas,8,2,78.644,22.027,29.125,27.492,SUPERSOFT,2,1,311.0,1,0,1
2018,5,fp2,bottas,9,2,105.789,29.458,41.818,34.513,SUPERSOFT,3,1,288.0,0,0,1
2018,5,fp2,bottas,10,2,78.611,22.154,29.369,27.088,SUPERSOFT,4,1,312.0,1,0,1
2018,5,fp2,bottas,11,2,98.825,27.249,35.587,35.989,SUPERSOFT,5,1,293.0,0,0,0
2018,5,fp2,bottas,12,3,,,35.012,34.694,SUPERSOFT,6,0,199.0,0,0,0
2018,5,fp2,bottas,13,4,121.678,56.611,33.987,31.08,SUPERSOFT,7,0,237.0,0,0,0
2018,5,fp2,bottas,14,4,83.045,23.458,30.961,28.626,SUPERSOFT,8,0,297.0,0,0,1
2018,5,fp2,bottas,15,4,82.935,23.291,31.089,28.555,SUPERSOFT,9,0,304.0,0,0,1
2018,5,fp2,bottas,16,4,82.962,23.488,31.096,28.378,SUPERSOFT,10,0,303.0,0,0,1
2018,5,fp2,bottas,17,4,83.095,23.398,31.111,28.586,SUPERSOFT,11,0,299.0,0,0,1
2018,5,fp2,bottas,18,4,82.82,23.357,31.05,28.413,SUPERSOFT,12,0,298.0,0,0,1
2018,5,fp2,bottas,19,4,82.988,23.363,31.189,28.436,SUPERSOFT,13,0,297.0,0,0,1
2018,5,fp2,bottas,20,4,82.819,23.308,30.98,28.531,SUPERSOFT,14,0,301.0,0,0,1
2018,5,fp2,bottas,21,4,85.571,23.168,30.862,31.541,SUPERSOFT,15,0,301.0,0,0,0
2018,5,fp2,bottas,22,5,,,32.968,30.05,MEDIUM,7,0,240.0,0,0,0
2018,5,fp2,bottas,23,5,81.761,23.158,30.671,27.932,MEDIUM,8,0,297.0,0,0,1
2018,5,fp2,bottas,24,5,81.568,23.071,30.532,27.965,MEDIUM,9,0,298.0,0,0,1
2018,5,fp2,bottas,25,5,81.554,22.975,30.517,28.062,MEDIUM,10,0,303.0,0,0,1
2018,5,fp2,bottas,26,5,81.804,22.953,30.683,28.168,MEDIUM,11,0,304.0,0,0,1
2018,5,fp2,bottas,27,5,85.982,22.91,30.951,32.121,MEDIUM,12,0,303.0,0,0,1
2018,5,fp2,bottas,28,5,81.92,22.909,30.724,28.287,MEDIUM,13,0,302.0,0,0,1
2018,5,fp2,bottas,29,5,81.828,22.915,30.76,28.153,MEDIUM,14,0,301.0,0,0,1
2018,5,fp2,bottas,30,5,91.249,23.038,31.984,36.227,MEDIUM,15,0,305.0,0,0,0
2018,5,fp2,bottas,31,5,128.139,35.635,48.235,44.269,MEDIUM,16,0,244.0,0,0,0
2018,5,fp2,bottas,32,5,106.035,31.813,38.043,36.179,MEDIUM,17,0,279.0,0,0,0
2018,5,fp2,bottas,33,5,82.554,23.767,30.724,28.063,MEDIUM,18,0,298.0,0,0,1
2018,5,fp2,bottas,34,5,81.506,22.975,30.627,27.904,MEDIUM,19,0,300.0,0,0,1
2018,5,fp2,bottas,35,5,81.742,23.072,30.726,27.944,MEDIUM,20,0,301.0,0,0,1
2018,5,fp2,bottas,36,5,87.05,26.133,32.221,28.696,MEDIUM,21,0,303.0,0,0,1
2018,5,fp2,bottas,37,5,81.807,22.951,30.697,28.159,MEDIUM,22,0,299.0,0,0,1
2018,5,fp2,bottas,38,5,82.155,22.933,30.566,28.656,MEDIUM,23,0,302.0,0,0,1
2018,5,fp2,bottas,39,5,95.065,26.529,34.886,33.65,MEDIUM,24,0,302.0,0,0,0
2018,5,fp3,vandoorne,1,,,,34.387,37.065,,,1,229.0,0,0,0
2018,5,fp3,vandoorne,2,1,,,32.993,33.839,SUPERSOFT,2,0,232.0,0,0,0
2018,5,fp3,vandoorne,3,1,79.343,22.33,29.446,27.567,SUPERSOFT,3,0,310.0,1,0,0
2018,5,fp3,vandoorne,4,1,98.093,28.431,36.596,33.066,SUPERSOFT,4,0,290.0,0,0,0
2018,5,fp3,vandoorne,5,1,79.296,22.329,29.52,27.447,SUPERSOFT,5,0,310.0,1,0,0
2018,5,fp3,vandoorne,6,1,98.797,27.494,36.581,34.722,SUPERSOFT,6,0,293.0,0,0,0
2018,5,fp3,vandoorne,7,1,79.236,22.25,29.451,27.535,SUPERSOFT,7,0,313.0,1,0,0
2018,5,fp3,vandoorne,8,1,102.208,26.645,37.719,37.844,SUPERSOFT,8,0,299.0,0,0,0
2018,5,fp3,vandoorne,9,2,130.086,65.512,32.562,32.012,SUPERSOFT,9,0,242.0,0,0,0
2018,5,fp3,vandoorne,10,3,124.016,60.953,31.347,31.716,SUPERSOFT,10,0,241.0,0,0,0
2018,5,fp3,vandoorne,11,4,,,33.921,30.504,SUPERSOFT,1,1,223.0,0,0,0
2018,5,fp3,vandoorne,12,4,79.274,22.385,29.447,27.442,SUPERSOFT,2,1,305.0,0,0,1
2018,5,fp3,vandoorne,13,4,105.192,29.193,38.728,37.271,SUPERSOFT,3,1,294.0,0,0,1
2018,5,fp3,vandoorne,14,4,79.27,22.315,29.535,27.42,SUPERSOFT,4,1,310.0,0,0,1
2018,5,fp3,vandoorne,15,4,103.131,27.964,38.144,37.023,SUPERSOFT,5,1,290.0,0,0,1
2018,5,fp3,vandoorne,16,4,79.608,22.504,29.671,27.433,SUPERSOFT,6,1,316.0,0,0,1
2018,5,fp3,vandoorne,17,4,,26.921,35.428,,SUPERSOFT,7,1,295.0,0,0,0
2018,5,fp3,ricciardo,1,1,,,35.685,34.078,MEDIUM,1,1,214.0,0,0,0
2018,5,fp3,ricciardo,2,1,79.003,22.323,29.466,27.214,MEDIUM,2,1,316.0,1,0,0
2018,5,fp3,ricciardo,3,1,105.243,28.525,42.018,34.7,MEDIUM,3,1,299.0,0,0,0
2018,5,fp3,ricciardo,4,1,91.258,23.431,36.853,30.974,MEDIUM,4,1,317.0,0,0,0
2018,5,fp3,ricciardo,5,1,78.631,22.291,29.266,27.074,MEDIUM,5,1,310.0,1,0,0
2018,5,fp3,ricciardo,6,1,97.943,25.949,38.754,33.24,MEDIUM,6,1,292.0,0,0,0
2018,5,fp3,ricciardo,7,1,83.185,22.036,29.344,31.805,MEDIUM,7,1,318.0,0,0,0
2018,5,fp3,ricciardo,8,2,,,33.727,29.216,MEDIUM,8,0,211.0,0,0,0
2018,5,fp3,ricciardo,9,2,78.834,22.278,29.404,27.152,MEDIUM,9,0,310.0,0,0,1
2018,5,fp3,ricciardo,10,2,104.778,30.278,40.071,34.429,MEDIUM,10,0,235.0,0,0,1
2018,5,fp3,ricciardo,11,2,95.129,22.119,29.258,43.752,MEDIUM,11,0,311.0,0,0,0
2018,5,fp3,ricciardo,12,3,,,38.869,34.092,SUPERSOFT,1,1,221.0,0,0,0
2018,5,fp3,ricciardo,13,3,89.012,22.086,32.624,34.302,SUPERSOFT,2,1,313.0,0,0,1
2018,5,fp3,ricciardo,14,3,99.79,23.764,42.458,33.568,SUPERSOFT,3,1,313.0,0,0,1
2018,5,fp3,ricciardo,15,3,77.981,22.155,29.039,26.787,SUPERSOFT,4,1,312.0,1,0,1
2018,5,fp3,ricciardo,16,3,,33.065,45.679,,SUPERSOFT,5,1,192.0,0,0,0
2018,5,fp3,vettel,1,,,,34.696,34.838,,,1,241.0,0,0,0
2018,5,fp3,vettel,2,1,78.324,22.109,29.273,26.942,SUPERSOFT,1,1,313.0,1,0,0
2018,5,fp3,vettel,3,1,100.081,28.572,38.736,32.773,SUPERSOFT,2,1,267.0,0,0,0
2018,5,fp3,vettel,4,1,78.25,22.02,29.108,27.122,SUPERSOFT,3,1,315.0,1,0,0
2018,5,fp3,vettel,5,1,112.17,27.431,45.352,39.387,SUPERSOFT,4,1,285.0,0,0,0
2018,5,fp3,vettel,6,1,89.283,22.121,29.207,37.955,SUPERSOFT,5,1,316.0,0,0,0
2018,5,fp3,vettel,7,2,,,33.331,35.249,SUPERSOFT,1,1,243.0,0,0,0
2018,5,fp3,vettel,8,2,77.604,21.958,28.938,26.708,SUPERSOFT,2,1,313.0,1,0,1
2018,5,fp3,vettel,9,2,102.894,28.47,39.338,35.086,SUPERSOFT,3,1,270.0,0,0,1
2018,5,fp3,vettel,10,2,77.55,21.942,28.89,26.718,SUPERSOFT,4,1,315.0,1,0,1
2018,5,fp3,vettel,11,2,96.911,26.968,36.247,33.696,SUPERSOFT,5,1,263.0,0,0,0
2018,5,fp3,vettel,12,3,136.787,66.551,35.492,34.744,SUPERSOFT,6,0,240.0,0,0,0
2018,5,fp3,vettel,13,4,115.266,46.538,35.648,33.08,SUPERSOFT,7,0,229.0,0,0,0
2018,5,fp3,vettel,14,5,,,35.372,40.956,SUPERSOFT,7,0,232.0,0,0,0
2018,5,fp3,vettel,15,6,121.734,59.197,31.765,30.772,SUPERSOFT,8,0,241.0,0,0,0
2018,5,fp3,vettel,16,6,,23.293,,,SUPERSOFT,9,0,297.0,0,0,0
2018,5,fp3,raikkonen,1,,,,32.208,35.274,,,1,240.0,0,0,0
2018,5,fp3,raikkonen,2,1,,,32.129,31.49,SUPERSOFT,1,1,242.0,0,0,0
2018,5,fp3,raikkonen,3,1,78.536,22.037,29.36,27.139,SUPERSOFT,2,1,313.0,1,0,0
2018,5,fp3,raikkonen,4,1,106.397,29.913,39.704,36.78,SUPERSOFT,3,1,244.0,0,0,0
2018,5,fp3,raikkonen,5,1,78.505,21.921,29.504,27.08,SUPERSOFT,4,1,315.0,1,0,0
2018,5,fp3,raikkonen,6,1,106.42,27.781,41.14,37.499,SUPERSOFT,5,1,293.0,0,0,0
2018,5,fp3,raikkonen,7,1,78.505,21.998,29.029,27.478,SUPERSOFT,6,1,314.0,0,0,0
2018,5,fp3,raikkonen,8,1,92.847,24.909,34.414,33.524,SUPERSOFT,7,1,297.0,0,0,0
2018,5,fp3,raikkonen,9,2,128.173,64.387,30.841,32.945,SUPERSOFT,8,0,249.0,0,0,0
2018,5,fp3,raikkonen,10,3,,,32.085,33.41,SUPERSOFT,1,1,243.0,0,0,0
2018,5,fp3,raikkonen,11,3,91.505,24.947,35.532,31.026,SUPERSOFT,2,1,313.0,0,0,1
2018,5,fp3,raikkonen,12,3,77.581,21.94,28.95,26.691,SUPERSOFT,3,1,314.0,1,0,1
2018,5,fp3,raikkonen,13,3,99.309,26.482,38.807,34.02,SUPERSOFT,4,1,298.0,0,0,1
2018,5,fp3,raikkonen,14,3,77.683,22.029,28.941,26.713,SUPERSOFT,5,1,312.0,0,0,1
2018,5,fp3,raikkonen,15,3,91.715,24.565,33.26,33.89,SUPERSOFT,6,1,289.0,0,0,0
2018,5,fp3,raikkonen,16,4,126.524,62.738,31.095,32.691,SUPERSOFT,7,0,247.0,0,0,0
2018,5,fp3,raikkonen,17,5,,,32.095,,SUPERSOFT,8,0,240.0,0,0,0
2018,5,fp3,grosjean,1,,,,39.55,40.267,,,1,209.0,0,0,0
2018,5,fp3,grosjean,2,1,,,33.733,30.66,SUPERSOFT,2,0,241.0,0,0,0
2018,5,fp3,grosjean,3,1,78.934,22.019,29.454,27.461,SUPERSOFT,3,0,318.0,1,0,0
2018,5,fp3,grosjean,4,1,101.82,27.516,42.394,31.91,SUPERSOFT,4,0,299.0,0,0,0
2018,5,fp3,grosjean,5,1,88.746,24.694,33.623,30.429,SUPERSOFT,5,0,315.0,0,0,0
2018,5,fp3,grosjean,6,1,79.918,22.022,29.748,28.148,SUPERSOFT,6,0,316.0,0,0,0
2018,5,fp3,grosjean,7,1,102.916,30.92,37.88,34.116,SUPERSOFT,7,0,164.0,0,0,0
2018,5,fp3,grosjean,8,1,79.373,21.967,29.462,27.944,SUPERSOFT,8,0,318.0,0,0,0
2018,5,fp3,grosjean,9,1,99.215,26.899,37.115,35.201,SUPERSOFT,9,0,300.0,0,0,0
2018,5,fp3,grosjean,10,2,,,37.352,34.615,SUPERSOFT,1,1,233.0,0,0,0
2018,5,fp3,grosjean,11,2,90.577,22.036,36.708,31.833,SUPERSOFT,2,1,317.0,0,0,1
2018,5,fp3,grosjean,12,2,96.977,30.33,35.436,31.211,SUPERSOFT,3,1,318.0,0,0,1
2018,5,fp3,grosjean,13,2,78.706,22.029,29.378,27.299,SUPERSOFT,4,1,317.0,1,0,1
2018,5,fp3,grosjean,14,2,102.96,27.424,39.828,35.708,SUPERSOFT,5,1,305.0,0,0,1
2018,5,fp3,grosjean,15,2,79.089,22.065,29.309,27.715,SUPERSOFT,6,1,320.0,0,0,1
2018,5,fp3,grosjean,16,2,,26.56,,,SUPERSOFT,7,1,293.0,0,0,0
2018,5,fp3,ericsson,1,,,,41.342,40.648,,,1,234.0,0,0,0
2018,5,fp3,ericsson,2,1,,,37.824,32.605,SUPERSOFT,2,0,240.0,0,0,0
2018,5,fp3,ericsson,3,1,80.671,22.395,30.315,27.961,SUPERSOFT,3,0,317.0,1,0,0
2018,5,fp3,ericsson,4,1,115.276,30.119,45.779,39.378,SUPERSOFT,4,0,304.0,0,0,0
2018,5,fp3,ericsson,5,1,80.391,22.332,30.263,27.796,SUPERSOFT,5,0,321.0,1,0,0
2018,5,fp3,ericsson,6,1,111.745,29.56,47.274,34.911,SUPERSOFT,6,0,297.0,0,0,0
2018,5,fp3,ericsson,7,1,100.202,26.451,38.323,35.428,SUPERSOFT,7,0,320.0,0,0,0
2018,5,fp3,ericsson,8,1,80.237,22.235,30.215,27.787,SUPERSOFT,8,0,319.0,1,0,0
2018,5,fp3,ericsson,9,1,111.59,29.797,46.089,35.704,SUPERSOFT,9,0,292.0,0,0,0
2018,5,fp3,ericsson,10,1,79.744,22.295,29.89,27.559,SUPERSOFT,10,0,317.0,1,0,0
2018,5,fp3,ericsson,11,1,113.023,31.209,45.559,36.255,SUPERSOFT,11,0,302.0,0,0,1
2018,5,fp3,ericsson,12,1,94.637,22.253,38.259,34.125,SUPERSOFT,12,0,316.0,0,0,0
2018,5,fp3,ericsson,13,2,115.849,48.804,34.117,32.928,SUPERSOFT,13,0,232.0,0,0,0
2018,5,fp3,ericsson,14,3,,,41.356,37.482,SUPERSOFT,1,1,243.0,0,0,0
2018,5,fp3,ericsson,15,3,83.191,22.262,30.15,30.779,SUPERSOFT,2,1,321.0,0,0,1
2018,5,fp3,ericsson,16,3,107.067,28.507,44.353,34.207,SUPERSOFT,3,1,285.0,0,0,1
2018,5,fp3,ericsson,17,3,,22.159,,,SUPERSOFT,4,1,319.0,0,0,0
2018,5,fp3,gasly,1,,,,36.497,32.762,,,1,216.0,0,0,0
2018,5,fp3,gasly,2,1,80.035,22.51,30.096,27.429,SUPERSOFT,1,1,312.0,1,0,0
2018,5,fp3,gasly,3,1,100.979,29.468,39.191,32.32,SUPERSOFT,2,1,283.0,0,0,0
2018,5,fp3,gasly,4,1,79.83,22.466,29.814,27.55,SUPERSOFT,3,1,312.0,1,0,0
2018,5,fp3,gasly,5,1,101.24,28.12,38.923,34.197,SUPERSOFT,4,1,290.0,0,0,0
2018,5,fp3,gasly,6,1,80.207,22.295,29.712,28.2,SUPERSOFT,5,1,315.0,0,0,0
2018,5,fp3,gasly,7,1,99.357,25.48,36.29,37.587,SUPERSOFT,6,1,282.0,0,0,0
2018,5,fp3,gasly,8,2,,,33.137,30.324,SUPERSOFT,8,0,224.0,0,0,0
2018,5,fp3,gasly,9,2,79.699,22.449,30.01,27.24,SUPERSOFT,9,0,311.0,1,0,0
2018,5,fp3,gasly,10,2,97.106,25.949,36.655,34.502,SUPERSOFT,10,0,291.0,0,0,0
2018,5,fp3,gasly,11,3,128.711,58.857,35.099,34.755,SUPERSOFT,11,0,233.0,0,0,0
2018,5,fp3,gasly,12,4,,,39.596,30.951,SUPERSOFT,1,1,222.0,0,0,0
2018,5,fp3,gasly,13,4,78.886,22.234,29.546,27.106,SUPERSOFT,2,1,314.0,1,0,1
2018,5,fp3,gasly,14,4,99.452,27.973,39.523,31.956,SUPERSOFT,3,1,295.0,0,0,1
2018,5,fp3,gasly,15,4,80.872,22.212,29.484,29.176,SUPERSOFT,4,1,315.0,0,0,1
2018,5,fp3,gasly,16,4,102.058,29.029,37.836,35.193,SUPERSOFT,5,1,273.0,0,0,0
2018,5,fp3,perez,1,1,,,36.797,33.43,MEDIUM,1,1,230.0,0,0,0
2018,5,fp3,perez,2,1,80.525,22.5,30.182,27.843,MEDIUM,2,1,316.0,1,0,0
2018,5,fp3,perez,3,1,110.201,29.057,39.797,41.347,MEDIUM,3,1,280.0,0,0,0
2018,5,fp3,perez,4,1,80.924,22.528,30.475,27.921,MEDIUM,4,1,318.0,0,0,0
2018,5,fp3,perez,5,1,102.524,23.896,43.687,34.941,MEDIUM,5,1,304.0,0,0,0
2018,5,fp3,perez,6,1,102.612,25.228,37.403,39.981,MEDIUM,6,1,317.0,0,0,0
2018,5,fp3,perez,7,1,80.169,22.33,,,MEDIUM,7,1,323.0,1,0,0
2018,5,fp3,perez,8,1,109.933,25.939,43.13,40.864,MEDIUM,8,1,282.0,0,0,0
2018,5,fp3,perez,9,1,80.357,22.391,30.136,27.83,MEDIUM,9,1,317.0,0,0,0
2018,5,fp3,perez,10,1,91.715,26.275,32.751,32.689,MEDIUM,10,1,308.0,0,0,0
2018,5,fp3,perez,11,2,121.939,50.988,36.741,34.21,MEDIUM,11,0,227.0,0,0,0
2018,5,fp3,perez,12,3,,,37.416,34.023,SUPERSOFT,1,1,226.0,0,0,0
2018,5,fp3,perez,13,3,79.376,22.223,29.883,27.27,SUPERSOFT,2,1,317.0,1,0,1
2018,5,fp3,perez,14,3,104.076,29.4,41.627,33.049,SUPERSOFT,3,1,246.0,0,0,1
2018,5,fp3,perez,15,3,106.678,27.913,42.22,36.545,SUPERSOFT,4,1,298.0,0,0,1
2018,5,fp3,perez,16,3,79.559,22.286,29.704,27.569,SUPERSOFT,5,1,319.0,0,0,1
2018,5,fp3,perez,17,3,102.458,26.964,38.786,36.708,SUPERSOFT,6,1,291.0,0,0,0
2018,5,fp3,alonso,1,,,,38.926,40.289,,,1,237.0,0,0,0
2018,5,fp3,alonso,2,1,,,34.984,30.424,SUPERSOFT,2,0,201.0,0,0,0
2018,5,fp3,alonso,3,1,79.104,22.481,29.397,27.226,SUPERSOFT,3,0,306.0,1,0,0
2018,5,fp3,alonso,4,1,95.084,26.754,36.769,31.561,SUPERSOFT,4,0,290.0,0,0,0
2018,5,fp3,alonso,5,1,79.439,22.204,29.548,27.687,SUPERSOFT,5,0,313.0,0,0,0
2018,5,fp3,alonso,6,1,96.736,26.494,36.001,34.241,SUPERSOFT,6,0,291.0,0,0,0
2018,5,fp3,alonso,7,1,79.953,22.239,29.643,28.071,SUPERSOFT,7,0,313.0,0,0,0
2018,5,fp3,alonso,8,1,101.39,25.383,36.484,39.523,SUPERSOFT,8,0,283.0,0,0,0
2018,5,fp3,alonso,9,2,131.705,59.688,35.172,36.845,SUPERSOFT,9,0,239.0,0,0,0
2018,5,fp3,alonso,10,3,,,33.489,32.834,SUPERSOFT,1,1,177.0,0,0,0
2018,5,fp3,alonso,11,3,78.918,22.259,29.499,27.16,SUPERSOFT,2,1,309.0,1,0,1
2018,5,fp3,alonso,12,3,97.926,27.603,35.865,34.458,SUPERSOFT,3,1,284.0,0,0,1
2018,5,fp3,alonso,13,3,78.847,22.153,29.438,27.256,SUPERSOFT,4,1,312.0,1,0,1
2018,5,fp3,alonso,14,3,97.874,26.64,34.363,36.871,SUPERSOFT,5,1,286.0,0,0,0
2018,5,fp3,leclerc,1,,,,41.353,40.738,,,1,245.0,0,0,0
2018,5,fp3,leclerc,2,1,,,36.602,30.271,SUPERSOFT,2,0,247.0,0,0,0
2018,5,fp3,leclerc,3,1,80.425,22.593,30.078,27.754,SUPERSOFT,3,0,314.0,1,0,0
2018,5,fp3,leclerc,4,1,98.683,28.054,40.077,30.552,SUPERSOFT,4,0,298.0,0,0,0
2018,5,fp3,leclerc,5,1,86.676,22.345,34.151,30.18,SUPERSOFT,5,0,321.0,0,0,0
2018,5,fp3,leclerc,6,1,79.777,22.21,29.962,27.605,SUPERSOFT,6,0,319.0,1,0,0
2018,5,fp3,leclerc,7,1,108.508,27.551,44.586,36.371,SUPERSOFT,7,0,293.0,0,0,0
2018,5,fp3,leclerc,8,1,80.009,22.214,30.137,27.658,SUPERSOFT,8,0,323.0,0,0,0
2018,5,fp3,leclerc,9,1,100.563,26.555,40.957,33.051,SUPERSOFT,9,0,296.0,0,0,0
2018,5,fp3,leclerc,10,1,80.026,22.2,29.916,27.91,SUPERSOFT,10,0,318.0,0,0,0
2018,5,fp3,leclerc,11,1,104.899,28.312,43.515,33.072,SUPERSOFT,11,0,289.0,0,0,1
2018,5,fp3,leclerc,12,1,91.464,22.254,35.966,33.244,SUPERSOFT,12,0,317.0,0,0,1
2018,5,fp3,leclerc,13,1,79.587,22.262,29.764,27.561,SUPERSOFT,13,0,316.0,1,0,1
2018,5,fp3,leclerc,14,1,99.347,26.834,35.784,36.729,SUPERSOFT,14,0,291.0,0,0,0
2018,5,fp3,leclerc,15,2,,,38.657,31.915,SUPERSOFT,1,1,245.0,0,0,0
2018,5,fp3,leclerc,16,2,79.292,22.141,29.795,27.356,SUPERSOFT,2,1,319.0,1,0,1
2018,5,fp3,leclerc,17,2,101.074,28.642,40.997,31.435,SUPERSOFT,3,1,293.0,0,0,1
2018,5,fp3,leclerc,18,2,94.715,24.75,37.786,32.179,SUPERSOFT,4,1,322.0,0,0,1
2018,5,fp3,leclerc,19,2,,22.073,,,SUPERSOFT,5,1,318.0,0,0,0
2018,5,fp3,stroll,1,,,,37.563,37.424,,,1,220.0,0,0,0
2018,5,fp3,stroll,2,1,,,40.375,31.242,SUPERSOFT,1,1,230.0,0,0,0
2018,5,fp3,stroll,3,1,81.752,22.702,30.957,28.093,SUPERSOFT,2,1,314.0,1,0,0
2018,5,fp3,stroll,4,1,105.757,26.991,41.451,37.315,SUPERSOFT,3,1,303.0,0,0,0
2018,5,fp3,stroll,5,1,80.913,22.569,30.379,27.965,SUPERSOFT,4,1,314.0,1,0,0
2018,5,fp3,stroll,6,1,98.75,29.177,37.579,31.994,SUPERSOFT,5,1,290.0,0,0,0
2018,5,fp3,stroll,7,1,80.763,22.699,30.149,27.915,SUPERSOFT,6,1,313.0,1,0,0
2018,5,fp3,stroll,8,1,98.867,26.61,35.205,37.052,SUPERSOFT,7,1,245.0,0,0,0
2018,5,fp3,stroll,9,2,130.504,67.996,32.658,29.85,SUPERSOFT,8,0,233.0,0,0,0
2018,5,fp3,stroll,10,2,143.0,22.443,83.989,36.568,SUPERSOFT,9,0,312.0,0,0,0
2018,5,fp3,stroll,11,3,,,38.887,33.303,SUPERSOFT,1,1,235.0,0,0,0
2018,5,fp3,stroll,12,3,80.342,22.545,30.116,27.681,SUPERSOFT,2,1,312.0,1,0,1
2018,5,fp3,stroll,13,3,104.846,27.5,38.534,38.812,SUPERSOFT,3,1,303.0,0,0,1
2018,5,fp3,stroll,14,3,79.9,22.434,29.855,27.611,SUPERSOFT,4,1,315.0,1,0,1
2018,5,fp3,stroll,15,3,,27.691,36.452,,SUPERSOFT,5,1,299.0,0,0,0
2018,5,fp3,kevin_magnussen,1,,,,37.646,41.934,,,1,225.0,0,0,0
2018,5,fp3,kevin_magnussen,2,1,,,35.113,35.398,SUPERSOFT,2,0,230.0,0,0,0
2018,5,fp3,kevin_magnussen,3,1,87.63,24.494,32.277,30.859,SUPERSOFT,3,0,315.0,1,0,0
2018,5,fp3,kevin_magnussen,4,1,79.372,22.015,29.744,27.613,SUPERSOFT,4,0,318.0,1,0,0
2018,5,fp3,kevin_magnussen,5,1,99.202,25.958,40.183,33.061,SUPERSOFT,5,0,319.0,0,0,0
2018,5,fp3,kevin_magnussen,6,1,78.956,21.97,29.568,27.418,SUPERSOFT,6,0,318.0,1,0,0
2018,5,fp3,kevin_magnussen,7,1,100.223,27.527,39.104,33.592,SUPERSOFT,7,0,315.0,0,0,0
2018,5,fp3,kevin_magnussen,8,1,78.94,21.992,29.345,27.603,SUPERSOFT,8,0,321.0,1,0,0
2018,5,fp3,kevin_magnussen,9,1,103.461,26.195,36.98,40.286,SUPERSOFT,9,0,325.0,0,0,0
2018,5,fp3,kevin_magnussen,10,2,,,36.675,33.582,SUPERSOFT,1,1,240.0,0,0,0
2018,5,fp3,kevin_magnussen,11,2,93.065,22.066,36.97,34.029,SUPERSOFT,2,1,315.0,0,0,1
2018,5,fp3,kevin_magnussen,12,2,78.357,21.936,29.36,27.061,SUPERSOFT,3,1,316.0,1,0,1
2018,5,fp3,kevin_magnussen,13,2,105.051,27.888,41.335,35.828,SUPERSOFT,4,1,317.0,0,0,1
2018,5,fp3,kevin_magnussen,14,2,78.526,21.928,29.378,27.22,SUPERSOFT,5,1,317.0,0,0,1
2018,5,fp3,kevin_magnussen,15,2,97.558,25.869,38.974,32.715,SUPERSOFT,6,1,327.0,0,0,0
2018,5,fp3,hulkenberg,1,,,,37.731,36.548,,,1,215.0,0,0,0
2018,5,fp3,hulkenberg,2,,128.503,57.404,36.102,34.997,,,1,237.0,0,0,0
2018,5,fp3,hulkenberg,3,1,,,36.274,36.015,SUPERSOFT,3,0,237.0,0,0,0
2018,5,fp3,hulkenberg,4,1,79.335,22.405,29.75,27.18,SUPERSOFT,4,0,310.0,1,0,0
2018,5,fp3,hulkenberg,5,1,103.689,29.411,40.268,34.01,SUPERSOFT,5,0,287.0,0,0,0
2018,5,fp3,hulkenberg,6,1,78.95,22.308,29.548,27.094,SUPERSOFT,6,0,308.0,1,0,0
2018,5,fp3,hulkenberg,7,1,103.252,29.773,41.818,31.661,SUPERSOFT,7,0,266.0,0,0,0
2018,5,fp3,hulkenberg,8,1,81.674,22.401,29.441,29.832,SUPERSOFT,8,0,306.0,0,0,0
2018,5,fp3,hulkenberg,9,1,91.142,25.136,32.146,33.86,SUPERSOFT,9,0,283.0,0,0,0
2018,5,fp3,hulkenberg,10,2,121.388,54.332,33.521,33.535,SUPERSOFT,10,0,240.0,0,0,0
2018,5,fp3,hulkenberg,11,3,,,34.386,29.826,SUPERSOFT,1,1,239.0,0,0,0
2018,5,fp3,hulkenberg,12,3,91.926,24.36,33.767,33.799,SUPERSOFT,2,1,296.0,0,0,1
2018,5,fp3,hulkenberg,13,3,83.33,22.601,29.932,30.797,SUPERSOFT,3,1,308.0,0,0,1
2018,5,fp3,hulkenberg,14,3,104.903,27.516,39.233,38.154,SUPERSOFT,4,1,284.0,0,0,1
2018,5,fp3,hulkenberg,15,3,78.905,22.409,29.359,27.137,SUPERSOFT,5,1,311.0,1,0,1
2018,5,fp3,hulkenberg,16,3,,30.01,39.439,,SUPERSOFT,6,1,246.0,0,0,0
2018,5,fp3,brendon_hartley,1,1,,,37.543,34.881,SUPERSOFT,1,1,241.0,0,0,0
2018,5,fp3,brendon_hartley,2,1,80.486,22.536,30.467,27.483,SUPERSOFT,2,1,311.0,1,0,0
2018,5,fp3,brendon_hartley,3,1,98.254,28.942,37.527,31.785,SUPERSOFT,3,1,283.0,0,0,0
2018,5,fp3,brendon_hartley,4,1,80.073,22.523,30.043,27.507,SUPERSOFT,4,1,308.0,1,0,0
2018,5,fp3,brendon_hartley,5,1,98.031,27.822,37.383,32.826,SUPERSOFT,5,1,287.0,0,0,0
2018,5,fp3,brendon_hartley,6,1,80.212,22.522,30.19,27.5,SUPERSOFT,6,1,310.0,0,0,0
2018,5,fp3,brendon_hartley,7,1,98.0,27.159,37.956,32.885,SUPERSOFT,7,1,287.0,0,0,0
2018,5,fp3,brendon_hartley,8,1,85.152,22.443,30.18,32.529,SUPERSOFT,8,1,310.0,0,0,0
2018,5,fp3,brendon_hartley,9,2,,,37.697,36.085,SUPERSOFT,9,0,238.0,0,0,0
2018,5,fp3,brendon_hartley,10,2,80.337,22.344,30.214,27.779,SUPERSOFT,10,0,319.0,0,0,0
2018,5,fp3,brendon_hartley,11,2,97.038,26.579,35.531,34.928,SUPERSOFT,11,0,289.0,0,0,0
2018,5,fp3,brendon_hartley,12,2,80.034,22.32,30.116,27.598,SUPERSOFT,12,0,317.0,1,0,0
2018,5,fp3,brendon_hartley,13,2,102.389,27.875,35.912,38.602,SUPERSOFT,13,0,283.0,0,0,0
2018,5,fp3,brendon_hartley,14,3,,,36.148,33.01,SUPERSOFT,1,1,212.0,0,0,0
2018,5,fp3,brendon_hartley,15,3,79.428,22.321,30.025,27.082,SUPERSOFT,2,1,315.0,1,0,1
2018,5,fp3,brendon_hartley,16,3,96.294,26.896,36.967,32.431,SUPERSOFT,3,1,281.0,0,0,1
2018,5,fp3,brendon_hartley,17,3,91.771,22.478,35.753,33.54,SUPERSOFT,4,1,310.0,0,0,1
2018,5,fp3,brendon_hartley,18,3,79.661,22.263,29.997,27.401,SUPERSOFT,5,1,314.0,0,0,1
2018,5,fp3,brendon_hartley,19,3,103.414,27.659,38.196,37.559,SUPERSOFT,6,1,286.0,0,0,1
2018,5,fp3,brendon_hartley,20,3,79.8,22.214,30.094,27.492,SUPERSOFT,7,1,318.0,0,0,1
2018,5,fp3,brendon_hartley,21,3,103.099,26.05,38.364,38.685,SUPERSOFT,8,1,290.0,0,0,1
2018,5,fp3,brendon_hartley,22,3,94.245,22.755,37.243,34.247,SUPERSOFT,9,1,319.0,0,0,1
2018,5,fp3,brendon_hartley,23,3,,22.402,37.243,,SUPERSOFT,10,1,311.0,0,0,0
2018,5,fp3,ocon,1,1,,,35.595,30.427,MEDIUM,1,1,227.0,0,0,0
2018,5,fp3,ocon,2,1,80.868,22.609,30.538,27.721,MEDIUM,2,1,318.0,1,0,0
2018,5,fp3,ocon,3,1,109.203,29.19,43.388,36.625,MEDIUM,3,1,301.0,0,0,0
2018,5,fp3,ocon,4,1,80.382,22.382,30.275,27.725,MEDIUM,4,1,317.0,1,0,0
2018,5,fp3,ocon,5,1,115.709,28.921,45.234,41.554,MEDIUM,5,1,303.0,0,0,0
2018,5,fp3,ocon,6,1,80.681,22.355,30.206,28.12,MEDIUM,6,1,319.0,0,0,0
2018,5,fp3,ocon,7,1,112.143,32.0,44.525,35.618,MEDIUM,7,1,306.0,0,0,0
2018,5,fp3,ocon,8,1,79.99,22.419,30.167,27.404,MEDIUM,8,1,317.0,1,0,0
2018,5,fp3,ocon,9,1,118.008,33.511,47.368,37.129,MEDIUM,9,1,301.0,0,0,0
2018,5,fp3,ocon,10,1,79.767,22.38,29.999,27.388,MEDIUM,10,1,321.0,1,0,0
2018,5,fp3,ocon,11,1,88.666,24.079,32.33,32.257,MEDIUM,11,1,299.0,0,0,0
2018,5,fp3,ocon,12,2,113.001,46.819,33.16,33.022,MEDIUM,12,0,234.0,0,0,0
2018,5,fp3,ocon,13,3,,,36.693,30.797,SUPERSOFT,1,1,248.0,0,0,0
2018,5,fp3,ocon,14,3,79.408,22.309,29.778,27.321,SUPERSOFT,2,1,316.0,1,0,1
2018,5,fp3,ocon,15,3,105.453,30.853,42.032,32.568,SUPERSOFT,3,1,300.0,0,0,1
2018,5,fp3,ocon,16,3,79.429,22.225,29.92,27.284,SUPERSOFT,4,1,319.0,0,0,1
2018,5,fp3,ocon,17,3,98.962,28.663,36.965,33.334,SUPERSOFT,5,1,303.0,0,0,1
2018,5,fp3,ocon,18,3,102.91,26.237,39.011,37.662,SUPERSOFT,6,1,305.0,0,0,1
2018,5,fp3,ocon,19,3,79.121,22.176,29.729,27.216,SUPERSOFT,7,1,320.0,1,0,1
2018,5,fp3,ocon,20,3,,26.246,38.667,,SUPERSOFT,8,1,303.0,0,0,0
2018,5,fp3,max_verstappen,1,1,,,33.719,32.472,MEDIUM,1,1,235.0,0,0,0
2018,5,fp3,max_verstappen,2,1,79.013,22.155,29.474,27.384,MEDIUM,2,1,312.0,1,0,0
2018,5,fp3,max_verstappen,3,1,104.201,28.821,40.611,34.769,MEDIUM,3,1,234.0,0,0,0
2018,5,fp3,max_verstappen,4,1,98.11,26.495,36.785,34.83,MEDIUM,4,1,316.0,0,0,0
2018,5,fp3,max_verstappen,5,2,,78.075,46.635,37.94,MEDIUM,5,0,100.0,0,0,0
2018,5,fp3,sirotkin,1,1,,,41.77,42.303,MEDIUM,2,0,221.0,0,0,0
2018,5,fp3,sirotkin,2,2,,,38.984,40.597,SUPERSOFT,1,1,230.0,0,0,0
2018,5,fp3,sirotkin,3,2,81.671,22.845,30.738,28.088,SUPERSOFT,2,1,322.0,1,0,0
2018,5,fp3,sirotkin,4,2,116.417,30.746,46.899,38.772,SUPERSOFT,3,1,322.0,0,0,0
2018,5,fp3,sirotkin,5,2,80.731,22.49,30.152,28.089,SUPERSOFT,4,1,314.0,1,0,0
2018,5,fp3,sirotkin,6,2,118.239,29.822,47.753,40.664,SUPERSOFT,5,1,252.0,0,0,0
2018,5,fp3,sirotkin,7,2,80.181,22.537,29.881,27.763,SUPERSOFT,6,1,314.0,1,0,0
2018,5,fp3,sirotkin,8,2,100.407,28.418,38.115,33.874,SUPERSOFT,7,1,250.0,0,0,0
2018,5,fp3,sirotkin,9,3,,,40.255,34.666,SUPERSOFT,1,1,228.0,0,0,0
2018,5,fp3,sirotkin,10,3,80.392,22.439,30.148,27.805,SUPERSOFT,2,1,318.0,0,0,1
2018,5,fp3,sirotkin,11,3,111.94,29.982,48.577,33.381,SUPERSOFT,3,1,267.0,0,0,1
2018,5,fp3,sirotkin,12,3,79.909,22.29,29.801,27.818,SUPERSOFT,4,1,318.0,1,0,1
2018,5,fp3,sirotkin,13,3,,,,,SUPERSOFT,5,1,277.0,0,0,0
2018,5,fp3,hamilton,1,1,,,34.712,30.952,SOFT,1,1,225.0,0,0,0
2018,5,fp3,hamilton,2,1,78.112,22.098,29.178,26.836,SOFT,2,1,310.0,1,0,0
2018,5,fp3,hamilton,3,1,112.454,32.254,44.565,35.635,SOFT,3,1,255.0,0,0,0
2018,5,fp3,hamilton,4,1,78.24,21.97,29.043,27.227,SOFT,4,1,314.0,0,0,0
2018,5,fp3,hamilton,5,1,128.979,35.745,55.914,37.32,SOFT,5,1,265.0,0,0,0
2018,5,fp3,hamilton,6,1,77.844,21.938,28.978,26.928,SOFT,6,1,315.0,1,0,0
2018,5,fp3,hamilton,7,1,100.204,24.961,34.453,40.79,SOFT,7,1,302.0,0,0,0
2018,5,fp3,hamilton,8,2,126.302,57.95,34.799,33.553,SOFT,8,0,243.0,0,0,0
2018,5,fp3,hamilton,9,3,,,35.207,31.465,SUPERSOFT,1,1,241.0,0,0,0
2018,5,fp3,hamilton,10,3,77.281,21.924,28.787,26.57,SUPERSOFT,2,1,311.0,1,0,1
2018,5,fp3,hamilton,11,3,119.24,36.421,47.354,35.465,SUPERSOFT,3,1,266.0,0,0,1
2018,5,fp3,hamilton,12,3,94.654,26.336,36.215,32.103,SUPERSOFT,4,1,316.0,0,0,1
2018,5,fp3,hamilton,13,3,85.346,21.845,28.757,34.744,SUPERSOFT,5,1,317.0,0,0,0
2018,5,fp3,hamilton,14,4,,,34.687,33.352,SOFT,9,0,236.0,0,0,0
2018,5,fp3,hamilton,15,5,,,,,SOFT,10,0,237.0,0,0,0
2018,5,fp3,sainz,1,1,,,35.216,31.069,SUPERSOFT,1,1,224.0,0,0,0
2018,5,fp3,sainz,2,1,79.638,22.547,29.747,27.344,SUPERSOFT,2,1,307.0,1,0,0
2018,5,fp3,sainz,3,1,109.946,31.712,42.747,35.487,SUPERSOFT,3,1,287.0,0,0,0
2018,5,fp3,sainz,4,1,79.373,22.413,29.531,27.429,SUPERSOFT,4,1,310.0,1,0,0
2018,5,fp3,sainz,5,1,112.263,30.533,43.566,38.164,SUPERSOFT,5,1,289.0,0,0,0
2018,5,fp3,sainz,6,1,80.9,23.08,30.119,27.701,SUPERSOFT,6,1,295.0,0,0,0
2018,5,fp3,sainz,7,1,81.249,23.294,30.359,27.596,SUPERSOFT,7,1,291.0,0,0,0
2018,5,fp3,sainz,8,1,81.892,23.614,30.412,27.866,SUPERSOFT,8,1,292.0,0,0,0
2018,5,fp3,sainz,9,1,81.062,22.94,30.415,27.707,SUPERSOFT,9,1,305.0,0,0,0
2018,5,fp3,sainz,10,1,80.989,23.053,30.272,27.664,SUPERSOFT,10,1,298.0,0,0,0
2018,5,fp3,sainz,11,1,102.734,27.886,36.311,38.537,SUPERSOFT,11,1,277.0,0,0,0
2018,5,fp3,sainz,12,2,,,35.496,31.638,SUPERSOFT,1,1,240.0,0,0,0
2018,5,fp3,sainz,13,2,102.332,22.885,37.03,42.417,SUPERSOFT,2,1,308.0,0,0,1
2018,5,fp3,sainz,14,2,96.878,26.533,35.181,35.164,SUPERSOFT,3,1,314.0,0,0,1
2018,5,fp3,sainz,15,2,78.783,22.11,29.323,27.35,SUPERSOFT,4,1,312.0,1,0,1
2018,5,fp3,sainz,16,2,,28.294,44.452,,SUPERSOFT,5,1,282.0,0,0,0
2018,5,fp3,bottas,1,,,,32.851,30.061,,,1,247.0,0,0,0
2018,5,fp3,bottas,2,1,78.496,22.053,29.031,27.412,SOFT,1,1,310.0,1,0,0
2018,5,fp3,bottas,3,1,103.596,28.591,41.729,33.276,SOFT,2,1,280.0,0,0,0
2018,5,fp3,bottas,4,1,78.081,22.039,29.109,26.933,SOFT,3,1,314.0,1,0,0
2018,5,fp3,bottas,5,1,102.158,26.284,43.461,32.413,SOFT,4,1,304.0,0,0,0
2018,5,fp3,bottas,6,1,77.873,21.934,29.046,26.893,SOFT,5,1,315.0,1,0,0
2018,5,fp3,bottas,7,1,108.422,28.229,47.527,32.666,SOFT,6,1,298.0,0,0,0
2018,5,fp3,bottas,8,1,78.137,21.908,28.997,27.232,SOFT,7,1,313.0,0,0,0
2018,5,fp3,bottas,9,1,97.14,26.309,33.682,37.149,SOFT,8,1,286.0,0,0,0
2018,5,fp3,bottas,10,2,128.989,58.853,35.003,35.133,SOFT,10,0,245.0,0,0,0
2018,5,fp3,bottas,11,3,,,35.677,29.871,SUPERSOFT,1,1,243.0,0,0,0
2018,5,fp3,bottas,12,3,77.431,21.929,28.747,26.755,SUPERSOFT,2,1,312.0,1,0,1
2018,5,fp3,bottas,13,3,102.131,27.718,40.743,33.67,SUPERSOFT,3,1,285.0,0,0,1
2018,5,fp3,bottas,14,3,77.657,21.961,28.782,26.914,SUPERSOFT,4,1,313.0,0,0,1
2018,5,fp3,bottas,15,3,104.407,28.853,41.036,34.518,SUPERSOFT,5,1,275.0,0,0,1
2018,5,fp3,bottas,16,3,77.294,21.88,28.699,26.715,SUPERSOFT,6,1,313.0,1,0,1
2018,5,fp3,bottas,17,3,96.444,26.734,35.392,34.318,SUPERSOFT,7,1,291.0,0,0,0
2018,5,fp3,bottas,18,4,,,33.312,37.502,SOFT,11,0,236.0,0,0,0
2018,5,fp3,bottas,19,5,122.007,55.03,35.089,31.888,SOFT,12,0,240.0,0,0,0
2018,6,fp1,vandoorne,1,1,,28.75,42.532,,ULTRASOFT,1,1,237.0,0,0,0
2018,6,fp1,vandoorne,2,2,88.415,26.272,39.045,23.098,ULTRASOFT,2,0,243.0,0,0,0
2018,6,fp1,vandoorne,3,2,79.797,21.859,36.908,21.03,ULTRASOFT,3,0,275.0,1,0,1
2018,6,fp1,vandoorne,4,2,84.738,21.264,41.147,22.327,ULTRASOFT,4,0,250.0,0,0,1
2018,6,fp1,vandoorne,5,2,79.406,22.735,36.163,20.508,ULTRASOFT,5,0,276.0,1,0,1
2018,6,fp1,vandoorne,6,2,76.574,20.131,36.105,20.338,ULTRASOFT,6,0,279.0,1,0,1
2018,6,fp1,vandoorne,7,2,90.692,22.481,40.7,27.511,ULTRASOFT,7,0,257.0,0,0,1
2018,6,fp1,vandoorne,8,2,82.107,20.313,36.919,24.875,ULTRASOFT,8,0,276.0,0,0,1
2018,6,fp1,vandoorne,9,2,75.545,19.709,35.647,20.189,ULTRASOFT,9,0,279.0,1,0,1
2018,6,fp1,vandoorne,10,2,87.713,24.728,40.426,22.559,ULTRASOFT,10,0,257.0,0,0,1
2018,6,fp1,vandoorne,11,2,100.835,19.705,35.667,45.463,ULTRASOFT,11,0,280.0,0,0,0
2018,6,fp1,vandoorne,12,3,90.116,26.173,38.812,25.131,ULTRASOFT,12,0,267.0,0,0,0
2018,6,fp1,vandoorne,13,3,75.292,19.855,35.435,20.002,ULTRASOFT,13,0,280.0,1,0,1
2018,6,fp1,vandoorne,14,3,84.317,22.133,39.993,22.191,ULTRASOFT,14,0,264.0,0,0,1
2018,6,fp1,vandoorne,15,3,75.23,19.747,35.389,20.094,ULTRASOFT,15,0,276.0,1,0,1
2018,6,fp1,vandoorne,16,3,,21.509,38.863,,ULTRASOFT,16,0,261.0,0,0,0
2018,6,fp1,vandoorne,17,3,86.631,25.915,39.06,21.656,ULTRASOFT,17,0,247.0,0,0,0
2018,6,fp1,vandoorne,18,3,87.753,22.602,39.549,25.602,ULTRASOFT,18,0,233.0,0,0,1
2018,6,fp1,vandoorne,19,3,74.298,19.558,35.066,19.674,ULTRASOFT,19,0,277.0,1,0,1
2018,6,fp1,vandoorne,20,3,93.028,23.628,42.408,26.992,ULTRASOFT,20,0,251.0,0,0,1
2018,6,fp1,vandoorne,21,3,74.324,19.517,35.132,19.675,ULTRASOFT,21,0,277.0,0,0,1
2018,6,fp1,vandoorne,22,4,87.22,23.786,41.087,22.347,HYPERSOFT,1,1,250.0,0,0,1
2018,6,fp1,vandoorne,23,4,74.291,19.507,35.21,19.574,HYPERSOFT,2,1,275.0,1,0,1
2018,6,fp1,vandoorne,24,4,116.253,22.476,39.663,54.114,HYPERSOFT,3,1,249.0,0,0,0
2018,6,fp1,vandoorne,25,5,88.279,24.779,37.353,26.147,HYPERSOFT,9,0,261.0,0,0,0
2018,6,fp1,vandoorne,26,5,74.745,19.897,35.172,19.676,HYPERSOFT,10,0,273.0,0,0,1
2018,6,fp1,vandoorne,27,5,86.361,23.042,40.958,22.361,HYPERSOFT,11,0,248.0,0,0,1
2018,6,fp1,vandoorne,28,5,74.372,19.518,35.246,19.608,HYPERSOFT,12,0,274.0,0,0,1
2018,6,fp1,vandoorne,29,5,85.09,23.507,40.044,21.539,HYPERSOFT,13,0,249.0,0,0,1
2018,6,fp1,vandoorne,30,5,74.37,19.536,35.139,19.695,HYPERSOFT,14,0,274.0,0,0,1
2018,6,fp1,vandoorne,31,5,,21.476,37.689,,HYPERSOFT,15,0,251.0,0,0,0
2018,6,fp1,vandoorne,32,6,88.711,26.289,39.056,23.366,HYPERSOFT,15,0,250.0,0,0,0
2018,6,fp1,vandoorne,33,6,77.71,20.559,36.28,20.871,HYPERSOFT,16,0,270.0,0,0,1
2018,6,fp1,vandoorne,34,6,78.887,21.015,36.888,20.984,HYPERSOFT,17,0,272.0,0,0,1
2018,6,fp1,vandoorne,35,6,78.501,20.635,36.798,21.068,HYPERSOFT,18,0,274.0,0,0,1
2018,6,fp1,vandoorne,36,6,121.486,25.105,41.116,55.265,HYPERSOFT,19,0,265.0,0,0,1
2018,6,fp1,vandoorne,37,6,,25.167,39.167,,HYPERSOFT,20,0,269.0,0,0,0
2018,6,fp1,ricciardo,1,1,,29.832,39.34,,HYPERSOFT,1,1,271.0,0,0,0
2018,6,fp1,ricciardo,2,2,86.124,24.652,36.865,24.607,HYPERSOFT,2,0,275.0,0,0,0
2018,6,fp1,ricciardo,3,2,75.289,20.141,35.099,20.049,HYPERSOFT,3,0,276.0,1,0,0
2018,6,fp1,ricciardo,4,2,83.922,22.261,38.714,22.947,HYPERSOFT,4,0,276.0,0,0,0
2018,6,fp1,ricciardo,5,2,74.103,19.593,34.723,19.787,HYPERSOFT,5,0,276.0,1,0,1
2018,6,fp1,ricciardo,6,2,88.924,26.361,39.977,22.586,HYPERSOFT,6,0,274.0,0,0,1
2018,6,fp1,ricciardo,7,2,74.389,19.489,34.489,20.411,HYPERSOFT,7,0,279.0,0,0,1
2018,6,fp1,ricciardo,8,2,100.328,32.409,43.535,24.384,HYPERSOFT,8,0,265.0,0,0,1
2018,6,fp1,ricciardo,9,2,73.744,19.545,34.659,19.54,HYPERSOFT,9,0,280.0,1,0,1
2018,6,fp1,ricciardo,10,2,73.665,19.357,34.468,19.84,HYPERSOFT,10,0,278.0,1,0,1
2018,6,fp1,ricciardo,11,2,96.446,25.994,43.516,26.936,HYPERSOFT,11,0,245.0,0,0,1
2018,6,fp1,ricciardo,12,2,84.599,21.128,40.403,23.068,HYPERSOFT,12,0,262.0,0,0,1
2018,6,fp1,ricciardo,13,2,73.139,19.389,34.228,19.522,HYPERSOFT,13,0,277.0,1,0,1
2018,6,fp1,ricciardo,14,2,84.025,19.311,39.257,25.457,HYPERSOFT,14,0,275.0,0,0,1
2018,6,fp1,ricciardo,15,2,73.301,19.317,34.391,19.593,HYPERSOFT,15,0,279.0,0,0,1
2018,6,fp1,ricciardo,16,2,,21.341,42.994,,HYPERSOFT,16,0,268.0,0,0,0
2018,6,fp1,ricciardo,17,3,84.339,26.048,37.538,20.753,HYPERSOFT,1,1,270.0,0,0,0
2018,6,fp1,ricciardo,18,3,72.725,19.224,34.157,19.344,HYPERSOFT,2,1,282.0,1,0,1
2018,6,fp1,ricciardo,19,3,91.149,23.576,45.834,21.739,HYPERSOFT,3,1,255.0,0,0,1
2018,6,fp1,ricciardo,20,3,74.175,19.228,34.017,20.93,HYPERSOFT,4,1,280.0,0,0,1
2018,6,fp1,ricciardo,21,3,98.023,24.895,45.881,27.247,HYPERSOFT,5,1,250.0,0,0,1
2018,6,fp1,ricciardo,22,3,87.13,19.286,42.6,25.244,HYPERSOFT,6,1,246.0,0,0,1
2018,6,fp1,ricciardo,23,3,74.393,19.166,33.992,21.235,HYPERSOFT,7,1,281.0,0,0,1
2018,6,fp1,ricciardo,24,3,94.395,25.22,45.301,23.874,HYPERSOFT,8,1,265.0,0,0,1
2018,6,fp1,ricciardo,25,3,72.515,19.15,34.026,19.339,HYPERSOFT,9,1,280.0,1,0,1
2018,6,fp1,ricciardo,26,3,95.933,25.447,45.416,25.07,HYPERSOFT,10,1,235.0,0,0,1
2018,6,fp1,ricciardo,27,3,72.336,19.167,33.861,19.308,HYPERSOFT,11,1,279.0,1,0,1
2018,6,fp1,ricciardo,28,3,95.45,25.721,45.205,24.524,HYPERSOFT,12,1,230.0,0,0,1
2018,6,fp1,ricciardo,29,3,72.443,19.213,33.905,19.325,HYPERSOFT,13,1,276.0,0,0,1
2018,6,fp1,ricciardo,30,3,97.977,25.477,47.792,24.708,HYPERSOFT,14,1,225.0,0,0,1
2018,6,fp1,ricciardo,31,3,72.126,19.133,33.828,19.165,HYPERSOFT,15,1,276.0,1,0,1
2018,6,fp1,ricciardo,32,3,,24.162,39.666,,HYPERSOFT,16,1,251.0,0,0,0
2018,6,fp1,ricciardo,33,4,85.277,25.554,36.394,23.329,HYPERSOFT,16,0,276.0,0,0,0
2018,6,fp1,ricciardo,34,4,75.935,20.017,35.534,20.384,HYPERSOFT,17,0,276.0,0,0,1
2018,6,fp1,ricciardo,35,4,110.433,23.254,35.953,51.226,HYPERSOFT,18,0,272.0,0,0,1
2018,6,fp1,ricciardo,36,4,,26.807,35.966,,HYPERSOFT,19,0,269.0,0,0,0
2018,6,fp1,vettel,1,,97.837,28.85,43.038,25.949,,,1,238.0,0,0,0
2018,6,fp1,vettel,2,1,,23.604,38.549,,HYPERSOFT,1,1,274.0,0,0,0
2018,6,fp1,vettel,3,2,87.78,25.554,37.654,24.572,HYPERSOFT,3,0,265.0,0,0,0
2018,6,fp1,vettel,4,2,82.115,20.903,35.97,25.242,HYPERSOFT,4,0,279.0,1,0,1
2018,6,fp1,vettel,5,2,75.572,20.186,35.348,20.038,HYPERSOFT,5,0,280.0,1,0,1
2018,6,fp1,vettel,6,2,85.262,21.88,39.864,23.518,HYPERSOFT,6,0,255.0,0,0,1
2018,6,fp1,vettel,7,2,74.611,19.883,34.858,19.87,HYPERSOFT,7,0,281.0,1,0,1
2018,6,fp1,vettel,8,2,74.232,19.643,34.792,19.797,HYPERSOFT,8,0,280.0,1,0,1
2018,6,fp1,vettel,9,2,89.534,21.553,43.876,24.105,HYPERSOFT,9,0,230.0,0,0,1
2018,6,fp1,vettel,10,2,74.177,19.63,34.765,19.782,HYPERSOFT,10,0,279.0,1,0,1
2018,6,fp1,vettel,11,2,86.933,22.045,41.211,23.677,HYPERSOFT,11,0,240.0,0,0,1
2018,6,fp1,vettel,12,2,73.949,19.614,34.603,19.732,HYPERSOFT,12,0,281.0,1,0,1
2018,6,fp1,vettel,13,2,107.863,22.24,39.391,46.232,HYPERSOFT,13,0,269.0,0,0,0
2018,6,fp1,vettel,14,3,,24.685,37.193,,HYPERSOFT,14,0,270.0,0,0,0
2018,6,fp1,vettel,15,4,82.112,24.353,36.719,21.04,HYPERSOFT,1,1,267.0,0,0,0
2018,6,fp1,vettel,16,4,73.245,19.264,34.363,19.618,HYPERSOFT,2,1,280.0,1,0,1
2018,6,fp1,vettel,17,4,88.451,23.314,40.614,24.523,HYPERSOFT,3,1,238.0,0,0,1
2018,6,fp1,vettel,18,4,73.041,19.358,34.28,19.403,HYPERSOFT,4,1,279.0,1,0,1
2018,6,fp1,vettel,19,4,84.809,23.048,40.82,20.941,HYPERSOFT,5,1,252.0,0,0,1
2018,6,fp1,vettel,20,4,73.25,19.179,34.301,19.77,HYPERSOFT,6,1,281.0,0,0,1
2018,6,fp1,vettel,21,4,90.37,22.921,42.21,25.239,HYPERSOFT,7,1,214.0,0,0,1
2018,6,fp1,vettel,22,4,77.129,19.454,34.363,23.312,HYPERSOFT,8,1,282.0,0,0,1
2018,6,fp1,vettel,23,4,73.367,19.225,34.563,19.579,HYPERSOFT,9,1,282.0,0,0,1
2018,6,fp1,vettel,24,4,93.438,25.154,42.155,26.129,HYPERSOFT,10,1,243.0,0,0,1
2018,6,fp1,vettel,25,4,73.207,19.446,34.395,19.366,HYPERSOFT,11,1,280.0,0,0,1
2018,6,fp1,vettel,26,4,111.674,22.444,36.984,52.246,HYPERSOFT,12,1,271.0,0,0,0
2018,6,fp1,vettel,27,5,,24.999,37.933,,HYPERSOFT,13,0,277.0,0,0,0
2018,6,fp1,vettel,28,6,87.129,26.06,38.236,22.833,HYPERSOFT,14,0,265.0,0,0,0
2018,6,fp1,vettel,29,6,76.389,20.425,35.719,20.245,HYPERSOFT,15,0,275.0,0,0,1
2018,6,fp1,vettel,30,6,75.954,20.023,35.541,20.39,HYPERSOFT,16,0,279.0,0,0,1
2018,6,fp1,vettel,31,6,81.597,20.032,37.226,24.339,HYPERSOFT,17,0,277.0,0,0,1
2018,6,fp1,vettel,32,6,76.613,20.14,35.987,20.486,HYPERSOFT,18,0,276.0,0,0,1
2018,6,fp1,vettel,33,6,76.947,20.083,36.179,20.685,HYPERSOFT,19,0,276.0,0,0,1
2018,6,fp1,vettel,34,6,78.184,20.451,36.84,20.893,HYPERSOFT,20,0,276.0,0,0,1
2018,6,fp1,vettel,35,6,78.894,20.747,37.009,21.138,HYPERSOFT,21,0,276.0,0,0,1
2018,6,fp1,vettel,36,6,78.575,20.67,36.906,20.999,HYPERSOFT,22,0,275.0,0,0,1
2018,6,fp1,vettel,37,6,78.786,20.852,36.946,20.988,HYPERSOFT,23,0,276.0,0,0,1
2018,6,fp1,vettel,38,6,78.536,20.681,36.758,21.097,HYPERSOFT,24,0,276.0,0,0,1
2018,6,fp1,vettel,39,6,138.649,22.919,43.827,71.903,HYPERSOFT,25,0,264.0,0,0,1
2018,6,fp1,vettel,40,6,,25.499,37.634,,HYPERSOFT,26,0,266.0,0,0,0
2018,6,fp1,raikkonen,1,1,87.028,26.414,37.798,22.816,HYPERSOFT,1,1,252.0,0,0,0
2018,6,fp1,raikkonen,2,1,,21.699,35.779,,HYPERSOFT,2,1,279.0,0,0,0
2018,6,fp1,raikkonen,3,2,101.534,28.835,44.74,27.959,HYPERSOFT,3,0,241.0,0,0,0
2018,6,fp1,raikkonen,4,2,81.082,23.267,36.835,20.98,HYPERSOFT,4,0,275.0,1,0,1
2018,6,fp1,raikkonen,5,2,75.296,20.132,35.068,20.096,HYPERSOFT,5,0,280.0,1,0,1
2018,6,fp1,raikkonen,6,2,75.804,19.687,35.133,20.984,HYPERSOFT,6,0,282.0,0,0,1
2018,6,fp1,raikkonen,7,2,83.966,24.785,36.302,22.879,HYPERSOFT,7,0,280.0,0,0,1
2018,6,fp1,raikkonen,8,2,74.552,19.663,34.848,20.041,HYPERSOFT,8,0,281.0,1,0,1
2018,6,fp1,raikkonen,9,2,88.556,21.744,38.021,28.791,HYPERSOFT,9,0,283.0,0,0,1
2018,6,fp1,raikkonen,10,2,77.181,19.509,34.995,22.677,HYPERSOFT,10,0,283.0,0,0,1
2018,6,fp1,raikkonen,11,2,86.215,22.6,41.005,22.61,HYPERSOFT,11,0,268.0,0,0,1
2018,6,fp1,raikkonen,12,2,74.346,19.651,34.818,19.877,HYPERSOFT,12,0,279.0,1,0,1
2018,6,fp1,raikkonen,13,2,121.805,20.723,39.115,61.967,HYPERSOFT,13,0,276.0,0,0,0
2018,6,fp1,raikkonen,14,3,,23.981,36.695,,HYPERSOFT,14,0,270.0,0,0,0
2018,6,fp1,raikkonen,15,4,84.601,24.279,37.736,22.586,HYPERSOFT,1,1,268.0,0,0,0
2018,6,fp1,raikkonen,16,4,83.365,19.63,40.717,23.018,HYPERSOFT,2,1,281.0,0,0,1
2018,6,fp1,raikkonen,17,4,73.142,19.298,34.345,19.499,HYPERSOFT,3,1,280.0,1,0,1
2018,6,fp1,raikkonen,18,4,86.607,22.942,42.133,21.532,HYPERSOFT,4,1,247.0,0,0,1
2018,6,fp1,raikkonen,19,4,73.403,19.337,34.316,19.75,HYPERSOFT,5,1,281.0,0,0,1
2018,6,fp1,raikkonen,20,4,90.301,24.614,41.745,23.942,HYPERSOFT,6,1,279.0,0,0,1
2018,6,fp1,raikkonen,21,4,73.066,19.225,34.397,19.444,HYPERSOFT,7,1,281.0,1,0,1
2018,6,fp1,raikkonen,22,4,89.236,22.761,43.705,22.77,HYPERSOFT,8,1,231.0,0,0,1
2018,6,fp1,raikkonen,23,4,73.118,19.195,34.396,19.527,HYPERSOFT,9,1,281.0,0,0,1
2018,6,fp1,raikkonen,24,4,127.434,22.816,41.358,63.26,HYPERSOFT,10,1,280.0,0,0,0
2018,6,fp1,raikkonen,25,5,,23.758,38.553,,HYPERSOFT,11,0,260.0,0,0,0
2018,6,fp1,raikkonen,26,6,111.325,23.971,37.074,50.28,HYPERSOFT,11,0,264.0,0,0,0
2018,6,fp1,raikkonen,27,7,81.1,24.0,36.523,20.577,HYPERSOFT,13,0,274.0,0,0,0
2018,6,fp1,raikkonen,28,7,75.954,19.995,35.519,20.44,HYPERSOFT,14,0,277.0,0,0,1
2018,6,fp1,raikkonen,29,7,76.148,19.977,35.721,20.45,HYPERSOFT,15,0,277.0,0,0,1
2018,6,fp1,raikkonen,30,7,78.956,20.333,37.577,21.046,HYPERSOFT,16,0,278.0,0,0,1
2018,6,fp1,raikkonen,31,7,81.612,20.385,38.385,22.842,HYPERSOFT,17,0,276.0,0,0,1
2018,6,fp1,raikkonen,32,7,119.026,21.208,38.028,59.79,HYPERSOFT,18,0,270.0,0,0,0
2018,6,fp1,raikkonen,33,8,84.084,24.851,37.805,21.428,HYPERSOFT,18,0,276.0,0,0,0
2018,6,fp1,raikkonen,34,8,77.891,20.735,36.571,20.585,HYPERSOFT,19,0,278.0,0,0,1
2018,6,fp1,raikkonen,35,8,78.882,20.835,37.021,21.026,HYPERSOFT,20,0,280.0,0,0,1
2018,6,fp1,raikkonen,36,8,78.459,20.689,36.832,20.938,HYPERSOFT,21,0,279.0,0,0,1
2018,6,fp1,raikkonen,37,8,145.268,24.27,45.653,75.345,HYPERSOFT,22,0,248.0,0,0,1
2018,6,fp1,raikkonen,38,8,,24.003,38.204,,HYPERSOFT,23,0,273.0,0,0,0
2018,6,fp1,grosjean,1,1,,29.29,42.155,,ULTRASOFT,1,1,265.0,0,0,0
2018,6,fp1,grosjean,2,2,86.459,26.136,37.881,22.442,ULTRASOFT,2,0,271.0,0,0,0
2018,6,fp1,grosjean,3,2,83.126,21.891,36.691,24.544,ULTRASOFT,3,0,276.0,1,0,1
2018,6,fp1,grosjean,4,2,78.676,21.566,36.456,20.654,ULTRASOFT,4,0,277.0,1,0,1
2018,6,fp1,grosjean,5,2,80.57,20.536,36.023,24.011,ULTRASOFT,5,0,280.0,0,0,1
2018,6,fp1,grosjean,6,2,76.196,20.431,35.524,20.241,ULTRASOFT,6,0,280.0,1,0,1
2018,6,fp1,grosjean,7,2,80.638,20.77,38.315,21.553,ULTRASOFT,7,0,236.0,0,0,1
2018,6,fp1,grosjean,8,2,75.474,20.12,35.368,19.986,ULTRASOFT,8,0,279.0,1,0,1
2018,6,fp1,grosjean,9,2,78.501,20.121,35.635,22.745,ULTRASOFT,9,0,280.0,0,0,1
2018,6,fp1,grosjean,10,2,79.827,21.759,37.629,20.439,ULTRASOFT,10,0,277.0,0,0,1
2018,6,fp1,grosjean,11,2,76.012,20.013,35.515,20.484,ULTRASOFT,11,0,283.0,0,0,1
2018,6,fp1,grosjean,12,2,75.208,20.076,35.152,19.98,ULTRASOFT,12,0,279.0,1,0,1
2018,6,fp1,grosjean,13,2,,21.948,37.945,,ULTRASOFT,13,0,277.0,0,0,0
2018,6,fp1,grosjean,14,3,84.037,25.587,37.506,20.944,HYPERSOFT,1,1,271.0,0,0,0
2018,6,fp1,grosjean,15,3,75.001,19.892,34.736,20.373,HYPERSOFT,2,1,279.0,1,0,1
2018,6,fp1,grosjean,16,3,81.245,22.96,37.381,20.904,HYPERSOFT,3,1,277.0,0,0,1
2018,6,fp1,grosjean,17,3,73.943,19.777,34.591,19.575,HYPERSOFT,4,1,279.0,1,0,1
2018,6,fp1,grosjean,18,3,83.848,22.051,39.468,22.329,HYPERSOFT,5,1,254.0,0,0,1
2018,6,fp1,grosjean,19,3,78.858,20.112,37.778,20.968,HYPERSOFT,6,1,257.0,0,0,1
2018,6,fp1,grosjean,20,3,74.043,19.71,34.472,19.861,HYPERSOFT,7,1,278.0,0,0,1
2018,6,fp1,grosjean,21,3,83.769,22.765,38.214,22.79,HYPERSOFT,8,1,259.0,0,0,1
2018,6,fp1,grosjean,22,3,74.245,19.872,34.599,19.774,HYPERSOFT,9,1,279.0,0,0,1
2018,6,fp1,grosjean,23,3,125.852,27.246,48.008,50.598,HYPERSOFT,10,1,174.0,0,0,1
2018,6,fp1,grosjean,24,3,,26.645,44.28,,HYPERSOFT,11,1,203.0,0,0,0
2018,6,fp1,ericsson,1,1,,31.185,42.71,,HYPERSOFT,1,1,262.0,0,0,0
2018,6,fp1,ericsson,2,2,94.89,30.547,40.878,23.465,HYPERSOFT,2,0,270.0,0,0,0
2018,6,fp1,ericsson,3,2,90.908,23.787,38.547,28.574,HYPERSOFT,3,0,281.0,1,0,1
2018,6,fp1,ericsson,4,2,78.155,21.145,36.285,20.725,HYPERSOFT,4,0,278.0,1,0,1
2018,6,fp1,ericsson,5,2,76.704,20.343,35.911,20.45,HYPERSOFT,5,0,279.0,1,0,1
2018,6,fp1,ericsson,6,2,89.545,20.422,45.044,24.079,HYPERSOFT,6,0,221.0,0,0,1
2018,6,fp1,ericsson,7,2,76.783,20.517,35.846,20.42,HYPERSOFT,7,0,277.0,0,0,1
2018,6,fp1,ericsson,8,2,78.864,20.13,35.92,22.814,HYPERSOFT,8,0,278.0,0,0,1
2018,6,fp1,ericsson,9,2,76.488,20.264,35.93,20.294,HYPERSOFT,9,0,279.0,1,0,1
2018,6,fp1,ericsson,10,2,94.388,20.131,50.751,23.506,HYPERSOFT,10,0,242.0,0,0,1
2018,6,fp1,ericsson,11,2,76.997,20.387,36.122,20.488,HYPERSOFT,11,0,277.0,0,0,1
2018,6,fp1,ericsson,12,2,76.552,19.908,36.086,20.558,HYPERSOFT,12,0,277.0,0,0,1
2018,6,fp1,ericsson,13,2,104.043,22.767,39.771,41.505,HYPERSOFT,13,0,274.0,0,0,0
2018,6,fp1,ericsson,14,3,,26.4,39.088,,HYPERSOFT,14,0,276.0,0,0,0
2018,6,fp1,ericsson,15,4,84.354,25.525,37.292,21.537,HYPERSOFT,1,1,273.0,0,0,0
2018,6,fp1,ericsson,16,4,75.206,19.951,35.195,20.06,HYPERSOFT,2,1,279.0,1,0,1
2018,6,fp1,ericsson,17,4,76.066,20.06,35.688,20.318,HYPERSOFT,3,1,280.0,0,0,1
2018,6,fp1,ericsson,18,4,93.854,20.843,43.16,29.851,HYPERSOFT,4,1,260.0,0,0,1
2018,6,fp1,ericsson,19,4,76.137,20.3,35.621,20.216,HYPERSOFT,5,1,279.0,0,0,1
2018,6,fp1,ericsson,20,4,75.22,19.877,35.377,19.966,HYPERSOFT,6,1,278.0,0,0,1
2018,6,fp1,ericsson,21,4,75.4,19.838,35.49,20.072,HYPERSOFT,7,1,279.0,0,0,1
2018,6,fp1,ericsson,22,4,91.781,24.438,44.779,22.564,HYPERSOFT,8,1,251.0,0,0,1
2018,6,fp1,ericsson,23,4,76.914,19.911,35.633,21.37,HYPERSOFT,9,1,279.0,0,0,1
2018,6,fp1,ericsson,24,4,91.138,19.897,42.984,28.257,HYPERSOFT,10,1,232.0,0,0,1
2018,6,fp1,ericsson,25,4,76.438,20.194,35.816,20.428,HYPERSOFT,11,1,278.0,0,0,1
2018,6,fp1,ericsson,26,4,,21.404,40.866,,HYPERSOFT,12,1,277.0,0,0,0
2018,6,fp1,ericsson,27,5,87.005,25.718,38.595,22.692,HYPERSOFT,13,0,271.0,0,0,0
2018,6,fp1,ericsson,28,5,82.144,20.576,39.876,21.692,HYPERSOFT,14,0,254.0,0,0,1
2018,6,fp1,ericsson,29,5,76.46,20.187,35.743,20.53,HYPERSOFT,15,0,278.0,0,0,1
2018,6,fp1,ericsson,30,5,94.581,24.409,44.338,25.834,HYPERSOFT,16,0,250.0,0,0,1
2018,6,fp1,ericsson,31,5,85.837,20.251,39.572,26.014,HYPERSOFT,17,0,275.0,0,0,1
2018,6,fp1,ericsson,32,5,76.269,20.238,35.769,20.262,HYPERSOFT,18,0,280.0,0,0,1
2018,6,fp1,ericsson,33,5,86.263,23.09,40.411,22.762,HYPERSOFT,19,0,256.0,0,0,1
2018,6,fp1,ericsson,34,5,76.692,20.284,36.017,20.391,HYPERSOFT,20,0,278.0,0,0,1
2018,6,fp1,ericsson,35,5,85.282,23.062,40.235,21.985,HYPERSOFT,21,0,257.0,0,0,1
2018,6,fp1,ericsson,36,5,76.248,20.151,35.808,20.289,HYPERSOFT,22,0,278.0,0,0,1
2018,6,fp1,ericsson,37,5,91.538,23.751,44.514,23.273,HYPERSOFT,23,0,260.0,0,0,1
2018,6,fp1,ericsson,38,5,120.85,23.139,41.504,56.207,HYPERSOFT,24,0,259.0,0,0,1
2018,6,fp1,ericsson,39,5,,27.34,42.117,,HYPERSOFT,25,0,255.0,0,0,0
2018,6,fp1,gasly,1,1,,28.234,42.939,,ULTRASOFT,1,1,236.0,0,0,0
2018,6,fp1,gasly,2,2,88.408,25.984,39.287,23.137,HYPERSOFT,1,1,255.0,0,0,0
2018,6,fp1,gasly,3,2,86.325,21.69,38.946,25.689,HYPERSOFT,2,1,256.0,1,0,1
2018,6,fp1,gasly,4,2,78.214,20.663,35.93,21.621,HYPERSOFT,3,1,272.0,1,0,1
2018,6,fp1,gasly,5,2,94.385,25.932,41.45,27.003,HYPERSOFT,4,1,255.0,0,0,1
2018,6,fp1,gasly,6,2,76.352,20.481,35.59,20.281,HYPERSOFT,5,1,272.0,1,0,1
2018,6,fp1,gasly,7,2,80.751,22.486,37.409,20.856,HYPERSOFT,6,1,256.0,0,0,1
2018,6,fp1,gasly,8,2,75.152,19.859,35.204,20.089,HYPERSOFT,7,1,272.0,1,0,1
2018,6,fp1,gasly,9,2,75.208,19.933,35.191,20.084,HYPERSOFT,8,1,270.0,0,0,1
2018,6,fp1,gasly,10,2,85.52,24.048,39.553,21.919,HYPERSOFT,9,1,247.0,0,0,1
2018,6,fp1,gasly,11,2,74.888,19.779,35.128,19.981,HYPERSOFT,10,1,272.0,1,0,1
2018,6,fp1,gasly,12,2,86.015,22.607,40.523,22.885,HYPERSOFT,11,1,247.0,0,0,1
2018,6,fp1,gasly,13,2,75.033,19.818,35.237,19.978,HYPERSOFT,12,1,272.0,0,0,1
2018,6,fp1,gasly,14,2,,19.704,39.873,,HYPERSOFT,13,1,260.0,0,0,0
2018,6,fp1,gasly,15,3,122.431,26.851,39.847,55.733,ULTRASOFT,2,0,243.0,0,0,0
2018,6,fp1,gasly,16,4,85.826,25.617,38.577,21.632,ULTRASOFT,3,0,258.0,0,0,0
2018,6,fp1,gasly,17,4,82.957,20.121,41.151,21.685,ULTRASOFT,4,0,188.0,0,0,1
2018,6,fp1,gasly,18,4,75.267,19.779,35.246,20.242,ULTRASOFT,5,0,274.0,0,0,1
2018,6,fp1,gasly,19,4,87.718,23.181,41.667,22.87,ULTRASOFT,6,0,248.0,0,0,1
2018,6,fp1,gasly,20,4,75.369,19.857,35.356,20.156,ULTRASOFT,7,0,273.0,0,0,1
2018,6,fp1,gasly,21,4,92.884,24.227,43.331,25.326,ULTRASOFT,8,0,250.0,0,0,1
2018,6,fp1,gasly,22,4,80.296,19.925,37.919,22.452,ULTRASOFT,9,0,252.0,0,0,1
2018,6,fp1,gasly,23,4,74.433,19.646,35.081,19.706,ULTRASOFT,10,0,272.0,1,0,1
2018,6,fp1,gasly,24,4,86.76,23.094,40.434,23.232,ULTRASOFT,11,0,251.0,0,0,1
2018,6,fp1,gasly,25,4,74.24,19.579,34.954,19.707,ULTRASOFT,12,0,270.0,1,0,1
2018,6,fp1,gasly,26,4,85.302,22.791,39.777,22.734,ULTRASOFT,13,0,249.0,0,0,1
2018,6,fp1,gasly,27,4,74.295,19.494,34.96,19.841,ULTRASOFT,14,0,272.0,0,0,1
2018,6,fp1,gasly,28,4,,22.37,38.505,,ULTRASOFT,15,0,246.0,0,0,0
2018,6,fp1,gasly,29,5,84.096,24.551,37.601,21.944,ULTRASOFT,16,0,257.0,0,0,0
2018,6,fp1,gasly,30,5,76.52,19.636,35.062,21.822,ULTRASOFT,17,0,275.0,0,0,1
2018,6,fp1,gasly,31,5,85.3,22.154,40.974,22.172,ULTRASOFT,18,0,250.0,0,0,1
2018,6,fp1,gasly,32,5,74.926,19.65,35.286,19.99,ULTRASOFT,19,0,275.0,0,0,1
2018,6,fp1,gasly,33,5,87.527,21.416,41.255,24.856,ULTRASOFT,20,0,249.0,0,0,1
2018,6,fp1,gasly,34,5,75.581,19.927,35.486,20.168,ULTRASOFT,21,0,271.0,0,0,1
2018,6,fp1,gasly,35,5,83.371,20.297,36.919,26.155,ULTRASOFT,22,0,275.0,0,0,1
2018,6,fp1,gasly,36,5,76.983,20.177,35.928,20.878,ULTRASOFT,23,0,275.0,0,0,1
2018,6,fp1,gasly,37,5,133.125,29.53,45.817,57.778,ULTRASOFT,24,0,228.0,0,0,1
2018,6,fp1,gasly,38,5,,25.189,41.919,,ULTRASOFT,25,0,227.0,0,0,0
2018,6,fp1,perez,1,1,93.236,26.936,44.188,22.112,HYPERSOFT,1,1,263.0,0,0,0
2018,6,fp1,perez,2,1,,21.053,37.191,,HYPERSOFT,2,1,277.0,0,0,0
2018,6,fp1,perez,3,2,87.758,25.765,39.633,22.36,HYPERSOFT,3,0,279.0,0,0,0
2018,6,fp1,perez,4,2,79.605,20.667,36.625,22.313,HYPERSOFT,4,0,279.0,1,0,1
2018,6,fp1,perez,5,2,76.79,20.933,35.623,20.234,HYPERSOFT,5,0,277.0,1,0,1
2018,6,fp1,perez,6,2,86.239,21.679,38.892,25.668,HYPERSOFT,6,0,276.0,0,0,1
2018,6,fp1,perez,7,2,76.044,19.993,35.729,20.322,HYPERSOFT,7,0,280.0,1,0,1
2018,6,fp1,perez,8,2,83.119,21.196,39.925,21.998,HYPERSOFT,8,0,265.0,0,0,1
2018,6,fp1,perez,9,2,75.295,19.836,35.3,20.159,HYPERSOFT,9,0,278.0,1,0,1
2018,6,fp1,perez,10,2,79.27,19.81,37.056,22.404,HYPERSOFT,10,0,273.0,0,0,1
2018,6,fp1,perez,11,2,75.678,19.81,35.529,20.339,HYPERSOFT,11,0,278.0,0,0,1
2018,6,fp1,perez,12,2,87.388,22.466,41.32,23.602,HYPERSOFT,12,0,268.0,0,0,1
2018,6,fp1,perez,13,2,81.394,19.929,37.63,23.835,HYPERSOFT,13,0,275.0,0,0,1
2018,6,fp1,perez,14,2,78.824,19.911,35.596,23.317,HYPERSOFT,14,0,275.0,0,0,1
2018,6,fp1,perez,15,2,,27.309,38.854,,HYPERSOFT,15,0,262.0,0,0,0
2018,6,fp1,perez,16,3,87.561,24.913,37.971,24.677,HYPERSOFT,1,1,276.0,0,0,0
2018,6,fp1,perez,17,3,73.944,19.458,34.67,19.816,HYPERSOFT,2,1,279.0,1,0,1
2018,6,fp1,perez,18,3,88.426,23.933,39.522,24.971,HYPERSOFT,3,1,264.0,0,0,1
2018,6,fp1,perez,19,3,74.107,19.479,34.785,19.843,HYPERSOFT,4,1,279.0,0,0,1
2018,6,fp1,perez,20,3,94.818,26.277,43.716,24.825,HYPERSOFT,5,1,239.0,0,0,1
2018,6,fp1,perez,21,3,87.414,23.234,40.128,24.052,HYPERSOFT,6,1,256.0,0,0,1
2018,6,fp1,perez,22,3,73.717,19.56,34.48,19.677,HYPERSOFT,7,1,276.0,1,0,1
2018,6,fp1,perez,23,3,93.175,24.917,44.141,24.117,HYPERSOFT,8,1,225.0,0,0,1
2018,6,fp1,perez,24,3,73.722,19.514,34.546,19.662,HYPERSOFT,9,1,276.0,0,0,1
2018,6,fp1,perez,25,3,,24.288,38.925,,HYPERSOFT,10,1,264.0,0,0,0
2018,6,fp1,perez,26,4,83.214,23.87,37.275,22.069,HYPERSOFT,11,0,269.0,0,0,0
2018,6,fp1,perez,27,4,76.516,20.216,35.867,20.433,HYPERSOFT,12,0,271.0,0,0,1
2018,6,fp1,perez,28,4,76.497,20.174,35.833,20.49,HYPERSOFT,13,0,274.0,0,0,1
2018,6,fp1,perez,29,4,76.95,20.201,36.006,20.743,HYPERSOFT,14,0,276.0,0,0,1
2018,6,fp1,perez,30,4,77.53,20.275,36.362,20.893,HYPERSOFT,15,0,275.0,0,0,1
2018,6,fp1,perez,31,4,78.095,20.313,36.707,21.075,HYPERSOFT,16,0,274.0,0,0,1
2018,6,fp1,perez,32,4,79.046,20.563,37.115,21.368,HYPERSOFT,17,0,272.0,0,0,1
2018,6,fp1,perez,33,4,79.463,20.763,37.275,21.425,HYPERSOFT,18,0,272.0,0,0,1
2018,6,fp1,perez,34,4,80.544,20.907,37.822,21.815,HYPERSOFT,19,0,273.0,0,0,1
2018,6,fp1,perez,35,4,82.29,21.356,37.898,23.036,HYPERSOFT,20,0,273.0,0,0,1
2018,6,fp1,perez,36,4,85.064,21.488,41.163,22.413,HYPERSOFT,21,0,272.0,0,0,1
2018,6,fp1,perez,37,4,80.473,21.365,37.632,21.476,HYPERSOFT,22,0,269.0,0,0,1
2018,6,fp1,perez,38,4,,28.9,44.616,80.316,HYPERSOFT,23,0,213.0,0,0,0
2018,6,fp1,perez,39,4,,27.67,41.406,,HYPERSOFT,24,0,214.0,0,0,0
2018,6,fp1,alonso,1,1,,32.481,43.473,,SUPERSOFT,1,1,255.0,0,0,0
2018,6,fp1,alonso,2,2,88.074,25.653,39.528,22.893,SUPERSOFT,2,0,263.0,0,0,0
2018,6,fp1,alonso,3,2,79.17,21.269,36.872,21.029,SUPERSOFT,3,0,272.0,1,0,0
2018,6,fp1,alonso,4,2,,20.684,43.659,,SUPERSOFT,4,0,202.0,0,0,0
2018,6,fp1,alonso,5,3,,24.715,39.272,,SUPERSOFT,5,0,268.0,0,0,0
2018,6,fp1,alonso,6,4,93.021,26.667,44.369,21.985,HYPERSOFT,1,1,272.0,0,0,0
2018,6,fp1,alonso,7,4,76.349,20.0,35.883,20.466,HYPERSOFT,2,1,278.0,1,0,1
2018,6,fp1,alonso,8,4,84.028,21.133,39.353,23.542,HYPERSOFT,3,1,254.0,0,0,1
2018,6,fp1,alonso,9,4,74.793,19.731,35.305,19.757,HYPERSOFT,4,1,277.0,1,0,1
2018,6,fp1,alonso,10,4,74.976,19.728,35.378,19.87,HYPERSOFT,5,1,277.0,0,0,1
2018,6,fp1,alonso,11,4,85.544,22.076,41.044,22.424,HYPERSOFT,6,1,253.0,0,0,1
2018,6,fp1,alonso,12,4,74.637,19.602,35.231,19.804,HYPERSOFT,7,1,277.0,1,0,1
2018,6,fp1,alonso,13,4,84.244,20.887,40.41,22.947,HYPERSOFT,8,1,266.0,0,0,1
2018,6,fp1,alonso,14,4,74.925,19.652,35.24,20.033,HYPERSOFT,9,1,279.0,0,0,1
2018,6,fp1,alonso,15,4,140.06,23.44,45.859,70.761,HYPERSOFT,10,1,157.0,0,0,1
2018,6,fp1,alonso,16,4,,23.703,39.329,,HYPERSOFT,11,1,219.0,0,0,0
2018,6,fp1,leclerc,1,1,,30.338,42.78,,HYPERSOFT,1,1,239.0,0,0,0
2018,6,fp1,leclerc,2,2,98.7,27.838,38.694,32.168,HYPERSOFT,2,0,264.0,0,0,0
2018,6,fp1,leclerc,3,2,78.735,21.338,36.468,20.929,HYPERSOFT,3,0,278.0,1,0,1
2018,6,fp1,leclerc,4,2,77.268,20.472,36.19,20.606,HYPERSOFT,4,0,282.0,1,0,1
2018,6,fp1,leclerc,5,2,75.877,20.136,35.474,20.267,HYPERSOFT,5,0,278.0,1,0,1
2018,6,fp1,leclerc,6,2,75.986,20.087,35.428,20.471,HYPERSOFT,6,0,280.0,0,0,1
2018,6,fp1,leclerc,7,2,96.329,24.271,45.764,26.294,HYPERSOFT,7,0,193.0,0,0,1
2018,6,fp1,leclerc,8,2,75.261,20.064,35.244,19.953,HYPERSOFT,8,0,279.0,1,0,1
2018,6,fp1,leclerc,9,2,75.393,20.089,35.268,20.036,HYPERSOFT,9,0,280.0,0,0,1
2018,6,fp1,leclerc,10,2,85.312,19.862,38.027,27.423,HYPERSOFT,10,0,280.0,0,0,1
2018,6,fp1,leclerc,11,2,88.593,24.805,42.512,21.276,HYPERSOFT,11,0,250.0,0,0,1
2018,6,fp1,leclerc,12,2,75.365,19.941,35.349,20.075,HYPERSOFT,12,0,277.0,0,0,1
2018,6,fp1,leclerc,13,2,110.663,23.787,40.413,46.463,HYPERSOFT,13,0,257.0,0,0,0
2018,6,fp1,leclerc,14,3,,28.543,41.691,,HYPERSOFT,14,0,243.0,0,0,0
2018,6,fp1,leclerc,15,4,90.322,27.482,40.485,22.355,HYPERSOFT,1,1,262.0,0,0,0
2018,6,fp1,leclerc,16,4,75.3,19.906,35.393,20.001,HYPERSOFT,2,1,280.0,0,0,1
2018,6,fp1,leclerc,17,4,88.665,22.861,42.272,23.532,HYPERSOFT,3,1,242.0,0,0,1
2018,6,fp1,leclerc,18,4,74.521,19.762,34.931,19.828,HYPERSOFT,4,1,279.0,1,0,1
2018,6,fp1,leclerc,19,4,91.238,24.335,42.991,23.912,HYPERSOFT,5,1,241.0,0,0,1
2018,6,fp1,leclerc,20,4,74.794,19.805,35.034,19.955,HYPERSOFT,6,1,280.0,0,0,1
2018,6,fp1,leclerc,21,4,87.227,22.255,40.679,24.293,HYPERSOFT,7,1,255.0,0,0,1
2018,6,fp1,leclerc,22,4,77.019,19.761,35.015,22.243,HYPERSOFT,8,1,280.0,0,0,1
2018,6,fp1,leclerc,23,4,81.951,20.171,39.315,22.465,HYPERSOFT,9,1,248.0,0,0,1
2018,6,fp1,leclerc,24,4,74.954,19.837,35.009,20.108,HYPERSOFT,10,1,279.0,0,0,1
2018,6,fp1,leclerc,25,4,91.265,23.55,43.656,24.059,HYPERSOFT,11,1,248.0,0,0,1
2018,6,fp1,leclerc,26,4,74.94,19.76,35.341,19.839,HYPERSOFT,12,1,276.0,0,0,1
2018,6,fp1,leclerc,27,4,,22.822,42.211,,HYPERSOFT,13,1,247.0,0,0,0
2018,6,fp1,leclerc,28,5,85.725,26.158,37.985,21.582,HYPERSOFT,13,0,272.0,0,0,0
2018,6,fp1,leclerc,29,5,75.399,20.087,35.418,19.894,HYPERSOFT,14,0,277.0,0,0,1
2018,6,fp1,leclerc,30,5,74.855,19.708,35.223,19.924,HYPERSOFT,15,0,279.0,0,0,1
2018,6,fp1,leclerc,31,5,91.803,19.81,43.77,28.223,HYPERSOFT,16,0,180.0,0,0,1
2018,6,fp1,leclerc,32,5,76.122,20.137,35.872,20.113,HYPERSOFT,17,0,277.0,0,0,1
2018,6,fp1,leclerc,33,5,76.068,19.896,35.757,20.415,HYPERSOFT,18,0,279.0,0,0,1
2018,6,fp1,leclerc,34,5,85.999,20.619,41.775,23.605,HYPERSOFT,19,0,285.0,0,0,1
2018,6,fp1,leclerc,35,5,76.892,20.094,36.186,20.612,HYPERSOFT,20,0,278.0,0,0,1
2018,6,fp1,leclerc,36,5,78.391,20.907,37.017,20.467,HYPERSOFT,21,0,278.0,0,0,1
2018,6,fp1,leclerc,37,5,77.694,20.228,36.711,20.755,HYPERSOFT,22,0,278.0,0,0,1
2018,6,fp1,leclerc,38,5,128.609,25.493,44.157,58.959,HYPERSOFT,23,0,211.0,0,0,1
2018,6,fp1,leclerc,39,5,,31.574,53.543,,HYPERSOFT,24,0,176.0,0,0,0
2018,6,fp1,stroll,1,1,118.679,31.094,44.034,43.551,HYPERSOFT,1,1,227.0,0,0,0
2018,6,fp1,stroll,2,2,88.879,26.756,39.79,22.333,HYPERSOFT,1,1,250.0,0,0,0
2018,6,fp1,stroll,3,2,79.186,21.838,36.464,20.884,HYPERSOFT,2,1,272.0,1,0,0
2018,6,fp1,stroll,4,2,77.349,20.846,36.018,20.485,HYPERSOFT,3,1,276.0,1,0,0
2018,6,fp1,stroll,5,2,76.383,20.456,35.622,20.305,HYPERSOFT,4,1,274.0,1,0,0
2018,6,fp1,stroll,6,2,76.316,20.556,35.531,20.229,HYPERSOFT,5,1,274.0,1,0,0
2018,6,fp1,stroll,7,2,86.13,23.787,40.0,22.343,HYPERSOFT,6,1,251.0,0,0,0
2018,6,fp1,stroll,8,2,75.97,20.249,35.487,20.234,HYPERSOFT,7,1,273.0,1,0,0
2018,6,fp1,stroll,9,2,84.268,20.067,39.93,24.271,HYPERSOFT,8,1,227.0,0,0,0
2018,6,fp1,stroll,10,2,86.308,22.417,39.327,24.564,HYPERSOFT,9,1,248.0,0,0,1
2018,6,fp1,stroll,11,2,83.477,21.747,39.551,22.179,HYPERSOFT,10,1,262.0,0,0,1
2018,6,fp1,stroll,12,2,84.87,20.278,36.225,28.367,HYPERSOFT,11,1,275.0,0,0,1
2018,6,fp1,stroll,13,2,90.356,23.726,40.741,25.889,HYPERSOFT,12,1,256.0,0,0,1
2018,6,fp1,stroll,14,2,76.299,20.162,35.749,20.388,HYPERSOFT,13,1,276.0,0,0,1
2018,6,fp1,stroll,15,2,79.984,20.055,36.881,23.048,HYPERSOFT,14,1,277.0,0,0,1
2018,6,fp1,stroll,16,2,99.074,20.006,37.58,41.488,HYPERSOFT,15,1,276.0,0,0,0
2018,6,fp1,stroll,17,3,110.651,28.575,41.77,40.306,HYPERSOFT,1,1,248.0,0,0,0
2018,6,fp1,stroll,18,4,,28.252,40.387,,HYPERSOFT,16,0,246.0,0,0,0
2018,6,fp1,stroll,19,4,85.452,25.406,38.145,21.901,HYPERSOFT,17,0,256.0,0,0,0
2018,6,fp1,stroll,20,4,74.782,19.88,34.995,19.907,HYPERSOFT,18,0,276.0,1,0,1
2018,6,fp1,stroll,21,5,80.638,19.723,36.377,24.538,HYPERSOFT,2,0,278.0,0,0,1
2018,6,fp1,stroll,22,5,79.906,19.798,36.851,23.257,HYPERSOFT,3,0,277.0,0,0,1
2018,6,fp1,stroll,23,5,78.292,19.811,35.175,23.306,HYPERSOFT,4,0,276.0,0,0,1
2018,6,fp1,stroll,24,5,85.819,24.138,39.372,22.309,HYPERSOFT,5,0,262.0,0,0,1
2018,6,fp1,stroll,25,5,79.484,19.814,35.276,24.394,HYPERSOFT,6,0,276.0,0,0,1
2018,6,fp1,stroll,26,5,76.963,19.626,35.313,22.024,HYPERSOFT,7,0,277.0,0,0,1
2018,6,fp1,stroll,27,5,88.925,23.156,39.972,25.797,HYPERSOFT,8,0,265.0,0,0,1
2018,6,fp1,stroll,28,5,80.329,19.895,37.903,22.531,HYPERSOFT,9,0,274.0,0,0,1
2018,6,fp1,stroll,29,5,79.893,19.701,36.274,23.918,HYPERSOFT,10,0,279.0,0,0,1
2018,6,fp1,stroll,30,5,92.636,20.206,43.592,28.838,HYPERSOFT,11,0,241.0,0,0,1
2018,6,fp1,stroll,31,5,85.984,19.959,38.475,27.55,HYPERSOFT,12,0,264.0,0,0,1
2018,6,fp1,stroll,32,5,,23.262,39.344,,HYPERSOFT,13,0,258.0,0,0,0
2018,6,fp1,stroll,33,6,86.648,26.118,38.705,21.825,HYPERSOFT,15,0,255.0,0,0,0
2018,6,fp1,stroll,34,6,77.493,20.373,36.74,20.38,HYPERSOFT,16,0,272.0,0,0,1
2018,6,fp1,stroll,35,6,75.367,19.899,35.281,20.187,HYPERSOFT,17,0,275.0,0,0,1
2018,6,fp1,stroll,36,6,76.659,19.772,35.158,21.729,HYPERSOFT,18,0,277.0,0,0,1
2018,6,fp1,stroll,37,6,80.035,20.079,37.362,22.594,HYPERSOFT,19,0,277.0,0,0,1
2018,6,fp1,stroll,38,6,82.091,20.001,37.741,24.349,HYPERSOFT,20,0,276.0,0,0,1
2018,6,fp1,stroll,39,6,,21.183,41.34,,HYPERSOFT,21,0,243.0,0,0,0
2018,6,fp1,stroll,40,7,91.79,24.894,38.461,28.435,HYPERSOFT,21,0,271.0,0,0,0
2018,6,fp1,stroll,41,7,78.433,20.395,36.468,21.57,HYPERSOFT,22,0,277.0,0,0,1
2018,6,fp1,stroll,42,7,135.326,24.884,42.307,68.135,HYPERSOFT,23,0,187.0,0,0,1
2018,6,fp1,stroll,43,7,,26.561,40.599,,HYPERSOFT,24,0,228.0,0,0,0
2018,6,fp1,kevin_magnussen,1,1,,28.484,42.078,,ULTRASOFT,1,1,257.0,0,0,0
2018,6,fp1,kevin_magnussen,2,2,95.364,28.346,40.664,26.354,ULTRASOFT,2,0,274.0,0,0,0
2018,6,fp1,kevin_magnussen,3,2,79.917,21.255,36.704,21.958,ULTRASOFT,3,0,276.0,1,0,1
2018,6,fp1,kevin_magnussen,4,2,83.362,21.238,35.744,26.38,ULTRASOFT,4,0,278.0,0,0,1
2018,6,fp1,kevin_magnussen,5,2,78.801,20.622,35.439,22.74,ULTRASOFT,5,0,278.0,1,0,1
2018,6,fp1,kevin_magnussen,6,2,81.862,21.098,39.091,21.673,ULTRASOFT,6,0,280.0,0,0,1
2018,6,fp1,kevin_magnussen,7,2,,24.209,52.224,,ULTRASOFT,7,0,150.0,0,0,0
2018,6,fp1,hulkenberg,1,1,113.192,28.32,41.964,42.908,HYPERSOFT,1,1,254.0,0,0,0
2018,6,fp1,hulkenberg,2,2,,25.259,38.37,,HYPERSOFT,2,0,263.0,0,0,0
2018,6,fp1,hulkenberg,3,3,83.444,24.388,37.856,21.2,HYPERSOFT,3,0,267.0,0,0,0
2018,6,fp1,hulkenberg,4,3,78.44,20.656,35.829,21.955,HYPERSOFT,4,0,277.0,1,0,1
2018,6,fp1,hulkenberg,5,3,88.501,23.928,39.204,25.369,HYPERSOFT,5,0,270.0,0,0,1
2018,6,fp1,hulkenberg,6,3,77.218,20.229,35.578,21.411,HYPERSOFT,6,0,278.0,1,0,1
2018,6,fp1,hulkenberg,7,3,111.215,28.179,39.772,43.264,HYPERSOFT,7,0,270.0,0,0,0
2018,6,fp1,hulkenberg,8,4,92.666,23.594,42.859,26.213,HYPERSOFT,8,0,273.0,0,0,0
2018,6,fp1,hulkenberg,9,4,75.708,20.085,35.509,20.114,HYPERSOFT,9,0,277.0,1,0,1
2018,6,fp1,hulkenberg,10,4,75.047,19.854,35.18,20.013,HYPERSOFT,10,0,278.0,1,0,1
2018,6,fp1,hulkenberg,11,4,84.572,19.887,38.296,26.389,HYPERSOFT,11,0,264.0,0,0,1
2018,6,fp1,hulkenberg,12,4,75.488,19.902,35.453,20.133,HYPERSOFT,12,0,275.0,0,0,1
2018,6,fp1,hulkenberg,13,4,84.939,19.836,40.902,24.201,HYPERSOFT,13,0,259.0,0,0,1
2018,6,fp1,hulkenberg,14,4,76.724,20.103,35.932,20.689,HYPERSOFT,14,0,277.0,0,0,1
2018,6,fp1,hulkenberg,15,4,76.947,20.103,36.251,20.593,HYPERSOFT,15,0,276.0,0,0,1
2018,6,fp1,hulkenberg,16,4,107.494,21.705,39.155,46.634,HYPERSOFT,16,0,267.0,0,0,0
2018,6,fp1,hulkenberg,17,5,,25.777,41.226,,HYPERSOFT,17,0,267.0,0,0,0
2018,6,fp1,hulkenberg,18,5,85.217,25.112,38.48,21.625,HYPERSOFT,18,0,268.0,0,0,0
2018,6,fp1,hulkenberg,19,6,74.3,19.577,35.034,19.689,HYPERSOFT,2,0,277.0,1,0,1
2018,6,fp1,hulkenberg,20,6,84.899,23.201,39.96,21.738,HYPERSOFT,3,0,267.0,0,0,1
2018,6,fp1,hulkenberg,21,6,74.241,19.559,34.97,19.712,HYPERSOFT,4,0,280.0,1,0,1
2018,6,fp1,hulkenberg,22,6,104.878,22.686,42.516,39.676,HYPERSOFT,5,0,248.0,0,0,0
2018,6,fp1,hulkenberg,23,7,88.814,24.359,41.133,23.322,HYPERSOFT,6,0,267.0,0,0,0
2018,6,fp1,hulkenberg,24,7,78.874,19.596,34.961,24.317,HYPERSOFT,7,0,280.0,0,0,1
2018,6,fp1,hulkenberg,25,7,83.873,21.795,37.385,24.693,HYPERSOFT,8,0,269.0,0,0,1
2018,6,fp1,hulkenberg,26,7,78.633,19.388,35.398,23.847,HYPERSOFT,9,0,282.0,0,0,1
2018,6,fp1,hulkenberg,27,7,89.528,22.767,40.921,25.84,HYPERSOFT,10,0,271.0,0,0,1
2018,6,fp1,hulkenberg,28,7,74.134,19.516,34.87,19.748,HYPERSOFT,11,0,279.0,1,0,1
2018,6,fp1,hulkenberg,29,7,93.484,27.821,42.147,23.516,HYPERSOFT,12,0,253.0,0,0,1
2018,6,fp1,hulkenberg,30,7,74.312,19.452,34.914,19.946,HYPERSOFT,13,0,279.0,0,0,1
2018,6,fp1,hulkenberg,31,7,75.244,19.619,35.608,20.017,HYPERSOFT,14,0,274.0,0,0,1
2018,6,fp1,hulkenberg,32,7,,21.809,39.26,,HYPERSOFT,15,0,254.0,0,0,0
2018,6,fp1,hulkenberg,33,8,84.879,24.322,39.238,21.319,HYPERSOFT,15,0,266.0,0,0,0
2018,6,fp1,hulkenberg,34,8,75.351,19.695,35.571,20.085,HYPERSOFT,16,0,276.0,0,0,1
2018,6,fp1,hulkenberg,35,8,,19.832,39.121,,HYPERSOFT,17,0,263.0,0,0,0
2018,6,fp1,hulkenberg,36,9,99.975,26.314,48.776,24.885,HYPERSOFT,18,0,262.0,0,0,0
2018,6,fp1,hulkenberg,37,9,136.485,26.338,47.088,63.059,HYPERSOFT,19,0,222.0,0,0,1
2018,6,fp1,hulkenberg,38,9,,23.925,38.832,,HYPERSOFT,20,0,267.0,0,0,0
2018,6,fp1,brendon_hartley,1,1,98.223,30.668,43.674,23.881,HYPERSOFT,1,1,246.0,0,0,0
2018,6,fp1,brendon_hartley,2,1,80.892,22.195,37.365,21.332,HYPERSOFT,2,1,271.0,1,0,0
2018,6,fp1,brendon_hartley,3,1,78.372,20.938,36.329,21.105,HYPERSOFT,3,1,271.0,1,0,0
2018,6,fp1,brendon_hartley,4,1,83.714,22.657,38.871,22.186,HYPERSOFT,4,1,245.0,0,0,0
2018,6,fp1,brendon_hartley,5,1,76.354,20.6,35.664,20.09,HYPERSOFT,5,1,273.0,1,0,0
2018,6,fp1,brendon_hartley,6,1,83.734,20.151,40.817,22.766,HYPERSOFT,6,1,224.0,0,0,0
2018,6,fp1,brendon_hartley,7,1,81.273,20.618,37.48,23.175,HYPERSOFT,7,1,274.0,0,0,1
2018,6,fp1,brendon_hartley,8,1,78.496,21.115,36.546,20.835,HYPERSOFT,8,1,275.0,0,0,1
2018,6,fp1,brendon_hartley,9,1,80.593,19.913,35.631,25.049,HYPERSOFT,9,1,277.0,0,0,1
2018,6,fp1,brendon_hartley,10,1,75.73,20.231,35.42,20.079,HYPERSOFT,10,1,277.0,1,0,1
2018,6,fp1,brendon_hartley,11,1,89.863,20.008,41.912,27.943,HYPERSOFT,11,1,245.0,0,0,1
2018,6,fp1,brendon_hartley,12,1,75.314,20.063,35.291,19.96,HYPERSOFT,12,1,276.0,1,0,1
2018,6,fp1,brendon_hartley,13,1,74.379,19.63,35.0,19.749,HYPERSOFT,13,1,277.0,1,0,1
2018,6,fp1,brendon_hartley,14,1,97.713,25.18,44.295,28.238,HYPERSOFT,14,1,249.0,0,0,1
2018,6,fp1,brendon_hartley,15,1,79.105,19.949,37.101,22.055,HYPERSOFT,15,1,257.0,0,0,1
2018,6,fp1,brendon_hartley,16,1,74.699,19.789,35.018,19.892,HYPERSOFT,16,1,276.0,0,0,1
2018,6,fp1,brendon_hartley,17,1,84.135,22.388,39.491,22.256,HYPERSOFT,17,1,248.0,0,0,1
2018,6,fp1,brendon_hartley,18,1,74.85,19.703,35.336,19.811,HYPERSOFT,18,1,276.0,0,0,1
2018,6,fp1,brendon_hartley,19,1,74.42,19.557,35.028,19.835,HYPERSOFT,19,1,278.0,0,0,1
2018,6,fp1,brendon_hartley,20,1,84.972,22.069,39.63,23.273,HYPERSOFT,20,1,250.0,0,0,1
2018,6,fp1,brendon_hartley,21,1,,19.84,36.696,,HYPERSOFT,21,1,264.0,0,0,0
2018,6,fp1,brendon_hartley,22,2,90.235,27.064,40.007,23.164,ULTRASOFT,1,1,250.0,0,0,0
2018,6,fp1,brendon_hartley,23,2,79.011,20.833,37.091,21.087,ULTRASOFT,2,1,259.0,0,0,1
2018,6,fp1,brendon_hartley,24,2,77.694,19.638,35.363,22.693,ULTRASOFT,3,1,276.0,0,0,1
2018,6,fp1,brendon_hartley,25,2,74.93,19.694,35.29,19.946,ULTRASOFT,4,1,277.0,0,0,1
2018,6,fp1,brendon_hartley,26,2,85.619,24.696,38.893,22.03,ULTRASOFT,5,1,252.0,0,0,1
2018,6,fp1,brendon_hartley,27,2,75.421,19.804,35.355,20.262,ULTRASOFT,6,1,277.0,0,0,1
2018,6,fp1,brendon_hartley,28,2,83.876,19.727,37.538,26.611,ULTRASOFT,7,1,278.0,0,0,1
2018,6,fp1,brendon_hartley,29,2,94.474,22.578,43.435,28.461,ULTRASOFT,8,1,250.0,0,0,1
2018,6,fp1,brendon_hartley,30,2,86.051,20.039,39.483,26.529,ULTRASOFT,9,1,254.0,0,0,1
2018,6,fp1,brendon_hartley,31,2,74.847,19.736,35.215,19.896,ULTRASOFT,10,1,278.0,0,0,1
2018,6,fp1,brendon_hartley,32,2,86.236,22.521,39.391,24.324,ULTRASOFT,11,1,248.0,0,0,1
2018,6,fp1,brendon_hartley,33,2,,19.77,35.4,,ULTRASOFT,12,1,278.0,0,0,0
2018,6,fp1,brendon_hartley,34,3,88.964,26.093,40.546,22.325,ULTRASOFT,13,0,257.0,0,0,0
2018,6,fp1,brendon_hartley,35,3,80.48,20.848,37.302,22.33,ULTRASOFT,14,0,259.0,0,0,1
2018,6,fp1,brendon_hartley,36,3,79.891,21.492,37.498,20.901,ULTRASOFT,15,0,259.0,0,0,1
2018,6,fp1,brendon_hartley,37,3,74.437,19.539,35.202,19.696,ULTRASOFT,16,0,274.0,0,0,1
2018,6,fp1,brendon_hartley,38,3,74.491,19.355,35.158,19.978,ULTRASOFT,17,0,274.0,0,0,1
2018,6,fp1,brendon_hartley,39,3,83.398,23.076,38.422,21.9,ULTRASOFT,18,0,247.0,0,0,1
2018,6,fp1,brendon_hartley,40,3,74.397,19.629,35.061,19.707,ULTRASOFT,19,0,275.0,0,0,1
2018,6,fp1,brendon_hartley,41,3,82.846,22.052,38.699,22.095,ULTRASOFT,20,0,247.0,0,0,1
2018,6,fp1,brendon_hartley,42,3,74.034,19.519,34.894,19.621,ULTRASOFT,21,0,275.0,1,0,1
2018,6,fp1,brendon_hartley,43,3,82.109,19.511,39.408,23.19,ULTRASOFT,22,0,251.0,0,0,1
2018,6,fp1,brendon_hartley,44,3,78.957,19.775,35.77,23.412,ULTRASOFT,23,0,277.0,0,0,1
2018,6,fp1,brendon_hartley,45,3,119.984,23.93,42.822,53.232,ULTRASOFT,24,0,206.0,0,0,1
2018,6,fp1,brendon_hartley,46,3,,25.083,44.096,,ULTRASOFT,25,0,221.0,0,0,0
2018,6,fp1,ocon,1,1,92.037,28.525,39.834,23.678,HYPERSOFT,1,1,258.0,0,0,0
2018,6,fp1,ocon,2,1,,24.726,39.068,,HYPERSOFT,2,1,259.0,0,0,0
2018,6,fp1,ocon,3,2,84.209,25.504,37.364,21.341,HYPERSOFT,3,0,274.0,0,0,0
2018,6,fp1,ocon,4,2,81.507,21.588,36.378,23.541,HYPERSOFT,4,0,277.0,1,0,1
2018,6,fp1,ocon,5,2,77.0,20.71,35.474,20.816,HYPERSOFT,5,0,277.0,1,0,1
2018,6,fp1,ocon,6,2,93.885,26.907,41.673,25.305,HYPERSOFT,6,0,264.0,0,0,1
2018,6,fp1,ocon,7,2,75.635,20.125,35.186,20.324,HYPERSOFT,7,0,278.0,1,0,1
2018,6,fp1,ocon,8,2,90.747,27.127,38.593,25.027,HYPERSOFT,8,0,266.0,0,0,1
2018,6,fp1,ocon,9,2,75.863,19.893,35.414,20.556,HYPERSOFT,9,0,278.0,0,0,1
2018,6,fp1,ocon,10,2,74.984,19.806,35.121,20.057,HYPERSOFT,10,0,277.0,1,0,1
2018,6,fp1,ocon,11,2,87.576,22.492,42.642,22.442,HYPERSOFT,11,0,258.0,0,0,1
2018,6,fp1,ocon,12,2,75.172,19.79,35.274,20.108,HYPERSOFT,12,0,278.0,0,0,1
2018,6,fp1,ocon,13,2,88.494,19.892,43.09,25.512,HYPERSOFT,13,0,250.0,0,0,1
2018,6,fp1,ocon,14,2,82.956,19.882,36.977,26.097,HYPERSOFT,14,0,277.0,0,0,1
2018,6,fp1,ocon,15,2,75.945,20.005,35.484,20.456,HYPERSOFT,15,0,276.0,0,0,1
2018,6,fp1,ocon,16,2,76.326,20.178,35.785,20.363,HYPERSOFT,16,0,273.0,0,0,1
2018,6,fp1,ocon,17,2,,23.989,37.979,,HYPERSOFT,17,0,261.0,0,0,0
2018,6,fp1,ocon,18,3,85.441,24.368,36.727,24.346,HYPERSOFT,1,1,277.0,0,0,0
2018,6,fp1,ocon,19,3,74.21,19.682,34.592,19.936,HYPERSOFT,2,1,280.0,1,0,1
2018,6,fp1,ocon,20,3,87.76,25.661,40.701,21.398,HYPERSOFT,3,1,265.0,0,0,1
2018,6,fp1,ocon,21,3,74.053,19.649,34.548,19.856,HYPERSOFT,4,1,280.0,1,0,1
2018,6,fp1,ocon,22,3,92.447,23.949,42.399,26.099,HYPERSOFT,5,1,229.0,0,0,1
2018,6,fp1,ocon,23,3,83.47,21.989,37.417,24.064,HYPERSOFT,6,1,267.0,0,0,1
2018,6,fp1,ocon,24,3,74.074,19.729,34.489,19.856,HYPERSOFT,7,1,279.0,0,0,1
2018,6,fp1,ocon,25,3,94.476,25.269,45.674,23.533,HYPERSOFT,8,1,232.0,0,0,1
2018,6,fp1,ocon,26,3,74.0,19.606,34.471,19.923,HYPERSOFT,9,1,279.0,1,0,1
2018,6,fp1,ocon,27,3,,25.726,40.142,,HYPERSOFT,10,1,248.0,0,0,0
2018,6,fp1,ocon,28,4,83.439,24.024,37.305,22.11,HYPERSOFT,10,0,271.0,0,0,0
2018,6,fp1,ocon,29,4,77.103,20.771,35.858,20.474,HYPERSOFT,11,0,275.0,0,0,1
2018,6,fp1,ocon,30,4,76.88,20.348,35.825,20.707,HYPERSOFT,12,0,276.0,0,0,1
2018,6,fp1,ocon,31,4,77.459,20.344,35.939,21.176,HYPERSOFT,13,0,276.0,0,0,1
2018,6,fp1,ocon,32,4,77.424,20.616,36.18,20.628,HYPERSOFT,14,0,276.0,0,0,1
2018,6,fp1,ocon,33,4,77.657,20.507,36.257,20.893,HYPERSOFT,15,0,275.0,0,0,1
2018,6,fp1,ocon,34,4,83.288,20.614,36.554,26.12,HYPERSOFT,16,0,276.0,0,0,1
2018,6,fp1,ocon,35,4,78.891,20.905,36.849,21.137,HYPERSOFT,17,0,273.0,0,0,1
2018,6,fp1,ocon,36,4,79.316,20.89,37.031,21.395,HYPERSOFT,18,0,274.0,0,0,1
2018,6,fp1,ocon,37,4,79.046,20.949,36.596,21.501,HYPERSOFT,19,0,274.0,0,0,1
2018,6,fp1,ocon,38,4,137.234,26.239,41.071,69.924,HYPERSOFT,20,0,245.0,0,0,1
2018,6,fp1,ocon,39,4,,25.791,39.803,,HYPERSOFT,21,0,272.0,0,0,0
2018,6,fp1,max_verstappen,1,1,91.956,26.189,37.906,27.861,HYPERSOFT,1,1,274.0,0,0,0
2018,6,fp1,max_verstappen,2,1,81.973,20.552,35.626,25.795,HYPERSOFT,2,1,276.0,1,0,1
2018,6,fp1,max_verstappen,3,1,75.291,20.187,34.989,20.115,HYPERSOFT,3,1,276.0,1,0,1
2018,6,fp1,max_verstappen,4,1,85.664,21.856,37.913,25.895,HYPERSOFT,4,1,272.0,0,0,1
2018,6,fp1,max_verstappen,5,1,73.975,19.741,34.614,19.62,HYPERSOFT,5,1,277.0,1,0,1
2018,6,fp1,max_verstappen,6,1,85.159,19.937,41.169,24.053,HYPERSOFT,6,1,264.0,0,0,1
2018,6,fp1,max_verstappen,7,1,73.299,19.461,34.442,19.396,HYPERSOFT,7,1,276.0,1,0,1
2018,6,fp1,max_verstappen,8,1,82.115,21.336,38.299,22.48,HYPERSOFT,8,1,273.0,0,0,1
2018,6,fp1,max_verstappen,9,1,73.255,19.525,34.206,19.524,HYPERSOFT,9,1,277.0,1,0,1
2018,6,fp1,max_verstappen,10,1,99.642,24.656,47.173,27.813,HYPERSOFT,10,1,207.0,0,0,1
2018,6,fp1,max_verstappen,11,1,73.238,19.55,34.236,19.452,HYPERSOFT,11,1,276.0,1,0,1
2018,6,fp1,max_verstappen,12,1,86.028,22.738,39.472,23.818,HYPERSOFT,12,1,271.0,0,0,1
2018,6,fp1,max_verstappen,13,1,72.941,19.309,34.18,19.452,HYPERSOFT,13,1,278.0,1,0,1
2018,6,fp1,max_verstappen,14,1,89.079,22.741,42.211,24.127,HYPERSOFT,14,1,264.0,0,0,1
2018,6,fp1,max_verstappen,15,1,72.723,19.265,34.123,19.335,HYPERSOFT,15,1,276.0,1,0,1
2018,6,fp1,max_verstappen,16,1,,21.64,36.788,,HYPERSOFT,16,1,250.0,0,0,0
2018,6,fp1,max_verstappen,17,2,88.883,24.606,39.44,24.837,HYPERSOFT,1,1,274.0,0,0,0
2018,6,fp1,max_verstappen,18,2,72.366,19.307,33.918,19.141,HYPERSOFT,2,1,277.0,1,0,1
2018,6,fp1,max_verstappen,19,2,90.414,22.657,44.203,23.554,HYPERSOFT,3,1,283.0,0,0,1
2018,6,fp1,max_verstappen,20,2,72.28,19.147,33.998,19.135,HYPERSOFT,4,1,277.0,1,0,1
2018,6,fp1,max_verstappen,21,2,91.298,22.891,44.824,23.583,HYPERSOFT,5,1,261.0,0,0,1
2018,6,fp1,max_verstappen,22,2,,49.12,41.678,,HYPERSOFT,6,1,189.0,0,0,0
2018,6,fp1,max_verstappen,23,3,95.94,27.017,46.134,22.789,HYPERSOFT,6,0,248.0,0,0,0
2018,6,fp1,max_verstappen,24,3,123.918,24.138,43.009,56.771,HYPERSOFT,7,0,220.0,0,0,1
2018,6,fp1,max_verstappen,25,3,,27.351,42.935,,HYPERSOFT,8,0,198.0,0,0,0
2018,6,fp1,sirotkin,1,1,120.874,30.637,45.244,44.993,HYPERSOFT,1,1,228.0,0,0,0
2018,6,fp1,sirotkin,2,2,91.16,27.703,40.914,22.543,HYPERSOFT,1,1,259.0,0,0,0
2018,6,fp1,sirotkin,3,2,79.249,21.543,36.972,20.734,HYPERSOFT,2,1,273.0,1,0,0
2018,6,fp1,sirotkin,4,2,76.717,20.553,35.916,20.248,HYPERSOFT,3,1,273.0,1,0,0
2018,6,fp1,sirotkin,5,2,75.697,20.069,35.409,20.219,HYPERSOFT,4,1,274.0,1,0,0
2018,6,fp1,sirotkin,6,2,75.387,19.799,35.531,20.057,HYPERSOFT,5,1,275.0,1,0,0
2018,6,fp1,sirotkin,7,2,83.082,19.943,38.476,24.663,HYPERSOFT,6,1,276.0,0,0,0
2018,6,fp1,sirotkin,8,2,85.819,23.501,40.06,22.258,HYPERSOFT,7,1,262.0,0,0,0
2018,6,fp1,sirotkin,9,2,75.764,20.079,35.316,20.369,HYPERSOFT,8,1,275.0,0,0,0
2018,6,fp1,sirotkin,10,2,77.28,19.786,35.374,22.12,HYPERSOFT,9,1,277.0,0,0,1
2018,6,fp1,sirotkin,11,2,,41.654,57.322,,HYPERSOFT,10,1,148.0,0,0,0
2018,6,fp1,sirotkin,12,3,93.169,28.049,42.305,22.815,HYPERSOFT,1,1,255.0,0,0,0
2018,6,fp1,sirotkin,13,3,75.022,20.118,35.133,19.771,HYPERSOFT,2,1,274.0,1,0,1
2018,6,fp1,sirotkin,14,3,73.962,19.497,34.806,19.659,HYPERSOFT,3,1,276.0,1,0,1
2018,6,fp1,sirotkin,15,3,75.355,19.62,35.57,20.165,HYPERSOFT,4,1,276.0,0,0,1
2018,6,fp1,sirotkin,16,3,89.47,22.807,42.658,24.005,HYPERSOFT,5,1,261.0,0,0,1
2018,6,fp1,sirotkin,17,3,74.662,19.599,35.026,20.037,HYPERSOFT,6,1,278.0,0,0,1
2018,6,fp1,sirotkin,18,3,92.245,23.805,43.508,24.932,HYPERSOFT,7,1,255.0,0,0,1
2018,6,fp1,sirotkin,19,3,74.997,19.76,35.207,20.03,HYPERSOFT,8,1,277.0,0,0,1
2018,6,fp1,sirotkin,20,3,89.913,24.901,42.038,22.974,HYPERSOFT,9,1,264.0,0,0,1
2018,6,fp1,sirotkin,21,3,76.709,19.681,36.43,20.598,HYPERSOFT,10,1,279.0,0,0,1
2018,6,fp1,sirotkin,22,3,99.177,26.595,46.818,25.764,HYPERSOFT,11,1,265.0,0,0,1
2018,6,fp1,sirotkin,23,3,75.423,19.854,35.496,20.073,HYPERSOFT,12,1,278.0,0,0,1
2018,6,fp1,sirotkin,24,3,117.544,23.551,50.5,43.493,HYPERSOFT,13,1,244.0,0,0,0
2018,6,fp1,sirotkin,25,4,,27.308,43.057,,HYPERSOFT,14,0,264.0,0,0,0
2018,6,fp1,sirotkin,26,4,91.999,27.032,42.004,22.963,HYPERSOFT,15,0,252.0,0,0,0
2018,6,fp1,sirotkin,27,4,76.572,20.452,35.815,20.305,HYPERSOFT,16,0,275.0,0,0,1
2018,6,fp1,sirotkin,28,4,80.804,20.342,39.114,21.348,HYPERSOFT,17,0,264.0,0,0,1
2018,6,fp1,sirotkin,29,5,75.495,19.75,35.534,20.211,HYPERSOFT,15,0,278.0,0,0,1
2018,6,fp1,sirotkin,30,5,75.761,19.646,35.648,20.467,HYPERSOFT,16,0,280.0,0,0,1
2018,6,fp1,sirotkin,31,5,81.401,19.965,37.617,23.819,HYPERSOFT,17,0,281.0,0,0,1
2018,6,fp1,sirotkin,32,5,77.207,19.962,36.308,20.937,HYPERSOFT,18,0,278.0,0,0,1
2018,6,fp1,sirotkin,33,5,85.453,23.578,37.498,24.377,HYPERSOFT,19,0,279.0,0,0,1
2018,6,fp1,sirotkin,34,5,77.514,20.233,36.51,20.771,HYPERSOFT,20,0,278.0,0,0,1
2018,6,fp1,sirotkin,35,5,78.177,20.174,36.814,21.189,HYPERSOFT,21,0,277.0,0,0,1
2018,6,fp1,sirotkin,36,5,79.047,20.676,37.03,21.341,HYPERSOFT,22,0,279.0,0,0,1
2018,6,fp1,sirotkin,37,5,79.058,20.365,37.426,21.267,HYPERSOFT,23,0,278.0,0,0,1
2018,6,fp1,sirotkin,38,5,79.379,20.545,37.417,21.417,HYPERSOFT,24,0,281.0,0,0,1
2018,6,fp1,sirotkin,39,5,148.49,26.592,45.227,76.671,HYPERSOFT,25,0,183.0,0,0,1
2018,6,fp1,sirotkin,40,5,,27.423,45.557,,HYPERSOFT,26,0,201.0,0,0,0
2018,6,fp1,hamilton,1,1,85.919,25.273,38.582,22.064,ULTRASOFT,1,1,265.0,0,0,0
2018,6,fp1,hamilton,2,1,78.413,21.463,36.1,20.85,ULTRASOFT,2,1,278.0,1,0,0
2018,6,fp1,hamilton,3,1,76.787,20.334,35.753,20.7,ULTRASOFT,3,1,278.0,1,0,0
2018,6,fp1,hamilton,4,1,75.229,19.867,35.231,20.131,ULTRASOFT,4,1,279.0,1,0,0
2018,6,fp1,hamilton,5,1,78.822,21.546,36.664,20.612,ULTRASOFT,5,1,278.0,0,0,0
2018,6,fp1,hamilton,6,1,74.749,19.596,35.169,19.984,ULTRASOFT,6,1,281.0,1,0,0
2018,6,fp1,hamilton,7,1,83.255,21.177,37.837,24.241,ULTRASOFT,7,1,269.0,0,0,0
2018,6,fp1,hamilton,8,1,84.939,19.659,35.777,29.503,ULTRASOFT,8,1,283.0,0,0,0
2018,6,fp1,hamilton,9,1,80.499,20.651,37.785,22.063,ULTRASOFT,9,1,268.0,0,0,1
2018,6,fp1,hamilton,10,1,80.317,20.877,36.69,22.75,ULTRASOFT,10,1,270.0,0,0,1
2018,6,fp1,hamilton,11,1,109.637,19.475,37.856,52.306,ULTRASOFT,11,1,254.0,0,0,0
2018,6,fp1,hamilton,12,2,,24.807,40.738,,ULTRASOFT,12,0,240.0,0,0,0
2018,6,fp1,hamilton,13,3,84.842,25.01,37.968,21.864,HYPERSOFT,1,1,262.0,0,0,0
2018,6,fp1,hamilton,14,3,73.038,19.409,34.296,19.333,HYPERSOFT,2,1,277.0,1,0,1
2018,6,fp1,hamilton,15,3,82.049,22.598,38.158,21.293,HYPERSOFT,3,1,254.0,0,0,1
2018,6,fp1,hamilton,16,3,72.48,19.095,34.061,19.324,HYPERSOFT,4,1,279.0,1,0,1
2018,6,fp1,hamilton,17,3,87.313,23.291,41.306,22.716,HYPERSOFT,5,1,254.0,0,0,1
2018,6,fp1,hamilton,18,3,80.748,19.161,37.847,23.74,HYPERSOFT,6,1,260.0,0,0,1
2018,6,fp1,hamilton,19,3,80.526,19.086,39.678,21.762,HYPERSOFT,7,1,255.0,0,0,1
2018,6,fp1,hamilton,20,3,75.057,18.933,34.292,21.832,HYPERSOFT,8,1,280.0,0,0,1
2018,6,fp1,hamilton,21,3,88.174,21.516,42.144,24.514,HYPERSOFT,9,1,241.0,0,0,1
2018,6,fp1,hamilton,22,3,104.278,19.169,36.567,48.542,HYPERSOFT,10,1,259.0,0,0,0
2018,6,fp1,hamilton,23,4,,24.156,38.23,,HYPERSOFT,11,0,268.0,0,0,0
2018,6,fp1,hamilton,24,5,87.271,24.993,38.336,23.942,HYPERSOFT,12,0,261.0,0,0,0
2018,6,fp1,hamilton,25,5,76.434,20.329,35.733,20.372,HYPERSOFT,13,0,273.0,0,0,1
2018,6,fp1,hamilton,26,5,76.505,19.937,35.951,20.617,HYPERSOFT,14,0,275.0,0,0,1
2018,6,fp1,hamilton,27,5,76.574,20.039,35.991,20.544,HYPERSOFT,15,0,274.0,0,0,1
2018,6,fp1,hamilton,28,5,76.896,20.098,36.124,20.674,HYPERSOFT,16,0,274.0,0,0,1
2018,6,fp1,hamilton,29,5,78.084,20.156,36.602,21.326,HYPERSOFT,17,0,275.0,0,0,1
2018,6,fp1,hamilton,30,5,,21.447,39.157,,HYPERSOFT,18,0,265.0,0,0,0
2018,6,fp1,hamilton,31,6,119.937,27.466,39.388,53.083,HYPERSOFT,18,0,272.0,0,0,0
2018,6,fp1,hamilton,32,7,85.429,25.054,38.557,21.818,HYPERSOFT,19,0,263.0,0,0,0
2018,6,fp1,hamilton,33,7,141.139,21.876,42.203,77.06,HYPERSOFT,20,0,255.0,0,0,1
2018,6,fp1,hamilton,34,7,,26.545,40.596,,HYPERSOFT,21,0,260.0,0,0,0
2018,6,fp1,sainz,1,1,126.686,28.605,44.848,53.233,HYPERSOFT,1,1,245.0,0,0,0
2018,6,fp1,sainz,2,2,,25.157,39.259,,HYPERSOFT,2,0,262.0,0,0,0
2018,6,fp1,sainz,3,3,86.017,24.872,38.205,22.94,HYPERSOFT,3,0,272.0,0,0,0
2018,6,fp1,sainz,4,3,77.828,20.824,36.255,20.749,HYPERSOFT,4,0,275.0,1,0,0
2018,6,fp1,sainz,5,3,86.605,22.926,37.736,25.943,HYPERSOFT,5,0,274.0,0,0,1
2018,6,fp1,sainz,6,3,76.358,20.186,35.744,20.428,HYPERSOFT,6,0,276.0,1,0,1
2018,6,fp1,sainz,7,3,83.665,19.983,40.696,22.986,HYPERSOFT,7,0,200.0,0,0,1
2018,6,fp1,sainz,8,3,75.785,19.917,35.571,20.297,HYPERSOFT,8,0,278.0,1,0,1
2018,6,fp1,sainz,9,3,104.0,26.083,45.996,31.921,HYPERSOFT,9,0,247.0,0,0,1
2018,6,fp1,sainz,10,3,75.335,19.897,35.394,20.044,HYPERSOFT,10,0,278.0,1,0,1
2018,6,fp1,sainz,11,3,94.368,25.006,43.815,25.547,HYPERSOFT,11,0,263.0,0,0,1
2018,6,fp1,sainz,12,3,75.17,19.85,35.354,19.966,HYPERSOFT,12,0,276.0,1,0,1
2018,6,fp1,sainz,13,3,104.496,26.724,48.109,29.663,HYPERSOFT,13,0,263.0,0,0,1
2018,6,fp1,sainz,14,3,83.581,19.789,35.609,28.183,HYPERSOFT,14,0,278.0,0,0,1
2018,6,fp1,sainz,15,3,74.684,19.566,35.216,19.902,HYPERSOFT,15,0,277.0,1,0,1
2018,6,fp1,sainz,16,3,,23.881,43.55,,HYPERSOFT,16,0,258.0,0,0,0
2018,6,fp1,sainz,17,4,91.058,26.342,38.663,26.053,HYPERSOFT,1,1,270.0,0,0,0
2018,6,fp1,sainz,18,4,74.039,19.483,34.628,19.928,HYPERSOFT,2,1,281.0,1,0,1
2018,6,fp1,sainz,19,4,97.771,28.854,46.008,22.909,HYPERSOFT,3,1,247.0,0,0,1
2018,6,fp1,sainz,20,4,91.293,23.923,40.783,26.587,HYPERSOFT,4,1,267.0,0,0,1
2018,6,fp1,sainz,21,4,73.917,19.448,34.78,19.689,HYPERSOFT,5,1,280.0,1,0,1
2018,6,fp1,sainz,22,4,102.088,27.402,49.164,25.522,HYPERSOFT,6,1,234.0,0,0,1
2018,6,fp1,sainz,23,4,74.003,19.462,34.87,19.671,HYPERSOFT,7,1,277.0,0,0,1
2018,6,fp1,sainz,24,4,99.1,24.821,48.056,26.223,HYPERSOFT,8,1,254.0,0,0,1
2018,6,fp1,sainz,25,4,73.671,19.428,34.672,19.571,HYPERSOFT,9,1,278.0,1,0,1
2018,6,fp1,sainz,26,4,93.461,24.976,45.328,23.157,HYPERSOFT,10,1,236.0,0,0,1
2018,6,fp1,sainz,27,4,73.938,19.422,34.835,19.681,HYPERSOFT,11,1,278.0,0,0,1
2018,6,fp1,sainz,28,4,94.71,26.548,44.153,24.009,HYPERSOFT,12,1,247.0,0,0,1
2018,6,fp1,sainz,29,4,73.456,19.361,34.52,19.575,HYPERSOFT,13,1,275.0,1,0,1
2018,6,fp1,sainz,30,4,,24.824,41.687,,HYPERSOFT,14,1,253.0,0,0,0
2018,6,fp1,sainz,31,5,88.368,25.939,39.617,22.812,HYPERSOFT,14,0,263.0,0,0,0
2018,6,fp1,sainz,32,5,75.503,20.009,35.388,20.106,HYPERSOFT,15,0,276.0,0,0,1
2018,6,fp1,sainz,33,5,83.076,19.89,38.217,24.969,HYPERSOFT,16,0,282.0,0,0,1
2018,6,fp1,sainz,34,5,75.534,19.878,35.37,20.286,HYPERSOFT,17,0,279.0,0,0,1
2018,6,fp1,sainz,35,5,87.082,20.165,42.091,24.826,HYPERSOFT,18,0,279.0,0,0,1
2018,6,fp1,sainz,36,5,75.873,19.855,35.544,20.474,HYPERSOFT,19,0,278.0,0,0,1
2018,6,fp1,sainz,37,5,76.754,20.196,36.1,20.458,HYPERSOFT,20,0,278.0,0,0,1
2018,6,fp1,sainz,38,5,77.116,20.066,36.042,21.008,HYPERSOFT,21,0,279.0,0,0,1
2018,6,fp1,sainz,39,5,137.093,26.821,45.849,64.423,HYPERSOFT,22,0,224.0,0,0,1
2018,6,fp1,sainz,40,5,,24.665,40.387,,HYPERSOFT,23,0,257.0,0,0,0
2018,6,fp1,bottas,1,1,88.653,26.798,39.447,22.408,ULTRASOFT,1,1,273.0,0,0,0
2018,6,fp1,bottas,2,1,77.299,20.571,36.481,20.247,ULTRASOFT,2,1,280.0,1,0,0
2018,6,fp1,bottas,3,1,75.78,19.968,35.665,20.147,ULTRASOFT,3,1,281.0,1,0,0
2018,6,fp1,bottas,4,1,84.855,20.583,41.232,23.04,ULTRASOFT,4,1,250.0,0,0,0
2018,6,fp1,bottas,5,1,74.882,19.805,35.077,20.0,ULTRASOFT,5,1,280.0,1,0,0
2018,6,fp1,bottas,6,1,74.894,19.675,35.241,19.978,ULTRASOFT,6,1,280.0,0,0,0
2018,6,fp1,bottas,7,1,90.641,25.442,41.511,23.688,ULTRASOFT,7,1,267.0,0,0,0
2018,6,fp1,bottas,8,1,74.347,19.638,34.96,19.749,ULTRASOFT,8,1,282.0,1,0,0
2018,6,fp1,bottas,9,1,85.562,20.828,39.741,24.993,ULTRASOFT,9,1,269.0,0,0,1
2018,6,fp1,bottas,10,1,83.177,20.313,38.862,24.002,ULTRASOFT,10,1,244.0,0,0,1
2018,6,fp1,bottas,11,1,77.563,19.659,35.207,22.697,ULTRASOFT,11,1,281.0,0,0,1
2018,6,fp1,bottas,12,1,87.399,24.202,40.156,23.041,ULTRASOFT,12,1,264.0,0,0,1
2018,6,fp1,bottas,13,1,74.252,19.532,35.034,19.686,ULTRASOFT,13,1,281.0,1,0,1
2018,6,fp1,bottas,14,1,108.805,20.728,36.726,51.351,ULTRASOFT,14,1,259.0,0,0,0
2018,6,fp1,bottas,15,2,,24.242,36.562,,ULTRASOFT,15,0,270.0,0,0,0
2018,6,fp1,bottas,16,3,89.353,25.187,37.896,26.27,HYPERSOFT,1,1,273.0,0,0,0
2018,6,fp1,bottas,17,3,73.708,19.494,34.587,19.627,HYPERSOFT,2,1,278.0,1,0,1
2018,6,fp1,bottas,18,3,83.216,21.84,38.621,22.755,HYPERSOFT,3,1,265.0,0,0,1
2018,6,fp1,bottas,19,3,73.522,19.39,34.646,19.486,HYPERSOFT,4,1,277.0,1,0,1
2018,6,fp1,bottas,20,3,84.879,22.135,40.102,22.642,HYPERSOFT,5,1,262.0,0,0,1
2018,6,fp1,bottas,21,3,73.502,19.312,34.615,19.575,HYPERSOFT,6,1,280.0,1,0,1
2018,6,fp1,bottas,22,3,91.443,23.325,40.277,27.841,HYPERSOFT,7,1,254.0,0,0,1
2018,6,fp1,bottas,23,3,73.664,19.37,34.717,19.577,HYPERSOFT,8,1,280.0,0,0,1
2018,6,fp1,bottas,24,3,89.718,23.449,39.607,26.662,HYPERSOFT,9,1,266.0,0,0,1
2018,6,fp1,bottas,25,3,74.42,19.359,34.794,20.267,HYPERSOFT,10,1,281.0,0,0,1
2018,6,fp1,bottas,26,3,83.992,19.873,38.149,25.97,HYPERSOFT,11,1,268.0,0,0,1
2018,6,fp1,bottas,27,3,112.502,19.306,37.646,55.55,HYPERSOFT,12,1,273.0,0,0,0
2018,6,fp1,bottas,28,4,,26.919,44.146,,HYPERSOFT,13,0,246.0,0,0,0
2018,6,fp1,bottas,29,5,86.862,25.35,39.292,22.22,HYPERSOFT,14,0,256.0,0,0,0
2018,6,fp1,bottas,30,5,76.539,20.339,35.985,20.215,HYPERSOFT,15,0,272.0,0,0,1
2018,6,fp1,bottas,31,5,76.962,20.023,36.407,20.532,HYPERSOFT,16,0,274.0,0,0,1
2018,6,fp1,bottas,32,5,78.014,20.117,37.259,20.638,HYPERSOFT,17,0,275.0,0,0,1
2018,6,fp1,bottas,33,5,78.331,20.168,37.438,20.725,HYPERSOFT,18,0,274.0,0,0,1
2018,6,fp1,bottas,34,5,79.541,20.446,37.764,21.331,HYPERSOFT,19,0,275.0,0,0,1
2018,6,fp1,bottas,35,5,,20.707,38.351,,HYPERSOFT,20,0,274.0,0,0,0
2018,6,fp1,bottas,36,6,126.148,28.442,40.426,57.28,HYPERSOFT,21,0,262.0,0,0,0
2018,6,fp1,bottas,37,7,84.612,24.332,38.437,21.843,HYPERSOFT,21,0,263.0,0,0,0
2018,6,fp1,bottas,38,7,131.518,22.524,41.535,67.459,HYPERSOFT,22,0,204.0,0,0,1
2018,6,fp1,bottas,39,7,,26.69,55.216,,HYPERSOFT,23,0,187.0,0,0,0
2018,6,fp2,vandoorne,1,1,92.627,26.488,42.25,23.889,SUPERSOFT,1,1,227.0,0,0,0
2018,6,fp2,vandoorne,2,1,85.813,20.81,37.955,27.048,SUPERSOFT,2,1,256.0,1,0,0
2018,6,fp2,vandoorne,3,1,79.823,21.137,37.152,21.534,SUPERSOFT,3,1,259.0,1,0,0
2018,6,fp2,vandoorne,4,1,74.712,19.528,35.326,19.858,SUPERSOFT,4,1,279.0,1,0,0
2018,6,fp2,vandoorne,5,1,91.836,22.153,40.839,28.844,SUPERSOFT,5,1,257.0,0,0,0
2018,6,fp2,vandoorne,6,1,82.406,19.843,40.125,22.438,SUPERSOFT,6,1,247.0,0,0,0
2018,6,fp2,vandoorne,7,1,74.885,19.566,35.435,19.884,SUPERSOFT,7,1,280.0,0,0,0
2018,6,fp2,vandoorne,8,1,93.424,24.362,44.929,24.133,SUPERSOFT,8,1,245.0,0,0,0
2018,6,fp2,vandoorne,9,1,74.888,19.718,35.309,19.861,SUPERSOFT,9,1,281.0,0,0,0
2018,6,fp2,vandoorne,10,1,,22.25,40.624,,SUPERSOFT,10,1,256.0,0,0,0
2018,6,fp2,vandoorne,11,2,92.639,29.558,39.688,23.393,SUPERSOFT,11,0,235.0,0,0,0
2018,6,fp2,vandoorne,12,2,74.69,19.597,35.319,19.774,SUPERSOFT,12,0,280.0,1,0,1
2018,6,fp2,vandoorne,13,2,90.443,22.262,41.749,26.432,SUPERSOFT,13,0,254.0,0,0,1
2018,6,fp2,vandoorne,14,2,81.641,19.705,38.828,23.108,SUPERSOFT,14,0,282.0,0,0,1
2018,6,fp2,vandoorne,15,2,,19.598,35.125,,SUPERSOFT,15,0,281.0,0,0,0
2018,6,fp2,vandoorne,16,3,87.336,25.744,39.309,22.283,HYPERSOFT,1,1,245.0,0,0,0
2018,6,fp2,vandoorne,17,3,73.468,19.303,34.526,19.639,HYPERSOFT,2,1,280.0,1,0,1
2018,6,fp2,vandoorne,18,3,92.39,26.53,41.775,24.085,HYPERSOFT,3,1,230.0,0,0,1
2018,6,fp2,vandoorne,19,3,73.382,19.263,34.524,19.595,HYPERSOFT,4,1,279.0,1,0,1
2018,6,fp2,vandoorne,20,3,91.73,24.78,43.791,23.159,HYPERSOFT,5,1,237.0,0,0,1
2018,6,fp2,vandoorne,21,3,73.232,19.249,34.56,19.423,HYPERSOFT,6,1,276.0,1,0,1
2018,6,fp2,vandoorne,22,3,90.25,23.829,43.543,22.878,HYPERSOFT,7,1,246.0,0,0,1
2018,6,fp2,vandoorne,23,3,73.077,19.16,34.537,19.38,HYPERSOFT,8,1,279.0,1,0,1
2018,6,fp2,vandoorne,24,3,,23.066,40.063,,HYPERSOFT,9,1,258.0,0,0,0
2018,6,fp2,vandoorne,25,4,83.44,24.944,37.657,20.839,SUPERSOFT,16,0,255.0,0,0,0
2018,6,fp2,vandoorne,26,4,78.574,20.82,36.812,20.942,SUPERSOFT,17,0,278.0,0,0,1
2018,6,fp2,vandoorne,27,4,114.154,21.075,36.164,56.915,SUPERSOFT,18,0,277.0,0,0,0
2018,6,fp2,vandoorne,28,5,85.25,25.164,37.847,22.239,HYPERSOFT,10,0,276.0,0,0,0
2018,6,fp2,vandoorne,29,5,76.461,20.062,35.926,20.473,HYPERSOFT,11,0,277.0,0,0,1
2018,6,fp2,vandoorne,30,5,87.374,20.777,43.232,23.365,HYPERSOFT,12,0,273.0,0,0,1
2018,6,fp2,vandoorne,31,5,76.369,20.136,35.866,20.367,HYPERSOFT,13,0,277.0,0,0,1
2018,6,fp2,vandoorne,32,5,76.726,20.28,36.015,20.431,HYPERSOFT,14,0,276.0,0,0,1
2018,6,fp2,vandoorne,33,5,76.927,20.249,36.209,20.469,HYPERSOFT,15,0,276.0,0,0,1
2018,6,fp2,vandoorne,34,5,76.975,20.184,36.218,20.573,HYPERSOFT,16,0,277.0,0,0,1
2018,6,fp2,vandoorne,35,5,89.858,23.81,42.973,23.075,HYPERSOFT,17,0,271.0,0,0,1
2018,6,fp2,vandoorne,36,5,76.918,20.246,36.277,20.395,HYPERSOFT,18,0,275.0,0,0,1
2018,6,fp2,vandoorne,37,5,76.803,20.15,36.181,20.472,HYPERSOFT,19,0,275.0,0,0,1
2018,6,fp2,vandoorne,38,5,77.553,20.26,36.546,20.747,HYPERSOFT,20,0,275.0,0,0,1
2018,6,fp2,vandoorne,39,5,143.887,26.819,48.259,68.809,HYPERSOFT,21,0,189.0,0,0,1
2018,6,fp2,vandoorne,40,5,,26.392,43.048,,HYPERSOFT,22,0,230.0,0,0,0
2018,6,fp2,ricciardo,1,1,99.007,28.51,42.816,27.681,HYPERSOFT,1,1,264.0,0,0,0
2018,6,fp2,ricciardo,2,1,73.2,19.561,34.228,19.411,HYPERSOFT,2,1,279.0,1,0,0
2018,6,fp2,ricciardo,3,1,97.508,28.451,44.578,24.479,HYPERSOFT,3,1,203.0,0,0,0
2018,6,fp2,ricciardo,4,1,,19.394,,,HYPERSOFT,4,1,,0,0,0
2018,6,fp2,ricciardo,5,2,101.198,30.688,42.552,27.958,HYPERSOFT,5,0,265.0,0,0,0
2018,6,fp2,ricciardo,6,2,73.33,19.539,34.417,19.374,HYPERSOFT,6,0,280.0,0,0,1
2018,6,fp2,ricciardo,7,2,93.824,23.789,42.655,27.38,HYPERSOFT,7,0,253.0,0,0,1
2018,6,fp2,ricciardo,8,2,72.67,19.321,34.01,19.339,HYPERSOFT,8,0,280.0,1,0,1
2018,6,fp2,ricciardo,9,2,95.772,24.888,42.71,28.174,HYPERSOFT,9,0,255.0,0,0,1
2018,6,fp2,ricciardo,10,2,81.401,20.235,39.182,21.984,HYPERSOFT,10,0,263.0,0,0,1
2018,6,fp2,ricciardo,11,2,72.419,19.11,33.891,19.418,HYPERSOFT,11,0,279.0,1,0,1
2018,6,fp2,ricciardo,12,2,93.056,24.34,43.619,25.097,HYPERSOFT,12,0,233.0,0,0,1
2018,6,fp2,ricciardo,13,2,,19.255,33.866,,HYPERSOFT,13,0,281.0,0,0,0
2018,6,fp2,ricciardo,14,3,82.747,24.972,37.195,20.58,HYPERSOFT,1,1,258.0,0,0,0
2018,6,fp2,ricciardo,15,3,72.053,19.12,33.878,19.055,HYPERSOFT,2,1,277.0,1,0,1
2018,6,fp2,ricciardo,16,3,85.959,23.238,39.875,22.846,HYPERSOFT,3,1,253.0,0,0,1
2018,6,fp2,ricciardo,17,3,72.082,19.028,33.926,19.128,HYPERSOFT,4,1,280.0,0,0,1
2018,6,fp2,ricciardo,18,3,92.211,24.598,44.846,22.767,HYPERSOFT,5,1,256.0,0,0,1
2018,6,fp2,ricciardo,19,3,71.841,18.988,33.692,19.161,HYPERSOFT,6,1,281.0,1,0,1
2018,6,fp2,ricciardo,20,3,,23.63,39.462,,HYPERSOFT,7,1,256.0,0,0,0
2018,6,fp2,ricciardo,21,4,86.038,26.313,39.065,20.66,HYPERSOFT,14,0,271.0,0,0,0
2018,6,fp2,ricciardo,22,4,75.36,20.097,35.208,20.055,HYPERSOFT,15,0,276.0,0,0,1
2018,6,fp2,ricciardo,23,4,78.436,20.117,36.323,21.996,HYPERSOFT,16,0,282.0,0,0,1
2018,6,fp2,ricciardo,24,4,75.136,19.994,35.078,20.064,HYPERSOFT,17,0,276.0,0,0,1
2018,6,fp2,ricciardo,25,4,75.122,19.842,35.28,20.0,HYPERSOFT,18,0,276.0,0,0,1
2018,6,fp2,ricciardo,26,4,77.242,20.229,35.952,21.061,HYPERSOFT,19,0,279.0,0,0,1
2018,6,fp2,ricciardo,27,4,75.579,19.962,35.245,20.372,HYPERSOFT,20,0,275.0,0,0,1
2018,6,fp2,ricciardo,28,4,75.064,19.848,35.188,20.028,HYPERSOFT,21,0,275.0,0,0,1
2018,6,fp2,ricciardo,29,4,74.783,19.846,35.092,19.845,HYPERSOFT,22,0,276.0,0,0,1
2018,6,fp2,ricciardo,30,4,79.629,19.8,35.393,24.436,HYPERSOFT,23,0,278.0,0,0,1
2018,6,fp2,ricciardo,31,4,75.728,19.829,35.714,20.185,HYPERSOFT,24,0,277.0,0,0,1
2018,6,fp2,ricciardo,32,4,141.458,30.673,50.705,60.08,HYPERSOFT,25,0,160.0,0,0,1
2018,6,fp2,ricciardo,33,4,,25.629,44.261,,HYPERSOFT,26,0,213.0,0,0,0
2018,6,fp2,vettel,1,1,84.86,25.428,37.629,21.803,ULTRASOFT,1,1,264.0,0,0,0
2018,6,fp2,vettel,2,1,74.413,19.874,34.771,19.768,ULTRASOFT,2,1,280.0,1,0,0
2018,6,fp2,vettel,3,1,73.875,19.543,34.651,19.681,ULTRASOFT,3,1,283.0,1,0,0
2018,6,fp2,vettel,4,1,94.319,24.149,43.963,26.207,ULTRASOFT,4,1,227.0,0,0,0
2018,6,fp2,vettel,5,1,73.25,19.458,34.348,19.444,ULTRASOFT,5,1,283.0,1,0,0
2018,6,fp2,vettel,6,1,100.707,25.268,49.121,26.318,ULTRASOFT,6,1,211.0,0,0,0
2018,6,fp2,vettel,7,1,73.18,19.362,34.34,19.478,ULTRASOFT,7,1,283.0,1,0,0
2018,6,fp2,vettel,8,1,,22.669,41.069,,ULTRASOFT,8,1,255.0,0,0,0
2018,6,fp2,vettel,9,2,,25.049,41.216,,HYPERSOFT,1,1,249.0,0,0,0
2018,6,fp2,vettel,10,3,94.923,24.981,44.937,25.005,HYPERSOFT,2,0,266.0,0,0,0
2018,6,fp2,vettel,11,3,76.691,19.27,34.076,23.345,HYPERSOFT,3,0,283.0,0,0,1
2018,6,fp2,vettel,12,3,100.189,22.103,49.38,28.706,HYPERSOFT,4,0,236.0,0,0,1
2018,6,fp2,vettel,13,3,72.458,19.103,34.021,19.334,HYPERSOFT,5,0,285.0,1,0,1
2018,6,fp2,vettel,14,3,91.379,22.491,44.39,24.498,HYPERSOFT,6,0,226.0,0,0,1
2018,6,fp2,vettel,15,3,87.9,19.059,35.748,33.093,HYPERSOFT,7,0,286.0,0,0,1
2018,6,fp2,vettel,16,3,72.413,19.072,33.95,19.391,HYPERSOFT,8,0,284.0,1,0,1
2018,6,fp2,vettel,17,3,120.975,22.461,42.011,56.503,HYPERSOFT,9,0,230.0,0,0,0
2018,6,fp2,vettel,18,4,,23.437,37.497,,HYPERSOFT,10,0,274.0,0,0,0
2018,6,fp2,vettel,19,5,114.6,26.31,38.698,49.592,HYPERSOFT,11,0,265.0,0,0,0
2018,6,fp2,vettel,20,6,83.983,25.759,37.198,21.026,HYPERSOFT,12,0,276.0,0,0,0
2018,6,fp2,vettel,21,6,75.076,19.931,35.133,20.012,HYPERSOFT,13,0,280.0,0,0,1
2018,6,fp2,vettel,22,6,75.543,19.81,35.051,20.682,HYPERSOFT,14,0,282.0,0,0,1
2018,6,fp2,vettel,23,6,75.888,19.807,35.714,20.367,HYPERSOFT,15,0,284.0,0,0,1
2018,6,fp2,vettel,24,6,83.042,19.925,35.781,27.336,HYPERSOFT,16,0,282.0,0,0,1
2018,6,fp2,vettel,25,6,75.888,20.035,35.514,20.339,HYPERSOFT,17,0,279.0,0,0,1
2018,6,fp2,vettel,26,6,96.591,20.042,35.835,40.714,HYPERSOFT,18,0,278.0,0,0,0
2018,6,fp2,vettel,27,7,80.394,22.823,36.037,21.534,ULTRASOFT,9,0,277.0,0,0,0
2018,6,fp2,vettel,28,7,74.967,19.819,34.973,20.175,ULTRASOFT,10,0,280.0,0,0,1
2018,6,fp2,vettel,29,7,74.874,19.716,35.063,20.095,ULTRASOFT,11,0,281.0,0,0,1
2018,6,fp2,vettel,30,7,79.262,20.506,36.202,22.554,ULTRASOFT,12,0,282.0,0,0,1
2018,6,fp2,vettel,31,7,75.384,19.831,35.233,20.32,ULTRASOFT,13,0,280.0,0,0,1
2018,6,fp2,vettel,32,7,76.182,20.082,35.457,20.643,ULTRASOFT,14,0,281.0,0,0,1
2018,6,fp2,vettel,33,7,93.022,21.205,39.186,32.631,ULTRASOFT,15,0,276.0,0,0,1
2018,6,fp2,vettel,34,7,75.494,19.931,35.35,20.213,ULTRASOFT,16,0,280.0,0,0,1
2018,6,fp2,vettel,35,7,79.888,20.486,38.732,20.67,ULTRASOFT,17,0,271.0,0,0,1
2018,6,fp2,vettel,36,7,75.413,19.787,35.259,20.367,ULTRASOFT,18,0,281.0,0,0,1
2018,6,fp2,vettel,37,7,76.272,20.024,35.706,20.542,ULTRASOFT,19,0,283.0,0,0,1
2018,6,fp2,vettel,38,7,76.491,20.019,35.773,20.699,ULTRASOFT,20,0,281.0,0,0,1
2018,6,fp2,vettel,39,7,82.425,22.42,36.385,23.62,ULTRASOFT,21,0,282.0,0,0,1
2018,6,fp2,vettel,40,7,76.579,20.174,35.803,20.602,ULTRASOFT,22,0,283.0,0,0,1
2018,6,fp2,vettel,41,7,,26.489,66.388,84.636,ULTRASOFT,23,0,88.0,0,0,0
2018,6,fp2,vettel,42,7,,27.753,45.912,,ULTRASOFT,24,0,183.0,0,0,0
2018,6,fp2,raikkonen,1,1,92.21,24.959,44.704,22.547,ULTRASOFT,1,1,254.0,0,0,0
2018,6,fp2,raikkonen,2,1,77.088,19.595,35.021,22.472,ULTRASOFT,2,1,282.0,1,0,0
2018,6,fp2,raikkonen,3,1,81.279,20.512,38.126,22.641,ULTRASOFT,3,1,255.0,0,0,0
2018,6,fp2,raikkonen,4,1,74.05,19.556,34.712,19.782,ULTRASOFT,4,1,281.0,1,0,0
2018,6,fp2,raikkonen,5,1,87.838,21.85,39.691,26.297,ULTRASOFT,5,1,255.0,0,0,0
2018,6,fp2,raikkonen,6,1,73.769,19.381,34.767,19.621,ULTRASOFT,6,1,285.0,1,0,0
2018,6,fp2,raikkonen,7,1,116.769,22.893,40.156,53.72,ULTRASOFT,7,1,257.0,0,0,0
2018,6,fp2,raikkonen,8,2,,23.909,37.65,,ULTRASOFT,8,0,260.0,0,0,0
2018,6,fp2,raikkonen,9,3,,24.25,38.86,,HYPERSOFT,1,1,268.0,0,0,0
2018,6,fp2,raikkonen,10,4,87.769,24.783,37.247,25.739,HYPERSOFT,2,0,268.0,0,0,0
2018,6,fp2,raikkonen,11,4,72.748,19.161,34.065,19.522,HYPERSOFT,3,0,283.0,1,0,1
2018,6,fp2,raikkonen,12,4,91.304,23.765,43.685,23.854,HYPERSOFT,4,0,244.0,0,0,1
2018,6,fp2,raikkonen,13,4,75.134,19.239,34.194,21.701,HYPERSOFT,5,0,283.0,0,0,1
2018,6,fp2,raikkonen,14,4,98.441,27.63,45.225,25.586,HYPERSOFT,6,0,251.0,0,0,1
2018,6,fp2,raikkonen,15,4,72.832,19.178,34.113,19.541,HYPERSOFT,7,0,283.0,0,0,1
2018,6,fp2,raikkonen,16,4,123.599,22.424,38.707,62.468,HYPERSOFT,8,0,258.0,0,0,0
2018,6,fp2,raikkonen,17,5,89.646,25.445,42.965,21.236,HYPERSOFT,9,0,277.0,0,0,0
2018,6,fp2,raikkonen,18,5,86.659,19.194,39.542,27.923,HYPERSOFT,10,0,257.0,0,0,1
2018,6,fp2,raikkonen,19,5,72.543,19.096,34.142,19.305,HYPERSOFT,11,0,282.0,1,0,1
2018,6,fp2,raikkonen,20,5,,21.656,38.231,,HYPERSOFT,12,0,257.0,0,0,0
2018,6,fp2,raikkonen,21,6,106.944,23.443,36.929,46.572,HYPERSOFT,13,0,270.0,0,0,0
2018,6,fp2,raikkonen,22,7,85.45,23.627,36.331,25.492,HYPERSOFT,14,0,282.0,0,0,0
2018,6,fp2,raikkonen,23,7,76.136,19.967,35.727,20.442,HYPERSOFT,15,0,281.0,0,0,1
2018,6,fp2,raikkonen,24,7,76.467,19.827,35.867,20.773,HYPERSOFT,16,0,283.0,0,0,1
2018,6,fp2,raikkonen,25,7,82.019,21.122,37.261,23.636,HYPERSOFT,17,0,283.0,0,0,1
2018,6,fp2,raikkonen,26,7,77.343,20.022,36.529,20.792,HYPERSOFT,18,0,280.0,0,0,1
2018,6,fp2,raikkonen,27,7,99.658,20.208,37.221,42.229,HYPERSOFT,19,0,280.0,0,0,0
2018,6,fp2,raikkonen,28,8,83.588,24.62,37.71,21.258,ULTRASOFT,9,0,279.0,0,0,0
2018,6,fp2,raikkonen,29,8,76.144,20.206,35.627,20.311,ULTRASOFT,10,0,281.0,0,0,1
2018,6,fp2,raikkonen,30,8,75.691,19.902,35.6,20.189,ULTRASOFT,11,0,282.0,0,0,1
2018,6,fp2,raikkonen,31,8,75.828,20.159,35.552,20.117,ULTRASOFT,12,0,281.0,0,0,1
2018,6,fp2,raikkonen,32,8,80.628,19.955,38.407,22.266,ULTRASOFT,13,0,280.0,0,0,1
2018,6,fp2,raikkonen,33,8,75.564,19.876,35.472,20.216,ULTRASOFT,14,0,281.0,0,0,1
2018,6,fp2,raikkonen,34,8,75.677,19.821,35.664,20.192,ULTRASOFT,15,0,281.0,0,0,1
2018,6,fp2,raikkonen,35,8,,28.97,48.771,73.517,ULTRASOFT,16,0,208.0,0,0,0
2018,6,fp2,raikkonen,36,8,,22.137,41.439,,ULTRASOFT,17,0,261.0,0,0,0
2018,6,fp2,grosjean,1,1,85.571,25.934,38.216,21.421,ULTRASOFT,1,1,258.0,0,0,0
2018,6,fp2,grosjean,2,1,76.164,20.465,35.561,20.138,ULTRASOFT,2,1,277.0,1,0,0
2018,6,fp2,grosjean,3,1,74.971,19.963,35.03,19.978,ULTRASOFT,3,1,279.0,1,0,0
2018,6,fp2,grosjean,4,1,79.386,19.962,38.148,21.276,ULTRASOFT,4,1,253.0,0,0,0
2018,6,fp2,grosjean,5,1,74.852,19.905,35.009,19.938,ULTRASOFT,5,1,280.0,1,0,0
2018,6,fp2,grosjean,6,1,88.633,22.75,38.75,27.133,ULTRASOFT,6,1,260.0,0,0,0
2018,6,fp2,grosjean,7,1,83.428,19.836,35.233,28.359,ULTRASOFT,7,1,283.0,0,0,0
2018,6,fp2,grosjean,8,1,85.364,19.998,38.926,26.44,ULTRASOFT,8,1,282.0,0,0,0
2018,6,fp2,grosjean,9,1,74.661,19.937,34.802,19.922,ULTRASOFT,9,1,280.0,1,0,0
2018,6,fp2,grosjean,10,1,,22.91,38.522,,ULTRASOFT,10,1,261.0,0,0,0
2018,6,fp2,grosjean,11,2,94.195,25.779,39.297,29.119,HYPERSOFT,1,1,272.0,0,0,0
2018,6,fp2,grosjean,12,2,74.074,19.824,34.531,19.719,HYPERSOFT,2,1,285.0,1,0,1
2018,6,fp2,grosjean,13,2,89.604,20.728,40.7,28.176,HYPERSOFT,3,1,254.0,0,0,1
2018,6,fp2,grosjean,14,2,78.455,19.806,36.256,22.393,HYPERSOFT,4,1,277.0,0,0,1
2018,6,fp2,grosjean,15,2,74.138,19.645,34.575,19.918,HYPERSOFT,5,1,282.0,0,0,1
2018,6,fp2,grosjean,16,2,91.884,26.861,40.132,24.891,HYPERSOFT,6,1,258.0,0,0,1
2018,6,fp2,grosjean,17,2,73.805,19.635,34.563,19.607,HYPERSOFT,7,1,282.0,1,0,1
2018,6,fp2,grosjean,18,2,91.911,22.944,41.727,27.24,HYPERSOFT,8,1,239.0,0,0,1
2018,6,fp2,grosjean,19,2,73.903,19.728,34.488,19.687,HYPERSOFT,9,1,282.0,0,0,1
2018,6,fp2,grosjean,20,2,91.057,23.079,45.601,22.377,HYPERSOFT,10,1,219.0,0,0,1
2018,6,fp2,grosjean,21,2,73.763,19.715,34.573,19.475,HYPERSOFT,11,1,280.0,1,0,1
2018,6,fp2,grosjean,22,2,,22.566,39.475,,HYPERSOFT,12,1,250.0,0,0,0
2018,6,fp2,grosjean,23,3,93.365,26.517,45.078,21.77,HYPERSOFT,13,0,266.0,0,0,0
2018,6,fp2,grosjean,24,3,77.494,21.042,35.929,20.523,HYPERSOFT,14,0,278.0,0,0,1
2018,6,fp2,grosjean,25,3,77.43,20.505,36.372,20.553,HYPERSOFT,15,0,279.0,0,0,1
2018,6,fp2,grosjean,26,3,81.049,20.422,35.899,24.728,HYPERSOFT,16,0,279.0,0,0,1
2018,6,fp2,grosjean,27,3,76.683,20.39,35.779,20.514,HYPERSOFT,17,0,278.0,0,0,1
2018,6,fp2,grosjean,28,3,80.598,20.497,36.364,23.737,HYPERSOFT,18,0,278.0,0,0,1
2018,6,fp2,grosjean,29,3,77.704,20.537,36.31,20.857,HYPERSOFT,19,0,278.0,0,0,1
2018,6,fp2,grosjean,30,3,84.255,20.601,37.182,26.472,HYPERSOFT,20,0,280.0,0,0,1
2018,6,fp2,grosjean,31,3,97.426,20.626,36.862,39.938,HYPERSOFT,21,0,277.0,0,0,0
2018,6,fp2,grosjean,32,4,89.893,23.601,37.051,29.241,ULTRASOFT,11,0,281.0,0,0,0
2018,6,fp2,grosjean,33,4,76.613,20.542,35.683,20.388,ULTRASOFT,12,0,279.0,0,0,1
2018,6,fp2,grosjean,34,4,79.981,20.282,36.311,23.388,ULTRASOFT,13,0,283.0,0,0,1
2018,6,fp2,grosjean,35,4,76.935,20.37,35.969,20.596,ULTRASOFT,14,0,278.0,0,0,1
2018,6,fp2,grosjean,36,4,114.122,23.688,43.987,46.447,ULTRASOFT,15,0,216.0,0,0,1
2018,6,fp2,grosjean,37,4,,25.715,39.299,,ULTRASOFT,16,0,260.0,0,0,0
2018,6,fp2,ericsson,1,1,87.44,26.349,38.717,22.374,SUPERSOFT,1,1,267.0,0,0,0
2018,6,fp2,ericsson,2,1,77.419,20.729,36.249,20.441,SUPERSOFT,2,1,279.0,1,0,0
2018,6,fp2,ericsson,3,1,77.504,20.498,36.097,20.909,SUPERSOFT,3,1,282.0,0,0,0
2018,6,fp2,ericsson,4,1,76.906,20.508,36.059,20.339,SUPERSOFT,4,1,280.0,1,0,0
2018,6,fp2,ericsson,5,1,86.644,22.946,38.398,25.3,SUPERSOFT,5,1,258.0,0,0,0
2018,6,fp2,ericsson,6,1,77.011,20.694,35.724,20.593,SUPERSOFT,6,1,281.0,0,0,0
2018,6,fp2,ericsson,7,1,75.806,20.163,35.606,20.037,SUPERSOFT,7,1,281.0,1,0,0
2018,6,fp2,ericsson,8,1,87.598,20.068,35.64,31.89,SUPERSOFT,8,1,282.0,0,0,0
2018,6,fp2,ericsson,9,1,76.431,20.282,35.866,20.283,SUPERSOFT,9,1,280.0,0,0,0
2018,6,fp2,ericsson,10,1,75.186,19.944,35.294,19.948,SUPERSOFT,10,1,281.0,1,0,0
2018,6,fp2,ericsson,11,1,,22.737,39.377,,SUPERSOFT,11,1,259.0,0,0,0
2018,6,fp2,ericsson,12,2,96.734,31.822,40.967,23.945,HYPERSOFT,1,1,273.0,0,0,0
2018,6,fp2,ericsson,13,2,74.316,19.707,34.885,19.724,HYPERSOFT,2,1,283.0,1,0,1
2018,6,fp2,ericsson,14,2,94.467,24.955,44.635,24.877,HYPERSOFT,3,1,257.0,0,0,1
2018,6,fp2,ericsson,15,2,74.173,19.689,34.627,19.857,HYPERSOFT,4,1,281.0,1,0,1
2018,6,fp2,ericsson,16,2,,27.728,41.561,,HYPERSOFT,5,1,258.0,0,0,0
2018,6,fp2,ericsson,17,3,83.188,25.107,36.979,21.102,HYPERSOFT,6,0,276.0,0,0,0
2018,6,fp2,ericsson,18,3,76.824,20.511,35.815,20.498,HYPERSOFT,7,0,276.0,0,0,1
2018,6,fp2,ericsson,19,3,76.297,20.271,35.648,20.378,HYPERSOFT,8,0,278.0,0,0,1
2018,6,fp2,ericsson,20,3,75.939,20.081,35.419,20.439,HYPERSOFT,9,0,276.0,0,0,1
2018,6,fp2,ericsson,21,3,76.41,20.232,35.731,20.447,HYPERSOFT,10,0,274.0,0,0,1
2018,6,fp2,ericsson,22,3,76.331,20.162,35.758,20.411,HYPERSOFT,11,0,274.0,0,0,1
2018,6,fp2,ericsson,23,3,77.011,20.267,36.1,20.644,HYPERSOFT,12,0,275.0,0,0,1
2018,6,fp2,ericsson,24,3,80.871,20.422,36.993,23.456,HYPERSOFT,13,0,278.0,0,0,1
2018,6,fp2,ericsson,25,3,100.211,20.575,37.33,42.306,HYPERSOFT,14,0,279.0,0,0,0
2018,6,fp2,ericsson,26,4,85.284,23.947,38.133,23.204,SUPERSOFT,12,0,282.0,0,0,0
2018,6,fp2,ericsson,27,4,81.71,20.976,38.479,22.255,SUPERSOFT,13,0,280.0,0,0,1
2018,6,fp2,ericsson,28,4,77.4,20.694,36.085,20.621,SUPERSOFT,14,0,280.0,0,0,1
2018,6,fp2,ericsson,29,4,76.987,20.545,35.958,20.484,SUPERSOFT,15,0,279.0,0,0,1
2018,6,fp2,ericsson,30,4,76.702,20.352,35.927,20.423,SUPERSOFT,16,0,278.0,0,0,1
2018,6,fp2,ericsson,31,4,77.053,20.248,36.162,20.643,SUPERSOFT,17,0,279.0,0,0,1
2018,6,fp2,ericsson,32,4,77.159,20.383,36.09,20.686,SUPERSOFT,18,0,281.0,0,0,1
2018,6,fp2,ericsson,33,4,80.816,21.718,37.195,21.903,SUPERSOFT,19,0,283.0,0,0,1
2018,6,fp2,ericsson,34,4,77.196,20.476,35.977,20.743,SUPERSOFT,20,0,282.0,0,0,1
2018,6,fp2,ericsson,35,4,81.582,20.504,36.034,25.044,SUPERSOFT,21,0,282.0,0,0,1
2018,6,fp2,ericsson,36,4,77.605,20.541,36.19,20.874,SUPERSOFT,22,0,281.0,0,0,1
2018,6,fp2,ericsson,37,4,77.371,20.427,36.145,20.799,SUPERSOFT,23,0,282.0,0,0,1
2018,6,fp2,ericsson,38,4,78.436,20.342,37.144,20.95,SUPERSOFT,24,0,283.0,0,0,1
2018,6,fp2,ericsson,39,4,80.094,20.365,36.462,23.267,SUPERSOFT,25,0,279.0,0,0,1
2018,6,fp2,ericsson,40,4,79.158,20.687,36.967,21.504,SUPERSOFT,26,0,280.0,0,0,1
2018,6,fp2,ericsson,41,4,77.087,20.397,36.051,20.639,SUPERSOFT,27,0,279.0,0,0,1
2018,6,fp2,ericsson,42,4,76.941,20.408,35.976,20.557,SUPERSOFT,28,0,280.0,0,0,1
2018,6,fp2,ericsson,43,4,76.676,20.227,35.936,20.513,SUPERSOFT,29,0,279.0,0,0,1
2018,6,fp2,ericsson,44,4,77.003,20.371,35.944,20.688,SUPERSOFT,30,0,281.0,0,0,1
2018,6,fp2,ericsson,45,4,135.259,26.03,52.441,56.788,SUPERSOFT,31,0,155.0,0,0,1
2018,6,fp2,ericsson,46,4,,26.476,46.514,,SUPERSOFT,32,0,188.0,0,0,0
2018,6,fp2,gasly,1,1,89.957,27.26,40.563,22.134,HYPERSOFT,1,1,262.0,0,0,0
2018,6,fp2,gasly,2,1,84.697,21.726,40.753,22.218,HYPERSOFT,2,1,262.0,1,0,0
2018,6,fp2,gasly,3,1,74.133,19.623,34.766,19.744,HYPERSOFT,3,1,277.0,1,0,0
2018,6,fp2,gasly,4,1,98.857,24.669,45.995,28.193,HYPERSOFT,4,1,258.0,0,0,0
2018,6,fp2,gasly,5,1,74.083,19.596,34.815,19.672,HYPERSOFT,5,1,275.0,1,0,0
2018,6,fp2,gasly,6,1,95.743,25.209,43.553,26.981,HYPERSOFT,6,1,255.0,0,0,0
2018,6,fp2,gasly,7,1,73.41,19.416,34.448,19.546,HYPERSOFT,7,1,274.0,1,0,0
2018,6,fp2,gasly,8,1,94.983,24.019,46.498,24.466,HYPERSOFT,8,1,252.0,0,0,0
2018,6,fp2,gasly,9,1,73.811,19.338,34.798,19.675,HYPERSOFT,9,1,275.0,0,0,0
2018,6,fp2,gasly,10,1,90.103,24.488,43.011,22.604,HYPERSOFT,10,1,253.0,0,0,0
2018,6,fp2,gasly,11,1,73.788,19.524,34.66,19.604,HYPERSOFT,11,1,274.0,0,0,0
2018,6,fp2,gasly,12,1,,24.272,42.77,,HYPERSOFT,12,1,247.0,0,0,0
2018,6,fp2,gasly,13,2,116.442,58.185,37.259,20.998,HYPERSOFT,1,1,255.0,0,0,0
2018,6,fp2,gasly,14,2,73.915,19.361,34.893,19.661,HYPERSOFT,2,1,279.0,0,0,1
2018,6,fp2,gasly,15,2,98.158,26.646,43.508,28.004,HYPERSOFT,3,1,248.0,0,0,1
2018,6,fp2,gasly,16,2,73.68,19.483,34.663,19.534,HYPERSOFT,4,1,273.0,0,0,1
2018,6,fp2,gasly,17,2,91.979,23.276,42.914,25.789,HYPERSOFT,5,1,255.0,0,0,1
2018,6,fp2,gasly,18,2,90.665,22.213,42.622,25.83,HYPERSOFT,6,1,258.0,0,0,1
2018,6,fp2,gasly,19,2,80.095,19.366,36.86,23.869,HYPERSOFT,7,1,277.0,0,0,1
2018,6,fp2,gasly,20,2,73.595,19.389,34.635,19.571,HYPERSOFT,8,1,274.0,0,0,1
2018,6,fp2,gasly,21,2,86.794,22.705,42.886,21.203,HYPERSOFT,9,1,255.0,0,0,1
2018,6,fp2,gasly,22,2,73.787,19.25,34.637,19.9,HYPERSOFT,10,1,273.0,0,0,1
2018,6,fp2,gasly,23,2,,22.161,41.478,,HYPERSOFT,11,1,256.0,0,0,0
2018,6,fp2,gasly,24,3,86.041,24.455,38.914,22.672,HYPERSOFT,13,0,264.0,0,0,0
2018,6,fp2,gasly,25,3,77.41,20.585,36.228,20.597,HYPERSOFT,14,0,269.0,0,0,1
2018,6,fp2,gasly,26,3,76.896,20.328,36.142,20.426,HYPERSOFT,15,0,268.0,0,0,1
2018,6,fp2,gasly,27,3,77.047,20.205,36.25,20.592,HYPERSOFT,16,0,268.0,0,0,1
2018,6,fp2,gasly,28,3,77.172,20.237,36.29,20.645,HYPERSOFT,17,0,268.0,0,0,1
2018,6,fp2,gasly,29,3,77.672,20.371,36.678,20.623,HYPERSOFT,18,0,268.0,0,0,1
2018,6,fp2,gasly,30,3,78.379,20.323,36.929,21.127,HYPERSOFT,19,0,268.0,0,0,1
2018,6,fp2,gasly,31,3,85.391,21.292,42.579,21.52,HYPERSOFT,20,0,210.0,0,0,1
2018,6,fp2,gasly,32,3,,22.872,43.314,,HYPERSOFT,21,0,258.0,0,0,0
2018,6,fp2,perez,1,1,88.493,25.385,38.835,24.273,ULTRASOFT,1,1,268.0,0,0,0
2018,6,fp2,perez,2,1,75.339,19.985,35.19,20.164,ULTRASOFT,2,1,277.0,1,0,0
2018,6,fp2,perez,3,1,96.301,23.194,43.65,29.457,ULTRASOFT,3,1,254.0,0,0,0
2018,6,fp2,perez,4,1,74.785,19.787,35.088,19.91,ULTRASOFT,4,1,277.0,1,0,0
2018,6,fp2,perez,5,1,95.554,24.555,42.9,28.099,ULTRASOFT,5,1,264.0,0,0,0
2018,6,fp2,perez,6,1,81.31,19.717,35.063,26.53,ULTRASOFT,6,1,279.0,0,0,0
2018,6,fp2,perez,7,1,83.745,23.254,38.423,22.068,ULTRASOFT,7,1,265.0,0,0,0
2018,6,fp2,perez,8,1,74.51,19.709,34.855,19.946,ULTRASOFT,8,1,279.0,1,0,0
2018,6,fp2,perez,9,1,,22.523,40.427,,ULTRASOFT,9,1,268.0,0,0,0
2018,6,fp2,perez,10,2,102.314,28.113,43.748,30.453,HYPERSOFT,1,1,252.0,0,0,0
2018,6,fp2,perez,11,2,73.37,19.456,34.422,19.492,HYPERSOFT,2,1,281.0,1,0,1
2018,6,fp2,perez,12,2,92.091,24.164,41.442,26.485,HYPERSOFT,3,1,249.0,0,0,1
2018,6,fp2,perez,13,2,73.682,19.408,34.603,19.671,HYPERSOFT,4,1,282.0,0,0,1
2018,6,fp2,perez,14,2,104.045,26.188,47.026,30.831,HYPERSOFT,5,1,254.0,0,0,1
2018,6,fp2,perez,15,2,85.538,19.408,40.454,25.676,HYPERSOFT,6,1,224.0,0,0,1
2018,6,fp2,perez,16,2,73.687,19.475,34.586,19.626,HYPERSOFT,7,1,283.0,0,0,1
2018,6,fp2,perez,17,2,,24.305,42.259,,HYPERSOFT,8,1,264.0,0,0,0
2018,6,fp2,perez,18,3,88.981,26.577,39.134,23.27,HYPERSOFT,9,0,271.0,0,0,0
2018,6,fp2,perez,19,3,76.008,20.336,35.433,20.239,HYPERSOFT,10,0,274.0,0,0,1
2018,6,fp2,perez,20,3,80.197,20.072,35.909,24.216,HYPERSOFT,11,0,277.0,0,0,1
2018,6,fp2,perez,21,3,76.642,20.46,35.662,20.52,HYPERSOFT,12,0,275.0,0,0,1
2018,6,fp2,perez,22,3,76.463,20.236,35.723,20.504,HYPERSOFT,13,0,275.0,0,0,1
2018,6,fp2,perez,23,3,95.944,20.359,36.827,38.758,HYPERSOFT,14,0,280.0,0,0,0
2018,6,fp2,perez,24,4,86.055,23.309,38.493,24.253,ULTRASOFT,10,0,276.0,0,0,0
2018,6,fp2,perez,25,4,77.124,20.418,36.274,20.432,ULTRASOFT,11,0,276.0,0,0,1
2018,6,fp2,perez,26,4,76.208,20.115,35.653,20.44,ULTRASOFT,12,0,276.0,0,0,1
2018,6,fp2,perez,27,4,76.559,20.217,35.796,20.546,ULTRASOFT,13,0,276.0,0,0,1
2018,6,fp2,perez,28,4,76.445,20.271,35.695,20.479,ULTRASOFT,14,0,275.0,0,0,1
2018,6,fp2,perez,29,4,79.01,20.343,36.369,22.298,ULTRASOFT,15,0,278.0,0,0,1
2018,6,fp2,perez,30,4,76.666,20.314,35.889,20.463,ULTRASOFT,16,0,276.0,0,0,1
2018,6,fp2,perez,31,4,76.868,20.345,35.899,20.624,ULTRASOFT,17,0,276.0,0,0,1
2018,6,fp2,perez,32,4,78.655,20.619,36.675,21.361,ULTRASOFT,18,0,278.0,0,0,1
2018,6,fp2,perez,33,4,77.606,20.336,36.319,20.951,ULTRASOFT,19,0,279.0,0,0,1
2018,6,fp2,perez,34,4,77.506,20.379,36.35,20.777,ULTRASOFT,20,0,277.0,0,0,1
2018,6,fp2,perez,35,4,77.235,20.344,36.129,20.762,ULTRASOFT,21,0,278.0,0,0,1
2018,6,fp2,perez,36,4,96.118,20.657,36.884,38.577,ULTRASOFT,22,0,276.0,0,0,0
2018,6,fp2,perez,37,5,84.594,23.234,36.842,24.518,HYPERSOFT,15,0,277.0,0,0,0
2018,6,fp2,perez,38,5,131.369,30.004,43.389,57.976,HYPERSOFT,16,0,238.0,0,0,1
2018,6,fp2,perez,39,5,,26.513,40.089,,HYPERSOFT,17,0,261.0,0,0,0
2018,6,fp2,alonso,1,1,95.815,24.987,39.416,31.412,ULTRASOFT,1,1,256.0,0,0,0
2018,6,fp2,alonso,2,1,75.608,20.077,35.51,20.021,ULTRASOFT,2,1,279.0,1,0,0
2018,6,fp2,alonso,3,1,87.329,22.62,41.242,23.467,ULTRASOFT,3,1,260.0,0,0,0
2018,6,fp2,alonso,4,1,74.388,19.629,34.928,19.831,ULTRASOFT,4,1,277.0,1,0,0
2018,6,fp2,alonso,5,1,83.319,19.66,39.277,24.382,ULTRASOFT,5,1,256.0,0,0,0
2018,6,fp2,alonso,6,1,74.749,19.591,35.09,20.068,ULTRASOFT,6,1,281.0,0,0,0
2018,6,fp2,alonso,7,1,108.817,23.868,41.12,43.829,ULTRASOFT,7,1,256.0,0,0,0
2018,6,fp2,alonso,8,2,87.688,24.546,39.902,23.24,ULTRASOFT,8,0,256.0,0,0,0
2018,6,fp2,alonso,9,2,74.181,19.481,34.855,19.845,ULTRASOFT,9,0,280.0,1,0,0
2018,6,fp2,alonso,10,2,88.691,21.702,41.665,25.324,ULTRASOFT,10,0,255.0,0,0,0
2018,6,fp2,alonso,11,2,74.301,19.434,35.011,19.856,ULTRASOFT,11,0,280.0,0,0,0
2018,6,fp2,alonso,12,2,,21.502,40.702,,ULTRASOFT,12,0,254.0,0,0,0
2018,6,fp2,alonso,13,3,95.274,32.403,39.998,22.873,ULTRASOFT,13,0,252.0,0,0,0
2018,6,fp2,alonso,14,3,75.541,20.067,35.482,19.992,ULTRASOFT,14,0,277.0,0,0,1
2018,6,fp2,alonso,15,3,86.353,19.768,39.049,27.536,ULTRASOFT,15,0,268.0,0,0,1
2018,6,fp2,alonso,16,3,83.598,19.599,36.453,27.546,ULTRASOFT,16,0,282.0,0,0,1
2018,6,fp2,alonso,17,3,74.839,19.549,35.26,20.03,ULTRASOFT,17,0,272.0,0,0,1
2018,6,fp2,alonso,18,3,,22.05,39.399,,ULTRASOFT,18,0,257.0,0,0,0
2018,6,fp2,alonso,19,4,90.617,24.62,40.301,25.696,HYPERSOFT,1,1,258.0,0,0,0
2018,6,fp2,alonso,20,4,73.41,19.346,34.616,19.448,HYPERSOFT,2,1,279.0,1,0,1
2018,6,fp2,alonso,21,4,87.915,22.533,41.65,23.732,HYPERSOFT,3,1,254.0,0,0,1
2018,6,fp2,alonso,22,4,73.205,19.156,34.512,19.537,HYPERSOFT,4,1,277.0,1,0,1
2018,6,fp2,alonso,23,4,89.1,22.902,42.185,24.013,HYPERSOFT,5,1,251.0,0,0,1
2018,6,fp2,alonso,24,4,73.115,19.08,34.473,19.562,HYPERSOFT,6,1,277.0,1,0,1
2018,6,fp2,alonso,25,4,,23.404,45.413,,HYPERSOFT,7,1,256.0,0,0,0
2018,6,fp2,alonso,26,5,85.862,24.55,38.262,23.05,HYPERSOFT,8,0,255.0,0,0,0
2018,6,fp2,alonso,27,5,77.047,20.436,36.064,20.547,HYPERSOFT,9,0,275.0,0,0,1
2018,6,fp2,alonso,28,5,76.511,20.122,35.986,20.403,HYPERSOFT,10,0,276.0,0,0,1
2018,6,fp2,alonso,29,5,76.897,20.067,35.768,21.062,HYPERSOFT,11,0,276.0,0,0,1
2018,6,fp2,alonso,30,5,76.879,20.22,36.061,20.598,HYPERSOFT,12,0,277.0,0,0,1
2018,6,fp2,alonso,31,5,77.629,20.36,36.383,20.886,HYPERSOFT,13,0,278.0,0,0,1
2018,6,fp2,alonso,32,5,78.125,20.459,36.578,21.088,HYPERSOFT,14,0,278.0,0,0,1
2018,6,fp2,alonso,33,5,83.796,21.067,41.332,21.397,HYPERSOFT,15,0,262.0,0,0,1
2018,6,fp2,alonso,34,5,81.626,20.847,38.041,22.738,HYPERSOFT,16,0,276.0,0,0,1
2018,6,fp2,alonso,35,5,78.471,20.591,36.625,21.255,HYPERSOFT,17,0,275.0,0,0,1
2018,6,fp2,alonso,36,5,101.087,20.944,37.766,42.377,HYPERSOFT,18,0,276.0,0,0,0
2018,6,fp2,alonso,37,6,84.866,23.773,38.269,22.824,ULTRASOFT,19,0,276.0,0,0,0
2018,6,fp2,alonso,38,6,78.15,20.351,36.742,21.057,ULTRASOFT,20,0,275.0,0,0,1
2018,6,fp2,alonso,39,6,77.178,20.238,36.218,20.722,ULTRASOFT,21,0,276.0,0,0,1
2018,6,fp2,alonso,40,6,77.058,20.177,36.275,20.606,ULTRASOFT,22,0,276.0,0,0,1
2018,6,fp2,alonso,41,6,137.975,27.058,47.461,63.456,ULTRASOFT,23,0,235.0,0,0,1
2018,6,fp2,alonso,42,6,,24.692,40.01,,ULTRASOFT,24,0,273.0,0,0,0
2018,6,fp2,leclerc,1,1,88.31,27.895,38.801,21.614,ULTRASOFT,1,1,266.0,0,0,0
2018,6,fp2,leclerc,2,1,75.795,20.234,35.569,19.992,ULTRASOFT,2,1,279.0,1,0,0
2018,6,fp2,leclerc,3,1,83.235,21.241,40.709,21.285,ULTRASOFT,3,1,256.0,0,0,0
2018,6,fp2,leclerc,4,1,75.309,19.931,35.271,20.107,ULTRASOFT,4,1,281.0,1,0,0
2018,6,fp2,leclerc,5,1,89.8,23.126,45.0,21.674,ULTRASOFT,5,1,244.0,0,0,0
2018,6,fp2,leclerc,6,1,74.945,19.809,35.111,20.025,ULTRASOFT,6,1,279.0,1,0,0
2018,6,fp2,leclerc,7,1,87.177,19.78,45.114,22.283,ULTRASOFT,7,1,244.0,0,0,0
2018,6,fp2,leclerc,8,1,78.862,19.773,35.16,23.929,ULTRASOFT,8,1,282.0,0,0,0
2018,6,fp2,leclerc,9,1,91.524,22.698,42.035,26.791,ULTRASOFT,9,1,256.0,0,0,0
2018,6,fp2,leclerc,10,1,74.569,19.772,34.959,19.838,ULTRASOFT,10,1,280.0,1,0,0
2018,6,fp2,leclerc,11,1,,22.868,41.092,,ULTRASOFT,11,1,258.0,0,0,0
2018,6,fp2,leclerc,12,2,97.551,31.111,41.333,25.107,HYPERSOFT,1,1,231.0,0,0,0
2018,6,fp2,leclerc,13,2,74.305,19.663,34.959,19.683,HYPERSOFT,2,1,283.0,1,0,1
2018,6,fp2,leclerc,14,2,93.631,23.438,45.069,25.124,HYPERSOFT,3,1,158.0,0,0,1
2018,6,fp2,leclerc,15,2,73.932,19.522,34.665,19.745,HYPERSOFT,4,1,283.0,1,0,1
2018,6,fp2,leclerc,16,2,91.462,25.198,43.711,22.553,HYPERSOFT,5,1,262.0,0,0,1
2018,6,fp2,leclerc,17,2,73.575,19.433,34.56,19.582,HYPERSOFT,6,1,281.0,1,0,1
2018,6,fp2,leclerc,18,2,87.123,23.36,41.365,22.398,HYPERSOFT,7,1,251.0,0,0,1
2018,6,fp2,leclerc,19,2,81.477,19.643,39.129,22.705,HYPERSOFT,8,1,243.0,0,0,1
2018,6,fp2,leclerc,20,2,82.746,19.844,40.04,22.862,HYPERSOFT,9,1,255.0,0,0,1
2018,6,fp2,leclerc,21,2,,19.458,35.06,,HYPERSOFT,10,1,282.0,0,0,0
2018,6,fp2,leclerc,22,3,87.484,26.662,39.334,21.488,HYPERSOFT,11,0,192.0,0,0,0
2018,6,fp2,leclerc,23,3,77.037,20.325,36.194,20.518,HYPERSOFT,12,0,276.0,0,0,1
2018,6,fp2,leclerc,24,3,76.583,20.146,35.926,20.511,HYPERSOFT,13,0,279.0,0,0,1
2018,6,fp2,leclerc,25,3,77.073,20.19,36.279,20.604,HYPERSOFT,14,0,280.0,0,0,1
2018,6,fp2,leclerc,26,3,76.773,20.346,35.915,20.512,HYPERSOFT,15,0,280.0,0,0,1
2018,6,fp2,leclerc,27,3,82.237,20.491,40.003,21.743,HYPERSOFT,16,0,281.0,0,0,1
2018,6,fp2,leclerc,28,3,76.544,20.327,35.869,20.348,HYPERSOFT,17,0,278.0,0,0,1
2018,6,fp2,leclerc,29,3,76.86,20.278,36.08,20.502,HYPERSOFT,18,0,278.0,0,0,1
2018,6,fp2,leclerc,30,3,77.243,20.268,36.308,20.667,HYPERSOFT,19,0,278.0,0,0,1
2018,6,fp2,leclerc,31,3,80.25,21.445,37.109,21.696,HYPERSOFT,20,0,279.0,0,0,1
2018,6,fp2,leclerc,32,3,79.476,20.808,37.453,21.215,HYPERSOFT,21,0,279.0,0,0,1
2018,6,fp2,leclerc,33,3,78.249,20.645,36.654,20.95,HYPERSOFT,22,0,279.0,0,0,1
2018,6,fp2,leclerc,34,3,78.183,20.636,36.66,20.887,HYPERSOFT,23,0,278.0,0,0,1
2018,6,fp2,leclerc,35,3,79.044,20.517,37.476,21.051,HYPERSOFT,24,0,279.0,0,0,1
2018,6,fp2,leclerc,36,3,96.667,20.633,36.993,39.041,HYPERSOFT,25,0,279.0,0,0,0
2018,6,fp2,leclerc,37,4,90.88,23.634,43.361,23.885,ULTRASOFT,12,0,282.0,0,0,0
2018,6,fp2,leclerc,38,4,77.309,20.474,36.027,20.808,ULTRASOFT,13,0,282.0,0,0,1
2018,6,fp2,leclerc,39,4,76.207,20.029,35.735,20.443,ULTRASOFT,14,0,279.0,0,0,1
2018,6,fp2,leclerc,40,4,77.314,20.406,36.354,20.554,ULTRASOFT,15,0,279.0,0,0,1
2018,6,fp2,leclerc,41,4,76.214,20.174,35.755,20.285,ULTRASOFT,16,0,281.0,0,0,1
2018,6,fp2,leclerc,42,4,76.246,20.088,35.769,20.389,ULTRASOFT,17,0,282.0,0,0,1
2018,6,fp2,leclerc,43,4,77.451,20.202,36.589,20.66,ULTRASOFT,18,0,282.0,0,0,1
2018,6,fp2,leclerc,44,4,144.613,26.008,49.366,69.239,ULTRASOFT,19,0,212.0,0,0,1
2018,6,fp2,leclerc,45,4,,30.44,43.139,,ULTRASOFT,20,0,250.0,0,0,0
2018,6,fp2,stroll,1,1,88.969,26.181,38.73,24.058,HYPERSOFT,2,0,253.0,0,0,0
2018,6,fp2,stroll,2,1,82.319,21.904,37.306,23.109,HYPERSOFT,3,0,264.0,1,0,0
2018,6,fp2,stroll,3,1,74.63,19.892,34.687,20.051,HYPERSOFT,4,0,279.0,1,0,0
2018,6,fp2,stroll,4,1,87.621,23.689,40.541,23.391,HYPERSOFT,5,0,257.0,0,0,0
2018,6,fp2,stroll,5,1,,19.625,43.741,,HYPERSOFT,6,0,276.0,0,0,0
2018,6,fp2,stroll,6,2,88.279,29.14,37.22,21.919,HYPERSOFT,1,1,262.0,0,0,0
2018,6,fp2,stroll,7,2,98.188,22.825,43.322,32.041,HYPERSOFT,2,1,264.0,0,0,1
2018,6,fp2,stroll,8,2,81.214,19.792,38.86,22.562,HYPERSOFT,3,1,256.0,0,0,1
2018,6,fp2,stroll,9,2,74.011,19.396,34.555,20.06,HYPERSOFT,4,1,282.0,1,0,1
2018,6,fp2,stroll,10,2,97.157,25.846,44.109,27.202,HYPERSOFT,5,1,247.0,0,0,1
2018,6,fp2,stroll,11,2,81.502,19.509,38.785,23.208,HYPERSOFT,6,1,229.0,0,0,1
2018,6,fp2,stroll,12,2,81.686,19.614,38.565,23.507,HYPERSOFT,7,1,251.0,0,0,1
2018,6,fp2,stroll,13,2,74.451,19.522,34.694,20.235,HYPERSOFT,8,1,280.0,0,0,1
2018,6,fp2,stroll,14,2,,23.248,39.729,,HYPERSOFT,9,1,233.0,0,0,0
2018,6,fp2,stroll,15,3,86.638,27.703,37.731,21.204,HYPERSOFT,10,0,267.0,0,0,0
2018,6,fp2,stroll,16,3,80.01,20.612,35.501,23.897,HYPERSOFT,11,0,276.0,0,0,1
2018,6,fp2,stroll,17,3,76.894,20.387,35.903,20.604,HYPERSOFT,12,0,277.0,0,0,1
2018,6,fp2,stroll,18,3,76.345,20.178,35.701,20.466,HYPERSOFT,13,0,277.0,0,0,1
2018,6,fp2,stroll,19,3,76.535,20.186,35.776,20.573,HYPERSOFT,14,0,278.0,0,0,1
2018,6,fp2,stroll,20,3,77.087,20.162,35.483,21.442,HYPERSOFT,15,0,277.0,0,0,1
2018,6,fp2,stroll,21,3,80.029,20.537,37.534,21.958,HYPERSOFT,16,0,278.0,0,0,1
2018,6,fp2,stroll,22,3,78.575,20.451,36.85,21.274,HYPERSOFT,17,0,277.0,0,0,1
2018,6,fp2,stroll,23,3,78.876,20.503,37.223,21.15,HYPERSOFT,18,0,276.0,0,0,1
2018,6,fp2,stroll,24,3,79.094,20.753,37.144,21.197,HYPERSOFT,19,0,276.0,0,0,1
2018,6,fp2,stroll,25,3,78.581,20.513,36.924,21.144,HYPERSOFT,20,0,276.0,0,0,1
2018,6,fp2,stroll,26,3,78.304,20.432,36.825,21.047,HYPERSOFT,21,0,277.0,0,0,1
2018,6,fp2,stroll,27,3,78.937,20.455,36.978,21.504,HYPERSOFT,22,0,276.0,0,0,1
2018,6,fp2,stroll,28,3,82.572,20.761,38.472,23.339,HYPERSOFT,23,0,269.0,0,0,1
2018,6,fp2,stroll,29,3,105.382,20.586,45.088,39.708,HYPERSOFT,24,0,216.0,0,0,0
2018,6,fp2,stroll,30,4,101.25,26.397,40.183,34.67,HYPERSOFT,25,0,246.0,0,0,0
2018,6,fp2,stroll,31,5,100.861,25.19,41.397,34.274,HYPERSOFT,26,0,275.0,0,0,0
2018,6,fp2,stroll,32,5,91.178,24.792,43.269,23.117,HYPERSOFT,27,0,253.0,0,0,0
2018,6,fp2,stroll,33,6,132.13,25.911,50.487,55.732,HYPERSOFT,27,0,187.0,0,0,1
2018,6,fp2,stroll,34,6,,28.406,50.468,,HYPERSOFT,28,0,164.0,0,0,0
2018,6,fp2,kevin_magnussen,1,,87.011,26.107,38.479,22.425,,,1,249.0,0,0,0
2018,6,fp2,kevin_magnussen,2,1,79.475,20.935,37.604,20.936,SUPERSOFT,1,1,271.0,1,0,0
2018,6,fp2,kevin_magnussen,3,1,76.852,20.646,35.828,20.378,SUPERSOFT,2,1,273.0,1,0,0
2018,6,fp2,kevin_magnussen,4,1,75.87,20.196,35.507,20.167,SUPERSOFT,3,1,277.0,1,0,0
2018,6,fp2,kevin_magnussen,5,1,82.972,21.539,38.665,22.768,SUPERSOFT,4,1,274.0,0,0,0
2018,6,fp2,kevin_magnussen,6,1,77.339,20.305,35.999,21.035,SUPERSOFT,5,1,275.0,0,0,0
2018,6,fp2,kevin_magnussen,7,1,75.875,20.097,35.629,20.149,SUPERSOFT,6,1,278.0,0,0,0
2018,6,fp2,kevin_magnussen,8,1,75.612,20.014,35.418,20.18,SUPERSOFT,7,1,275.0,1,0,0
2018,6,fp2,kevin_magnussen,9,1,87.931,22.8,40.831,24.3,SUPERSOFT,8,1,267.0,0,0,0
2018,6,fp2,kevin_magnussen,10,1,78.543,20.022,36.607,21.914,SUPERSOFT,9,1,278.0,0,0,0
2018,6,fp2,kevin_magnussen,11,1,75.506,19.908,35.298,20.3,SUPERSOFT,10,1,277.0,1,0,0
2018,6,fp2,kevin_magnussen,12,1,75.585,19.989,35.458,20.138,SUPERSOFT,11,1,276.0,0,0,0
2018,6,fp2,kevin_magnussen,13,1,,22.993,37.751,,SUPERSOFT,12,1,276.0,0,0,0
2018,6,fp2,kevin_magnussen,14,2,104.866,27.697,44.009,33.16,HYPERSOFT,1,1,261.0,0,0,0
2018,6,fp2,kevin_magnussen,15,2,74.113,19.867,34.698,19.548,HYPERSOFT,2,1,282.0,1,0,1
2018,6,fp2,kevin_magnussen,16,2,90.407,23.025,40.69,26.692,HYPERSOFT,3,1,251.0,0,0,1
2018,6,fp2,kevin_magnussen,17,2,92.495,23.111,40.084,29.3,HYPERSOFT,4,1,273.0,0,0,1
2018,6,fp2,kevin_magnussen,18,2,73.889,19.618,34.564,19.707,HYPERSOFT,5,1,280.0,1,0,1
2018,6,fp2,kevin_magnussen,19,2,88.768,22.39,39.674,26.704,HYPERSOFT,6,1,256.0,0,0,1
2018,6,fp2,kevin_magnussen,20,2,73.572,19.534,34.4,19.638,HYPERSOFT,7,1,281.0,1,0,1
2018,6,fp2,kevin_magnussen,21,2,90.916,21.578,41.924,27.414,HYPERSOFT,8,1,253.0,0,0,1
2018,6,fp2,kevin_magnussen,22,2,80.552,19.573,34.608,26.371,HYPERSOFT,9,1,281.0,0,0,1
2018,6,fp2,kevin_magnussen,23,2,73.648,19.509,34.477,19.662,HYPERSOFT,10,1,280.0,0,0,1
2018,6,fp2,kevin_magnussen,24,2,91.597,25.399,42.763,23.435,HYPERSOFT,11,1,242.0,0,0,1
2018,6,fp2,kevin_magnussen,25,2,73.588,19.591,34.461,19.536,HYPERSOFT,12,1,278.0,0,0,1
2018,6,fp2,kevin_magnussen,26,2,,23.277,40.347,,HYPERSOFT,13,1,271.0,0,0,0
2018,6,fp2,kevin_magnussen,27,3,88.751,27.059,38.97,22.722,HYPERSOFT,14,0,262.0,0,0,0
2018,6,fp2,kevin_magnussen,28,3,79.251,20.614,35.807,22.83,HYPERSOFT,15,0,278.0,0,0,1
2018,6,fp2,kevin_magnussen,29,3,76.717,20.324,36.102,20.291,HYPERSOFT,16,0,278.0,0,0,1
2018,6,fp2,kevin_magnussen,30,3,77.145,20.32,36.108,20.717,HYPERSOFT,17,0,281.0,0,0,1
2018,6,fp2,kevin_magnussen,31,3,81.486,22.522,37.716,21.248,HYPERSOFT,18,0,277.0,0,0,1
2018,6,fp2,kevin_magnussen,32,3,76.863,20.307,36.014,20.542,HYPERSOFT,19,0,279.0,0,0,1
2018,6,fp2,kevin_magnussen,33,3,76.577,20.358,35.957,20.262,HYPERSOFT,20,0,274.0,0,0,1
2018,6,fp2,kevin_magnussen,34,3,76.417,20.254,35.796,20.367,HYPERSOFT,21,0,275.0,0,0,1
2018,6,fp2,kevin_magnussen,35,3,76.748,20.335,36.021,20.392,HYPERSOFT,22,0,274.0,0,0,1
2018,6,fp2,kevin_magnussen,36,3,76.675,20.332,35.904,20.439,HYPERSOFT,23,0,276.0,0,0,1
2018,6,fp2,kevin_magnussen,37,3,77.469,20.404,36.483,20.582,HYPERSOFT,24,0,277.0,0,0,1
2018,6,fp2,kevin_magnussen,38,3,78.992,20.517,37.184,21.291,HYPERSOFT,25,0,277.0,0,0,1
2018,6,fp2,kevin_magnussen,39,3,79.329,20.815,37.428,21.086,HYPERSOFT,26,0,276.0,0,0,1
2018,6,fp2,kevin_magnussen,40,3,135.402,29.894,45.818,59.69,HYPERSOFT,27,0,191.0,0,0,1
2018,6,fp2,kevin_magnussen,41,3,,30.678,47.267,,HYPERSOFT,28,0,189.0,0,0,0
2018,6,fp2,hulkenberg,1,1,85.251,25.419,38.671,21.161,HYPERSOFT,1,1,267.0,0,0,0
2018,6,fp2,hulkenberg,2,1,74.552,19.832,34.918,19.802,HYPERSOFT,2,1,278.0,1,0,0
2018,6,fp2,hulkenberg,3,1,91.599,24.62,43.157,23.822,HYPERSOFT,3,1,242.0,0,0,0
2018,6,fp2,hulkenberg,4,1,86.911,19.921,40.83,26.16,HYPERSOFT,4,1,252.0,0,0,0
2018,6,fp2,hulkenberg,5,1,82.037,21.177,38.574,22.286,HYPERSOFT,5,1,266.0,0,0,0
2018,6,fp2,hulkenberg,6,1,74.258,19.761,34.807,19.69,HYPERSOFT,6,1,276.0,1,0,0
2018,6,fp2,hulkenberg,7,1,97.262,23.43,44.869,28.963,HYPERSOFT,7,1,243.0,0,0,0
2018,6,fp2,hulkenberg,8,1,74.324,19.77,34.89,19.664,HYPERSOFT,8,1,278.0,0,0,0
2018,6,fp2,hulkenberg,9,1,,22.331,39.276,,HYPERSOFT,9,1,260.0,0,0,0
2018,6,fp2,hulkenberg,10,2,90.408,26.085,39.403,24.92,HYPERSOFT,1,1,268.0,0,0,0
2018,6,fp2,hulkenberg,11,2,73.18,19.542,34.292,19.346,HYPERSOFT,2,1,282.0,1,0,1
2018,6,fp2,hulkenberg,12,2,93.223,24.982,45.649,22.592,HYPERSOFT,3,1,257.0,0,0,1
2018,6,fp2,hulkenberg,13,2,73.047,19.456,34.287,19.304,HYPERSOFT,4,1,282.0,1,0,1
2018,6,fp2,hulkenberg,14,2,96.878,24.662,43.71,28.506,HYPERSOFT,5,1,250.0,0,0,1
2018,6,fp2,hulkenberg,15,2,,24.708,47.233,,HYPERSOFT,6,1,172.0,0,0,0
2018,6,fp2,hulkenberg,16,3,112.728,29.029,42.141,41.558,HYPERSOFT,10,0,265.0,0,0,0
2018,6,fp2,hulkenberg,17,4,83.346,23.129,36.64,23.577,HYPERSOFT,11,0,278.0,0,0,0
2018,6,fp2,hulkenberg,18,4,76.653,20.419,35.818,20.416,HYPERSOFT,12,0,277.0,0,0,1
2018,6,fp2,hulkenberg,19,4,76.234,20.183,35.595,20.456,HYPERSOFT,13,0,278.0,0,0,1
2018,6,fp2,hulkenberg,20,4,80.831,22.177,37.851,20.803,HYPERSOFT,14,0,277.0,0,0,1
2018,6,fp2,hulkenberg,21,4,76.311,20.304,35.68,20.327,HYPERSOFT,15,0,278.0,0,0,1
2018,6,fp2,hulkenberg,22,4,76.191,20.09,35.714,20.387,HYPERSOFT,16,0,278.0,0,0,1
2018,6,fp2,hulkenberg,23,4,80.466,20.346,38.241,21.879,HYPERSOFT,17,0,279.0,0,0,1
2018,6,fp2,hulkenberg,24,4,76.829,20.232,36.042,20.555,HYPERSOFT,18,0,277.0,0,0,1
2018,6,fp2,hulkenberg,25,4,76.851,20.416,35.922,20.513,HYPERSOFT,19,0,278.0,0,0,1
2018,6,fp2,hulkenberg,26,4,77.28,20.573,36.02,20.687,HYPERSOFT,20,0,278.0,0,0,1
2018,6,fp2,hulkenberg,27,4,,20.339,36.315,,HYPERSOFT,21,0,278.0,0,0,0
2018,6,fp2,hulkenberg,28,5,103.513,28.344,48.337,26.832,HYPERSOFT,7,0,186.0,0,0,0
2018,6,fp2,hulkenberg,29,5,135.894,30.238,44.978,60.678,HYPERSOFT,8,0,205.0,0,0,1
2018,6,fp2,hulkenberg,30,5,,28.249,48.901,,HYPERSOFT,9,0,178.0,0,0,0
2018,6,fp2,brendon_hartley,1,1,90.296,26.343,41.519,22.434,HYPERSOFT,1,1,262.0,0,0,0
2018,6,fp2,brendon_hartley,2,1,86.825,21.768,40.932,24.125,HYPERSOFT,2,1,266.0,1,0,0
2018,6,fp2,brendon_hartley,3,1,73.709,19.475,34.7,19.534,HYPERSOFT,3,1,278.0,1,0,0
2018,6,fp2,brendon_hartley,4,1,89.494,21.66,41.738,26.096,HYPERSOFT,4,1,251.0,0,0,0
2018,6,fp2,brendon_hartley,5,1,73.835,19.292,34.934,19.609,HYPERSOFT,5,1,278.0,0,0,0
2018,6,fp2,brendon_hartley,6,1,83.882,21.975,39.301,22.606,HYPERSOFT,6,1,255.0,0,0,0
2018,6,fp2,brendon_hartley,7,1,74.552,19.419,34.634,20.499,HYPERSOFT,7,1,278.0,0,0,0
2018,6,fp2,brendon_hartley,8,1,92.005,24.073,43.891,24.041,HYPERSOFT,8,1,257.0,0,0,0
2018,6,fp2,brendon_hartley,9,1,73.394,19.337,34.524,19.533,HYPERSOFT,9,1,281.0,1,0,0
2018,6,fp2,brendon_hartley,10,1,85.003,22.338,40.59,22.075,HYPERSOFT,10,1,255.0,0,0,0
2018,6,fp2,brendon_hartley,11,1,73.494,19.363,34.594,19.537,HYPERSOFT,11,1,276.0,0,0,0
2018,6,fp2,brendon_hartley,12,1,,20.925,38.946,,HYPERSOFT,12,1,261.0,0,0,0
2018,6,fp2,brendon_hartley,13,2,87.697,29.703,37.089,20.905,HYPERSOFT,1,1,261.0,0,0,0
2018,6,fp2,brendon_hartley,14,2,81.471,19.945,38.131,23.395,HYPERSOFT,2,1,261.0,0,0,1
2018,6,fp2,brendon_hartley,15,2,86.588,19.257,38.895,28.436,HYPERSOFT,3,1,261.0,0,0,1
2018,6,fp2,brendon_hartley,16,2,73.222,19.258,34.414,19.55,HYPERSOFT,4,1,281.0,1,0,1
2018,6,fp2,brendon_hartley,17,2,97.117,21.771,45.998,29.348,HYPERSOFT,5,1,252.0,0,0,1
2018,6,fp2,brendon_hartley,18,2,78.195,19.449,35.589,23.157,HYPERSOFT,6,1,279.0,0,0,1
2018,6,fp2,brendon_hartley,19,2,77.752,19.346,35.293,23.113,HYPERSOFT,7,1,278.0,0,0,1
2018,6,fp2,brendon_hartley,20,2,86.973,21.375,42.237,23.361,HYPERSOFT,8,1,266.0,0,0,1
2018,6,fp2,brendon_hartley,21,2,73.574,19.308,34.791,19.475,HYPERSOFT,9,1,278.0,0,0,1
2018,6,fp2,brendon_hartley,22,2,86.518,21.853,42.72,21.945,HYPERSOFT,10,1,231.0,0,0,1
2018,6,fp2,brendon_hartley,23,2,,19.366,36.604,,HYPERSOFT,11,1,275.0,0,0,0
2018,6,fp2,brendon_hartley,24,3,89.978,25.033,39.298,25.647,HYPERSOFT,13,0,259.0,0,0,0
2018,6,fp2,brendon_hartley,25,3,77.027,20.445,36.072,20.51,HYPERSOFT,14,0,270.0,0,0,1
2018,6,fp2,brendon_hartley,26,3,76.325,20.13,35.73,20.465,HYPERSOFT,15,0,272.0,0,0,1
2018,6,fp2,brendon_hartley,27,3,76.147,20.073,35.707,20.367,HYPERSOFT,16,0,273.0,0,0,1
2018,6,fp2,brendon_hartley,28,3,76.431,20.041,35.703,20.687,HYPERSOFT,17,0,274.0,0,0,1
2018,6,fp2,brendon_hartley,29,3,81.856,21.026,39.418,21.412,HYPERSOFT,18,0,272.0,0,0,1
2018,6,fp2,brendon_hartley,30,3,76.751,20.376,35.954,20.421,HYPERSOFT,19,0,273.0,0,0,1
2018,6,fp2,brendon_hartley,31,3,76.914,20.17,36.202,20.542,HYPERSOFT,20,0,273.0,0,0,1
2018,6,fp2,brendon_hartley,32,3,80.515,22.136,37.484,20.895,HYPERSOFT,21,0,271.0,0,0,1
2018,6,fp2,brendon_hartley,33,3,77.345,20.465,36.342,20.538,HYPERSOFT,22,0,271.0,0,0,1
2018,6,fp2,brendon_hartley,34,3,77.67,20.372,36.591,20.707,HYPERSOFT,23,0,272.0,0,0,1
2018,6,fp2,brendon_hartley,35,3,78.203,20.588,36.545,21.07,HYPERSOFT,24,0,275.0,0,0,1
2018,6,fp2,brendon_hartley,36,3,78.043,20.531,36.592,20.92,HYPERSOFT,25,0,276.0,0,0,1
2018,6,fp2,brendon_hartley,37,3,96.338,20.701,37.148,38.489,HYPERSOFT,26,0,278.0,0,0,0
2018,6,fp2,brendon_hartley,38,4,80.75,23.388,36.631,20.731,HYPERSOFT,12,0,271.0,0,0,0
2018,6,fp2,brendon_hartley,39,4,81.026,20.279,35.725,25.022,HYPERSOFT,13,0,275.0,0,0,1
2018,6,fp2,brendon_hartley,40,4,81.048,21.242,36.868,22.938,HYPERSOFT,14,0,279.0,0,0,1
2018,6,fp2,brendon_hartley,41,4,77.006,20.26,36.011,20.735,HYPERSOFT,15,0,276.0,0,0,1
2018,6,fp2,brendon_hartley,42,4,78.724,20.714,36.901,21.109,HYPERSOFT,16,0,277.0,0,0,1
2018,6,fp2,brendon_hartley,43,4,78.677,20.799,36.941,20.937,HYPERSOFT,17,0,277.0,0,0,1
2018,6,fp2,brendon_hartley,44,4,78.346,20.626,36.876,20.844,HYPERSOFT,18,0,277.0,0,0,1
2018,6,fp2,brendon_hartley,45,4,78.6,20.691,36.888,21.021,HYPERSOFT,19,0,277.0,0,0,1
2018,6,fp2,brendon_hartley,46,4,136.709,24.601,42.76,69.348,HYPERSOFT,20,0,259.0,0,0,1
2018,6,fp2,brendon_hartley,47,4,,25.414,44.364,,HYPERSOFT,21,0,219.0,0,0,0
2018,6,fp2,ocon,1,1,85.941,26.384,37.507,22.05,ULTRASOFT,1,1,272.0,0,0,0
2018,6,fp2,ocon,2,1,75.916,20.321,35.222,20.373,ULTRASOFT,2,1,278.0,1,0,0
2018,6,fp2,ocon,3,1,85.928,22.828,40.019,23.081,ULTRASOFT,3,1,268.0,0,0,0
2018,6,fp2,ocon,4,1,75.14,19.776,35.279,20.085,ULTRASOFT,4,1,278.0,1,0,0
2018,6,fp2,ocon,5,1,89.62,25.723,41.675,22.222,ULTRASOFT,5,1,267.0,0,0,0
2018,6,fp2,ocon,6,1,75.734,19.927,35.204,20.603,ULTRASOFT,6,1,280.0,0,0,0
2018,6,fp2,ocon,7,1,85.028,21.6,40.49,22.938,ULTRASOFT,7,1,268.0,0,0,0
2018,6,fp2,ocon,8,1,85.181,22.12,38.322,24.739,ULTRASOFT,8,1,267.0,0,0,0
2018,6,fp2,ocon,9,1,74.671,19.886,34.826,19.959,ULTRASOFT,9,1,278.0,1,0,0
2018,6,fp2,ocon,10,1,84.925,23.184,39.069,22.672,ULTRASOFT,10,1,265.0,0,0,0
2018,6,fp2,ocon,11,1,74.553,19.871,34.831,19.851,ULTRASOFT,11,1,278.0,1,0,0
2018,6,fp2,ocon,12,1,,23.94,37.256,,ULTRASOFT,12,1,266.0,0,0,0
2018,6,fp2,ocon,13,2,88.56,28.209,37.583,22.768,HYPERSOFT,1,1,275.0,0,0,0
2018,6,fp2,ocon,14,2,80.13,20.884,37.508,21.738,HYPERSOFT,2,1,278.0,0,0,1
2018,6,fp2,ocon,15,2,75.545,19.417,34.807,21.321,HYPERSOFT,3,1,283.0,0,0,1
2018,6,fp2,ocon,16,2,87.42,21.824,42.728,22.868,HYPERSOFT,4,1,222.0,0,0,1
2018,6,fp2,ocon,17,2,73.583,19.488,34.528,19.567,HYPERSOFT,5,1,283.0,1,0,1
2018,6,fp2,ocon,18,2,86.687,22.878,40.162,23.647,HYPERSOFT,6,1,267.0,0,0,1
2018,6,fp2,ocon,19,2,82.006,22.793,37.583,21.63,HYPERSOFT,7,1,276.0,0,0,1
2018,6,fp2,ocon,20,2,73.382,19.331,34.265,19.786,HYPERSOFT,8,1,281.0,1,0,1
2018,6,fp2,ocon,21,2,88.387,25.48,38.896,24.011,HYPERSOFT,9,1,265.0,0,0,1
2018,6,fp2,ocon,22,2,81.781,19.509,39.752,22.52,HYPERSOFT,10,1,230.0,0,0,1
2018,6,fp2,ocon,23,2,89.744,22.617,41.621,25.506,HYPERSOFT,11,1,244.0,0,0,1
2018,6,fp2,ocon,24,2,73.512,19.525,34.327,19.66,HYPERSOFT,12,1,279.0,0,0,1
2018,6,fp2,ocon,25,2,,22.922,38.16,,HYPERSOFT,13,1,264.0,0,0,0
2018,6,fp2,ocon,26,3,86.505,24.821,39.822,21.862,ULTRASOFT,13,0,275.0,0,0,0
2018,6,fp2,ocon,27,3,76.876,20.659,35.836,20.381,ULTRASOFT,14,0,276.0,0,0,1
2018,6,fp2,ocon,28,3,76.57,20.429,35.642,20.499,ULTRASOFT,15,0,277.0,0,0,1
2018,6,fp2,ocon,29,3,78.539,21.836,36.234,20.469,ULTRASOFT,16,0,278.0,0,0,1
2018,6,fp2,ocon,30,3,77.201,20.441,36.157,20.603,ULTRASOFT,17,0,278.0,0,0,1
2018,6,fp2,ocon,31,3,77.27,20.629,36.082,20.559,ULTRASOFT,18,0,278.0,0,0,1
2018,6,fp2,ocon,32,3,76.913,20.409,35.869,20.635,ULTRASOFT,19,0,278.0,0,0,1
2018,6,fp2,ocon,33,3,84.07,20.822,36.698,26.55,ULTRASOFT,20,0,278.0,0,0,1
2018,6,fp2,ocon,34,3,77.525,20.647,36.32,20.558,ULTRASOFT,21,0,277.0,0,0,1
2018,6,fp2,ocon,35,3,77.404,20.503,36.256,20.645,ULTRASOFT,22,0,276.0,0,0,1
2018,6,fp2,ocon,36,3,77.962,20.539,36.178,21.245,ULTRASOFT,23,0,276.0,0,0,1
2018,6,fp2,ocon,37,3,78.269,20.782,36.574,20.913,ULTRASOFT,24,0,278.0,0,0,1
2018,6,fp2,ocon,38,3,99.323,20.712,36.495,42.116,ULTRASOFT,25,0,278.0,0,0,0
2018,6,fp2,ocon,39,4,85.46,24.204,37.637,23.619,HYPERSOFT,14,0,278.0,0,0,0
2018,6,fp2,ocon,40,4,76.316,20.399,35.604,20.313,HYPERSOFT,15,0,278.0,0,0,1
2018,6,fp2,ocon,41,4,76.192,20.274,35.693,20.225,HYPERSOFT,16,0,278.0,0,0,1
2018,6,fp2,ocon,42,4,76.846,20.368,36.007,20.471,HYPERSOFT,17,0,277.0,0,0,1
2018,6,fp2,ocon,43,4,76.897,20.363,35.901,20.633,HYPERSOFT,18,0,277.0,0,0,1
2018,6,fp2,ocon,44,4,77.92,20.533,36.263,21.124,HYPERSOFT,19,0,277.0,0,0,1
2018,6,fp2,ocon,45,4,77.714,20.736,36.332,20.646,HYPERSOFT,20,0,276.0,0,0,1
2018,6,fp2,ocon,46,4,139.841,25.398,47.11,67.333,HYPERSOFT,21,0,199.0,0,0,1
2018,6,fp2,ocon,47,4,,25.552,41.505,,HYPERSOFT,22,0,261.0,0,0,0
2018,6,fp2,max_verstappen,1,1,85.01,24.756,38.866,21.388,HYPERSOFT,1,1,268.0,0,0,0
2018,6,fp2,max_verstappen,2,1,72.468,19.281,33.889,19.298,HYPERSOFT,2,1,278.0,1,0,0
2018,6,fp2,max_verstappen,3,1,88.037,23.284,42.771,21.982,HYPERSOFT,3,1,228.0,0,0,0
2018,6,fp2,max_verstappen,4,1,72.267,19.255,33.878,19.134,HYPERSOFT,4,1,278.0,1,0,0
2018,6,fp2,max_verstappen,5,1,93.349,25.007,43.681,24.661,HYPERSOFT,5,1,248.0,0,0,0
2018,6,fp2,max_verstappen,6,1,72.071,19.129,33.832,19.11,HYPERSOFT,6,1,277.0,1,0,0
2018,6,fp2,max_verstappen,7,1,88.109,25.164,40.121,22.824,HYPERSOFT,7,1,253.0,0,0,0
2018,6,fp2,max_verstappen,8,1,,19.081,,,HYPERSOFT,8,1,,0,0,0
2018,6,fp2,max_verstappen,9,2,84.262,24.593,37.567,22.102,HYPERSOFT,1,1,267.0,0,0,0
2018,6,fp2,max_verstappen,10,2,72.673,19.016,33.759,19.898,HYPERSOFT,2,1,280.0,0,0,1
2018,6,fp2,max_verstappen,11,2,87.923,21.65,40.988,25.285,HYPERSOFT,3,1,255.0,0,0,1
2018,6,fp2,max_verstappen,12,2,72.148,18.965,34.034,19.149,HYPERSOFT,4,1,284.0,0,0,1
2018,6,fp2,max_verstappen,13,2,93.599,22.182,46.344,25.073,HYPERSOFT,5,1,254.0,0,0,1
2018,6,fp2,max_verstappen,14,2,72.035,18.896,33.932,19.207,HYPERSOFT,6,1,281.0,1,0,1
2018,6,fp2,max_verstappen,15,2,92.114,22.395,43.055,26.664,HYPERSOFT,7,1,256.0,0,0,1
2018,6,fp2,max_verstappen,16,2,77.575,18.904,37.517,21.154,HYPERSOFT,8,1,235.0,0,0,1
2018,6,fp2,max_verstappen,17,2,,18.915,34.127,,HYPERSOFT,9,1,278.0,0,0,0
2018,6,fp2,max_verstappen,18,3,97.843,25.919,44.177,27.747,HYPERSOFT,10,0,253.0,0,0,0
2018,6,fp2,max_verstappen,19,3,76.728,20.437,35.967,20.324,HYPERSOFT,11,0,271.0,0,0,1
2018,6,fp2,max_verstappen,20,3,75.793,20.155,35.331,20.307,HYPERSOFT,12,0,273.0,0,0,1
2018,6,fp2,max_verstappen,21,3,76.181,20.237,35.553,20.391,HYPERSOFT,13,0,274.0,0,0,1
2018,6,fp2,max_verstappen,22,3,76.151,20.209,35.628,20.314,HYPERSOFT,14,0,274.0,0,0,1
2018,6,fp2,max_verstappen,23,3,76.508,20.124,35.922,20.462,HYPERSOFT,15,0,275.0,0,0,1
2018,6,fp2,max_verstappen,24,3,75.666,19.988,35.444,20.234,HYPERSOFT,16,0,276.0,0,0,1
2018,6,fp2,max_verstappen,25,3,82.941,20.026,36.889,26.026,HYPERSOFT,17,0,276.0,0,0,1
2018,6,fp2,max_verstappen,26,3,76.529,20.064,36.008,20.457,HYPERSOFT,18,0,277.0,0,0,1
2018,6,fp2,max_verstappen,27,3,76.718,20.314,35.97,20.434,HYPERSOFT,19,0,275.0,0,0,1
2018,6,fp2,max_verstappen,28,3,96.337,20.212,36.591,39.534,HYPERSOFT,20,0,276.0,0,0,0
2018,6,fp2,max_verstappen,29,4,93.472,23.861,38.329,31.282,HYPERSOFT,9,0,278.0,0,0,0
2018,6,fp2,max_verstappen,30,4,75.397,20.063,35.283,20.051,HYPERSOFT,10,0,274.0,0,0,1
2018,6,fp2,max_verstappen,31,4,74.915,19.949,35.048,19.918,HYPERSOFT,11,0,275.0,0,0,1
2018,6,fp2,max_verstappen,32,4,74.904,19.829,35.007,20.068,HYPERSOFT,12,0,277.0,0,0,1
2018,6,fp2,max_verstappen,33,4,82.738,19.976,35.409,27.353,HYPERSOFT,13,0,278.0,0,0,1
2018,6,fp2,max_verstappen,34,4,75.242,19.881,35.215,20.146,HYPERSOFT,14,0,277.0,0,0,1
2018,6,fp2,max_verstappen,35,4,79.363,19.75,35.21,24.403,HYPERSOFT,15,0,277.0,0,0,1
2018,6,fp2,max_verstappen,36,4,74.883,19.863,35.045,19.975,HYPERSOFT,16,0,277.0,0,0,1
2018,6,fp2,max_verstappen,37,4,78.989,19.817,36.035,23.137,HYPERSOFT,17,0,279.0,0,0,1
2018,6,fp2,max_verstappen,38,4,80.505,19.861,35.79,24.854,HYPERSOFT,18,0,279.0,0,0,1
2018,6,fp2,max_verstappen,39,4,74.921,19.657,35.261,20.003,HYPERSOFT,19,0,278.0,0,0,1
2018,6,fp2,max_verstappen,40,4,141.703,25.923,48.225,67.555,HYPERSOFT,20,0,185.0,0,0,1
2018,6,fp2,max_verstappen,41,4,,25.131,41.731,,HYPERSOFT,21,0,222.0,0,0,0
2018,6,fp2,sirotkin,1,1,104.426,29.414,48.722,26.29,HYPERSOFT,2,0,227.0,0,0,0
2018,6,fp2,sirotkin,2,1,74.925,20.164,34.997,19.764,HYPERSOFT,3,0,278.0,1,0,0
2018,6,fp2,sirotkin,3,1,74.857,19.793,35.117,19.947,HYPERSOFT,4,0,280.0,1,0,0
2018,6,fp2,sirotkin,4,1,101.411,27.682,46.859,26.87,HYPERSOFT,5,0,261.0,0,0,0
2018,6,fp2,sirotkin,5,1,74.63,19.93,34.901,19.799,HYPERSOFT,6,0,279.0,1,0,0
2018,6,fp2,sirotkin,6,1,87.178,24.324,40.21,22.644,HYPERSOFT,7,0,262.0,0,0,0
2018,6,fp2,sirotkin,7,1,74.456,19.626,34.792,20.038,HYPERSOFT,8,0,277.0,1,0,0
2018,6,fp2,sirotkin,8,1,89.68,23.239,41.765,24.676,HYPERSOFT,9,0,261.0,0,0,0
2018,6,fp2,sirotkin,9,1,74.4,19.646,35.0,19.754,HYPERSOFT,10,0,276.0,1,0,0
2018,6,fp2,sirotkin,10,1,108.72,23.009,44.097,41.614,HYPERSOFT,11,0,242.0,0,0,0
2018,6,fp2,sirotkin,11,2,,25.827,,,HYPERSOFT,12,0,,0,0,0
2018,6,fp2,sirotkin,12,3,103.252,28.542,45.318,29.392,HYPERSOFT,1,1,261.0,0,0,0
2018,6,fp2,sirotkin,13,3,84.345,21.439,41.096,21.81,HYPERSOFT,2,1,283.0,0,0,1
2018,6,fp2,sirotkin,14,3,73.63,19.32,34.428,19.882,HYPERSOFT,3,1,281.0,1,0,1
2018,6,fp2,sirotkin,15,3,91.143,25.243,44.034,21.866,HYPERSOFT,4,1,257.0,0,0,1
2018,6,fp2,sirotkin,16,3,92.483,19.518,44.482,28.483,HYPERSOFT,5,1,230.0,0,0,1
2018,6,fp2,sirotkin,17,3,74.057,19.455,34.754,19.848,HYPERSOFT,6,1,279.0,0,0,1
2018,6,fp2,sirotkin,18,3,94.044,25.147,45.882,23.015,HYPERSOFT,7,1,195.0,0,0,1
2018,6,fp2,sirotkin,19,3,73.547,19.45,34.514,19.583,HYPERSOFT,8,1,280.0,1,0,1
2018,6,fp2,sirotkin,20,3,,24.285,42.866,,HYPERSOFT,9,1,254.0,0,0,0
2018,6,fp2,sirotkin,21,4,91.863,27.154,41.234,23.475,HYPERSOFT,13,0,260.0,0,0,0
2018,6,fp2,sirotkin,22,4,77.665,20.83,36.176,20.659,HYPERSOFT,14,0,274.0,0,0,1
2018,6,fp2,sirotkin,23,4,93.931,20.333,35.747,37.851,HYPERSOFT,15,0,275.0,0,0,0
2018,6,fp2,sirotkin,24,5,83.145,25.136,37.258,20.751,HYPERSOFT,10,0,276.0,0,0,0
2018,6,fp2,sirotkin,25,5,76.082,20.153,35.419,20.51,HYPERSOFT,11,0,277.0,0,0,1
2018,6,fp2,sirotkin,26,5,76.19,20.02,35.556,20.614,HYPERSOFT,12,0,277.0,0,0,1
2018,6,fp2,sirotkin,27,5,81.147,22.23,37.001,21.916,HYPERSOFT,13,0,277.0,0,0,1
2018,6,fp2,sirotkin,28,5,76.314,20.077,35.766,20.471,HYPERSOFT,14,0,277.0,0,0,1
2018,6,fp2,sirotkin,29,5,76.844,20.189,36.071,20.584,HYPERSOFT,15,0,276.0,0,0,1
2018,6,fp2,sirotkin,30,5,77.152,20.143,36.228,20.781,HYPERSOFT,16,0,278.0,0,0,1
2018,6,fp2,sirotkin,31,5,78.022,20.2,36.71,21.112,HYPERSOFT,17,0,278.0,0,0,1
2018,6,fp2,sirotkin,32,5,78.936,20.468,37.173,21.295,HYPERSOFT,18,0,277.0,0,0,1
2018,6,fp2,sirotkin,33,5,79.354,20.697,37.273,21.384,HYPERSOFT,19,0,278.0,0,0,1
2018,6,fp2,sirotkin,34,5,78.803,20.566,37.003,21.234,HYPERSOFT,20,0,277.0,0,0,1
2018,6,fp2,sirotkin,35,5,78.891,20.603,37.122,21.166,HYPERSOFT,21,0,277.0,0,0,1
2018,6,fp2,sirotkin,36,5,84.561,20.602,37.254,26.705,HYPERSOFT,22,0,278.0,0,0,1
2018,6,fp2,sirotkin,37,5,78.998,20.773,36.946,21.279,HYPERSOFT,23,0,278.0,0,0,1
2018,6,fp2,sirotkin,38,5,78.807,20.493,37.144,21.17,HYPERSOFT,24,0,276.0,0,0,1
2018,6,fp2,sirotkin,39,5,78.859,20.546,37.115,21.198,HYPERSOFT,25,0,278.0,0,0,1
2018,6,fp2,sirotkin,40,5,78.636,20.572,36.929,21.135,HYPERSOFT,26,0,277.0,0,0,1
2018,6,fp2,sirotkin,41,5,78.226,20.479,36.775,20.972,HYPERSOFT,27,0,277.0,0,0,1
2018,6,fp2,sirotkin,42,5,78.233,20.398,36.809,21.026,HYPERSOFT,28,0,278.0,0,0,1
2018,6,fp2,sirotkin,43,5,127.034,24.135,42.67,60.229,HYPERSOFT,29,0,222.0,0,0,1
2018,6,fp2,sirotkin,44,5,,25.8,43.078,,HYPERSOFT,30,0,204.0,0,0,0
2018,6,fp2,hamilton,1,1,92.258,25.136,37.333,29.789,SUPERSOFT,1,1,265.0,0,0,0
2018,6,fp2,hamilton,2,1,78.208,19.752,36.227,22.229,SUPERSOFT,2,1,281.0,1,0,0
2018,6,fp2,hamilton,3,1,74.121,19.458,34.811,19.852,SUPERSOFT,3,1,281.0,1,0,0
2018,6,fp2,hamilton,4,1,83.117,21.736,37.51,23.871,SUPERSOFT,4,1,269.0,0,0,0
2018,6,fp2,hamilton,5,1,73.72,19.343,34.612,19.765,SUPERSOFT,5,1,282.0,1,0,0
2018,6,fp2,hamilton,6,1,87.997,22.666,41.949,23.382,SUPERSOFT,6,1,263.0,0,0,0
2018,6,fp2,hamilton,7,1,84.62,19.377,38.324,26.919,SUPERSOFT,7,1,280.0,0,0,0
2018,6,fp2,hamilton,8,1,82.574,21.464,39.206,21.904,SUPERSOFT,8,1,263.0,0,0,0
2018,6,fp2,hamilton,9,1,,,,,SUPERSOFT,9,1,,0,0,0
2018,6,fp2,hamilton,10,2,93.327,24.83,37.604,30.893,HYPERSOFT,1,1,267.0,0,0,0
2018,6,fp2,hamilton,11,2,72.536,19.141,33.787,19.608,HYPERSOFT,2,1,281.0,1,0,1
2018,6,fp2,hamilton,12,2,92.665,27.444,40.101,25.12,HYPERSOFT,3,1,253.0,0,0,1
2018,6,fp2,hamilton,13,2,80.678,19.164,38.828,22.686,HYPERSOFT,4,1,251.0,0,0,1
2018,6,fp2,hamilton,14,2,72.751,19.03,34.043,19.678,HYPERSOFT,5,1,281.0,0,0,1
2018,6,fp2,hamilton,15,2,,24.455,44.55,,HYPERSOFT,6,1,209.0,0,0,0
2018,6,fp2,hamilton,16,3,94.477,25.811,47.147,21.519,HYPERSOFT,7,0,262.0,0,0,0
2018,6,fp2,hamilton,17,3,75.982,20.185,35.418,20.379,HYPERSOFT,8,0,275.0,0,0,1
2018,6,fp2,hamilton,18,3,75.827,20.073,35.441,20.313,HYPERSOFT,9,0,276.0,0,0,1
2018,6,fp2,hamilton,19,3,83.769,20.324,40.7,22.745,HYPERSOFT,10,0,277.0,0,0,1
2018,6,fp2,hamilton,20,3,75.77,20.19,35.254,20.326,HYPERSOFT,11,0,275.0,0,0,1
2018,6,fp2,hamilton,21,3,75.834,19.944,35.429,20.461,HYPERSOFT,12,0,276.0,0,0,1
2018,6,fp2,hamilton,22,3,75.864,19.953,35.509,20.402,HYPERSOFT,13,0,276.0,0,0,1
2018,6,fp2,hamilton,23,3,76.592,19.99,35.959,20.643,HYPERSOFT,14,0,277.0,0,0,1
2018,6,fp2,hamilton,24,3,97.996,22.017,37.19,38.789,HYPERSOFT,15,0,279.0,0,0,0
2018,6,fp2,hamilton,25,4,81.078,23.391,36.484,21.203,SUPERSOFT,10,0,278.0,0,0,0
2018,6,fp2,hamilton,26,4,77.717,20.592,36.021,21.104,SUPERSOFT,11,0,280.0,0,0,1
2018,6,fp2,hamilton,27,4,81.29,20.338,36.272,24.68,SUPERSOFT,12,0,282.0,0,0,1
2018,6,fp2,hamilton,28,4,76.213,19.979,35.524,20.71,SUPERSOFT,13,0,282.0,0,0,1
2018,6,fp2,hamilton,29,4,78.666,20.568,36.462,21.636,SUPERSOFT,14,0,282.0,0,0,1
2018,6,fp2,hamilton,30,4,,21.069,40.775,,SUPERSOFT,15,0,277.0,0,0,0
2018,6,fp2,hamilton,31,5,133.38,26.373,39.925,67.082,HYPERSOFT,16,0,277.0,0,0,0
2018,6,fp2,hamilton,32,6,85.471,24.92,38.407,22.144,HYPERSOFT,17,0,264.0,0,0,0
2018,6,fp2,hamilton,33,6,140.237,24.022,42.39,73.825,HYPERSOFT,18,0,246.0,0,0,1
2018,6,fp2,hamilton,34,6,,24.244,42.735,,HYPERSOFT,19,0,239.0,0,0,0
2018,6,fp2,sainz,1,1,95.87,27.463,43.039,25.368,HYPERSOFT,1,1,263.0,0,0,0
2018,6,fp2,sainz,2,1,75.879,20.261,35.498,20.12,HYPERSOFT,2,1,277.0,1,0,0
2018,6,fp2,sainz,3,1,90.53,26.155,41.766,22.609,HYPERSOFT,3,1,268.0,0,0,0
2018,6,fp2,sainz,4,1,74.704,19.645,35.034,20.025,HYPERSOFT,4,1,277.0,1,0,0
2018,6,fp2,sainz,5,1,98.944,26.154,48.511,24.279,HYPERSOFT,5,1,265.0,0,0,0
2018,6,fp2,sainz,6,1,74.343,19.69,34.906,19.747,HYPERSOFT,6,1,279.0,1,0,0
2018,6,fp2,sainz,7,1,95.641,29.545,43.213,22.883,HYPERSOFT,7,1,264.0,0,0,0
2018,6,fp2,sainz,8,1,75.661,19.551,34.849,21.261,HYPERSOFT,8,1,278.0,0,0,0
2018,6,fp2,sainz,9,1,102.294,27.046,48.913,26.335,HYPERSOFT,9,1,183.0,0,0,0
2018,6,fp2,sainz,10,1,74.295,19.591,34.821,19.883,HYPERSOFT,10,1,280.0,1,0,0
2018,6,fp2,sainz,11,1,96.445,28.08,45.912,22.453,HYPERSOFT,11,1,265.0,0,0,0
2018,6,fp2,sainz,12,1,,19.578,34.567,,HYPERSOFT,12,1,277.0,0,0,0
2018,6,fp2,sainz,13,2,93.449,25.256,40.386,27.807,HYPERSOFT,1,1,268.0,0,0,0
2018,6,fp2,sainz,14,2,81.621,20.2,36.024,25.397,HYPERSOFT,2,1,266.0,0,0,1
2018,6,fp2,sainz,15,2,73.2,19.245,34.364,19.591,HYPERSOFT,3,1,281.0,1,0,1
2018,6,fp2,sainz,16,2,95.628,26.487,45.603,23.538,HYPERSOFT,4,1,241.0,0,0,1
2018,6,fp2,sainz,17,2,80.514,19.261,34.441,26.812,HYPERSOFT,5,1,281.0,0,0,1
2018,6,fp2,sainz,18,2,118.735,28.218,52.577,37.94,HYPERSOFT,6,1,167.0,0,0,1
2018,6,fp2,sainz,19,2,,21.198,40.127,,HYPERSOFT,7,1,263.0,0,0,0
2018,6,fp2,sainz,20,3,84.174,24.626,37.794,21.754,HYPERSOFT,8,0,266.0,0,0,0
2018,6,fp2,sainz,21,3,76.002,20.267,35.353,20.382,HYPERSOFT,9,0,276.0,0,0,1
2018,6,fp2,sainz,22,3,75.705,20.015,35.408,20.282,HYPERSOFT,10,0,276.0,0,0,1
2018,6,fp2,sainz,23,3,77.128,20.091,36.264,20.773,HYPERSOFT,11,0,277.0,0,0,1
2018,6,fp2,sainz,24,3,76.092,20.109,35.644,20.339,HYPERSOFT,12,0,278.0,0,0,1
2018,6,fp2,sainz,25,3,76.709,20.161,35.926,20.622,HYPERSOFT,13,0,282.0,0,0,1
2018,6,fp2,sainz,26,3,76.968,20.234,36.064,20.67,HYPERSOFT,14,0,279.0,0,0,1
2018,6,fp2,sainz,27,3,78.289,20.322,36.317,21.65,HYPERSOFT,15,0,279.0,0,0,1
2018,6,fp2,sainz,28,3,,20.441,36.434,,HYPERSOFT,16,0,277.0,0,0,0
2018,6,fp2,sainz,29,4,83.099,24.405,37.262,21.432,HYPERSOFT,17,0,276.0,0,0,0
2018,6,fp2,sainz,30,4,77.618,20.499,36.294,20.825,HYPERSOFT,18,0,277.0,0,0,1
2018,6,fp2,sainz,31,4,77.957,20.338,36.538,21.081,HYPERSOFT,19,0,278.0,0,0,1
2018,6,fp2,sainz,32,4,78.733,20.622,36.978,21.133,HYPERSOFT,20,0,276.0,0,0,1
2018,6,fp2,sainz,33,4,117.704,27.006,42.477,48.221,HYPERSOFT,21,0,225.0,0,0,1
2018,6,fp2,sainz,34,4,,26.872,41.95,,HYPERSOFT,22,0,233.0,0,0,0
2018,6,fp2,bottas,1,1,85.552,24.224,39.447,21.881,ULTRASOFT,1,1,262.0,0,0,0
2018,6,fp2,bottas,2,1,78.852,20.542,36.681,21.629,ULTRASOFT,2,1,278.0,1,0,0
2018,6,fp2,bottas,3,1,73.457,19.329,34.598,19.53,ULTRASOFT,3,1,278.0,1,0,0
2018,6,fp2,bottas,4,1,87.202,23.098,41.03,23.074,ULTRASOFT,4,1,266.0,0,0,0
2018,6,fp2,bottas,5,1,79.653,19.255,34.61,25.788,ULTRASOFT,5,1,278.0,0,0,0
2018,6,fp2,bottas,6,1,73.266,19.315,34.469,19.482,ULTRASOFT,6,1,278.0,1,0,0
2018,6,fp2,bottas,7,1,91.631,24.057,43.371,24.203,ULTRASOFT,7,1,247.0,0,0,0
2018,6,fp2,bottas,8,1,,19.237,34.442,,ULTRASOFT,8,1,279.0,0,0,0
2018,6,fp2,bottas,9,2,90.478,23.854,39.333,27.291,HYPERSOFT,1,1,257.0,0,0,0
2018,6,fp2,bottas,10,2,86.047,20.567,38.416,27.064,HYPERSOFT,2,1,279.0,0,0,1
2018,6,fp2,bottas,11,2,74.599,19.312,34.309,20.978,HYPERSOFT,3,1,282.0,0,0,1
2018,6,fp2,bottas,12,2,91.944,24.806,39.966,27.172,HYPERSOFT,4,1,258.0,0,0,1
2018,6,fp2,bottas,13,2,72.642,19.117,34.144,19.381,HYPERSOFT,5,1,280.0,1,0,1
2018,6,fp2,bottas,14,2,91.923,23.873,43.094,24.956,HYPERSOFT,6,1,252.0,0,0,1
2018,6,fp2,bottas,15,2,,19.082,33.968,,HYPERSOFT,7,1,280.0,0,0,0
2018,6,fp2,bottas,16,3,87.016,25.246,39.286,22.484,HYPERSOFT,8,0,253.0,0,0,0
2018,6,fp2,bottas,17,3,75.819,20.187,35.52,20.112,HYPERSOFT,9,0,276.0,0,0,1
2018,6,fp2,bottas,18,3,76.487,20.104,36.001,20.382,HYPERSOFT,10,0,277.0,0,0,1
2018,6,fp2,bottas,19,3,75.986,20.063,35.709,20.214,HYPERSOFT,11,0,277.0,0,0,1
2018,6,fp2,bottas,20,3,81.6,20.082,36.315,25.203,HYPERSOFT,12,0,279.0,0,0,1
2018,6,fp2,bottas,21,3,76.209,20.096,35.733,20.38,HYPERSOFT,13,0,277.0,0,0,1
2018,6,fp2,bottas,22,3,76.472,20.198,35.88,20.394,HYPERSOFT,14,0,277.0,0,0,1
2018,6,fp2,bottas,23,3,97.015,20.086,36.842,40.087,HYPERSOFT,15,0,278.0,0,0,0
2018,6,fp2,bottas,24,4,79.852,22.256,36.384,21.212,ULTRASOFT,9,0,280.0,0,0,0
2018,6,fp2,bottas,25,4,75.566,19.984,35.372,20.21,ULTRASOFT,10,0,278.0,0,0,1
2018,6,fp2,bottas,26,4,75.63,19.91,35.452,20.268,ULTRASOFT,11,0,279.0,0,0,1
2018,6,fp2,bottas,27,4,75.711,19.925,35.549,20.237,ULTRASOFT,12,0,280.0,0,0,1
2018,6,fp2,bottas,28,4,86.71,19.933,37.681,29.096,ULTRASOFT,13,0,281.0,0,0,1
2018,6,fp2,bottas,29,4,75.889,19.968,35.654,20.267,ULTRASOFT,14,0,279.0,0,0,1
2018,6,fp2,bottas,30,4,75.712,19.875,35.563,20.274,ULTRASOFT,15,0,278.0,0,0,1
2018,6,fp2,bottas,31,4,75.828,19.812,35.705,20.311,ULTRASOFT,16,0,280.0,0,0,1
2018,6,fp2,bottas,32,4,76.448,20.047,35.956,20.445,ULTRASOFT,17,0,281.0,0,0,1
2018,6,fp2,bottas,33,4,77.365,20.05,36.409,20.906,ULTRASOFT,18,0,282.0,0,0,1
2018,6,fp2,bottas,34,4,77.04,20.057,36.365,20.618,ULTRASOFT,19,0,279.0,0,0,1
2018,6,fp2,bottas,35,4,112.758,20.426,36.998,55.334,ULTRASOFT,20,0,278.0,0,0,0
2018,6,fp2,bottas,36,5,97.259,29.12,46.229,21.91,ULTRASOFT,21,0,250.0,0,0,0
2018,6,fp2,bottas,37,5,,25.052,46.278,86.088,ULTRASOFT,22,0,162.0,0,0,0
2018,6,fp2,bottas,38,5,,26.496,47.103,,ULTRASOFT,23,0,182.0,0,0,0
2018,6,fp3,vandoorne,1,,91.205,28.3,41.245,21.66,,,1,236.0,0,0,0
2018,6,fp3,vandoorne,2,1,,20.325,36.115,,HYPERSOFT,1,1,276.0,0,0,0
2018,6,fp3,vandoorne,3,2,91.314,26.289,39.367,25.658,HYPERSOFT,3,0,248.0,0,0,0
2018,6,fp3,vandoorne,4,2,73.48,19.413,34.514,19.553,HYPERSOFT,4,0,280.0,1,0,1
2018,6,fp3,vandoorne,5,2,91.542,24.97,43.44,23.132,HYPERSOFT,5,0,222.0,0,0,1
2018,6,fp3,vandoorne,6,2,73.191,19.318,34.448,19.425,HYPERSOFT,6,0,277.0,1,0,1
2018,6,fp3,vandoorne,7,2,90.719,24.445,41.915,24.359,HYPERSOFT,7,0,253.0,0,0,1
2018,6,fp3,vandoorne,8,2,84.063,19.27,37.335,27.458,HYPERSOFT,8,0,281.0,0,0,1
2018,6,fp3,vandoorne,9,2,93.041,25.211,40.724,27.106,HYPERSOFT,9,0,247.0,0,0,1
2018,6,fp3,vandoorne,10,2,73.774,19.545,34.673,19.556,HYPERSOFT,10,0,278.0,0,0,1
2018,6,fp3,vandoorne,11,2,,22.55,39.048,,HYPERSOFT,11,0,254.0,0,0,0
2018,6,fp3,vandoorne,12,3,88.984,26.52,40.356,22.108,HYPERSOFT,1,1,221.0,0,0,0
2018,6,fp3,vandoorne,13,3,72.874,19.25,34.293,19.331,HYPERSOFT,2,1,277.0,1,0,1
2018,6,fp3,vandoorne,14,3,94.462,25.18,43.152,26.13,HYPERSOFT,3,1,252.0,0,0,1
2018,6,fp3,vandoorne,15,3,73.308,19.187,34.459,19.662,HYPERSOFT,4,1,280.0,0,0,1
2018,6,fp3,vandoorne,16,3,94.399,23.643,45.692,25.064,HYPERSOFT,5,1,253.0,0,0,1
2018,6,fp3,vandoorne,17,3,73.366,19.328,34.624,19.414,HYPERSOFT,6,1,281.0,0,0,1
2018,6,fp3,vandoorne,18,3,95.428,25.403,46.7,23.325,HYPERSOFT,7,1,200.0,0,0,1
2018,6,fp3,vandoorne,19,3,77.826,19.191,34.729,23.906,HYPERSOFT,8,1,280.0,0,0,1
2018,6,fp3,vandoorne,20,3,92.224,26.273,41.849,24.102,HYPERSOFT,9,1,255.0,0,0,1
2018,6,fp3,vandoorne,21,3,,19.346,37.225,,HYPERSOFT,10,1,263.0,0,0,0
2018,6,fp3,vandoorne,22,4,83.34,25.267,36.773,21.3,HYPERSOFT,11,0,272.0,0,0,0
2018,6,fp3,vandoorne,23,4,77.06,20.357,36.214,20.489,HYPERSOFT,12,0,276.0,0,0,1
2018,6,fp3,vandoorne,24,4,127.218,20.467,46.719,60.032,HYPERSOFT,13,0,194.0,0,0,1
2018,6,fp3,vandoorne,25,4,,22.246,39.798,,HYPERSOFT,14,0,244.0,0,0,0
2018,6,fp3,ricciardo,1,1,,24.962,37.115,,SUPERSOFT,1,1,272.0,0,0,0
2018,6,fp3,ricciardo,2,2,87.222,26.557,38.686,21.979,HYPERSOFT,1,1,268.0,0,0,0
2018,6,fp3,ricciardo,3,2,72.449,19.021,34.087,19.341,HYPERSOFT,2,1,282.0,1,0,1
2018,6,fp3,ricciardo,4,2,95.626,27.416,44.167,24.043,HYPERSOFT,3,1,252.0,0,0,1
2018,6,fp3,ricciardo,5,2,72.237,19.036,33.935,19.266,HYPERSOFT,4,1,279.0,1,0,1
2018,6,fp3,ricciardo,6,2,90.571,25.026,43.859,21.686,HYPERSOFT,5,1,214.0,0,0,1
2018,6,fp3,ricciardo,7,2,76.346,18.935,34.338,23.073,HYPERSOFT,6,1,281.0,0,0,1
2018,6,fp3,ricciardo,8,2,92.413,23.788,47.402,21.223,HYPERSOFT,7,1,255.0,0,0,1
2018,6,fp3,ricciardo,9,2,86.885,21.303,41.278,24.304,HYPERSOFT,8,1,263.0,0,0,1
2018,6,fp3,ricciardo,10,2,71.92,18.887,33.829,19.204,HYPERSOFT,9,1,280.0,1,0,1
2018,6,fp3,ricciardo,11,2,80.835,24.479,36.529,19.827,HYPERSOFT,10,1,275.0,0,0,1
2018,6,fp3,ricciardo,12,2,72.775,19.256,34.239,19.28,HYPERSOFT,11,1,277.0,0,0,1
2018,6,fp3,ricciardo,13,2,72.562,18.947,34.254,19.361,HYPERSOFT,12,1,278.0,0,0,1
2018,6,fp3,ricciardo,14,2,,20.922,39.751,,HYPERSOFT,13,1,268.0,0,0,0
2018,6,fp3,ricciardo,15,3,97.32,25.242,44.142,27.936,HYPERSOFT,1,1,261.0,0,0,0
2018,6,fp3,ricciardo,16,3,80.329,19.314,39.328,21.687,HYPERSOFT,2,1,262.0,0,0,1
2018,6,fp3,ricciardo,17,3,,18.858,,,HYPERSOFT,3,1,,0,0,0
2018,6,fp3,ricciardo,18,4,82.861,24.905,37.199,20.757,HYPERSOFT,4,0,262.0,0,0,0
2018,6,fp3,ricciardo,19,4,71.786,19.001,33.772,19.013,HYPERSOFT,5,0,280.0,1,0,1
2018,6,fp3,ricciardo,20,4,82.459,22.996,38.394,21.069,HYPERSOFT,6,0,254.0,0,0,1
2018,6,fp3,ricciardo,21,4,71.88,18.98,33.624,19.276,HYPERSOFT,7,0,280.0,0,0,1
2018,6,fp3,ricciardo,22,4,129.885,23.871,48.251,57.763,HYPERSOFT,8,0,173.0,0,0,1
2018,6,fp3,ricciardo,23,4,,24.257,47.307,,HYPERSOFT,9,0,233.0,0,0,0
2018,6,fp3,vettel,1,1,86.316,25.282,38.839,22.195,HYPERSOFT,1,1,256.0,0,0,0
2018,6,fp3,vettel,2,1,73.15,19.452,34.386,19.312,HYPERSOFT,2,1,282.0,1,0,0
2018,6,fp3,vettel,3,1,73.272,19.258,34.668,19.346,HYPERSOFT,3,1,281.0,0,0,0
2018,6,fp3,vettel,4,1,93.067,24.885,46.498,21.684,HYPERSOFT,4,1,224.0,0,0,1
2018,6,fp3,vettel,5,1,93.282,23.302,42.996,26.984,HYPERSOFT,5,1,254.0,0,0,1
2018,6,fp3,vettel,6,1,84.785,19.06,37.545,28.18,HYPERSOFT,6,1,285.0,0,0,1
2018,6,fp3,vettel,7,1,73.108,19.137,34.304,19.667,HYPERSOFT,7,1,286.0,1,0,1
2018,6,fp3,vettel,8,1,102.5,26.993,49.23,26.277,HYPERSOFT,8,1,206.0,0,0,1
2018,6,fp3,vettel,9,1,72.482,19.107,34.094,19.281,HYPERSOFT,9,1,284.0,1,0,1
2018,6,fp3,vettel,10,1,,22.121,39.364,,HYPERSOFT,10,1,270.0,0,0,0
2018,6,fp3,vettel,11,2,88.306,24.864,41.617,21.825,HYPERSOFT,1,1,264.0,0,0,0
2018,6,fp3,vettel,12,2,72.023,18.874,33.78,19.369,HYPERSOFT,2,1,286.0,1,0,1
2018,6,fp3,vettel,13,2,95.145,24.155,45.716,25.274,HYPERSOFT,3,1,208.0,0,0,1
2018,6,fp3,vettel,14,2,72.03,18.902,33.979,19.149,HYPERSOFT,4,1,282.0,0,0,1
2018,6,fp3,vettel,15,2,93.295,23.832,44.181,25.282,HYPERSOFT,5,1,221.0,0,0,1
2018,6,fp3,vettel,16,2,72.031,18.974,33.948,19.109,HYPERSOFT,6,1,283.0,0,0,1
2018,6,fp3,vettel,17,2,91.713,23.522,43.94,24.251,HYPERSOFT,7,1,216.0,0,0,1
2018,6,fp3,vettel,18,2,,18.888,33.922,,HYPERSOFT,8,1,284.0,0,0,0
2018,6,fp3,vettel,19,3,129.269,24.791,40.104,64.374,HYPERSOFT,11,0,268.0,0,0,0
2018,6,fp3,vettel,20,4,81.921,24.541,36.485,20.895,HYPERSOFT,9,0,275.0,0,0,0
2018,6,fp3,vettel,21,4,76.537,20.113,35.142,21.282,HYPERSOFT,10,0,279.0,0,0,0
2018,6,fp3,vettel,22,4,116.164,21.199,36.023,58.942,HYPERSOFT,11,0,279.0,0,0,0
2018,6,fp3,vettel,23,4,,25.315,44.826,,HYPERSOFT,12,0,191.0,0,0,0
2018,6,fp3,raikkonen,1,,89.093,25.205,41.648,22.24,,,1,252.0,0,0,0
2018,6,fp3,raikkonen,2,1,73.729,19.609,34.585,19.535,HYPERSOFT,1,1,280.0,1,0,0
2018,6,fp3,raikkonen,3,1,86.896,22.767,41.482,22.647,HYPERSOFT,2,1,251.0,0,0,0
2018,6,fp3,raikkonen,4,1,73.033,19.198,34.364,19.471,HYPERSOFT,3,1,283.0,1,0,0
2018,6,fp3,raikkonen,5,1,90.52,23.586,42.701,24.233,HYPERSOFT,4,1,243.0,0,0,0
2018,6,fp3,raikkonen,6,1,73.187,19.201,34.433,19.553,HYPERSOFT,5,1,283.0,0,0,1
2018,6,fp3,raikkonen,7,1,84.898,22.597,39.946,22.355,HYPERSOFT,6,1,256.0,0,0,1
2018,6,fp3,raikkonen,8,1,72.978,19.094,34.385,19.499,HYPERSOFT,7,1,284.0,1,0,1
2018,6,fp3,raikkonen,9,1,117.822,22.865,39.367,55.59,HYPERSOFT,8,1,258.0,0,0,0
2018,6,fp3,raikkonen,10,2,,25.698,37.422,,HYPERSOFT,10,0,274.0,0,0,0
2018,6,fp3,raikkonen,11,3,92.494,27.629,39.391,25.474,HYPERSOFT,1,1,271.0,0,0,0
2018,6,fp3,raikkonen,12,3,72.264,19.045,33.928,19.291,HYPERSOFT,2,1,283.0,1,0,1
2018,6,fp3,raikkonen,13,3,93.264,24.244,43.184,25.836,HYPERSOFT,3,1,255.0,0,0,1
2018,6,fp3,raikkonen,14,3,72.142,18.862,33.875,19.405,HYPERSOFT,4,1,285.0,1,0,1
2018,6,fp3,raikkonen,15,3,94.521,24.999,42.492,27.03,HYPERSOFT,5,1,254.0,0,0,1
2018,6,fp3,raikkonen,16,3,95.924,26.223,45.734,23.967,HYPERSOFT,6,1,256.0,0,0,1
2018,6,fp3,raikkonen,17,3,72.218,18.902,33.998,19.318,HYPERSOFT,7,1,282.0,0,0,1
2018,6,fp3,raikkonen,18,3,119.168,22.365,38.231,58.572,HYPERSOFT,8,1,258.0,0,0,0
2018,6,fp3,raikkonen,19,4,,26.106,37.906,,HYPERSOFT,9,0,279.0,0,0,0
2018,6,fp3,raikkonen,20,5,119.877,27.936,40.186,51.755,HYPERSOFT,10,0,275.0,0,0,0
2018,6,fp3,raikkonen,21,6,,24.959,,,HYPERSOFT,11,0,274.0,0,0,0
2018,6,fp3,raikkonen,22,7,89.645,28.644,36.655,24.346,HYPERSOFT,12,0,270.0,0,0,0
2018,6,fp3,raikkonen,23,7,75.199,19.917,35.277,20.005,HYPERSOFT,13,0,279.0,0,0,1
2018,6,fp3,raikkonen,24,7,75.459,19.958,35.409,20.092,HYPERSOFT,14,0,279.0,0,0,1
2018,6,fp3,raikkonen,25,7,127.663,20.255,43.205,64.203,HYPERSOFT,15,0,213.0,0,0,1
2018,6,fp3,raikkonen,26,7,,22.427,38.874,,HYPERSOFT,16,0,265.0,0,0,0
2018,6,fp3,grosjean,1,1,,29.888,44.116,,SUPERSOFT,1,1,254.0,0,0,0
2018,6,fp3,grosjean,2,2,87.335,24.447,40.085,22.803,HYPERSOFT,1,1,272.0,0,0,0
2018,6,fp3,grosjean,3,2,75.267,20.237,35.314,19.716,HYPERSOFT,2,1,281.0,1,0,1
2018,6,fp3,grosjean,4,2,92.173,23.993,39.363,28.817,HYPERSOFT,3,1,260.0,0,0,1
2018,6,fp3,grosjean,5,2,80.899,19.899,35.073,25.927,HYPERSOFT,4,1,283.0,0,0,1
2018,6,fp3,grosjean,6,2,74.85,19.855,35.039,19.956,HYPERSOFT,5,1,281.0,1,0,1
2018,6,fp3,grosjean,7,2,88.943,23.962,41.323,23.658,HYPERSOFT,6,1,245.0,0,0,1
2018,6,fp3,grosjean,8,2,84.196,19.767,34.952,29.477,HYPERSOFT,7,1,283.0,0,0,1
2018,6,fp3,grosjean,9,2,87.496,20.527,43.339,23.63,HYPERSOFT,8,1,236.0,0,0,1
2018,6,fp3,grosjean,10,2,75.724,19.758,35.213,20.753,HYPERSOFT,9,1,283.0,0,0,1
2018,6,fp3,grosjean,11,2,,23.902,39.416,,HYPERSOFT,10,1,257.0,0,0,0
2018,6,fp3,grosjean,12,3,84.346,24.717,38.442,21.187,HYPERSOFT,1,1,273.0,0,0,0
2018,6,fp3,grosjean,13,3,73.881,19.479,34.678,19.724,HYPERSOFT,2,1,284.0,1,0,1
2018,6,fp3,grosjean,14,3,89.652,22.944,40.105,26.603,HYPERSOFT,3,1,246.0,0,0,1
2018,6,fp3,grosjean,15,3,79.735,19.497,35.985,24.253,HYPERSOFT,4,1,285.0,0,0,1
2018,6,fp3,grosjean,16,3,,19.491,60.886,,HYPERSOFT,5,1,250.0,0,0,0
2018,6,fp3,grosjean,17,4,83.642,24.836,37.35,21.456,HYPERSOFT,6,0,269.0,0,0,0
2018,6,fp3,grosjean,18,4,76.626,20.455,35.396,20.775,HYPERSOFT,7,0,282.0,0,0,1
2018,6,fp3,grosjean,19,4,75.377,19.699,35.527,20.151,HYPERSOFT,8,0,286.0,0,0,1
2018,6,fp3,grosjean,20,4,132.228,24.412,45.973,61.843,HYPERSOFT,9,0,172.0,0,0,1
2018,6,fp3,grosjean,21,4,,25.093,42.542,,HYPERSOFT,10,0,200.0,0,0,0
2018,6,fp3,ericsson,1,1,,26.998,49.099,,HYPERSOFT,1,1,216.0,0,0,0
2018,6,fp3,ericsson,2,2,88.357,27.834,37.981,22.542,HYPERSOFT,2,0,274.0,0,0,0
2018,6,fp3,ericsson,3,2,75.173,19.979,35.183,20.011,HYPERSOFT,3,0,281.0,1,0,1
2018,6,fp3,ericsson,4,2,97.307,24.346,45.766,27.195,HYPERSOFT,4,0,257.0,0,0,1
2018,6,fp3,ericsson,5,2,74.435,19.792,34.999,19.644,HYPERSOFT,5,0,281.0,1,0,1
2018,6,fp3,ericsson,6,2,104.117,26.643,49.971,27.503,HYPERSOFT,6,0,215.0,0,0,1
2018,6,fp3,ericsson,7,2,74.307,19.787,34.884,19.636,HYPERSOFT,7,0,281.0,1,0,1
2018,6,fp3,ericsson,8,2,96.953,26.303,46.264,24.386,HYPERSOFT,8,0,252.0,0,0,1
2018,6,fp3,ericsson,9,2,74.221,19.598,34.803,19.82,HYPERSOFT,9,0,280.0,1,0,1
2018,6,fp3,ericsson,10,2,103.331,25.94,49.213,28.178,HYPERSOFT,10,0,253.0,0,0,1
2018,6,fp3,ericsson,11,2,91.983,19.582,41.939,30.462,HYPERSOFT,11,0,281.0,0,0,1
2018,6,fp3,ericsson,12,2,74.411,19.603,34.966,19.842,HYPERSOFT,12,0,282.0,0,0,1
2018,6,fp3,ericsson,13,2,89.133,25.262,41.679,22.192,HYPERSOFT,13,0,280.0,0,0,1
2018,6,fp3,ericsson,14,2,75.171,19.768,35.345,20.058,HYPERSOFT,14,0,282.0,0,0,1
2018,6,fp3,ericsson,15,2,75.312,19.806,35.361,20.145,HYPERSOFT,15,0,281.0,0,0,1
2018,6,fp3,ericsson,16,2,75.843,20.134,35.586,20.123,HYPERSOFT,16,0,278.0,0,0,1
2018,6,fp3,ericsson,17,2,75.256,19.748,35.32,20.188,HYPERSOFT,17,0,277.0,0,0,1
2018,6,fp3,ericsson,18,2,76.655,21.055,35.435,20.165,HYPERSOFT,18,0,278.0,0,0,1
2018,6,fp3,ericsson,19,2,,21.551,36.641,,HYPERSOFT,19,0,279.0,0,0,0
2018,6,fp3,ericsson,20,3,109.962,29.019,48.23,32.713,HYPERSOFT,1,1,272.0,0,0,0
2018,6,fp3,ericsson,21,3,86.112,19.617,34.775,31.72,HYPERSOFT,2,1,283.0,0,0,1
2018,6,fp3,ericsson,22,3,92.826,24.611,44.882,23.333,HYPERSOFT,3,1,259.0,0,0,1
2018,6,fp3,ericsson,23,3,,19.45,,,HYPERSOFT,4,1,,0,0,0
2018,6,fp3,ericsson,24,4,86.124,26.128,37.619,22.377,HYPERSOFT,5,0,273.0,0,0,0
2018,6,fp3,ericsson,25,4,74.235,19.588,34.847,19.8,HYPERSOFT,6,0,284.0,0,0,1
2018,6,fp3,ericsson,26,4,78.285,21.356,36.276,20.653,HYPERSOFT,7,0,284.0,0,0,1
2018,6,fp3,ericsson,27,4,120.244,25.072,43.689,51.483,HYPERSOFT,8,0,251.0,0,0,1
2018,6,fp3,ericsson,28,4,,23.897,40.772,,HYPERSOFT,9,0,280.0,0,0,0
2018,6,fp3,gasly,1,1,91.027,26.325,40.161,24.541,HYPERSOFT,1,1,262.0,0,0,0
2018,6,fp3,gasly,2,1,82.248,21.18,39.167,21.901,HYPERSOFT,2,1,266.0,1,0,0
2018,6,fp3,gasly,3,1,73.798,19.371,34.79,19.637,HYPERSOFT,3,1,275.0,1,0,0
2018,6,fp3,gasly,4,1,94.102,24.342,44.955,24.805,HYPERSOFT,4,1,247.0,0,0,1
2018,6,fp3,gasly,5,1,73.254,19.321,34.641,19.292,HYPERSOFT,5,1,275.0,1,0,1
2018,6,fp3,gasly,6,1,92.115,23.753,42.302,26.06,HYPERSOFT,6,1,256.0,0,0,1
2018,6,fp3,gasly,7,1,90.96,21.027,43.216,26.717,HYPERSOFT,7,1,263.0,0,0,1
2018,6,fp3,gasly,8,1,73.237,19.164,34.554,19.519,HYPERSOFT,8,1,279.0,1,0,1
2018,6,fp3,gasly,9,1,,24.384,39.553,,HYPERSOFT,9,1,257.0,0,0,0
2018,6,fp3,gasly,10,2,83.488,24.985,37.188,21.315,HYPERSOFT,10,0,265.0,0,0,0
2018,6,fp3,gasly,11,2,79.842,19.27,36.71,23.862,HYPERSOFT,11,0,279.0,0,0,1
2018,6,fp3,gasly,12,2,76.605,19.351,34.937,22.317,HYPERSOFT,12,0,278.0,0,0,1
2018,6,fp3,gasly,13,2,90.509,25.067,42.496,22.946,HYPERSOFT,13,0,269.0,0,0,1
2018,6,fp3,gasly,14,2,85.952,20.746,40.167,25.039,HYPERSOFT,14,0,265.0,0,0,1
2018,6,fp3,gasly,15,2,73.935,19.498,34.717,19.72,HYPERSOFT,15,0,274.0,0,0,1
2018,6,fp3,gasly,16,2,,23.29,39.385,,HYPERSOFT,16,0,260.0,0,0,0
2018,6,fp3,gasly,17,3,82.282,23.954,37.449,20.879,HYPERSOFT,1,1,266.0,0,0,0
2018,6,fp3,gasly,18,3,95.564,23.142,39.659,32.763,HYPERSOFT,2,1,268.0,0,0,1
2018,6,fp3,gasly,19,3,72.761,19.088,34.128,19.545,HYPERSOFT,3,1,281.0,1,0,1
2018,6,fp3,gasly,20,3,,24.736,45.275,,HYPERSOFT,4,1,256.0,0,0,0
2018,6,fp3,gasly,21,4,97.105,29.119,44.528,23.458,HYPERSOFT,5,0,257.0,0,0,0
2018,6,fp3,gasly,22,4,140.259,22.78,43.632,73.847,HYPERSOFT,6,0,231.0,0,0,1
2018,6,fp3,gasly,23,4,,26.524,43.085,,HYPERSOFT,7,0,247.0,0,0,0
2018,6,fp3,perez,1,1,94.893,26.924,41.97,25.999,HYPERSOFT,1,1,275.0,0,0,0
2018,6,fp3,perez,2,1,74.065,19.756,34.648,19.661,HYPERSOFT,2,1,280.0,1,0,1
2018,6,fp3,perez,3,1,95.983,26.173,45.772,24.038,HYPERSOFT,3,1,225.0,0,0,1
2018,6,fp3,perez,4,1,73.522,19.599,34.447,19.476,HYPERSOFT,4,1,279.0,1,0,1
2018,6,fp3,perez,5,1,96.498,27.022,44.44,25.036,HYPERSOFT,5,1,240.0,0,0,1
2018,6,fp3,perez,6,1,73.788,19.466,34.62,19.702,HYPERSOFT,6,1,280.0,0,0,1
2018,6,fp3,perez,7,1,113.624,26.423,53.528,33.673,HYPERSOFT,7,1,186.0,0,0,1
2018,6,fp3,perez,8,1,96.725,19.675,46.906,30.144,HYPERSOFT,8,1,190.0,0,0,1
2018,6,fp3,perez,9,1,100.662,22.476,46.391,31.795,HYPERSOFT,9,1,269.0,0,0,1
2018,6,fp3,perez,10,1,73.46,19.397,34.434,19.629,HYPERSOFT,10,1,281.0,1,0,1
2018,6,fp3,perez,11,1,,25.307,44.677,,HYPERSOFT,11,1,248.0,0,0,0
2018,6,fp3,perez,12,2,103.989,30.171,43.892,29.926,HYPERSOFT,1,1,263.0,0,0,0
2018,6,fp3,perez,13,2,73.185,19.347,34.428,19.41,HYPERSOFT,2,1,280.0,1,0,1
2018,6,fp3,perez,14,2,100.238,26.771,48.775,24.692,HYPERSOFT,3,1,182.0,0,0,1
2018,6,fp3,perez,15,2,73.025,19.396,34.242,19.387,HYPERSOFT,4,1,283.0,1,0,1
2018,6,fp3,perez,16,2,103.611,26.135,49.243,28.233,HYPERSOFT,5,1,198.0,0,0,1
2018,6,fp3,perez,17,2,82.436,19.422,34.621,28.393,HYPERSOFT,6,1,282.0,0,0,1
2018,6,fp3,perez,18,2,103.594,25.105,51.324,27.165,HYPERSOFT,7,1,243.0,0,0,1
2018,6,fp3,perez,19,2,,,,,HYPERSOFT,8,1,,0,0,0
2018,6,fp3,perez,20,3,92.001,27.852,41.106,23.043,HYPERSOFT,9,0,263.0,0,0,0
2018,6,fp3,perez,21,3,127.488,25.9,42.121,59.467,HYPERSOFT,10,0,265.0,0,0,1
2018,6,fp3,perez,22,3,,26.406,41.704,,HYPERSOFT,11,0,250.0,0,0,0
2018,6,fp3,alonso,1,1,90.409,27.745,40.559,22.105,HYPERSOFT,1,1,272.0,0,0,0
2018,6,fp3,alonso,2,1,,20.226,35.912,,HYPERSOFT,2,1,275.0,0,0,0
2018,6,fp3,alonso,3,2,93.45,24.915,43.501,25.034,HYPERSOFT,3,0,234.0,0,0,0
2018,6,fp3,alonso,4,2,82.15,19.817,39.251,23.082,HYPERSOFT,4,0,253.0,1,0,1
2018,6,fp3,alonso,5,2,74.715,19.397,34.996,20.322,HYPERSOFT,5,0,281.0,1,0,1
2018,6,fp3,alonso,6,2,88.817,22.915,42.541,23.361,HYPERSOFT,6,0,257.0,0,0,1
2018,6,fp3,alonso,7,2,74.285,19.393,35.069,19.823,HYPERSOFT,7,0,279.0,1,0,1
2018,6,fp3,alonso,8,2,84.749,21.937,41.532,21.28,HYPERSOFT,8,0,255.0,0,0,1
2018,6,fp3,alonso,9,2,73.664,19.469,34.634,19.561,HYPERSOFT,9,0,279.0,1,0,1
2018,6,fp3,alonso,10,2,87.277,21.679,41.932,23.666,HYPERSOFT,10,0,252.0,0,0,1
2018,6,fp3,alonso,11,2,73.662,19.213,34.744,19.705,HYPERSOFT,11,0,280.0,1,0,1
2018,6,fp3,alonso,12,2,,21.441,38.211,,HYPERSOFT,12,0,257.0,0,0,0
2018,6,fp3,alonso,13,3,95.071,26.767,40.622,27.682,HYPERSOFT,1,1,255.0,0,0,0
2018,6,fp3,alonso,14,3,73.343,19.204,34.454,19.685,HYPERSOFT,2,1,280.0,1,0,1
2018,6,fp3,alonso,15,3,101.165,23.102,49.574,28.489,HYPERSOFT,3,1,237.0,0,0,1
2018,6,fp3,alonso,16,3,73.279,19.145,34.407,19.727,HYPERSOFT,4,1,281.0,1,0,1
2018,6,fp3,alonso,17,3,120.966,23.73,43.257,53.979,HYPERSOFT,5,1,238.0,0,0,0
2018,6,fp3,alonso,18,4,96.714,24.806,46.181,25.727,HYPERSOFT,6,0,235.0,0,0,0
2018,6,fp3,alonso,19,4,92.644,19.929,44.36,28.355,HYPERSOFT,7,0,256.0,0,0,1
2018,6,fp3,alonso,20,4,,,,,HYPERSOFT,8,0,,0,0,0
2018,6,fp3,alonso,21,5,95.242,29.631,43.276,22.335,HYPERSOFT,9,0,255.0,0,0,0
2018,6,fp3,alonso,22,5,73.393,19.264,34.611,19.518,HYPERSOFT,10,0,278.0,0,0,1
2018,6,fp3,alonso,23,5,78.185,20.772,36.102,21.311,HYPERSOFT,11,0,258.0,0,0,1
2018,6,fp3,alonso,24,5,132.796,25.476,47.094,60.226,HYPERSOFT,12,0,196.0,0,0,1
2018,6,fp3,alonso,25,5,,22.452,40.892,,HYPERSOFT,13,0,213.0,0,0,0
2018,6,fp3,leclerc,1,1,,27.42,40.623,,HYPERSOFT,1,1,269.0,0,0,0
2018,6,fp3,leclerc,2,2,91.615,26.261,39.112,26.242,HYPERSOFT,2,0,275.0,0,0,0
2018,6,fp3,leclerc,3,2,75.886,20.732,35.347,19.807,HYPERSOFT,3,0,280.0,1,0,1
2018,6,fp3,leclerc,4,2,90.031,23.494,44.645,21.892,HYPERSOFT,4,0,250.0,0,0,1
2018,6,fp3,leclerc,5,2,76.59,19.684,35.5,21.406,HYPERSOFT,5,0,282.0,0,0,1
2018,6,fp3,leclerc,6,2,100.556,23.43,43.205,33.921,HYPERSOFT,6,0,258.0,0,0,1
2018,6,fp3,leclerc,7,2,74.432,19.843,35.032,19.557,HYPERSOFT,7,0,281.0,1,0,1
2018,6,fp3,leclerc,8,2,103.694,24.133,46.327,33.234,HYPERSOFT,8,0,257.0,0,0,1
2018,6,fp3,leclerc,9,2,,20.225,38.946,,HYPERSOFT,9,0,267.0,0,0,0
2018,6,fp3,leclerc,10,3,88.016,26.93,39.143,21.943,HYPERSOFT,1,1,273.0,0,0,0
2018,6,fp3,leclerc,11,3,73.888,19.747,34.504,19.637,HYPERSOFT,2,1,281.0,1,0,1
2018,6,fp3,leclerc,12,3,92.026,24.045,42.292,25.689,HYPERSOFT,3,1,257.0,0,0,1
2018,6,fp3,leclerc,13,3,73.668,19.502,34.67,19.496,HYPERSOFT,4,1,282.0,1,0,1
2018,6,fp3,leclerc,14,3,98.097,25.614,46.635,25.848,HYPERSOFT,5,1,245.0,0,0,1
2018,6,fp3,leclerc,15,3,73.701,19.576,34.52,19.605,HYPERSOFT,6,1,282.0,0,0,1
2018,6,fp3,leclerc,16,3,99.476,25.572,48.747,25.157,HYPERSOFT,7,1,228.0,0,0,1
2018,6,fp3,leclerc,17,3,90.211,23.534,42.857,23.82,HYPERSOFT,8,1,249.0,0,0,1
2018,6,fp3,leclerc,18,3,73.773,19.508,34.639,19.626,HYPERSOFT,9,1,282.0,0,0,1
2018,6,fp3,leclerc,19,3,95.134,23.856,44.46,26.818,HYPERSOFT,10,1,221.0,0,0,1
2018,6,fp3,leclerc,20,3,,,,,HYPERSOFT,11,1,,0,0,0
2018,6,fp3,leclerc,21,4,87.29,28.19,38.093,21.007,HYPERSOFT,12,0,272.0,0,0,0
2018,6,fp3,leclerc,22,4,73.644,19.473,34.62,19.551,HYPERSOFT,13,0,283.0,1,0,1
2018,6,fp3,leclerc,23,4,84.464,22.645,39.944,21.875,HYPERSOFT,14,0,257.0,0,0,1
2018,6,fp3,leclerc,24,4,113.861,19.518,36.452,57.891,HYPERSOFT,15,0,282.0,0,0,1
2018,6,fp3,leclerc,25,4,,28.761,44.667,,HYPERSOFT,16,0,201.0,0,0,0
2018,6,fp3,stroll,1,1,,29.353,40.81,,SUPERSOFT,1,1,253.0,0,0,0
2018,6,fp3,stroll,2,2,92.214,26.149,39.35,26.715,HYPERSOFT,1,1,262.0,0,0,0
2018,6,fp3,stroll,3,2,74.156,19.574,34.712,19.87,HYPERSOFT,2,1,279.0,1,0,1
2018,6,fp3,stroll,4,2,93.031,24.578,43.614,24.839,HYPERSOFT,3,1,225.0,0,0,1
2018,6,fp3,stroll,5,2,83.841,19.539,40.027,24.275,HYPERSOFT,4,1,258.0,0,0,1
2018,6,fp3,stroll,6,2,73.741,19.433,34.553,19.755,HYPERSOFT,5,1,280.0,1,0,1
2018,6,fp3,stroll,7,2,88.468,23.26,41.897,23.311,HYPERSOFT,6,1,225.0,0,0,1
2018,6,fp3,stroll,8,2,73.631,19.275,34.621,19.735,HYPERSOFT,7,1,279.0,1,0,1
2018,6,fp3,stroll,9,2,93.71,24.417,42.705,26.588,HYPERSOFT,8,1,226.0,0,0,1
2018,6,fp3,stroll,10,2,73.612,19.407,34.568,19.637,HYPERSOFT,9,1,280.0,1,0,1
2018,6,fp3,stroll,11,2,94.17,24.085,44.013,26.072,HYPERSOFT,10,1,236.0,0,0,1
2018,6,fp3,stroll,12,2,73.683,19.235,34.668,19.78,HYPERSOFT,11,1,281.0,0,0,1
2018,6,fp3,stroll,13,2,,24.654,42.542,,HYPERSOFT,12,1,217.0,0,0,0
2018,6,fp3,stroll,14,3,91.239,25.041,39.363,26.835,HYPERSOFT,1,1,264.0,0,0,0
2018,6,fp3,stroll,15,3,73.595,19.187,34.56,19.848,HYPERSOFT,2,1,279.0,1,0,1
2018,6,fp3,stroll,16,3,90.289,24.179,41.727,24.383,HYPERSOFT,3,1,235.0,0,0,1
2018,6,fp3,stroll,17,3,82.022,19.265,36.304,26.453,HYPERSOFT,4,1,280.0,0,0,1
2018,6,fp3,stroll,18,3,97.501,24.723,44.485,28.293,HYPERSOFT,5,1,235.0,0,0,1
2018,6,fp3,stroll,19,3,73.787,19.15,34.891,19.746,HYPERSOFT,6,1,280.0,0,0,1
2018,6,fp3,stroll,20,3,96.833,25.917,44.36,26.556,HYPERSOFT,7,1,230.0,0,0,1
2018,6,fp3,stroll,21,3,,60.404,43.625,,HYPERSOFT,8,1,169.0,0,0,0
2018,6,fp3,stroll,22,4,84.773,25.541,37.47,21.762,HYPERSOFT,13,0,261.0,0,0,0
2018,6,fp3,stroll,23,4,80.379,20.593,38.045,21.741,HYPERSOFT,14,0,258.0,0,0,1
2018,6,fp3,stroll,24,4,74.951,19.569,35.094,20.288,HYPERSOFT,15,0,282.0,0,0,1
2018,6,fp3,stroll,25,4,129.396,24.259,43.588,61.549,HYPERSOFT,16,0,212.0,0,0,1
2018,6,fp3,stroll,26,4,,24.887,40.942,,HYPERSOFT,17,0,214.0,0,0,0
2018,6,fp3,kevin_magnussen,1,1,,28.374,39.429,,SUPERSOFT,1,1,275.0,0,0,0
2018,6,fp3,kevin_magnussen,2,2,96.738,24.654,41.392,30.692,HYPERSOFT,1,1,273.0,0,0,0
2018,6,fp3,kevin_magnussen,3,2,74.419,19.894,34.907,19.618,HYPERSOFT,2,1,280.0,1,0,1
2018,6,fp3,kevin_magnussen,4,2,94.414,23.526,43.926,26.962,HYPERSOFT,3,1,199.0,0,0,1
2018,6,fp3,kevin_magnussen,5,2,74.549,19.933,34.927,19.689,HYPERSOFT,4,1,280.0,0,0,1
2018,6,fp3,kevin_magnussen,6,2,96.544,24.238,43.481,28.825,HYPERSOFT,5,1,268.0,0,0,1
2018,6,fp3,kevin_magnussen,7,2,74.962,19.877,34.938,20.147,HYPERSOFT,6,1,281.0,0,0,1
2018,6,fp3,kevin_magnussen,8,2,92.321,23.976,47.165,21.18,HYPERSOFT,7,1,177.0,0,0,1
2018,6,fp3,kevin_magnussen,9,2,74.291,19.745,34.863,19.683,HYPERSOFT,8,1,279.0,1,0,1
2018,6,fp3,kevin_magnussen,10,2,87.017,22.357,40.572,24.088,HYPERSOFT,9,1,262.0,0,0,1
2018,6,fp3,kevin_magnussen,11,2,74.192,19.742,34.706,19.744,HYPERSOFT,10,1,280.0,1,0,1
2018,6,fp3,kevin_magnussen,12,2,,23.155,38.373,,HYPERSOFT,11,1,276.0,0,0,0
2018,6,fp3,kevin_magnussen,13,3,91.349,25.627,38.631,27.091,HYPERSOFT,12,0,270.0,0,0,0
2018,6,fp3,kevin_magnussen,14,3,80.195,20.025,35.478,24.692,HYPERSOFT,13,0,282.0,0,0,1
2018,6,fp3,kevin_magnussen,15,3,75.024,19.822,35.123,20.079,HYPERSOFT,14,0,283.0,0,0,1
2018,6,fp3,kevin_magnussen,16,3,,23.262,,,HYPERSOFT,15,0,254.0,0,0,0
2018,6,fp3,kevin_magnussen,17,4,99.318,30.085,39.756,29.477,HYPERSOFT,16,0,267.0,0,0,0
2018,6,fp3,kevin_magnussen,18,4,81.636,21.865,38.182,21.589,HYPERSOFT,17,0,276.0,0,0,1
2018,6,fp3,kevin_magnussen,19,4,133.253,21.92,45.3,66.033,HYPERSOFT,18,0,272.0,0,0,1
2018,6,fp3,kevin_magnussen,20,4,,28.235,43.403,,HYPERSOFT,19,0,218.0,0,0,0
2018,6,fp3,hulkenberg,1,1,89.294,26.174,40.88,22.24,HYPERSOFT,1,1,258.0,0,0,0
2018,6,fp3,hulkenberg,2,1,74.664,20.068,34.907,19.689,HYPERSOFT,2,1,279.0,1,0,0
2018,6,fp3,hulkenberg,3,1,94.051,25.301,44.944,23.806,HYPERSOFT,3,1,251.0,0,0,0
2018,6,fp3,hulkenberg,4,1,74.018,19.725,34.835,19.458,HYPERSOFT,4,1,278.0,1,0,0
2018,6,fp3,hulkenberg,5,1,93.728,25.032,41.841,26.855,HYPERSOFT,5,1,252.0,0,0,1
2018,6,fp3,hulkenberg,6,1,73.96,19.657,34.433,19.87,HYPERSOFT,6,1,283.0,1,0,1
2018,6,fp3,hulkenberg,7,1,,23.801,43.624,,HYPERSOFT,7,1,248.0,0,0,0
2018,6,fp3,hulkenberg,8,2,97.022,25.461,43.357,28.204,HYPERSOFT,8,0,267.0,0,0,0
2018,6,fp3,hulkenberg,9,2,73.678,19.545,34.733,19.4,HYPERSOFT,9,0,281.0,1,0,1
2018,6,fp3,hulkenberg,10,2,92.158,25.169,42.318,24.671,HYPERSOFT,10,0,255.0,0,0,1
2018,6,fp3,hulkenberg,11,2,73.495,19.576,34.407,19.512,HYPERSOFT,11,0,280.0,1,0,1
2018,6,fp3,hulkenberg,12,2,95.244,25.633,45.417,24.194,HYPERSOFT,12,0,245.0,0,0,1
2018,6,fp3,hulkenberg,13,2,73.112,19.463,34.286,19.363,HYPERSOFT,13,0,281.0,1,0,1
2018,6,fp3,hulkenberg,14,2,103.508,24.608,40.432,38.468,HYPERSOFT,14,0,254.0,0,0,0
2018,6,fp3,hulkenberg,15,3,,23.187,37.029,,HYPERSOFT,15,0,267.0,0,0,0
2018,6,fp3,hulkenberg,16,4,95.184,25.821,44.226,25.137,HYPERSOFT,1,1,249.0,0,0,0
2018,6,fp3,hulkenberg,17,4,73.301,19.499,34.439,19.363,HYPERSOFT,2,1,284.0,0,0,1
2018,6,fp3,hulkenberg,18,4,92.829,24.077,42.396,26.356,HYPERSOFT,3,1,258.0,0,0,1
2018,6,fp3,hulkenberg,19,4,89.978,24.381,40.393,25.204,HYPERSOFT,4,1,256.0,0,0,1
2018,6,fp3,hulkenberg,20,4,84.104,21.362,41.231,21.511,HYPERSOFT,5,1,264.0,0,0,1
2018,6,fp3,hulkenberg,21,4,,19.345,44.538,,HYPERSOFT,6,1,233.0,0,0,0
2018,6,fp3,hulkenberg,22,5,89.69,29.299,38.491,21.9,HYPERSOFT,7,0,267.0,0,0,0
2018,6,fp3,hulkenberg,23,5,76.428,20.497,35.474,20.457,HYPERSOFT,8,0,272.0,0,0,1
2018,6,fp3,hulkenberg,24,5,73.19,19.327,34.32,19.543,HYPERSOFT,9,0,284.0,0,0,1
2018,6,fp3,hulkenberg,25,5,131.547,25.18,40.45,65.917,HYPERSOFT,10,0,257.0,0,0,1
2018,6,fp3,hulkenberg,26,5,,24.39,37.881,,HYPERSOFT,11,0,269.0,0,0,0
2018,6,fp3,brendon_hartley,1,1,89.899,27.128,40.866,21.905,HYPERSOFT,1,1,254.0,0,0,0
2018,6,fp3,brendon_hartley,2,1,74.385,19.846,35.03,19.509,HYPERSOFT,2,1,275.0,1,0,0
2018,6,fp3,brendon_hartley,3,1,73.604,19.449,34.694,19.461,HYPERSOFT,3,1,276.0,1,0,0
2018,6,fp3,brendon_hartley,4,1,86.907,23.393,39.776,23.738,HYPERSOFT,4,1,251.0,0,0,0
2018,6,fp3,brendon_hartley,5,1,73.513,19.402,34.463,19.648,HYPERSOFT,5,1,278.0,1,0,1
2018,6,fp3,brendon_hartley,6,1,96.19,26.184,42.182,27.824,HYPERSOFT,6,1,254.0,0,0,1
2018,6,fp3,brendon_hartley,7,1,73.459,19.325,34.553,19.581,HYPERSOFT,7,1,279.0,1,0,1
2018,6,fp3,brendon_hartley,8,1,91.117,23.441,42.294,25.382,HYPERSOFT,8,1,258.0,0,0,1
2018,6,fp3,brendon_hartley,9,1,73.177,19.296,34.486,19.395,HYPERSOFT,9,1,279.0,1,0,1
2018,6,fp3,brendon_hartley,10,1,,22.122,38.511,,HYPERSOFT,10,1,262.0,0,0,0
2018,6,fp3,brendon_hartley,11,2,83.265,24.102,38.111,21.052,HYPERSOFT,11,0,260.0,0,0,0
2018,6,fp3,brendon_hartley,12,2,77.02,19.374,34.574,23.072,HYPERSOFT,12,0,275.0,0,0,1
2018,6,fp3,brendon_hartley,13,2,73.212,19.167,34.505,19.54,HYPERSOFT,13,0,277.0,0,0,1
2018,6,fp3,brendon_hartley,14,2,84.366,22.761,38.779,22.826,HYPERSOFT,14,0,254.0,0,0,1
2018,6,fp3,brendon_hartley,15,2,,19.378,36.547,,HYPERSOFT,15,0,264.0,0,0,0
2018,6,fp3,brendon_hartley,16,3,91.914,25.712,39.808,26.394,HYPERSOFT,1,1,267.0,0,0,0
2018,6,fp3,brendon_hartley,17,3,72.752,19.179,34.247,19.326,HYPERSOFT,2,1,278.0,1,0,1
2018,6,fp3,brendon_hartley,18,3,93.205,23.188,41.91,28.107,HYPERSOFT,3,1,257.0,0,0,1
2018,6,fp3,brendon_hartley,19,3,73.43,19.407,34.394,19.629,HYPERSOFT,4,1,279.0,0,0,1
2018,6,fp3,brendon_hartley,20,3,100.443,23.654,45.387,31.402,HYPERSOFT,5,1,250.0,0,0,1
2018,6,fp3,brendon_hartley,21,3,92.479,23.218,45.475,23.786,HYPERSOFT,6,1,232.0,0,0,1
2018,6,fp3,brendon_hartley,22,3,,24.63,50.288,,HYPERSOFT,7,1,178.0,0,0,0
2018,6,fp3,brendon_hartley,23,4,120.196,35.664,56.299,28.233,HYPERSOFT,8,0,160.0,0,0,0
2018,6,fp3,brendon_hartley,24,4,131.359,27.217,46.072,58.07,HYPERSOFT,9,0,167.0,0,0,1
2018,6,fp3,brendon_hartley,25,4,,29.457,48.66,,HYPERSOFT,10,0,155.0,0,0,0
2018,6,fp3,ocon,1,1,95.956,28.396,39.903,27.657,HYPERSOFT,1,1,270.0,0,0,0
2018,6,fp3,ocon,2,1,97.71,24.544,44.603,28.563,HYPERSOFT,2,1,253.0,1,0,1
2018,6,fp3,ocon,3,1,74.139,19.917,34.636,19.586,HYPERSOFT,3,1,282.0,1,0,1
2018,6,fp3,ocon,4,1,92.551,26.219,43.88,22.452,HYPERSOFT,4,1,240.0,0,0,1
2018,6,fp3,ocon,5,1,73.986,19.584,34.506,19.896,HYPERSOFT,5,1,282.0,1,0,1
2018,6,fp3,ocon,6,1,96.373,26.783,43.686,25.904,HYPERSOFT,6,1,266.0,0,0,1
2018,6,fp3,ocon,7,1,73.654,19.594,34.385,19.675,HYPERSOFT,7,1,282.0,1,0,1
2018,6,fp3,ocon,8,1,104.019,26.731,50.927,26.361,HYPERSOFT,8,1,260.0,0,0,1
2018,6,fp3,ocon,9,1,83.44,23.219,38.2,22.021,HYPERSOFT,9,1,262.0,0,0,1
2018,6,fp3,ocon,10,1,73.52,19.66,34.298,19.562,HYPERSOFT,10,1,280.0,1,0,1
2018,6,fp3,ocon,11,1,91.513,24.818,42.293,24.402,HYPERSOFT,11,1,264.0,0,0,1
2018,6,fp3,ocon,12,1,73.652,19.568,34.351,19.733,HYPERSOFT,12,1,280.0,0,0,1
2018,6,fp3,ocon,13,1,,23.46,37.645,,HYPERSOFT,13,1,266.0,0,0,0
2018,6,fp3,ocon,14,2,98.672,27.374,41.694,29.604,HYPERSOFT,1,1,263.0,0,0,0
2018,6,fp3,ocon,15,2,72.94,19.451,34.061,19.428,HYPERSOFT,2,1,280.0,1,0,1
2018,6,fp3,ocon,16,2,97.606,25.989,42.245,29.372,HYPERSOFT,3,1,265.0,0,0,1
2018,6,fp3,ocon,17,2,73.341,19.459,34.375,19.507,HYPERSOFT,4,1,281.0,0,0,1
2018,6,fp3,ocon,18,2,100.781,24.712,46.158,29.911,HYPERSOFT,5,1,194.0,0,0,1
2018,6,fp3,ocon,19,2,73.643,19.498,34.511,19.634,HYPERSOFT,6,1,283.0,0,0,1
2018,6,fp3,ocon,20,2,,27.598,43.819,,HYPERSOFT,7,1,266.0,0,0,0
2018,6,fp3,ocon,21,3,94.162,25.867,41.914,26.381,HYPERSOFT,8,0,276.0,0,0,0
2018,6,fp3,ocon,22,3,127.733,21.472,40.575,65.686,HYPERSOFT,9,0,265.0,0,0,1
2018,6,fp3,ocon,23,3,,24.295,38.626,,HYPERSOFT,10,0,255.0,0,0,0
2018,6,fp3,max_verstappen,1,1,,26.015,42.019,,SUPERSOFT,1,1,263.0,0,0,0
2018,6,fp3,max_verstappen,2,2,85.127,25.526,37.945,21.656,HYPERSOFT,1,1,266.0,0,0,0
2018,6,fp3,max_verstappen,3,2,72.336,19.097,34.022,19.217,HYPERSOFT,2,1,279.0,1,0,1
2018,6,fp3,max_verstappen,4,2,88.056,23.361,41.384,23.311,HYPERSOFT,3,1,254.0,0,0,1
2018,6,fp3,max_verstappen,5,2,71.99,18.959,33.897,19.134,HYPERSOFT,4,1,280.0,1,0,1
2018,6,fp3,max_verstappen,6,2,99.422,23.792,43.663,31.967,HYPERSOFT,5,1,256.0,0,0,1
2018,6,fp3,max_verstappen,7,2,71.787,18.882,33.85,19.055,HYPERSOFT,6,1,281.0,1,0,1
2018,6,fp3,max_verstappen,8,2,96.864,24.376,47.4,25.088,HYPERSOFT,7,1,185.0,0,0,1
2018,6,fp3,max_verstappen,9,2,71.814,18.777,34.006,19.031,HYPERSOFT,8,1,280.0,0,0,1
2018,6,fp3,max_verstappen,10,2,100.696,24.502,47.751,28.443,HYPERSOFT,9,1,252.0,0,0,1
2018,6,fp3,max_verstappen,11,2,79.387,18.848,33.979,26.56,HYPERSOFT,10,1,280.0,0,0,1
2018,6,fp3,max_verstappen,12,2,,28.066,38.521,,HYPERSOFT,11,1,248.0,0,0,0
2018,6,fp3,max_verstappen,13,3,87.744,25.295,40.201,22.248,HYPERSOFT,1,1,268.0,0,0,0
2018,6,fp3,max_verstappen,14,3,,18.811,33.788,22.248,HYPERSOFT,2,1,281.0,0,0,0
2018,6,fp3,sirotkin,1,1,,32.859,49.521,,SUPERSOFT,1,1,209.0,0,0,0
2018,6,fp3,sirotkin,2,2,94.755,26.013,43.589,25.153,HYPERSOFT,1,1,265.0,0,0,0
2018,6,fp3,sirotkin,3,2,75.074,19.562,34.624,20.888,HYPERSOFT,2,1,282.0,1,0,1
2018,6,fp3,sirotkin,4,2,113.408,28.048,54.007,31.353,HYPERSOFT,3,1,228.0,0,0,1
2018,6,fp3,sirotkin,5,2,73.596,19.337,34.469,19.79,HYPERSOFT,4,1,281.0,1,0,1
2018,6,fp3,sirotkin,6,2,95.254,24.185,46.15,24.919,HYPERSOFT,5,1,252.0,0,0,1
2018,6,fp3,sirotkin,7,2,73.294,19.223,34.544,19.527,HYPERSOFT,6,1,279.0,1,0,1
2018,6,fp3,sirotkin,8,2,95.808,24.898,46.206,24.704,HYPERSOFT,7,1,254.0,0,0,1
2018,6,fp3,sirotkin,9,2,73.483,19.26,34.672,19.551,HYPERSOFT,8,1,278.0,0,0,1
2018,6,fp3,sirotkin,10,2,,23.42,44.683,,HYPERSOFT,9,1,244.0,0,0,0
2018,6,fp3,sirotkin,11,3,97.862,26.679,42.277,28.906,HYPERSOFT,1,1,263.0,0,0,0
2018,6,fp3,sirotkin,12,3,86.302,19.884,41.016,25.402,HYPERSOFT,2,1,280.0,0,0,1
2018,6,fp3,sirotkin,13,3,73.114,19.167,34.42,19.527,HYPERSOFT,3,1,279.0,1,0,1
2018,6,fp3,sirotkin,14,3,96.865,24.554,47.275,25.036,HYPERSOFT,4,1,248.0,0,0,1
2018,6,fp3,sirotkin,15,3,72.854,19.095,34.336,19.423,HYPERSOFT,5,1,281.0,1,0,1
2018,6,fp3,sirotkin,16,3,100.519,25.058,48.068,27.393,HYPERSOFT,6,1,235.0,0,0,1
2018,6,fp3,sirotkin,17,3,90.644,19.443,42.454,28.747,HYPERSOFT,7,1,280.0,0,0,1
2018,6,fp3,sirotkin,18,3,77.391,19.215,34.849,23.327,HYPERSOFT,8,1,281.0,0,0,1
2018,6,fp3,sirotkin,19,3,,29.605,,,HYPERSOFT,9,1,258.0,0,0,0
2018,6,fp3,sirotkin,20,4,107.648,29.611,40.401,37.636,HYPERSOFT,10,0,263.0,0,0,0
2018,6,fp3,sirotkin,21,5,103.226,24.467,41.719,37.04,HYPERSOFT,11,0,282.0,0,0,0
2018,6,fp3,sirotkin,22,6,136.212,26.938,46.206,63.068,HYPERSOFT,12,0,201.0,0,0,0
2018,6,fp3,sirotkin,23,6,,28.048,47.552,,HYPERSOFT,13,0,175.0,0,0,0
2018,6,fp3,hamilton,1,1,90.618,26.353,39.665,24.6,HYPERSOFT,1,1,264.0,0,0,0
2018,6,fp3,hamilton,2,1,74.379,19.748,34.886,19.745,HYPERSOFT,2,1,279.0,1,0,0
2018,6,fp3,hamilton,3,1,84.29,24.138,38.699,21.453,HYPERSOFT,3,1,264.0,0,0,0
2018,6,fp3,hamilton,4,1,73.224,19.393,34.311,19.52,HYPERSOFT,4,1,279.0,1,0,0
2018,6,fp3,hamilton,5,1,102.263,26.988,44.377,30.898,HYPERSOFT,5,1,242.0,0,0,1
2018,6,fp3,hamilton,6,1,79.023,19.308,35.669,24.046,HYPERSOFT,6,1,282.0,0,0,1
2018,6,fp3,hamilton,7,1,92.452,24.065,45.349,23.038,HYPERSOFT,7,1,227.0,0,0,1
2018,6,fp3,hamilton,8,1,72.696,19.199,34.247,19.25,HYPERSOFT,8,1,281.0,1,0,1
2018,6,fp3,hamilton,9,1,91.895,25.056,44.546,22.293,HYPERSOFT,9,1,250.0,0,0,1
2018,6,fp3,hamilton,10,1,106.97,19.083,37.852,50.035,HYPERSOFT,10,1,252.0,0,0,0
2018,6,fp3,hamilton,11,2,84.161,23.482,36.32,24.359,HYPERSOFT,11,0,266.0,0,0,0
2018,6,fp3,hamilton,12,2,,19.179,34.29,,HYPERSOFT,12,0,278.0,0,0,0
2018,6,fp3,hamilton,13,3,91.137,26.412,39.858,24.867,HYPERSOFT,1,1,264.0,0,0,0
2018,6,fp3,hamilton,14,3,87.669,19.081,44.385,24.203,HYPERSOFT,2,1,219.0,0,0,1
2018,6,fp3,hamilton,15,3,88.319,21.449,38.823,28.047,HYPERSOFT,3,1,260.0,0,0,1
2018,6,fp3,hamilton,16,3,72.273,19.004,33.915,19.354,HYPERSOFT,4,1,282.0,1,0,1
2018,6,fp3,hamilton,17,3,94.362,24.615,44.364,25.383,HYPERSOFT,5,1,247.0,0,0,1
2018,6,fp3,hamilton,18,3,72.491,18.979,33.946,19.566,HYPERSOFT,6,1,280.0,0,0,1
2018,6,fp3,hamilton,19,3,86.118,23.344,38.228,24.546,HYPERSOFT,7,1,265.0,0,0,1
2018,6,fp3,hamilton,20,3,97.836,23.683,43.255,30.898,HYPERSOFT,8,1,259.0,0,0,1
2018,6,fp3,hamilton,21,3,80.119,19.153,38.346,22.62,HYPERSOFT,9,1,247.0,0,0,1
2018,6,fp3,hamilton,22,3,,18.951,35.854,,HYPERSOFT,10,1,282.0,0,0,0
2018,6,fp3,hamilton,23,4,119.727,28.358,42.434,48.935,HYPERSOFT,11,0,248.0,0,0,0
2018,6,fp3,hamilton,24,5,90.856,25.691,42.051,23.114,HYPERSOFT,12,0,249.0,0,0,0
2018,6,fp3,hamilton,25,5,119.806,22.599,38.667,58.54,HYPERSOFT,13,0,245.0,0,0,1
2018,6,fp3,hamilton,26,5,,23.15,56.062,,HYPERSOFT,14,0,176.0,0,0,0
2018,6,fp3,sainz,1,1,91.437,25.487,39.257,26.693,HYPERSOFT,1,1,269.0,0,0,0
2018,6,fp3,sainz,2,1,74.698,19.98,35.01,19.708,HYPERSOFT,2,1,280.0,1,0,0
2018,6,fp3,sainz,3,1,94.636,26.133,44.643,23.86,HYPERSOFT,3,1,256.0,0,0,0
2018,6,fp3,sainz,4,1,73.855,19.544,34.787,19.524,HYPERSOFT,4,1,279.0,1,0,1
2018,6,fp3,sainz,5,1,98.286,28.481,45.306,24.499,HYPERSOFT,5,1,254.0,0,0,1
2018,6,fp3,sainz,6,1,73.866,19.495,34.438,19.933,HYPERSOFT,6,1,281.0,0,0,1
2018,6,fp3,sainz,7,1,90.423,25.024,41.985,23.414,HYPERSOFT,7,1,253.0,0,0,1
2018,6,fp3,sainz,8,1,73.679,19.412,34.639,19.628,HYPERSOFT,8,1,280.0,1,0,1
2018,6,fp3,sainz,9,1,,23.207,41.2,,HYPERSOFT,9,1,257.0,0,0,0
2018,6,fp3,sainz,10,2,100.501,26.567,44.477,29.457,HYPERSOFT,10,0,271.0,0,0,0
2018,6,fp3,sainz,11,2,88.382,19.536,42.002,26.844,HYPERSOFT,11,0,269.0,0,0,1
2018,6,fp3,sainz,12,2,73.27,19.265,34.381,19.624,HYPERSOFT,12,0,281.0,1,0,1
2018,6,fp3,sainz,13,2,97.023,26.64,45.973,24.41,HYPERSOFT,13,0,234.0,0,0,1
2018,6,fp3,sainz,14,2,,68.847,40.571,,HYPERSOFT,14,0,247.0,0,0,0
2018,6,fp3,sainz,15,3,97.306,31.818,41.071,24.417,HYPERSOFT,1,1,273.0,0,0,0
2018,6,fp3,sainz,16,3,86.941,20.63,37.802,28.509,HYPERSOFT,2,1,271.0,0,0,1
2018,6,fp3,sainz,17,3,95.193,23.39,42.359,29.444,HYPERSOFT,3,1,269.0,0,0,1
2018,6,fp3,sainz,18,3,72.85,19.158,34.145,19.547,HYPERSOFT,4,1,285.0,1,0,1
2018,6,fp3,sainz,19,3,,25.227,44.187,,HYPERSOFT,5,1,254.0,0,0,0
2018,6,fp3,sainz,20,4,91.813,28.001,40.631,23.181,HYPERSOFT,6,0,272.0,0,0,0
2018,6,fp3,sainz,21,4,78.357,20.435,36.662,21.26,HYPERSOFT,7,0,269.0,0,0,1
2018,6,fp3,sainz,22,4,73.033,19.202,34.32,19.511,HYPERSOFT,8,0,284.0,0,0,1
2018,6,fp3,sainz,23,4,123.429,24.387,39.54,59.502,HYPERSOFT,9,0,227.0,0,0,1
2018,6,fp3,sainz,24,4,,25.158,41.283,,HYPERSOFT,10,0,244.0,0,0,0
2018,6,fp3,bottas,1,1,85.201,24.424,37.485,23.292,HYPERSOFT,1,1,275.0,0,0,0
2018,6,fp3,bottas,2,1,73.852,19.473,34.804,19.575,HYPERSOFT,2,1,279.0,1,0,0
2018,6,fp3,bottas,3,1,95.143,24.157,44.815,26.171,HYPERSOFT,3,1,255.0,0,0,0
2018,6,fp3,bottas,4,1,73.511,19.329,34.606,19.576,HYPERSOFT,4,1,278.0,1,0,0
2018,6,fp3,bottas,5,1,93.819,24.064,44.636,25.119,HYPERSOFT,5,1,211.0,0,0,0
2018,6,fp3,bottas,6,1,,28.749,44.205,,HYPERSOFT,6,1,238.0,0,0,0
2018,6,fp3,bottas,7,2,94.443,26.339,37.963,30.141,HYPERSOFT,7,0,277.0,0,0,0
2018,6,fp3,bottas,8,2,82.332,21.302,36.152,24.878,HYPERSOFT,8,0,280.0,0,0,1
2018,6,fp3,bottas,9,2,73.306,19.327,34.428,19.551,HYPERSOFT,9,0,283.0,1,0,1
2018,6,fp3,bottas,10,2,91.52,23.805,43.438,24.277,HYPERSOFT,10,0,248.0,0,0,1
2018,6,fp3,bottas,11,2,88.798,19.344,37.494,31.96,HYPERSOFT,11,0,279.0,0,0,1
2018,6,fp3,bottas,12,2,,19.434,35.382,,HYPERSOFT,12,0,279.0,0,0,0
2018,6,fp3,bottas,13,3,86.114,24.386,38.036,23.692,HYPERSOFT,1,1,273.0,0,0,0
2018,6,fp3,bottas,14,3,72.356,19.106,33.949,19.301,HYPERSOFT,2,1,280.0,1,0,1
2018,6,fp3,bottas,15,3,92.811,22.932,43.609,26.27,HYPERSOFT,3,1,225.0,0,0,1
2018,6,fp3,bottas,16,3,72.5,19.143,34.072,19.285,HYPERSOFT,4,1,278.0,0,0,1
2018,6,fp3,bottas,17,3,98.375,24.105,46.541,27.729,HYPERSOFT,5,1,197.0,0,0,1
2018,6,fp3,bottas,18,3,78.481,19.207,34.339,24.935,HYPERSOFT,6,1,279.0,0,0,1
2018,6,fp3,bottas,19,3,90.582,23.452,40.166,26.964,HYPERSOFT,7,1,256.0,0,0,1
2018,6,fp3,bottas,20,3,73.098,19.055,34.087,19.956,HYPERSOFT,8,1,281.0,0,0,1
2018,6,fp3,bottas,21,3,95.128,24.86,41.302,28.966,HYPERSOFT,9,1,246.0,0,0,1
2018,6,fp3,bottas,22,3,109.104,19.088,34.276,55.74,HYPERSOFT,10,1,283.0,0,0,0
2018,6,fp3,bottas,23,4,,24.083,,,HYPERSOFT,11,0,266.0,0,0,0
2018,6,fp3,bottas,24,5,89.582,25.317,38.759,25.506,HYPERSOFT,12,0,261.0,0,0,0
2018,6,fp3,bottas,25,5,81.922,24.077,36.801,21.044,HYPERSOFT,13,0,266.0,0,0,1
2018,6,fp3,bottas,26,5,124.327,23.47,42.115,58.742,HYPERSOFT,14,0,185.0,0,0,1
2018,6,fp3,bottas,27,5,,21.987,39.987,,HYPERSOFT,15,0,247.0,0,0,0
2023,1,fp1,max_verstappen,1,1,,,69.383,28.687,MEDIUM,1,1,187.0,0,0,0
2023,1,fp1,max_verstappen,2,1,95.429,30.535,41.153,23.741,MEDIUM,2,1,314.0,1,0,1
2023,1,fp1,max_verstappen,3,1,,52.814,72.105,38.71,MEDIUM,3,1,148.0,0,0,0
2023,1,fp1,max_verstappen,4,2,,69.699,67.418,28.889,MEDIUM,4,0,144.0,0,0,0
2023,1,fp1,max_verstappen,5,2,113.662,30.271,55.102,28.289,MEDIUM,5,0,316.0,0,0,0
2023,1,fp1,max_verstappen,6,3,,,71.255,34.098,SOFT,1,1,175.0,0,0,0
2023,1,fp1,max_verstappen,7,3,93.375,29.507,40.148,23.72,SOFT,2,1,317.0,1,0,1
2023,1,fp1,max_verstappen,8,3,128.682,38.151,59.322,31.209,SOFT,3,1,214.0,0,0,0
2023,1,fp1,max_verstappen,9,4,,,48.727,29.491,SOFT,4,0,195.0,0,0,0
2023,1,fp1,max_verstappen,10,4,97.9,31.366,42.527,24.007,SOFT,5,0,286.0,0,0,1
2023,1,fp1,max_verstappen,11,4,97.98,31.313,42.513,24.154,SOFT,6,0,281.0,0,0,1
2023,1,fp1,max_verstappen,12,4,98.171,31.434,42.58,24.157,SOFT,7,0,285.0,0,0,1
2023,1,fp1,max_verstappen,13,4,98.574,31.354,42.644,24.576,SOFT,8,0,285.0,0,0,1
2023,1,fp1,max_verstappen,14,4,98.474,31.448,42.76,24.266,SOFT,9,0,290.0,0,0,1
2023,1,fp1,max_verstappen,15,4,98.338,31.333,42.724,24.281,SOFT,10,0,290.0,0,0,1
2023,1,fp1,max_verstappen,16,4,98.842,31.425,42.78,24.637,SOFT,11,0,287.0,0,0,1
2023,1,fp1,max_verstappen,17,4,98.561,31.36,42.8,24.401,SOFT,12,0,298.0,0,0,1
2023,1,fp1,max_verstappen,18,4,98.623,31.487,42.703,24.433,SOFT,13,0,289.0,0,0,1
2023,1,fp1,max_verstappen,19,4,99.25,31.574,43.135,24.541,SOFT,14,0,290.0,0,0,1
2023,1,fp1,max_verstappen,20,4,,43.067,70.551,53.77,SOFT,15,0,187.0,0,0,0
2023,1,fp1,max_verstappen,21,4,132.826,60.371,43.894,28.561,SOFT,16,0,180.0,0,0,0
2023,1,fp1,sargeant,1,1,,,52.697,35.078,HARD,1,1,116.0,0,0,0
2023,1,fp1,sargeant,2,2,,,49.456,32.077,HARD,2,0,152.0,0,0,0
2023,1,fp1,sargeant,3,2,96.507,30.996,41.726,23.785,HARD,3,0,310.0,1,0,1
2023,1,fp1,sargeant,4,2,128.672,40.236,57.014,31.422,HARD,4,0,290.0,0,0,1
2023,1,fp1,sargeant,5,2,96.102,30.495,41.775,23.832,HARD,5,0,311.0,1,0,1
2023,1,fp1,sargeant,6,2,135.353,42.365,61.422,31.566,HARD,6,0,300.0,0,0,1
2023,1,fp1,sargeant,7,2,96.159,30.379,41.744,24.036,HARD,7,0,315.0,0,0,1
2023,1,fp1,sargeant,8,2,120.859,38.582,51.917,30.36,HARD,8,0,291.0,0,0,0
2023,1,fp1,sargeant,9,3,,,54.037,26.21,MEDIUM,1,1,176.0,0,0,0
2023,1,fp1,sargeant,10,3,95.749,30.404,41.477,23.868,MEDIUM,2,1,312.0,1,0,1
2023,1,fp1,sargeant,11,3,138.895,43.082,65.035,30.778,MEDIUM,3,1,271.0,0,0,1
2023,1,fp1,sargeant,12,3,95.984,30.408,41.632,23.944,MEDIUM,4,1,316.0,0,0,1
2023,1,fp1,sargeant,13,3,118.118,37.678,49.954,30.486,MEDIUM,5,1,162.0,0,0,0
2023,1,fp1,sargeant,14,4,,,43.969,25.22,HARD,9,0,191.0,0,0,0
2023,1,fp1,sargeant,15,4,99.347,31.523,43.424,24.4,HARD,10,0,300.0,0,0,1
2023,1,fp1,sargeant,16,4,99.926,31.666,43.614,24.646,HARD,11,0,296.0,0,0,1
2023,1,fp1,sargeant,17,4,99.984,31.773,43.608,24.603,HARD,12,0,297.0,0,0,1
2023,1,fp1,sargeant,18,4,100.198,31.635,43.887,24.676,HARD,13,0,298.0,0,0,1
2023,1,fp1,sargeant,19,4,99.963,31.695,43.651,24.617,HARD,14,0,299.0,0,0,1
2023,1,fp1,sargeant,20,4,100.484,31.794,43.941,24.749,HARD,15,0,299.0,0,0,1
2023,1,fp1,sargeant,21,4,100.262,31.765,43.801,24.696,HARD,16,0,298.0,0,0,1
2023,1,fp1,sargeant,22,4,100.255,31.723,43.707,24.825,HARD,17,0,298.0,0,0,1
2023,1,fp1,sargeant,23,4,135.872,37.409,57.859,40.604,HARD,18,0,288.0,0,0,1
2023,1,fp1,sargeant,24,4,141.251,62.741,49.86,28.65,HARD,19,0,172.0,0,0,0
2023,1,fp1,norris,1,1,,,51.379,28.165,MEDIUM,1,1,201.0,0,0,0
2023,1,fp1,norris,2,1,97.462,30.88,42.015,24.567,MEDIUM,2,1,309.0,1,0,1
2023,1,fp1,norris,3,1,145.407,54.971,60.953,29.483,MEDIUM,3,1,142.0,0,0,1
2023,1,fp1,norris,4,1,96.488,30.765,41.639,24.084,MEDIUM,4,1,308.0,1,0,1
2023,1,fp1,norris,5,1,116.692,33.195,52.169,31.328,MEDIUM,5,1,246.0,0,0,0
2023,1,fp1,norris,6,2,,,48.28,32.294,MEDIUM,6,0,152.0,0,0,0
2023,1,fp1,norris,7,2,98.897,30.494,41.458,26.945,MEDIUM,7,0,296.0,0,0,1
2023,1,fp1,norris,8,2,114.532,33.468,50.043,31.021,MEDIUM,8,0,230.0,0,0,0
2023,1,fp1,norris,9,3,,,53.277,27.927,SOFT,1,1,139.0,0,0,0
2023,1,fp1,norris,10,3,129.121,41.408,59.842,27.871,SOFT,2,1,309.0,0,0,1
2023,1,fp1,norris,11,3,94.165,29.958,40.579,23.628,SOFT,3,1,307.0,1,0,1
2023,1,fp1,norris,12,3,110.274,34.999,46.05,29.225,SOFT,4,1,234.0,0,0,0
2023,1,fp1,norris,13,4,,,44.185,24.765,SOFT,5,0,200.0,0,0,0
2023,1,fp1,norris,14,4,99.804,31.464,43.675,24.665,SOFT,6,0,293.0,0,0,1
2023,1,fp1,norris,15,4,99.95,31.612,43.816,24.522,SOFT,7,0,288.0,0,0,1
2023,1,fp1,norris,16,4,100.376,31.751,43.961,24.664,SOFT,8,0,284.0,0,0,1
2023,1,fp1,norris,17,4,99.696,31.629,43.309,24.758,SOFT,9,0,292.0,0,0,1
2023,1,fp1,norris,18,4,99.742,31.408,43.501,24.833,SOFT,10,0,313.0,0,0,1
2023,1,fp1,norris,19,4,99.503,31.563,43.225,24.715,SOFT,11,0,290.0,0,0,1
2023,1,fp1,norris,20,4,124.708,31.768,52.744,40.196,SOFT,12,0,285.0,0,0,1
2023,1,fp1,norris,21,4,141.483,66.773,46.187,28.523,SOFT,13,0,253.0,0,0,0
2023,1,fp1,gasly,1,1,,,56.024,28.051,MEDIUM,1,1,181.0,0,0,0
2023,1,fp1,gasly,2,1,95.84,30.422,41.541,23.877,MEDIUM,2,1,311.0,1,0,1
2023,1,fp1,gasly,3,1,147.464,47.597,66.812,33.055,MEDIUM,3,1,282.0,0,0,1
2023,1,fp1,gasly,4,1,96.145,30.552,41.55,24.043,MEDIUM,4,1,311.0,0,0,1
2023,1,fp1,gasly,5,1,145.271,46.649,68.723,29.899,MEDIUM,5,1,282.0,0,0,1
2023,1,fp1,gasly,6,1,95.671,30.404,41.408,23.859,MEDIUM,6,1,313.0,1,0,1
2023,1,fp1,gasly,7,1,125.497,37.691,57.041,30.765,MEDIUM,7,1,291.0,0,0,0
2023,1,fp1,gasly,8,2,,,54.255,27.965,MEDIUM,8,0,190.0,0,0,0
2023,1,fp1,gasly,9,2,96.12,30.609,41.648,23.863,MEDIUM,9,0,309.0,0,0,1
2023,1,fp1,gasly,10,2,139.275,51.783,61.47,26.022,MEDIUM,10,0,280.0,0,0,1
2023,1,fp1,gasly,11,2,96.421,30.782,41.672,23.967,MEDIUM,11,0,309.0,0,0,1
2023,1,fp1,gasly,12,2,141.284,49.296,62.697,29.291,MEDIUM,12,0,263.0,0,0,1
2023,1,fp1,gasly,13,2,96.39,30.624,41.737,24.029,MEDIUM,13,0,312.0,0,0,1
2023,1,fp1,gasly,14,2,110.732,34.529,47.583,28.62,MEDIUM,14,0,274.0,0,0,0
2023,1,fp1,gasly,15,3,,,52.207,31.856,MEDIUM,1,1,135.0,0,0,0
2023,1,fp1,gasly,16,3,95.455,30.422,41.2,23.833,MEDIUM,2,1,311.0,1,0,1
2023,1,fp1,gasly,17,3,136.139,50.936,59.998,25.205,MEDIUM,3,1,266.0,0,0,1
2023,1,fp1,gasly,18,3,96.364,30.417,41.71,24.237,MEDIUM,4,1,312.0,0,0,1
2023,1,fp1,gasly,19,3,,49.897,75.964,26.812,MEDIUM,5,1,264.0,0,0,0
2023,1,fp1,gasly,20,3,96.474,30.456,42.059,23.959,MEDIUM,6,1,313.0,0,0,1
2023,1,fp1,gasly,21,3,134.42,39.932,53.223,41.265,MEDIUM,7,1,287.0,0,0,1
2023,1,fp1,gasly,22,3,139.696,67.205,44.592,27.899,MEDIUM,8,1,241.0,0,0,0
2023,1,fp1,perez,1,1,,,50.648,29.895,MEDIUM,1,1,178.0,0,0,0
2023,1,fp1,perez,2,1,95.069,30.16,40.864,24.045,MEDIUM,2,1,317.0,1,0,1
2023,1,fp1,perez,3,1,131.463,41.783,54.452,35.228,MEDIUM,3,1,203.0,0,0,0
2023,1,fp1,perez,4,2,,86.34,70.246,29.772,MEDIUM,4,0,172.0,0,0,0
2023,1,fp1,perez,5,2,94.343,30.039,40.691,23.613,MEDIUM,5,0,315.0,1,0,1
2023,1,fp1,perez,6,2,125.588,39.948,54.916,30.724,MEDIUM,6,0,188.0,0,0,0
2023,1,fp1,perez,7,3,,,63.191,32.659,SOFT,1,1,130.0,0,0,0
2023,1,fp1,perez,8,3,92.758,29.561,39.913,23.284,SOFT,2,1,317.0,1,0,1
2023,1,fp1,perez,9,3,111.758,36.254,48.048,27.456,SOFT,3,1,203.0,0,0,0
2023,1,fp1,perez,10,4,,,46.055,26.43,SOFT,4,0,201.0,0,0,0
2023,1,fp1,perez,11,4,97.679,31.346,42.31,24.023,SOFT,5,0,280.0,0,0,1
2023,1,fp1,perez,12,4,98.037,31.249,42.447,24.341,SOFT,6,0,281.0,0,0,1
2023,1,fp1,perez,13,4,98.999,31.596,42.985,24.418,SOFT,7,0,282.0,0,0,1
2023,1,fp1,perez,14,4,99.527,31.478,43.195,24.854,SOFT,8,0,295.0,0,0,1
2023,1,fp1,perez,15,4,99.87,32.177,43.21,24.483,SOFT,9,0,281.0,0,0,1
2023,1,fp1,perez,16,4,98.647,31.478,42.79,24.379,SOFT,10,0,287.0,0,0,1
2023,1,fp1,perez,17,4,98.597,31.523,42.623,24.451,SOFT,11,0,292.0,0,0,1
2023,1,fp1,perez,18,4,102.775,31.361,42.676,28.738,SOFT,12,0,295.0,0,0,1
2023,1,fp1,perez,19,4,97.834,31.205,42.253,24.376,SOFT,13,0,293.0,0,0,1
2023,1,fp1,perez,20,4,,44.68,69.073,38.547,SOFT,14,0,227.0,0,0,0
2023,1,fp1,perez,21,4,146.21,69.494,47.821,28.895,SOFT,15,0,258.0,0,0,0
2023,1,fp1,alonso,1,1,,,52.154,34.753,MEDIUM,1,1,156.0,0,0,0
2023,1,fp1,alonso,2,1,95.048,30.462,40.896,23.69,MEDIUM,2,1,311.0,1,0,1
2023,1,fp1,alonso,3,1,130.847,38.218,61.227,31.402,MEDIUM,3,1,280.0,0,0,1
2023,1,fp1,alonso,4,1,95.375,30.239,40.943,24.193,MEDIUM,4,1,311.0,0,0,1
2023,1,fp1,alonso,5,1,140.868,43.517,62.149,35.202,MEDIUM,5,1,255.0,0,0,1
2023,1,fp1,alonso,6,1,94.867,30.309,40.789,23.769,MEDIUM,6,1,312.0,1,0,1
2023,1,fp1,alonso,7,1,118.655,36.513,50.169,31.973,MEDIUM,7,1,283.0,0,0,0
2023,1,fp1,alonso,8,2,,,53.942,27.591,MEDIUM,8,0,202.0,0,0,0
2023,1,fp1,alonso,9,2,96.006,30.368,41.514,24.124,MEDIUM,9,0,309.0,0,0,1
2023,1,fp1,alonso,10,2,119.789,38.873,53.448,27.468,MEDIUM,10,0,274.0,0,0,1
2023,1,fp1,alonso,11,2,95.301,30.38,41.084,23.837,MEDIUM,11,0,311.0,0,0,1
2023,1,fp1,alonso,12,2,135.28,38.431,65.8,31.049,MEDIUM,12,0,282.0,0,0,1
2023,1,fp1,alonso,13,2,95.752,30.403,41.299,24.05,MEDIUM,13,0,310.0,0,0,1
2023,1,fp1,alonso,14,2,108.694,35.811,43.938,28.945,MEDIUM,14,0,238.0,0,0,0
2023,1,fp1,alonso,15,3,,,56.525,27.343,SOFT,1,1,196.0,0,0,0
2023,1,fp1,alonso,16,3,93.196,29.654,40.156,23.386,SOFT,2,1,310.0,1,0,1
2023,1,fp1,alonso,17,3,129.389,42.675,57.925,28.789,SOFT,3,1,243.0,0,0,1
2023,1,fp1,alonso,18,3,124.854,41.267,56.152,27.435,SOFT,4,1,279.0,0,0,1
2023,1,fp1,alonso,19,3,98.177,29.857,40.311,28.009,SOFT,5,1,312.0,0,0,0
2023,1,fp1,alonso,20,4,,,46.155,25.607,SOFT,6,0,205.0,0,0,0
2023,1,fp1,alonso,21,4,122.941,34.826,47.841,40.274,SOFT,7,0,205.0,0,0,1
2023,1,fp1,alonso,22,4,138.608,64.684,43.574,30.35,SOFT,8,0,263.0,0,0,0
2023,1,fp1,leclerc,1,1,,,48.256,40.347,MEDIUM,1,1,163.0,0,0,0
2023,1,fp1,leclerc,2,1,97.694,31.382,42.09,24.222,MEDIUM,2,1,291.0,1,0,1
2023,1,fp1,leclerc,3,1,,55.919,74.74,32.968,MEDIUM,3,1,199.0,0,0,0
2023,1,fp1,leclerc,4,1,96.335,30.883,41.351,24.101,MEDIUM,4,1,306.0,1,0,1
2023,1,fp1,leclerc,5,1,,49.994,69.634,34.024,MEDIUM,5,1,192.0,0,0,0
2023,1,fp1,leclerc,6,2,,81.531,60.379,26.26,MEDIUM,6,0,189.0,0,0,0
2023,1,fp1,leclerc,7,2,95.991,30.638,41.406,23.947,MEDIUM,7,0,310.0,1,0,1
2023,1,fp1,leclerc,8,2,130.861,39.58,62.817,28.464,MEDIUM,8,0,234.0,0,0,0
2023,1,fp1,leclerc,9,3,,,50.447,25.083,MEDIUM,1,1,162.0,0,0,0
2023,1,fp1,leclerc,10,3,94.257,30.083,40.519,23.655,MEDIUM,2,1,312.0,1,0,1
2023,1,fp1,leclerc,11,3,149.76,48.474,64.917,36.369,MEDIUM,3,1,197.0,0,0,0
2023,1,fp1,leclerc,12,4,,77.444,48.763,25.508,MEDIUM,4,0,208.0,0,0,0
2023,1,fp1,leclerc,13,4,100.966,30.176,43.176,27.614,MEDIUM,5,0,312.0,0,0,0
2023,1,fp1,leclerc,14,5,,,43.426,24.597,MEDIUM,6,0,195.0,0,0,0
2023,1,fp1,leclerc,15,5,99.07,31.593,42.964,24.513,MEDIUM,7,0,293.0,0,0,1
2023,1,fp1,leclerc,16,5,114.756,31.755,43.116,39.885,MEDIUM,8,0,289.0,0,0,1
2023,1,fp1,leclerc,17,5,,73.136,48.768,28.415,MEDIUM,9,0,252.0,0,0,0
2023,1,fp1,stroll,1,1,,,55.3,33.586,MEDIUM,1,1,160.0,0,0,0
2023,1,fp1,stroll,2,1,123.793,35.423,57.935,30.435,MEDIUM,2,1,304.0,0,0,0
2023,1,fp1,stroll,3,2,,,44.71,30.409,MEDIUM,3,0,178.0,0,0,0
2023,1,fp1,stroll,4,2,97.519,31.049,42.023,24.447,MEDIUM,4,0,310.0,1,0,1
2023,1,fp1,stroll,5,2,128.043,41.614,58.349,28.08,MEDIUM,5,0,262.0,0,0,1
2023,1,fp1,stroll,6,2,96.174,30.384,41.938,23.852,MEDIUM,6,0,312.0,1,0,1
2023,1,fp1,stroll,7,2,145.942,49.082,67.948,28.912,MEDIUM,7,0,247.0,0,0,1
2023,1,fp1,stroll,8,2,109.441,34.892,48.218,26.331,MEDIUM,8,0,312.0,0,0,1
2023,1,fp1,stroll,9,2,95.589,30.458,41.386,23.745,MEDIUM,9,0,312.0,1,0,1
2023,1,fp1,stroll,10,2,110.836,31.982,46.494,32.36,MEDIUM,10,0,296.0,0,0,0
2023,1,fp1,stroll,11,3,,,50.347,27.429,SOFT,1,1,164.0,0,0,0
2023,1,fp1,stroll,12,3,94.298,29.94,40.805,23.553,SOFT,2,1,312.0,1,0,1
2023,1,fp1,stroll,13,3,140.59,47.442,62.17,30.978,SOFT,3,1,207.0,0,0,0
2023,1,fp1,stroll,14,4,,66.435,55.492,34.95,SOFT,4,0,163.0,0,0,0
2023,1,fp1,stroll,15,4,94.426,29.995,40.742,23.689,SOFT,5,0,314.0,0,0,1
2023,1,fp1,stroll,16,4,144.549,43.183,57.632,43.734,SOFT,6,0,161.0,0,0,1
2023,1,fp1,stroll,17,4,133.634,57.861,46.246,29.527,SOFT,7,0,261.0,0,0,0
2023,1,fp1,kevin_magnussen,1,1,,,51.437,32.51,SOFT,1,1,184.0,0,0,0
2023,1,fp1,kevin_magnussen,2,2,,,60.567,26.423,SOFT,2,0,179.0,0,0,0
2023,1,fp1,kevin_magnussen,3,2,95.42,30.309,41.274,23.837,SOFT,3,0,301.0,1,0,1
2023,1,fp1,kevin_magnussen,4,2,98.566,31.209,43.013,24.344,SOFT,4,0,291.0,0,0,1
2023,1,fp1,kevin_magnussen,5,2,98.735,31.373,43.027,24.335,SOFT,5,0,279.0,0,0,1
2023,1,fp1,kevin_magnussen,6,2,98.522,31.551,42.824,24.147,SOFT,6,0,287.0,0,0,1
2023,1,fp1,kevin_magnussen,7,2,98.979,31.64,42.953,24.386,SOFT,7,0,278.0,0,0,1
2023,1,fp1,kevin_magnussen,8,2,98.528,31.503,42.574,24.451,SOFT,8,0,286.0,0,0,1
2023,1,fp1,kevin_magnussen,9,2,113.882,33.279,49.873,30.73,SOFT,9,0,280.0,0,0,0
2023,1,fp1,kevin_magnussen,10,3,,,72.511,29.699,SOFT,1,1,199.0,0,0,0
2023,1,fp1,kevin_magnussen,11,3,94.402,30.013,40.746,23.643,SOFT,2,1,304.0,1,0,1
2023,1,fp1,kevin_magnussen,12,3,97.574,31.138,42.294,24.142,SOFT,3,1,279.0,0,0,1
2023,1,fp1,kevin_magnussen,13,3,98.256,31.442,42.464,24.35,SOFT,4,1,279.0,0,0,1
2023,1,fp1,kevin_magnussen,14,3,97.869,31.347,42.417,24.105,SOFT,5,1,283.0,0,0,1
2023,1,fp1,kevin_magnussen,15,3,98.371,31.377,42.709,24.285,SOFT,6,1,285.0,0,0,1
2023,1,fp1,kevin_magnussen,16,3,99.033,31.495,42.866,24.672,SOFT,7,1,282.0,0,0,1
2023,1,fp1,kevin_magnussen,17,3,99.062,31.549,42.968,24.545,SOFT,8,1,288.0,0,0,1
2023,1,fp1,kevin_magnussen,18,3,99.398,31.734,43.015,24.649,SOFT,9,1,284.0,0,0,1
2023,1,fp1,kevin_magnussen,19,3,128.497,37.39,54.106,37.001,SOFT,10,1,291.0,0,0,1
2023,1,fp1,kevin_magnussen,20,3,,71.093,58.008,28.702,SOFT,11,1,262.0,0,0,0
2023,1,fp1,de_vries,1,1,,,59.884,28.921,MEDIUM,1,1,185.0,0,0,0
2023,1,fp1,de_vries,2,1,97.839,30.995,42.307,24.537,MEDIUM,2,1,307.0,1,0,1
2023,1,fp1,de_vries,3,1,143.967,42.313,65.276,36.378,MEDIUM,3,1,284.0,0,0,1
2023,1,fp1,de_vries,4,1,117.759,31.005,54.473,32.281,MEDIUM,4,1,309.0,0,0,1
2023,1,fp1,de_vries,5,1,143.426,42.313,63.339,37.774,MEDIUM,5,1,249.0,0,0,1
2023,1,fp1,de_vries,6,1,97.493,30.998,42.263,24.232,MEDIUM,6,1,309.0,1,0,1
2023,1,fp1,de_vries,7,1,136.375,44.182,61.99,30.203,MEDIUM,7,1,276.0,0,0,0
2023,1,fp1,de_vries,8,2,,66.368,56.698,28.164,MEDIUM,8,0,150.0,0,0,0
2023,1,fp1,de_vries,9,2,119.136,30.745,58.244,30.147,MEDIUM,9,0,312.0,0,0,1
2023,1,fp1,de_vries,10,2,99.023,30.861,42.282,25.88,MEDIUM,10,0,309.0,0,0,1
2023,1,fp1,de_vries,11,2,113.583,34.369,51.468,27.746,MEDIUM,11,0,288.0,0,0,0
2023,1,fp1,de_vries,12,3,,,56.348,26.907,SOFT,1,1,138.0,0,0,0
2023,1,fp1,de_vries,13,3,95.402,30.314,41.419,23.669,SOFT,2,1,304.0,1,0,1
2023,1,fp1,de_vries,14,3,138.107,43.749,62.227,32.131,SOFT,3,1,288.0,0,0,1
2023,1,fp1,de_vries,15,3,122.827,42.085,54.244,26.498,SOFT,4,1,230.0,0,0,1
2023,1,fp1,de_vries,16,3,96.048,30.365,41.674,24.009,SOFT,5,1,310.0,0,0,1
2023,1,fp1,de_vries,17,3,112.376,34.973,47.626,29.777,SOFT,6,1,277.0,0,0,0
2023,1,fp1,de_vries,18,4,134.901,64.908,42.866,27.127,SOFT,7,0,199.0,0,0,0
2023,1,fp1,de_vries,19,5,,,44.096,24.841,MEDIUM,12,0,196.0,0,0,0
2023,1,fp1,de_vries,20,5,100.303,31.919,43.551,24.833,MEDIUM,13,0,283.0,0,0,1
2023,1,fp1,de_vries,21,5,100.309,31.887,43.666,24.756,MEDIUM,14,0,283.0,0,0,1
2023,1,fp1,de_vries,22,5,101.732,32.482,44.31,24.94,MEDIUM,15,0,281.0,0,0,1
2023,1,fp1,de_vries,23,5,101.007,32.057,43.826,25.124,MEDIUM,16,0,291.0,0,0,1
2023,1,fp1,de_vries,24,5,128.315,33.799,51.366,43.15,MEDIUM,17,0,267.0,0,0,1
2023,1,fp1,de_vries,25,5,140.85,67.035,45.269,28.546,MEDIUM,18,0,244.0,0,0,0
2023,1,fp1,tsunoda,1,1,,,54.508,28.888,MEDIUM,1,1,127.0,0,0,0
2023,1,fp1,tsunoda,2,1,97.615,30.908,42.496,24.211,MEDIUM,2,1,306.0,1,0,1
2023,1,fp1,tsunoda,3,1,136.707,41.577,60.793,34.337,MEDIUM,3,1,232.0,0,0,1
2023,1,fp1,tsunoda,4,1,97.485,30.928,42.106,24.451,MEDIUM,4,1,310.0,1,0,1
2023,1,fp1,tsunoda,5,1,144.369,45.528,65.5,33.341,MEDIUM,5,1,179.0,0,0,1
2023,1,fp1,tsunoda,6,1,134.959,47.429,59.024,28.506,MEDIUM,6,1,243.0,0,0,1
2023,1,fp1,tsunoda,7,1,96.985,30.69,42.079,24.216,MEDIUM,7,1,311.0,1,0,1
2023,1,fp1,tsunoda,8,1,140.477,42.476,64.106,33.895,MEDIUM,8,1,273.0,0,0,1
2023,1,fp1,tsunoda,9,1,135.513,43.195,61.309,31.009,MEDIUM,9,1,248.0,0,0,1
2023,1,fp1,tsunoda,10,1,96.763,30.672,41.828,24.263,MEDIUM,10,1,309.0,1,0,1
2023,1,fp1,tsunoda,11,1,109.476,33.667,47.272,28.537,MEDIUM,11,1,291.0,0,0,0
2023,1,fp1,tsunoda,12,2,,,64.436,27.85,SOFT,1,1,122.0,0,0,0
2023,1,fp1,tsunoda,13,2,95.015,30.075,41.132,23.808,SOFT,2,1,309.0,1,0,1
2023,1,fp1,tsunoda,14,2,,45.18,70.988,35.833,SOFT,3,1,235.0,0,0,0
2023,1,fp1,tsunoda,15,2,139.68,47.374,63.167,29.139,SOFT,4,1,221.0,0,0,1
2023,1,fp1,tsunoda,16,2,95.305,30.28,41.082,23.943,SOFT,5,1,309.0,0,0,1
2023,1,fp1,tsunoda,17,2,109.917,34.844,46.817,28.256,SOFT,6,1,287.0,0,0,0
2023,1,fp1,tsunoda,18,3,,,58.247,29.538,MEDIUM,12,0,189.0,0,0,0
2023,1,fp1,tsunoda,19,3,135.056,38.967,56.831,39.258,MEDIUM,13,0,224.0,0,0,1
2023,1,fp1,tsunoda,20,3,146.54,65.15,48.93,32.46,MEDIUM,14,0,256.0,0,0,0
2023,1,fp1,albon,1,1,,,51.682,33.791,MEDIUM,1,1,173.0,0,0,0
2023,1,fp1,albon,2,2,,,48.1,32.986,MEDIUM,2,0,196.0,0,0,0
2023,1,fp1,albon,3,2,96.216,30.47,41.812,23.934,MEDIUM,3,0,321.0,1,0,1
2023,1,fp1,albon,4,2,137.05,42.034,63.859,31.157,MEDIUM,4,0,253.0,0,0,1
2023,1,fp1,albon,5,2,97.024,31.111,41.787,24.126,MEDIUM,5,0,302.0,0,0,1
2023,1,fp1,albon,6,2,126.27,37.96,52.041,36.269,MEDIUM,6,0,264.0,0,0,0
2023,1,fp1,albon,7,3,,,60.534,36.848,MEDIUM,7,0,210.0,0,0,0
2023,1,fp1,albon,8,3,96.859,30.984,41.838,24.037,MEDIUM,8,0,300.0,0,0,1
2023,1,fp1,albon,9,3,125.244,37.106,57.217,30.921,MEDIUM,9,0,275.0,0,0,0
2023,1,fp1,albon,10,4,,,52.153,28.455,MEDIUM,1,1,133.0,0,0,0
2023,1,fp1,albon,11,4,96.018,30.409,41.571,24.038,MEDIUM,2,1,319.0,1,0,1
2023,1,fp1,albon,12,4,,44.441,74.109,34.646,MEDIUM,3,1,245.0,0,0,0
2023,1,fp1,albon,13,4,97.744,30.341,41.753,25.65,MEDIUM,4,1,321.0,0,0,1
2023,1,fp1,albon,14,4,135.731,37.663,54.082,43.986,MEDIUM,5,1,259.0,0,0,1
2023,1,fp1,albon,15,4,141.323,66.533,47.571,27.219,MEDIUM,6,1,258.0,0,0,0
2023,1,fp1,zhou,1,1,,,56.694,40.536,MEDIUM,1,1,120.0,0,0,0
2023,1,fp1,zhou,2,1,117.019,36.978,49.134,30.907,MEDIUM,2,1,224.0,0,0,0
2023,1,fp1,zhou,3,2,,,51.102,28.352,MEDIUM,3,0,165.0,0,0,0
2023,1,fp1,zhou,4,2,96.889,30.835,42.038,24.016,MEDIUM,4,0,302.0,1,0,1
2023,1,fp1,zhou,5,2,125.191,40.177,57.212,27.802,MEDIUM,5,0,222.0,0,0,1
2023,1,fp1,zhou,6,2,98.845,32.074,42.561,24.21,MEDIUM,6,0,273.0,0,0,1
2023,1,fp1,zhou,7,2,98.865,31.918,42.566,24.381,MEDIUM,7,0,271.0,0,0,1
2023,1,fp1,zhou,8,2,99.049,31.765,42.752,24.532,MEDIUM,8,0,286.0,0,0,1
2023,1,fp1,zhou,9,2,102.134,31.95,42.766,27.418,MEDIUM,9,0,275.0,0,0,0
2023,1,fp1,zhou,10,3,141.818,67.618,45.087,29.113,MEDIUM,10,0,199.0,0,0,0
2023,1,fp1,zhou,11,4,,,60.064,28.092,SOFT,1,1,86.0,0,0,0
2023,1,fp1,zhou,12,4,94.575,30.02,40.961,23.594,SOFT,2,1,305.0,1,0,1
2023,1,fp1,zhou,13,4,138.687,47.217,60.202,31.268,SOFT,3,1,192.0,0,0,0
2023,1,fp1,zhou,14,5,145.03,71.898,45.372,27.76,SOFT,4,0,176.0,0,0,0
2023,1,fp1,zhou,15,6,,,56.61,27.896,SOFT,5,0,137.0,0,0,0
2023,1,fp1,zhou,16,6,94.701,30.183,40.798,23.72,SOFT,6,0,306.0,0,0,1
2023,1,fp1,zhou,17,6,129.742,40.143,53.212,36.387,SOFT,7,0,248.0,0,0,1
2023,1,fp1,zhou,18,6,139.636,63.001,47.04,29.595,SOFT,8,0,249.0,0,0,0
2023,1,fp1,hulkenberg,1,1,,,55.408,33.05,SOFT,1,1,183.0,0,0,0
2023,1,fp1,hulkenberg,2,2,,,57.407,30.08,SOFT,2,0,205.0,0,0,0
2023,1,fp1,hulkenberg,3,2,95.865,30.589,41.3,23.976,SOFT,3,0,307.0,1,0,1
2023,1,fp1,hulkenberg,4,2,98.746,31.654,42.777,24.315,SOFT,4,0,282.0,0,0,1
2023,1,fp1,hulkenberg,5,2,98.478,31.531,42.648,24.299,SOFT,5,0,280.0,0,0,1
2023,1,fp1,hulkenberg,6,2,98.566,31.612,42.586,24.368,SOFT,6,0,283.0,0,0,1
2023,1,fp1,hulkenberg,7,2,98.579,31.52,42.682,24.377,SOFT,7,0,286.0,0,0,1
2023,1,fp1,hulkenberg,8,2,98.789,31.661,42.709,24.419,SOFT,8,0,287.0,0,0,1
2023,1,fp1,hulkenberg,9,2,99.447,31.645,43.346,24.456,SOFT,9,0,287.0,0,0,1
2023,1,fp1,hulkenberg,10,2,99.128,31.666,42.78,24.682,SOFT,10,0,285.0,0,0,1
2023,1,fp1,hulkenberg,11,2,107.112,32.083,46.601,28.428,SOFT,11,0,301.0,0,0,0
2023,1,fp1,hulkenberg,12,3,,,55.459,34.762,SOFT,1,1,204.0,0,0,0
2023,1,fp1,hulkenberg,13,3,95.043,30.047,41.203,23.793,SOFT,2,1,311.0,1,0,1
2023,1,fp1,hulkenberg,14,3,97.95,31.404,42.225,24.321,SOFT,3,1,283.0,0,0,1
2023,1,fp1,hulkenberg,15,3,98.138,31.473,42.418,24.247,SOFT,4,1,282.0,0,0,1
2023,1,fp1,hulkenberg,16,3,98.013,31.236,42.494,24.283,SOFT,5,1,290.0,0,0,1
2023,1,fp1,hulkenberg,17,3,98.21,31.285,42.423,24.502,SOFT,6,1,288.0,0,0,1
2023,1,fp1,hulkenberg,18,3,98.679,31.506,42.676,24.497,SOFT,7,1,283.0,0,0,1
2023,1,fp1,hulkenberg,19,3,98.713,31.427,42.768,24.518,SOFT,8,1,285.0,0,0,1
2023,1,fp1,hulkenberg,20,3,99.141,31.555,43.014,24.572,SOFT,9,1,294.0,0,0,1
2023,1,fp1,hulkenberg,21,3,119.891,34.566,46.318,39.007,SOFT,10,1,260.0,0,0,1
2023,1,fp1,hulkenberg,22,3,134.709,59.81,46.949,27.95,SOFT,11,1,257.0,0,0,0
2023,1,fp1,ocon,1,1,,,65.651,39.598,MEDIUM,1,1,157.0,0,0,0
2023,1,fp1,ocon,2,2,,,47.147,36.024,MEDIUM,2,0,182.0,0,0,0
2023,1,fp1,ocon,3,2,96.057,30.437,41.513,24.107,MEDIUM,3,0,311.0,1,0,1
2023,1,fp1,ocon,4,2,137.748,48.42,60.982,28.346,MEDIUM,4,0,258.0,0,0,1
2023,1,fp1,ocon,5,2,96.212,30.42,41.762,24.03,MEDIUM,5,0,311.0,0,0,1
2023,1,fp1,ocon,6,2,,46.728,73.506,36.759,MEDIUM,6,0,273.0,0,0,0
2023,1,fp1,ocon,7,2,96.151,30.451,41.767,23.933,MEDIUM,7,0,310.0,0,0,1
2023,1,fp1,ocon,8,2,146.586,41.99,71.061,33.535,MEDIUM,8,0,291.0,0,0,1
2023,1,fp1,ocon,9,2,96.18,30.461,41.749,23.97,MEDIUM,9,0,312.0,0,0,1
2023,1,fp1,ocon,10,2,115.449,38.424,48.975,28.05,MEDIUM,10,0,289.0,0,0,0
2023,1,fp1,ocon,11,3,,,50.02,25.967,MEDIUM,1,1,169.0,0,0,0
2023,1,fp1,ocon,12,3,95.105,30.214,41.179,23.712,MEDIUM,2,1,310.0,1,0,1
2023,1,fp1,ocon,13,3,144.832,44.35,65.204,35.278,MEDIUM,3,1,245.0,0,0,1
2023,1,fp1,ocon,14,3,116.437,30.308,46.956,39.173,MEDIUM,4,1,316.0,0,0,1
2023,1,fp1,ocon,15,3,139.6,46.574,63.536,29.49,MEDIUM,5,1,144.0,0,0,1
2023,1,fp1,ocon,16,3,95.739,30.302,41.486,23.951,MEDIUM,6,1,313.0,0,0,1
2023,1,fp1,ocon,17,3,106.444,38.207,44.233,24.004,MEDIUM,7,1,270.0,0,0,1
2023,1,fp1,ocon,18,3,97.522,31.098,42.289,24.135,MEDIUM,8,1,289.0,0,0,1
2023,1,fp1,ocon,19,3,134.155,37.711,55.795,40.649,MEDIUM,9,1,234.0,0,0,1
2023,1,fp1,ocon,20,3,135.947,66.263,41.928,27.756,MEDIUM,10,1,256.0,0,0,0
2023,1,fp1,hamilton,1,1,,,58.799,27.026,UNKNOWN,1,0,196.0,0,0,0
2023,1,fp1,hamilton,2,1,95.462,30.556,41.13,23.776,UNKNOWN,2,0,311.0,1,0,1
2023,1,fp1,hamilton,3,1,,51.235,71.274,34.034,UNKNOWN,3,0,183.0,0,0,0
2023,1,fp1,hamilton,4,2,,71.577,60.57,26.118,MEDIUM,4,0,145.0,0,0,0
2023,1,fp1,hamilton,5,2,95.164,30.374,41.006,23.784,MEDIUM,5,0,311.0,1,0,1
2023,1,fp1,hamilton,6,2,149.001,46.105,67.844,35.052,MEDIUM,6,0,256.0,0,0,0
2023,1,fp1,hamilton,7,3,,85.247,51.763,28.988,MEDIUM,7,0,197.0,0,0,0
2023,1,fp1,hamilton,8,3,95.014,30.26,40.996,23.758,MEDIUM,8,0,313.0,1,0,1
2023,1,fp1,hamilton,9,3,113.757,33.902,51.891,27.964,MEDIUM,9,0,263.0,0,0,0
2023,1,fp1,hamilton,10,4,,,49.933,34.812,MEDIUM,1,1,190.0,0,0,0
2023,1,fp1,hamilton,11,4,114.903,29.999,57.948,26.956,MEDIUM,2,1,315.0,0,0,1
2023,1,fp1,hamilton,12,4,94.917,30.135,41.043,23.739,MEDIUM,3,1,315.0,1,0,1
2023,1,fp1,hamilton,13,4,114.515,32.539,53.256,28.72,MEDIUM,4,1,298.0,0,0,0
2023,1,fp1,sainz,1,1,,,48.73,45.722,MEDIUM,1,1,192.0,0,0,0
2023,1,fp1,sainz,2,1,97.28,31.237,41.842,24.201,MEDIUM,2,1,289.0,1,0,1
2023,1,fp1,sainz,3,1,,53.599,82.622,33.579,MEDIUM,3,1,177.0,0,0,0
2023,1,fp1,sainz,4,1,131.476,36.31,62.361,32.805,MEDIUM,4,1,308.0,0,0,1
2023,1,fp1,sainz,5,1,96.182,30.648,41.552,23.982,MEDIUM,5,1,312.0,1,0,1
2023,1,fp1,sainz,6,1,121.729,36.612,50.91,34.207,MEDIUM,6,1,284.0,0,0,0
2023,1,fp1,sainz,7,2,,91.173,55.971,33.235,MEDIUM,7,0,203.0,0,0,0
2023,1,fp1,sainz,8,2,96.072,30.556,41.491,24.025,MEDIUM,8,0,308.0,1,0,1
2023,1,fp1,sainz,9,2,119.848,39.246,50.595,30.007,MEDIUM,9,0,186.0,0,0,0
2023,1,fp1,sainz,10,3,,,52.877,27.118,MEDIUM,1,1,196.0,0,0,0
2023,1,fp1,sainz,11,3,125.203,30.283,57.727,37.193,MEDIUM,2,1,312.0,0,0,0
2023,1,fp1,sainz,12,4,,,50.636,25.408,MEDIUM,10,0,185.0,0,0,0
2023,1,fp1,sainz,13,4,100.027,31.814,43.569,24.644,MEDIUM,11,0,287.0,0,0,1
2023,1,fp1,sainz,14,4,100.146,31.942,43.592,24.612,MEDIUM,12,0,290.0,0,0,1
2023,1,fp1,sainz,15,4,100.092,31.939,43.609,24.544,MEDIUM,13,0,290.0,0,0,1
2023,1,fp1,sainz,16,4,100.294,31.95,43.565,24.779,MEDIUM,14,0,289.0,0,0,1
2023,1,fp1,sainz,17,4,100.486,32.233,43.534,24.719,MEDIUM,15,0,288.0,0,0,1
2023,1,fp1,sainz,18,4,100.358,31.999,43.643,24.716,MEDIUM,16,0,292.0,0,0,1
2023,1,fp1,sainz,19,4,100.583,32.1,43.677,24.806,MEDIUM,17,0,289.0,0,0,1
2023,1,fp1,sainz,20,4,133.734,44.648,52.397,36.689,MEDIUM,18,0,172.0,0,0,1
2023,1,fp1,sainz,21,4,143.184,66.875,46.83,29.479,MEDIUM,19,0,224.0,0,0,0
2023,1,fp1,russell,1,1,,,45.956,24.994,MEDIUM,1,1,203.0,0,0,0
2023,1,fp1,russell,2,1,96.083,30.312,41.789,23.982,MEDIUM,2,1,310.0,1,0,1
2023,1,fp1,russell,3,1,139.683,43.582,63.804,32.297,MEDIUM,3,1,122.0,0,0,1
2023,1,fp1,russell,4,1,95.999,30.557,41.618,23.824,MEDIUM,4,1,312.0,1,0,1
2023,1,fp1,russell,5,1,101.911,35.288,42.666,23.957,MEDIUM,5,1,281.0,0,0,1
2023,1,fp1,russell,6,1,97.724,31.083,42.563,24.078,MEDIUM,6,1,296.0,0,0,1
2023,1,fp1,russell,7,1,97.773,31.101,42.589,24.083,MEDIUM,7,1,296.0,0,0,1
2023,1,fp1,russell,8,1,100.185,31.244,42.551,26.39,MEDIUM,8,1,295.0,0,0,1
2023,1,fp1,russell,9,1,121.24,35.075,57.129,29.036,MEDIUM,9,1,239.0,0,0,0
2023,1,fp1,russell,10,2,,,49.568,27.454,MEDIUM,1,1,173.0,0,0,0
2023,1,fp1,russell,11,2,95.05,30.337,40.957,23.756,MEDIUM,2,1,311.0,1,0,1
2023,1,fp1,russell,12,2,131.713,42.056,60.379,29.278,MEDIUM,3,1,254.0,0,0,0
2023,1,fp1,russell,13,3,,81.108,59.077,25.319,MEDIUM,4,0,179.0,0,0,0
2023,1,fp1,russell,14,3,94.966,30.084,41.221,23.661,MEDIUM,5,0,314.0,1,0,1
2023,1,fp1,russell,15,3,130.149,39.461,60.696,29.992,MEDIUM,6,0,285.0,0,0,1
2023,1,fp1,russell,16,3,95.412,30.257,41.342,23.813,MEDIUM,7,0,312.0,0,0,1
2023,1,fp1,russell,17,3,96.987,30.877,42.246,23.864,MEDIUM,8,0,298.0,0,0,1
2023,1,fp1,russell,18,3,97.517,31.1,42.364,24.053,MEDIUM,9,0,293.0,0,0,1
2023,1,fp1,russell,19,3,140.854,42.416,59.532,38.906,MEDIUM,10,0,180.0,0,0,1
2023,1,fp1,russell,20,3,141.439,66.948,45.417,29.074,MEDIUM,11,0,260.0,0,0,0
2023,1,fp1,bottas,1,1,,,57.483,29.015,MEDIUM,1,1,114.0,0,0,0
2023,1,fp1,bottas,2,1,125.238,35.54,55.604,34.094,MEDIUM,2,1,293.0,0,0,0
2023,1,fp1,bottas,3,2,,,51.596,26.545,MEDIUM,3,0,169.0,0,0,0
2023,1,fp1,bottas,4,2,97.149,31.002,41.968,24.179,MEDIUM,4,0,301.0,1,0,1
2023,1,fp1,bottas,5,2,118.804,37.482,51.715,29.607,MEDIUM,5,0,249.0,0,0,1
2023,1,fp1,bottas,6,2,98.293,31.669,42.099,24.525,MEDIUM,6,0,277.0,0,0,1
2023,1,fp1,bottas,7,2,98.325,31.759,42.158,24.408,MEDIUM,7,0,273.0,0,0,1
2023,1,fp1,bottas,8,2,98.401,31.764,42.251,24.386,MEDIUM,8,0,272.0,0,0,1
2023,1,fp1,bottas,9,2,103.744,31.751,42.278,29.715,MEDIUM,9,0,272.0,0,0,0
2023,1,fp1,bottas,10,3,139.731,63.108,47.296,29.327,MEDIUM,10,0,208.0,0,0,0
2023,1,fp1,bottas,11,4,,,61.325,27.235,SOFT,1,1,139.0,0,0,0
2023,1,fp1,bottas,12,4,94.689,30.14,40.78,23.769,SOFT,2,1,304.0,1,0,1
2023,1,fp1,bottas,13,4,135.588,40.307,59.879,35.402,SOFT,3,1,218.0,0,0,0
2023,1,fp1,bottas,14,5,,72.861,58.028,27.438,SOFT,4,0,200.0,0,0,0
2023,1,fp1,bottas,15,5,95.475,30.483,41.084,23.908,SOFT,5,0,300.0,0,0,1
2023,1,fp1,bottas,16,5,113.905,35.394,50.504,28.007,SOFT,6,0,247.0,0,0,0
2023,1,fp1,bottas,17,6,,,60.403,34.016,SOFT,7,0,140.0,0,0,0
2023,1,fp1,bottas,18,6,95.212,30.367,41.056,23.789,SOFT,8,0,305.0,0,0,1
2023,1,fp1,bottas,19,6,134.895,36.204,56.747,41.944,SOFT,9,0,242.0,0,0,1
2023,1,fp1,bottas,20,6,,70.005,53.144,30.841,SOFT,10,0,262.0,0,0,0
2023,1,fp1,piastri,1,1,,,58.152,34.262,MEDIUM,1,1,199.0,0,0,0
2023,1,fp1,piastri,2,1,97.337,30.803,42.16,24.374,MEDIUM,2,1,309.0,1,0,1
2023,1,fp1,piastri,3,1,131.701,38.644,58.929,34.128,MEDIUM,3,1,254.0,0,0,1
2023,1,fp1,piastri,4,1,113.059,30.9,53.372,28.787,MEDIUM,4,1,312.0,0,0,1
2023,1,fp1,piastri,5,1,96.274,30.399,41.768,24.107,MEDIUM,5,1,309.0,1,0,1
2023,1,fp1,piastri,6,1,132.707,41.738,61.336,29.633,MEDIUM,6,1,170.0,0,0,1
2023,1,fp1,piastri,7,1,102.357,30.693,42.318,29.346,MEDIUM,7,1,311.0,0,0,0
2023,1,fp1,piastri,8,2,,,53.798,32.386,SOFT,1,1,197.0,0,0,0
2023,1,fp1,piastri,9,2,94.997,30.17,41.108,23.719,SOFT,2,1,310.0,1,0,1
2023,1,fp1,piastri,10,2,135.482,41.699,61.341,32.442,SOFT,3,1,245.0,0,0,1
2023,1,fp1,piastri,11,2,123.491,39.805,57.009,26.677,SOFT,4,1,313.0,0,0,1
2023,1,fp1,piastri,12,2,100.33,30.078,41.874,28.378,SOFT,5,1,309.0,0,0,0
2023,1,fp1,piastri,13,3,,,43.578,24.631,SOFT,6,0,203.0,0,0,0
2023,1,fp1,piastri,14,3,100.116,31.885,43.541,24.69,SOFT,7,0,286.0,0,0,1
2023,1,fp1,piastri,15,3,100.358,31.803,43.734,24.821,SOFT,8,0,285.0,0,0,1
2023,1,fp1,piastri,16,3,100.793,32.099,43.904,24.79,SOFT,9,0,285.0,0,0,1
2023,1,fp1,piastri,17,3,101.138,32.141,43.966,25.031,SOFT,10,0,289.0,0,0,1
2023,1,fp1,piastri,18,3,102.47,33.003,44.703,24.764,SOFT,11,0,294.0,0,0,1
2023,1,fp1,piastri,19,3,100.695,31.87,43.97,24.855,SOFT,12,0,292.0,0,0,1
2023,1,fp1,piastri,20,3,100.473,31.71,43.92,24.843,SOFT,13,0,291.0,0,0,1
2023,1,fp1,piastri,21,3,102.97,31.703,43.584,27.683,SOFT,14,0,292.0,0,0,0
2023,1,fp1,piastri,22,4,120.99,53.065,43.39,24.535,MEDIUM,8,0,211.0,0,0,0
2023,1,fp1,piastri,23,4,126.049,31.56,53.722,40.767,MEDIUM,9,0,290.0,0,0,1
2023,1,fp1,piastri,24,4,146.365,69.874,48.124,28.367,MEDIUM,10,0,260.0,0,0,0
