season,round,position,driver,constructor,q1,q2,q3
2000,1,1,Mika Häkkinen,McLaren,1:30.556,,
2000,1,2,David Coulthard,McLaren,1:30.910,,
2000,1,3,Michael Schumacher,Ferrari,1:31.075,,
2000,1,4,Rubens Barrichello,Ferrari,1:31.102,,
2000,1,5,Heinz-Harald Frentzen,Jordan,1:31.359,,
2000,1,6,Jarno Trulli,Jordan,1:31.504,,
2000,1,7,Eddie Irvine,Jaguar,1:31.514,,
2000,1,8,Jacques Villeneuve,BAR,1:31.968,,
2000,1,9,Giancarlo Fisichella,Benetton,1:31.992,,
2000,1,10,Mika Salo,Sauber,1:32.018,,
2000,1,11,Ralf Schumacher,Williams,1:32.220,,
2000,1,12,Pedro de la Rosa,Arrows,1:32.323,,
2000,1,13,Jos Verstappen,Arrows,1:32.477,,
2000,1,14,Alexander Wurz,Benetton,1:32.775,,
2000,1,15,Nick Heidfeld,Prost,1:33.024,,
2000,1,16,Ricardo Zonta,BAR,1:33.117,,
2000,1,17,Jean Alesi,Prost,1:33.197,,
2000,1,18,Marc Gené,Minardi,1:33.261,,
2000,1,19,Pedro Diniz,Sauber,1:33.378,,
2000,1,20,Johnny Herbert,Jaguar,1:33.638,,
2000,1,21,Jenson Button,Williams,1:33.828,,
2000,1,22,Gastón Mazzacane,Minardi,1:34.705,,
2000,3,1,Mika Häkkinen,McLaren,1:24.714,,
2000,3,2,Michael Schumacher,Ferrari,1:24.805,,
2000,3,3,David Coulthard,McLaren,1:25.014,,
2000,3,4,Rubens Barrichello,Ferrari,1:25.871,,
2000,3,5,Ralf Schumacher,Williams,1:25.871,,
2000,3,6,Heinz-Harald Frentzen,Jordan,1:25.892,,
2000,3,7,Eddie Irvine,Jaguar,1:25.929,,
2000,3,8,Jarno Trulli,Jordan,1:26.002,,
2000,3,9,Jacques Villeneuve,BAR,1:26.124,,
2000,3,10,Pedro Diniz,Sauber,1:26.238,,
2000,3,11,Alexander Wurz,Benetton,1:26.281,,
2000,3,12,Mika Salo,Sauber,1:26.336,,
2000,3,13,Pedro de la Rosa,Arrows,1:26.349,,
2000,3,14,Ricardo Zonta,BAR,1:26.814,,
2000,3,15,Jean Alesi,Prost,1:26.824,,
2000,3,16,Jos Verstappen,Arrows,1:26.845,,
2000,3,17,Johnny Herbert,Jaguar,1:27.051,,
2000,3,18,Jenson Button,Williams,1:27.135,,
2000,3,19,Giancarlo Fisichella,Benetton,1:27.253,,
2000,3,20,Gastón Mazzacane,Minardi,1:28.161,,
2000,3,21,Marc Gené,Minardi,1:28.333,,
2000,3,22,Nick Heidfeld,Prost,1:28.361,,
2000,4,1,Rubens Barrichello,Ferrari,1:25.703,,
2000,4,2,Heinz-Harald Frentzen,Jordan,1:25.706,,
2000,4,3,Mika Häkkinen,McLaren,1:25.741,,
2000,4,4,David Coulthard,McLaren,1:26.088,,
2000,4,5,Michael Schumacher,Ferrari,1:26.161,,
2000,4,6,Jenson Button,Williams,1:26.733,,
2000,4,7,Ralf Schumacher,Williams,1:26.786,,
2000,4,8,Jos Verstappen,Arrows,1:26.793,,
2000,4,9,Eddie Irvine,Jaguar,1:26.818,,
2000,4,10,Jacques Villeneuve,BAR,1:27.025,,
2000,4,11,Jarno Trulli,Jordan,1:27.164,,
2000,4,12,Giancarlo Fisichella,Benetton,1:27.253,,
2000,4,13,Pedro Diniz,Sauber,1:27.301,,
2000,4,14,Johnny Herbert,Jaguar,1:27.461,,
2000,4,15,Jean Alesi,Prost,1:27.559,,
2000,4,16,Ricardo Zonta,BAR,1:27.772,,
2000,4,17,Nick Heidfeld,Prost,1:27.806,,
2000,4,18,Mika Salo,Sauber,1:28.110,,
2000,4,19,Pedro de la Rosa,Arrows,1:28.135,,
2000,4,20,Alexander Wurz,Benetton,1:28.205,,
2000,4,21,Marc Gené,Minardi,1:28.253,,
2000,4,22,Gastón Mazzacane,Minardi,1:29.174,,
2000,16,1,Michael Schumacher,Ferrari,1:35.825,,
2000,16,2,Mika Häkkinen,McLaren,1:35.834,,
2000,16,3,David Coulthard,McLaren,1:36.236,,
2000,16,4,Rubens Barrichello,Ferrari,1:36.330,,
2000,16,5,Jenson Button,Williams,1:36.628,,
2000,16,6,Ralf Schumacher,Williams,1:36.788,,
2000,16,7,Eddie Irvine,Jaguar,1:36.899,,
2000,16,8,Heinz-Harald Frentzen,Jordan,1:37.243,,
2000,16,9,Jacques Villeneuve,BAR,1:37.267,,
2000,16,10,Johnny Herbert,Jaguar,1:37.329,,
2000,16,11,Alexander Wurz,Benetton,1:37.348,,
2000,16,12,Giancarlo Fisichella,Benetton,1:37.479,,
2000,16,13,Pedro de la Rosa,Arrows,1:37.652,,
2000,16,14,Jos Verstappen,Arrows,1:37.674,,
2000,16,15,Jarno Trulli,Jordan,1:37.679,,
2000,16,16,Nick Heidfeld,Prost,1:38.141,,
2000,16,17,Jean Alesi,Prost,1:38.209,,
2000,16,18,Ricardo Zonta,BAR,1:38.269,,
2000,16,19,Mika Salo,Sauber,1:38.490,,
2000,16,20,Pedro Diniz,Sauber,1:38.576,,
2000,16,21,Marc Gené,Minardi,1:39.972,,
2000,16,22,Gastón Mazzacane,Minardi,1:40.462,,
2001,16,1,Michael Schumacher,Ferrari,1:11.708,,
2001,16,2,Ralf Schumacher,Williams,1:11.986,,
2001,16,3,Juan Pablo Montoya,Williams,1:12.252,,
2001,16,4,Mika Häkkinen,McLaren,1:12.309,,
2001,16,5,Rubens Barrichello,Ferrari,1:12.327,,
2001,16,6,Nick Heidfeld,Sauber,1:12.434,,
2001,16,7,David Coulthard,McLaren,1:12.500,,
2001,16,8,Jarno Trulli,Jordan,1:12.605,,
2001,16,9,Jean Alesi,Jordan,1:12.607,,
2001,16,10,Jenson Button,Benetton,1:12.805,,
2001,16,11,Kimi Räikkönen,Sauber,1:12.881,,
2001,16,12,Giancarlo Fisichella,Benetton,1:12.942,,
2001,16,13,Olivier Panis,BAR,1:13.122,,
2001,16,14,Eddie Irvine,Jaguar,1:13.189,,
2001,16,15,Heinz-Harald Frentzen,Prost,1:13.281,,
2001,16,16,Pedro de la Rosa,Jaguar,1:13.679,,
2001,16,17,Fernando Alonso,Minardi,1:13.991,,
2001,16,18,Jacques Villeneuve,BAR,1:14.012,,
2001,16,19,Enrique Bernoldi,Arrows,1:14.129,,
2001,16,20,Jos Verstappen,Arrows,1:14.138,,
2001,16,21,Tomáš Enge,Prost,1:14.185,,
2001,16,22,Alex Yoong,Minardi,1:15.247,,
2002,2,1,Michael Schumacher,Ferrari,1:35.266,,
2002,2,2,Juan Pablo Montoya,Williams,1:35.497,,
2002,2,3,Rubens Barrichello,Ferrari,1:35.891,,
2002,2,4,Ralf Schumacher,Williams,1:36.028,,
2002,2,5,Kimi Räikkönen,McLaren,1:36.468,,
2002,2,6,David Coulthard,McLaren,1:36.477,,
2002,2,7,Nick Heidfeld,Sauber,1:37.199,,
2002,2,8,Jenson Button,Renault,1:37.245,,
2002,2,9,Giancarlo Fisichella,Jordan,1:37.536,,
2002,2,10,Mika Salo,Toyota,1:37.694,,
2002,2,11,Heinz-Harald Frentzen,Arrows,1:37.919,,
2002,2,12,Jarno Trulli,Renault,1:37.920,,
2002,2,13,Jacques Villeneuve,BAR,1:38.039,,
2002,2,14,Felipe Massa,Sauber,1:38.057,,
2002,2,15,Takuma Sato,Jordan,1:38.141,,
2002,2,16,Enrique Bernoldi,Arrows,1:38.284,,
2002,2,17,Pedro de la Rosa,Jaguar,1:38.374,,
2002,2,18,Olivier Panis,BAR,1:38.390,,
2002,2,19,Allan McNish,Toyota,1:38.959,,
2002,2,20,Eddie Irvine,Jaguar,1:39.121,,
2002,2,21,Mark Webber,Minardi,1:39.454,,
2002,2,22,Alex Yoong,Minardi,1:40.158,,
2002,17,1,Michael Schumacher,Ferrari,1:31.317,,
2002,17,2,Rubens Barrichello,Ferrari,1:31.749,,
2002,17,3,David Coulthard,McLaren,1:32.088,,
2002,17,4,Kimi Räikkönen,McLaren,1:32.197,,
2002,17,5,Ralf Schumacher,Williams,1:32.444,,
2002,17,6,Juan Pablo Montoya,Williams,1:32.507,,
2002,17,7,Takuma Sato,Jordan,1:33.090,,
2002,17,8,Giancarlo Fisichella,Jordan,1:33.276,,
2002,17,9,Jacques Villeneuve,BAR,1:33.349,,
2002,17,10,Jenson Button,Renault,1:33.429,,
2002,17,11,Jarno Trulli,Renault,1:33.547,,
2002,17,12,Nick Heidfeld,Sauber,1:33.553,,
2002,17,13,Mika Salo,Toyota,1:33.742,,
2002,17,14,Eddie Irvine,Jaguar,1:33.915,,
2002,17,15,Felipe Massa,Sauber,1:33.979,,
2002,17,16,Olivier Panis,BAR,1:34.192,,
2002,17,17,Pedro de la Rosa,Jaguar,1:34.227,,
2002,17,18,Allan McNish,Toyota,1:35.191,,
2002,17,19,Mark Webber,Minardi,1:35.958,,
2002,17,20,Alex Yoong,Minardi,1:36.267,,
2003,1,1,Michael Schumacher,Ferrari,1:27.173,,
2003,1,2,Rubens Barrichello,Ferrari,1:27.418,,
2003,1,3,Juan Pablo Montoya,Williams,1:28.101,,
2003,1,4,Heinz-Harald Frentzen,Sauber,1:28.274,,
2003,1,5,Olivier Panis,Toyota,1:28.288,,
2003,1,6,Jacques Villeneuve,BAR,1:28.420,,
2003,1,7,Nick Heidfeld,Sauber,1:28.464,,
2003,1,8,Jenson Button,BAR,1:28.682,,
2003,1,9,Ralf Schumacher,Williams,1:28.830,,
2003,1,10,Fernando Alonso,Renault,1:28.928,,
2003,1,11,David Coulthard,McLaren,1:29.105,,
2003,1,12,Jarno Trulli,Renault,1:29.136,,
2003,1,13,Giancarlo Fisichella,Jordan,1:29.344,,
2003,1,14,Mark Webber,Jaguar,1:29.367,,
2003,1,15,Kimi Räikkönen,McLaren,1:29.470,,
2003,1,16,Cristiano da Matta,Toyota,1:29.538,,
2003,1,17,Ralph Firman,Jordan,1:31.242,,
2003,1,18,Antônio Pizzonia,Jaguar,1:31.723,,
2003,1,19,Justin Wilson,Minardi,,,
2003,1,20,Jos Verstappen,Minardi,,,
2003,2,1,Fernando Alonso,Renault,1:37.044,,
2003,2,2,Jarno Trulli,Renault,1:37.217,,
2003,2,3,Michael Schumacher,Ferrari,1:37.393,,
2003,2,4,David Coulthard,McLaren,1:37.454,,
2003,2,5,Rubens Barrichello,Ferrari,1:37.579,,
2003,2,6,Nick Heidfeld,Sauber,1:37.766,,
2003,2,7,Kimi Räikkönen,McLaren,1:37.858,,
2003,2,8,Juan Pablo Montoya,Williams,1:37.974,,
2003,2,9,Jenson Button,BAR,1:38.073,,
2003,2,10,Olivier Panis,Toyota,1:38.094,,
2003,2,11,Cristiano da Matta,Toyota,1:38.097,,
2003,2,12,Jacques Villeneuve,BAR,1:38.289,,
2003,2,13,Heinz-Harald Frentzen,Sauber,1:38.291,,
2003,2,14,Giancarlo Fisichella,Jordan,1:38.416,,
2003,2,15,Antônio Pizzonia,Jaguar,1:38.516,,
2003,2,16,Mark Webber,Jaguar,1:38.624,,
2003,2,17,Ralf Schumacher,Williams,1:38.789,,
2003,2,18,Jos Verstappen,Minardi,1:40.417,,
2003,2,19,Justin Wilson,Minardi,1:40.599,,
2003,2,20,Ralph Firman,Jordan,1:40.910,,
2003,3,1,Rubens Barrichello,Ferrari,1:13.807,,
2003,3,2,David Coulthard,McLaren,1:13.818,,
2003,3,3,Mark Webber,Jaguar,1:13.851,,
2003,3,4,Kimi Räikkönen,McLaren,1:13.866,,
2003,3,5,Jarno Trulli,Renault,1:13.953,,
2003,3,6,Ralf Schumacher,Williams,1:14.124,,
2003,3,7,Michael Schumacher,Ferrari,1:14.130,,
2003,3,8,Giancarlo Fisichella,Jordan,1:14.191,,
2003,3,9,Juan Pablo Montoya,Williams,1:14.223,,
2003,3,10,Fernando Alonso,Renault,1:14.384,,
2003,3,11,Jenson Button,BAR,1:14.504,,
2003,3,12,Nick Heidfeld,Sauber,1:14.631,,
2003,3,13,Jacques Villeneuve,BAR,1:14.668,,
2003,3,14,Heinz-Harald Frentzen,Sauber,1:14.839,,
2003,3,15,Olivier Panis,Toyota,1:14.839,,
2003,3,16,Ralph Firman,Jordan,1:15.240,,
2003,3,17,Antônio Pizzonia,Jaguar,1:15.317,,
2003,3,18,Cristiano da Matta,Toyota,1:15.641,,
2003,3,19,Jos Verstappen,Minardi,1:16.542,,
2003,3,20,Justin Wilson,Minardi,1:16.586,,
2003,4,1,Michael Schumacher,Ferrari,1:22.327,,
2003,4,2,Ralf Schumacher,Williams,1:22.341,,
2003,4,3,Rubens Barrichello,Ferrari,1:22.557,,
2003,4,4,Juan Pablo Montoya,Williams,1:22.789,,
2003,4,5,Mark Webber,Jaguar,1:23.015,,
2003,4,6,Kimi Räikkönen,McLaren,1:23.148,,
2003,4,7,Jacques Villeneuve,BAR,1:23.160,,
2003,4,8,Fernando Alonso,Renault,1:23.169,,
2003,4,9,Jenson Button,BAR,1:23.381,,
2003,4,10,Olivier Panis,Toyota,1:23.460,,
2003,4,11,Nick Heidfeld,Sauber,1:23.700,,
2003,4,12,David Coulthard,McLaren,1:23.818,,
2003,4,13,Cristiano da Matta,Toyota,1:23.838,,
2003,4,14,Heinz-Harald Frentzen,Sauber,1:23.932,,
2003,4,15,Antônio Pizzonia,Jaguar,1:24.147,,
2003,4,16,Jarno Trulli,Renault,1:24.190,,
2003,4,17,Giancarlo Fisichella,Jordan,1:24.317,,
2003,4,18,Justin Wilson,Minardi,1:25.826,,
2003,4,19,Ralph Firman,Jordan,1:26.357,,
2003,4,20,Jos Verstappen,Minardi,,,
2003,5,1,Michael Schumacher,Ferrari,1:17.762,,
2003,5,2,Rubens Barrichello,Ferrari,1:18.020,,
2003,5,3,Fernando Alonso,Renault,1:18.233,,
2003,5,4,Jarno Trulli,Renault,1:18.615,,
2003,5,5,Jenson Button,BAR,1:18.704,,
2003,5,6,Olivier Panis,Toyota,1:18.811,,
2003,5,7,Ralf Schumacher,Williams,1:19.006,,
2003,5,8,David Coulthard,McLaren,1:19.128,,
2003,5,9,Juan Pablo Montoya,Williams,1:19.377,,
2003,5,10,Heinz-Harald Frentzen,Sauber,1:19.427,,
2003,5,11,Jacques Villeneuve,BAR,1:19.563,,
2003,5,12,Mark Webber,Jaguar,1:19.615,,
2003,5,13,Cristiano da Matta,Toyota,1:19.623,,
2003,5,14,Nick Heidfeld,Sauber,1:19.646,,
2003,5,15,Ralph Firman,Jordan,1:20.215,,
2003,5,16,Antônio Pizzonia,Jaguar,1:20.308,,
2003,5,17,Giancarlo Fisichella,Jordan,1:20.976,,
2003,5,18,Justin Wilson,Minardi,1:22.104,,
2003,5,19,Jos Verstappen,Minardi,1:22.237,,
2003,5,20,Kimi Räikkönen,McLaren,,,
2003,6,1,Michael Schumacher,Ferrari,1:09.150,,
2003,6,2,Kimi Räikkönen,McLaren,1:09.189,,
2003,6,3,Juan Pablo Montoya,Williams,1:09.391,,
2003,6,4,Nick Heidfeld,Sauber,1:09.725,,
2003,6,5,Rubens Barrichello,Ferrari,1:09.784,,
2003,6,6,Jarno Trulli,Renault,1:09.890,,
2003,6,7,Jenson Button,BAR,1:09.935,,
2003,6,8,Antônio Pizzonia,Jaguar,1:10.045,,
2003,6,9,Giancarlo Fisichella,Jordan,1:10.105,,
2003,6,10,Ralf Schumacher,Williams,1:10.279,,
2003,6,11,Olivier Panis,Toyota,1:10.402,,
2003,6,12,Jacques Villeneuve,BAR,1:10.618,,
2003,6,13,Cristiano da Matta,Toyota,1:10.834,,
2003,6,14,David Coulthard,McLaren,1:10.893,,
2003,6,15,Heinz-Harald Frentzen,Sauber,1:11.307,,
2003,6,16,Ralph Firman,Jordan,1:11.505,,
2003,6,17,Mark Webber,Jaguar,1:11.662,,
2003,6,18,Justin Wilson,Minardi,1:14.508,,
2003,6,19,Fernando Alonso,Renault,1:20.113,,
2003,6,20,Jos Verstappen,Minardi,,,
2003,7,1,Ralf Schumacher,Williams,1:15.259,,
2003,7,2,Kimi Räikkönen,McLaren,1:15.295,,
2003,7,3,Juan Pablo Montoya,Williams,1:15.415,,
2003,7,4,Jarno Trulli,Renault,1:15.500,,
2003,7,5,Michael Schumacher,Ferrari,1:15.644,,
2003,7,6,David Coulthard,McLaren,1:15.700,,
2003,7,7,Rubens Barrichello,Ferrari,1:15.820,,
2003,7,8,Fernando Alonso,Renault,1:15.884,,
2003,7,9,Mark Webber,Jaguar,1:16.237,,
2003,7,10,Cristiano da Matta,Toyota,1:16.744,,
2003,7,11,Jacques Villeneuve,BAR,1:16.755,,
2003,7,12,Giancarlo Fisichella,Jordan,1:16.967,,
2003,7,13,Antônio Pizzonia,Jaguar,1:17.103,,
2003,7,14,Nick Heidfeld,Sauber,1:17.176,,
2003,7,15,Heinz-Harald Frentzen,Sauber,1:17.402,,
2003,7,16,Ralph Firman,Jordan,1:17.452,,
2003,7,17,Olivier Panis,Toyota,1:17.464,,
2003,7,18,Jos Verstappen,Minardi,1:18.706,,
2003,7,19,Justin Wilson,Minardi,1:20.063,,
2003,7,20,Jenson Button,BAR,,,
2003,8,1,Ralf Schumacher,Williams,1:15.529,,
2003,8,2,Juan Pablo Montoya,Williams,1:15.923,,
2003,8,3,Michael Schumacher,Ferrari,1:16.047,,
2003,8,4,Fernando Alonso,Renault,1:16.048,,
2003,8,5,Rubens Barrichello,Ferrari,1:16.143,,
2003,8,6,Mark Webber,Jaguar,1:16.182,,
2003,8,7,Olivier Panis,Toyota,1:16.598,,
2003,8,8,Jarno Trulli,Renault,1:16.718,,
2003,8,9,Cristiano da Matta,Toyota,1:16.826,,
2003,8,10,Heinz-Harald Frentzen,Sauber,1:16.939,,
2003,8,11,David Coulthard,McLaren,1:17.024,,
2003,8,12,Nick Heidfeld,Sauber,1:17.086,,
2003,8,13,Antônio Pizzonia,Jaguar,1:17.337,,
2003,8,14,Jacques Villeneuve,BAR,1:17.347,,
2003,8,15,Jos Verstappen,Minardi,1:18.014,,
2003,8,16,Giancarlo Fisichella,Jordan,1:18.036,,
2003,8,17,Jenson Button,BAR,1:18.205,,
2003,8,18,Justin Wilson,Minardi,1:18.560,,
2003,8,19,Ralph Firman,Jordan,1:18.692,,
2003,8,20,Kimi Räikkönen,McLaren,,,
2003,9,1,Kimi Räikkönen,McLaren,1:31.523,,
2003,9,2,Michael Schumacher,Ferrari,1:31.555,,
2003,9,3,Ralf Schumacher,Williams,1:31.619,,
2003,9,4,Juan Pablo Montoya,Williams,1:31.765,,
2003,9,5,Rubens Barrichello,Ferrari,1:31.780,,
2003,9,6,Jarno Trulli,Renault,1:31.976,,
2003,9,7,Olivier Panis,Toyota,1:32.350,,
2003,9,8,Fernando Alonso,Renault,1:32.424,,
2003,9,9,David Coulthard,McLaren,1:32.742,,
2003,9,10,Cristiano da Matta,Toyota,1:32.949,,
2003,9,11,Mark Webber,Jaguar,1:33.066,,
2003,9,12,Jenson Button,BAR,1:33.395,,
2003,9,13,Giancarlo Fisichella,Jordan,1:33.553,,
2003,9,14,Ralph Firman,Jordan,1:33.827,,
2003,9,15,Heinz-Harald Frentzen,Sauber,1:34.000,,
2003,9,16,Antônio Pizzonia,Jaguar,1:34.159,,
2003,9,17,Jacques Villeneuve,BAR,1:34.596,,
2003,9,18,Jos Verstappen,Minardi,1:36.318,,
2003,9,19,Justin Wilson,Minardi,1:36.485,,
2003,9,20,Nick Heidfeld,Sauber,,,
2003,10,1,Ralf Schumacher,Williams,1:15.019,,
2003,10,2,Juan Pablo Montoya,Williams,1:15.136,,
2003,10,3,Michael Schumacher,Ferrari,1:15.480,,
2003,10,4,Kimi Räikkönen,McLaren,1:15.533,,
2003,10,5,David Coulthard,McLaren,1:15.628,,
2003,10,6,Jarno Trulli,Renault,1:15.967,,
2003,10,7,Fernando Alonso,Renault,1:16.087,,
2003,10,8,Rubens Barrichello,Ferrari,1:16.166,,
2003,10,9,Mark Webber,Jaguar,1:16.308,,
2003,10,10,Olivier Panis,Toyota,1:16.345,,
2003,10,11,Antônio Pizzonia,Jaguar,1:16.965,,
2003,10,12,Jacques Villeneuve,BAR,1:16.990,,
2003,10,13,Cristiano da Matta,Toyota,1:17.068,,
2003,10,14,Jenson Button,BAR,1:17.077,,
2003,10,15,Nick Heidfeld,Sauber,1:17.445,,
2003,10,16,Heinz-Harald Frentzen,Sauber,1:17.562,,
2003,10,17,Giancarlo Fisichella,Jordan,1:18.431,,
2003,10,18,Ralph Firman,Jordan,1:18.514,,
2003,10,19,Jos Verstappen,Minardi,1:18.709,,
2003,10,20,Justin Wilson,Minardi,1:19.619,,
2003,11,1,Rubens Barrichello,Ferrari,1:21.209,,
2003,11,2,Jarno Trulli,Renault,1:21.381,,
2003,11,3,Kimi Räikkönen,McLaren,1:21.695,,
2003,11,4,Ralf Schumacher,Williams,1:21.727,,
2003,11,5,Michael Schumacher,Ferrari,1:21.867,,
2003,11,6,Cristiano da Matta,Toyota,1:22.081,,
2003,11,7,Juan Pablo Montoya,Williams,1:22.214,,
2003,11,8,Fernando Alonso,Renault,1:22.404,,
2003,11,9,Jacques Villeneuve,BAR,1:22.591,,
2003,11,10,Antônio Pizzonia,Jaguar,1:22.634,,
2003,11,11,Mark Webber,Jaguar,1:22.647,,
2003,11,12,David Coulthard,McLaren,1:22.811,,
2003,11,13,Olivier Panis,Toyota,1:23.042,,
2003,11,14,Heinz-Harald Frentzen,Sauber,1:23.187,,
2003,11,15,Giancarlo Fisichella,Jordan,1:23.574,,
2003,11,16,Nick Heidfeld,Sauber,1:23.844,,
2003,11,17,Ralph Firman,Jordan,1:24.385,,
2003,11,18,Justin Wilson,Minardi,1:25.468,,
2003,11,19,Jos Verstappen,Minardi,1:25.759,,
2003,11,20,Jenson Button,BAR,,,
2003,12,1,Juan Pablo Montoya,Williams,1:15.167,,
2003,12,2,Ralf Schumacher,Williams,1:15.185,,
2003,12,3,Rubens Barrichello,Ferrari,1:15.488,,
2003,12,4,Jarno Trulli,Renault,1:15.679,,
2003,12,5,Kimi Räikkönen,McLaren,1:15.874,,
2003,12,6,Michael Schumacher,Ferrari,1:15.898,,
2003,12,7,Olivier Panis,Toyota,1:16.034,,
2003,12,8,Fernando Alonso,Renault,1:16.483,,
2003,12,9,Cristiano da Matta,Toyota,1:16.550,,
2003,12,10,David Coulthard,McLaren,1:16.666,,
2003,12,11,Mark Webber,Jaguar,1:16.775,,
2003,12,12,Giancarlo Fisichella,Jordan,1:16.831,,
2003,12,13,Jacques Villeneuve,BAR,1:17.090,,
2003,12,14,Heinz-Harald Frentzen,Sauber,1:17.169,,
2003,12,15,Nick Heidfeld,Sauber,1:17.557,,
2003,12,16,Justin Wilson,Jaguar,1:18.021,,
2003,12,17,Jenson Button,BAR,1:18.085,,
2003,12,18,Ralph Firman,Jordan,1:18.341,,
2003,12,19,Jos Verstappen,Minardi,1:19.023,,
2003,12,20,Nicolas Kiesa,Minardi,1:19.174,,
2003,13,1,Fernando Alonso,Renault,1:21.688,,
2003,13,2,Ralf Schumacher,Williams,1:21.944,,
2003,13,3,Mark Webber,Jaguar,1:22.027,,
2003,13,4,Juan Pablo Montoya,Williams,1:22.180,,
2003,13,5,Rubens Barrichello,Ferrari,1:22.180,,
2003,13,6,Jarno Trulli,Renault,1:22.610,,
2003,13,7,Kimi Räikkönen,McLaren,1:22.742,,
2003,13,8,Michael Schumacher,Ferrari,1:22.755,,
2003,13,9,David Coulthard,McLaren,1:23.060,,
2003,13,10,Olivier Panis,Toyota,1:23.369,,
2003,13,11,Nick Heidfeld,Sauber,1:23.621,,
2003,13,12,Justin Wilson,Jaguar,1:23.660,,
2003,13,13,Giancarlo Fisichella,Jordan,1:23.726,,
2003,13,14,Jenson Button,BAR,1:23.847,,
2003,13,15,Cristiano da Matta,Toyota,1:23.982,,
2003,13,16,Jacques Villeneuve,BAR,1:24.100,,
2003,13,17,Heinz-Harald Frentzen,Sauber,1:24.569,,
2003,13,18,Jos Verstappen,Minardi,1:26.423,,
2003,13,19,Zsolt Baumgartner,Jordan,1:26.678,,
2003,13,20,Nicolas Kiesa,Minardi,1:28.907,,
2003,14,1,Michael Schumacher,Ferrari,1:20.963,,
2003,14,2,Juan Pablo Montoya,Williams,1:21.014,,
2003,14,3,Rubens Barrichello,Ferrari,1:21.242,,
2003,14,4,Kimi Räikkönen,McLaren,1:21.466,,
2003,14,5,Marc Gené,Williams,1:21.834,,
2003,14,6,Jarno Trulli,Renault,1:21.944,,
2003,14,7,Jenson Button,BAR,1:22.301,,
2003,14,8,David Coulthard,McLaren,1:22.471,,
2003,14,9,Olivier Panis,Toyota,1:22.488,,
2003,14,10,Jacques Villeneuve,BAR,1:22.717,,
2003,14,11,Mark Webber,Jaguar,1:22.754,,
2003,14,12,Cristiano da Matta,Toyota,1:22.914,,
2003,14,13,Giancarlo Fisichella,Jordan,1:22.992,,
2003,14,14,Heinz-Harald Frentzen,Sauber,1:23.216,,
2003,14,15,Justin Wilson,Jaguar,1:23.484,,
2003,14,16,Nick Heidfeld,Sauber,1:23.803,,
2003,14,17,Jos Verstappen,Minardi,1:25.078,,
2003,14,18,Zsolt Baumgartner,Jordan,1:25.881,,
2003,14,19,Nicolas Kiesa,Minardi,1:26.778,,
2003,14,20,Fernando Alonso,Renault,1:40.405,,
2003,15,1,Kimi Räikkönen,McLaren,1:11.670,,
2003,15,2,Rubens Barrichello,Ferrari,1:11.794,,
2003,15,3,Olivier Panis,Toyota,1:11.920,,
2003,15,4,Juan Pablo Montoya,Williams,1:11.948,,
2003,15,5,Ralf Schumacher,Williams,1:12.078,,
2003,15,6,Fernando Alonso,Renault,1:12.087,,
2003,15,7,Michael Schumacher,Ferrari,1:12.194,,
2003,15,8,David Coulthard,McLaren,1:12.297,,
2003,15,9,Cristiano da Matta,Toyota,1:12.326,,
2003,15,10,Jarno Trulli,Renault,1:12.566,,
2003,15,11,Jenson Button,BAR,1:12.695,,
2003,15,12,Jacques Villeneuve,BAR,1:13.050,,
2003,15,13,Nick Heidfeld,Sauber,1:13.083,,
2003,15,14,Mark Webber,Jaguar,1:13.269,,
2003,15,15,Heinz-Harald Frentzen,Sauber,1:13.447,,
2003,15,16,Justin Wilson,Jaguar,1:13.585,,
2003,15,17,Giancarlo Fisichella,Jordan,1:13.798,,
2003,15,18,Ralph Firman,Jordan,1:14.027,,
2003,15,19,Jos Verstappen,Minardi,1:15.360,,
2003,15,20,Nicolas Kiesa,Minardi,1:15.644,,
2003,16,1,Rubens Barrichello,Ferrari,1:31.713,,
2003,16,2,Juan Pablo Montoya,Williams,1:32.412,,
2003,16,3,Cristiano da Matta,Toyota,1:32.419,,
2003,16,4,Olivier Panis,Toyota,1:32.862,,
2003,16,5,Fernando Alonso,Renault,1:33.044,,
2003,16,6,Mark Webber,Jaguar,1:33.106,,
2003,16,7,David Coulthard,McLaren,1:33.137,,
2003,16,8,Kimi Räikkönen,McLaren,1:33.272,,
2003,16,9,Jenson Button,BAR,1:33.474,,
2003,16,10,Justin Wilson,Jaguar,1:33.558,,
2003,16,11,Nick Heidfeld,Sauber,1:33.632,,
2003,16,12,Heinz-Harald Frentzen,Sauber,1:33.896,,
2003,16,13,Takuma Sato,BAR,1:33.924,,
2003,16,14,Michael Schumacher,Ferrari,1:34.302,,
2003,16,15,Ralph Firman,Jordan,1:34.771,,
2003,16,16,Giancarlo Fisichella,Jordan,1:34.912,,
2003,16,17,Jos Verstappen,Minardi,1:34.975,,
2003,16,18,Nicolas Kiesa,Minardi,1:37.226,,
2003,16,19,Ralf Schumacher,Williams,,,
2003,16,20,Jarno Trulli,Renault,,,
2004,1,1,Michael Schumacher,Ferrari,1:24.408,,
2004,1,2,Rubens Barrichello,Ferrari,1:24.482,,
2004,1,3,Juan Pablo Montoya,Williams,1:24.998,,
2004,1,4,Jenson Button,BAR,1:24.998,,
2004,1,5,Fernando Alonso,Renault,1:25.699,,
2004,1,6,Mark Webber,Jaguar,1:25.805,,
2004,1,7,Takuma Sato,BAR,1:25.851,,
2004,1,8,Ralf Schumacher,Williams,1:25.925,,
2004,1,9,Jarno Trulli,Renault,1:26.290,,
2004,1,10,Kimi Räikkönen,McLaren,1:26.297,,
2004,1,11,Felipe Massa,Sauber,1:27.065,,
2004,1,12,David Coulthard,McLaren,1:27.294,,
2004,1,13,Cristiano da Matta,Toyota,1:27.823,,
2004,1,14,Giancarlo Fisichella,Sauber,1:27.845,,
2004,1,15,Nick Heidfeld,Jordan,1:28.178,,
2004,1,16,Giorgio Pantano,Jordan,1:30.140,,
2004,1,17,Zsolt Baumgartner,Minardi,1:30.681,,
2004,1,18,Olivier Panis,Toyota,,,
2004,1,19,Christian Klien,Jaguar,,,
2004,1,20,Gianmaria Bruni,Minardi,,,
2004,2,1,Michael Schumacher,Ferrari,1:33.074,,
2004,2,2,Mark Webber,Jaguar,1:33.715,,
2004,2,3,Rubens Barrichello,Ferrari,1:33.756,,
2004,2,4,Juan Pablo Montoya,Williams,1:34.054,,
2004,2,5,Kimi Räikkönen,McLaren,1:34.164,,
2004,2,6,Jenson Button,BAR,1:34.221,,
2004,2,7,Ralf Schumacher,Williams,1:34.235,,
2004,2,8,Jarno Trulli,Renault,1:34.413,,
2004,2,9,David Coulthard,McLaren,1:34.602,,
2004,2,10,Cristiano da Matta,Toyota,1:34.917,,
2004,2,11,Felipe Massa,Sauber,1:35.039,,
2004,2,12,Giancarlo Fisichella,Sauber,1:35.061,,
2004,2,13,Christian Klien,Jaguar,1:35.158,,
2004,2,14,Olivier Panis,Toyota,1:35.617,,
2004,2,15,Nick Heidfeld,Jordan,1:36.569,,
2004,2,16,Gianmaria Bruni,Minardi,1:38.577,,
2004,2,17,Zsolt Baumgartner,Minardi,1:39.272,,
2004,2,18,Giorgio Pantano,Jordan,1:39.902,,
2004,2,19,Fernando Alonso,Renault,,,
2004,2,20,Takuma Sato,BAR,,,
2004,3,1,Michael Schumacher,Ferrari,1:30.139,,
2004,3,2,Rubens Barrichello,Ferrari,1:30.530,,
2004,3,3,Juan Pablo Montoya,Williams,1:30.581,,
2004,3,4,Ralf Schumacher,Williams,1:30.633,,
2004,3,5,Takuma Sato,BAR,1:30.827,,
2004,3,6,Jenson Button,BAR,1:30.856,,
2004,3,7,Jarno Trulli,Renault,1:30.971,,
2004,3,8,Olivier Panis,Toyota,1:31.686,,
2004,3,9,Cristiano da Matta,Toyota,1:31.717,,
2004,3,10,David Coulthard,McLaren,1:31.719,,
2004,3,11,Giancarlo Fisichella,Sauber,1:31.731,,
2004,3,12,Christian Klien,Jaguar,1:32.332,,
2004,3,13,Felipe Massa,Sauber,1:32.536,,
2004,3,14,Mark Webber,Jaguar,1:32.625,,
2004,3,15,Nick Heidfeld,Jordan,1:33.506,,
2004,3,16,Giorgio Pantano,Jordan,1:34.105,,
2004,3,17,Fernando Alonso,Renault,1:34.130,,
2004,3,18,Gianmaria Bruni,Minardi,1:34.584,,
2004,3,19,Zsolt Baumgartner,Minardi,1:35.787,,
2004,3,20,Kimi Räikkönen,McLaren,,,
2004,4,1,Jenson Button,BAR,1:19.753,,
2004,4,2,Michael Schumacher,Ferrari,1:20.011,,
2004,4,3,Juan Pablo Montoya,Williams,1:20.212,,
2004,4,4,Rubens Barrichello,Ferrari,1:20.451,,
2004,4,5,Ralf Schumacher,Williams,1:20.538,,
2004,4,6,Fernando Alonso,Renault,1:20.895,,
2004,4,7,Takuma Sato,BAR,1:20.913,,
2004,4,8,Mark Webber,Jaguar,1:20.921,,
2004,4,9,Jarno Trulli,Renault,1:21.034,,
2004,4,10,Cristiano da Matta,Toyota,1:21.087,,
2004,4,11,David Coulthard,McLaren,1:21.091,,
2004,4,12,Felipe Massa,Sauber,1:21.532,,
2004,4,13,Olivier Panis,Toyota,1:21.558,,
2004,4,14,Christian Klien,Jaguar,1:21.949,,
2004,4,15,Giorgio Pantano,Jordan,1:23.352,,
2004,4,16,Nick Heidfeld,Jordan,1:23.488,,
2004,4,17,Gianmaria Bruni,Minardi,1:26.899,,
2004,4,18,Zsolt Baumgartner,Minardi,1:46.299,,
2004,4,19,Giancarlo Fisichella,Sauber,,,
2004,4,20,Kimi Räikkönen,McLaren,,,
2004,5,1,Michael Schumacher,Ferrari,1:15.022,,
2004,5,2,Juan Pablo Montoya,Williams,1:15.639,,
2004,5,3,Takuma Sato,BAR,1:15.809,,
2004,5,4,Jarno Trulli,Renault,1:16.144,,
2004,5,5,Rubens Barrichello,Ferrari,1:16.272,,
2004,5,6,Ralf Schumacher,Williams,1:16.293,,
2004,5,7,Olivier Panis,Toyota,1:16.313,,
2004,5,8,Fernando Alonso,Renault,1:16.422,,
2004,5,9,Mark Webber,Jaguar,1:16.514,,
2004,5,10,David Coulthard,McLaren,1:16.636,,
2004,5,11,Cristiano da Matta,Toyota,1:17.038,,
2004,5,12,Giancarlo Fisichella,Sauber,1:17.444,,
2004,5,13,Kimi Räikkönen,McLaren,1:17.445,,
2004,5,14,Jenson Button,BAR,1:17.575,,
2004,5,15,Nick Heidfeld,Jordan,1:17.802,,
2004,5,16,Christian Klien,Jaguar,1:17.812,,
2004,5,17,Felipe Massa,Sauber,1:17.866,,
2004,5,18,Gianmaria Bruni,Minardi,1:19.817,,
2004,5,19,Giorgio Pantano,Jordan,1:20.607,,
2004,5,20,Zsolt Baumgartner,Minardi,1:21.470,,
2004,6,1,Jarno Trulli,Renault,1:13.985,,
2004,6,2,Ralf Schumacher,Williams,1:14.345,,
2004,6,3,Jenson Button,BAR,1:14.396,,
2004,6,4,Fernando Alonso,Renault,1:14.408,,
2004,6,5,Michael Schumacher,Ferrari,1:14.516,,
2004,6,6,Kimi Räikkönen,McLaren,1:14.592,,
2004,6,7,Rubens Barrichello,Ferrari,1:14.716,,
2004,6,8,Takuma Sato,BAR,1:14.827,,
2004,6,9,David Coulthard,McLaren,1:14.951,,
2004,6,10,Juan Pablo Montoya,Williams,1:15.039,,
2004,6,11,Giancarlo Fisichella,Sauber,1:15.352,,
2004,6,12,Mark Webber,Jaguar,1:15.725,,
2004,6,13,Olivier Panis,Toyota,1:15.859,,
2004,6,14,Christian Klien,Jaguar,1:15.919,,
2004,6,15,Cristiano da Matta,Toyota,1:16.169,,
2004,6,16,Felipe Massa,Sauber,1:16.248,,
2004,6,17,Nick Heidfeld,Jordan,1:16.488,,
2004,6,18,Giorgio Pantano,Jordan,1:17.443,,
2004,6,19,Zsolt Baumgartner,Minardi,1:20.060,,
2004,6,20,Gianmaria Bruni,Minardi,1:20.115,,
2004,7,1,Michael Schumacher,Ferrari,1:28.351,,
2004,7,2,Takuma Sato,BAR,1:28.986,,
2004,7,3,Jarno Trulli,Renault,1:29.135,,
2004,7,4,Kimi Räikkönen,McLaren,1:29.137,,
2004,7,5,Jenson Button,BAR,1:29.245,,
2004,7,6,Fernando Alonso,Renault,1:29.313,,
2004,7,7,Rubens Barrichello,Ferrari,1:29.353,,
2004,7,8,Juan Pablo Montoya,Williams,1:29.354,,
2004,7,9,Ralf Schumacher,Williams,1:29.459,,
2004,7,10,Olivier Panis,Toyota,1:29.697,,
2004,7,11,Cristiano da Matta,Toyota,1:29.706,,
2004,7,12,Christian Klien,Jaguar,1:31.431,,
2004,7,13,Nick Heidfeld,Jordan,1:31.604,,
2004,7,14,Mark Webber,Jaguar,1:31.797,,
2004,7,15,Giorgio Pantano,Jordan,1:31.979,,
2004,7,16,Felipe Massa,Sauber,1:31.982,,
2004,7,17,Zsolt Baumgartner,Minardi,1:34.398,,
2004,7,18,David Coulthard,McLaren,,,
2004,7,19,Giancarlo Fisichella,Sauber,,,
2004,7,20,Gianmaria Bruni,Minardi,,,
2004,8,1,Ralf Schumacher,Williams,1:12.275,,
2004,8,2,Jenson Button,BAR,1:12.341,,
2004,8,3,Jarno Trulli,Renault,1:13.023,,
2004,8,4,Juan Pablo Montoya,Williams,1:13.072,,
2004,8,5,Fernando Alonso,Renault,1:13.308,,
2004,8,6,Michael Schumacher,Ferrari,1:13.355,,
2004,8,7,Rubens Barrichello,Ferrari,1:13.562,,
2004,8,8,Kimi Räikkönen,McLaren,1:13.595,,
2004,8,9,David Coulthard,McLaren,1:13.681,,
2004,8,10,Christian Klien,Jaguar,1:14.532,,
2004,8,11,Giancarlo Fisichella,Sauber,1:14.674,,
2004,8,12,Cristiano da Matta,Toyota,1:14.851,,
2004,8,13,Olivier Panis,Toyota,1:14.891,,
2004,8,14,Mark Webber,Jaguar,1:15.148,,
2004,8,15,Nick Heidfeld,Jordan,1:15.321,,
2004,8,16,Timo Glock,Jordan,1:16.323,,
2004,8,17,Takuma Sato,BAR,1:17.004,,
2004,8,18,Zsolt Baumgartner,Minardi,1:17.064,,
2004,8,19,Felipe Massa,Sauber,,,
2004,8,20,Gianmaria Bruni,Minardi,,,
2004,9,1,Rubens Barrichello,Ferrari,1:10.223,,
2004,9,2,Michael Schumacher,Ferrari,1:10.400,,
2004,9,3,Takuma Sato,BAR,1:10.601,,
2004,9,4,Jenson Button,BAR,1:10.820,,
2004,9,5,Juan Pablo Montoya,Williams,1:11.062,,
2004,9,6,Ralf Schumacher,Williams,1:11.106,,
2004,9,7,Kimi Räikkönen,McLaren,1:11.137,,
2004,9,8,Olivier Panis,Toyota,1:11.167,,
2004,9,9,Fernando Alonso,Renault,1:11.185,,
2004,9,10,Mark Webber,Jaguar,1:11.286,,
2004,9,11,Cristiano da Matta,Toyota,1:11.691,,
2004,9,12,David Coulthard,McLaren,1:12.026,,
2004,9,13,Christian Klien,Jaguar,1:12.170,,
2004,9,14,Giancarlo Fisichella,Sauber,1:12.470,,
2004,9,15,Felipe Massa,Sauber,1:12.721,,
2004,9,16,Nick Heidfeld,Jordan,1:13.147,,
2004,9,17,Giorgio Pantano,Jordan,1:13.375,,
2004,9,18,Gianmaria Bruni,Minardi,1:14.010,,
2004,9,19,Zsolt Baumgartner,Minardi,1:14.812,,
2004,9,20,Jarno Trulli,Renault,,,
2004,10,1,Fernando Alonso,Renault,1:13.698,,
2004,10,2,Michael Schumacher,Ferrari,1:13.971,,
2004,10,3,David Coulthard,McLaren,1:13.987,,
2004,10,4,Jenson Button,BAR,1:13.995,,
2004,10,5,Jarno Trulli,Renault,1:14.070,,
2004,10,6,Juan Pablo Montoya,Williams,1:14.172,,
2004,10,7,Takuma Sato,BAR,1:14.240,,
2004,10,8,Marc Gené,Williams,1:14.275,,
2004,10,9,Kimi Räikkönen,McLaren,1:14.346,,
2004,10,10,Rubens Barrichello,Ferrari,1:14.478,,
2004,10,11,Cristiano da Matta,Toyota,1:14.553,,
2004,10,12,Mark Webber,Jaguar,1:14.798,,
2004,10,13,Christian Klien,Jaguar,1:15.065,,
2004,10,14,Olivier Panis,Toyota,1:15.130,,
2004,10,15,Giancarlo Fisichella,Sauber,1:16.177,,
2004,10,16,Felipe Massa,Sauber,1:16.200,,
2004,10,17,Nick Heidfeld,Jordan,1:16.807,,
2004,10,18,Giorgio Pantano,Jordan,1:17.462,,
2004,10,19,Gianmaria Bruni,Minardi,1:17.913,,
2004,10,20,Zsolt Baumgartner,Minardi,1:18.247,,
2004,11,1,Kimi Räikkönen,McLaren,1:18.233,,
2004,11,2,Rubens Barrichello,Ferrari,1:18.305,,
2004,11,3,Jenson Button,BAR,1:18.580,,
2004,11,4,Michael Schumacher,Ferrari,1:18.710,,
2004,11,5,Jarno Trulli,Renault,1:18.715,,
2004,11,6,Fernando Alonso,Renault,1:18.811,,
2004,11,7,David Coulthard,McLaren,1:19.148,,
2004,11,8,Juan Pablo Montoya,Williams,1:19.378,,
2004,11,9,Takuma Sato,BAR,1:19.688,,
2004,11,10,Mark Webber,Jaguar,1:20.004,,
2004,11,11,Felipe Massa,Sauber,1:20.202,,
2004,11,12,Olivier Panis,Toyota,1:20.335,,
2004,11,13,Marc Gené,Williams,1:20.335,,
2004,11,14,Cristiano da Matta,Toyota,1:20.545,,
2004,11,15,Christian Klien,Jaguar,1:21.559,,
2004,11,16,Giorgio Pantano,Jordan,1:22.458,,
2004,11,17,Nick Heidfeld,Jordan,1:22.677,,
2004,11,18,Gianmaria Bruni,Minardi,1:23.437,,
2004,11,19,Zsolt Baumgartner,Minardi,1:24.117,,
2004,11,20,Giancarlo Fisichella,Sauber,,,
2004,12,1,Michael Schumacher,Ferrari,1:13.306,,
2004,12,2,Juan Pablo Montoya,Williams,1:13.668,,
2004,12,3,Jenson Button,BAR,1:13.674,,
2004,12,4,Kimi Räikkönen,McLaren,1:13.690,,
2004,12,5,David Coulthard,McLaren,1:13.821,,
2004,12,6,Fernando Alonso,Renault,1:13.874,,
2004,12,7,Jarno Trulli,Renault,1:14.134,,
2004,12,8,Rubens Barrichello,Ferrari,1:14.278,,
2004,12,9,Takuma Sato,BAR,1:14.287,,
2004,12,10,Olivier Panis,Toyota,1:14.368,,
2004,12,11,Antônio Pizzonia,Williams,1:14.556,,
2004,12,12,Mark Webber,Jaguar,1:14.802,,
2004,12,13,Christian Klien,Jaguar,1:15.011,,
2004,12,14,Giancarlo Fisichella,Sauber,1:15.395,,
2004,12,15,Cristiano da Matta,Toyota,1:15.454,,
2004,12,16,Felipe Massa,Sauber,1:15.616,,
2004,12,17,Giorgio Pantano,Jordan,1:16.192,,
2004,12,18,Nick Heidfeld,Jordan,1:16.310,,
2004,12,19,Gianmaria Bruni,Minardi,1:18.055,,
2004,12,20,Zsolt Baumgartner,Minardi,1:18.400,,
2004,13,1,Michael Schumacher,Ferrari,1:19.146,,
2004,13,2,Rubens Barrichello,Ferrari,1:19.323,,
2004,13,3,Takuma Sato,BAR,1:19.693,,
2004,13,4,Jenson Button,BAR,1:19.700,,
2004,13,5,Fernando Alonso,Renault,1:19.996,,
2004,13,6,Antônio Pizzonia,Williams,1:20.170,,
2004,13,7,Juan Pablo Montoya,Williams,1:20.199,,
2004,13,8,Giancarlo Fisichella,Sauber,1:20.324,,
2004,13,9,Jarno Trulli,Renault,1:20.411,,
2004,13,10,Kimi Räikkönen,McLaren,1:20.570,,
2004,13,11,Mark Webber,Jaguar,1:20.730,,
2004,13,12,David Coulthard,McLaren,1:20.897,,
2004,13,13,Olivier Panis,Toyota,1:21.068,,
2004,13,14,Christian Klien,Jaguar,1:21.118,,
2004,13,15,Ricardo Zonta,Toyota,1:21.135,,
2004,13,16,Nick Heidfeld,Jordan,1:22.180,,
2004,13,17,Giorgio Pantano,Jordan,1:22.356,,
2004,13,18,Zsolt Baumgartner,Minardi,1:24.329,,
2004,13,19,Gianmaria Bruni,Minardi,1:24.679,,
2004,13,20,Felipe Massa,Sauber,,,
2004,14,1,Jarno Trulli,Renault,1:56.232,,
2004,14,2,Michael Schumacher,Ferrari,1:56.304,,
2004,14,3,Fernando Alonso,Renault,1:56.686,,
2004,14,4,David Coulthard,McLaren,1:57.990,,
2004,14,5,Giancarlo Fisichella,Sauber,1:58.040,,
2004,14,6,Rubens Barrichello,Ferrari,1:58.175,,
2004,14,7,Mark Webber,Jaguar,1:58.729,,
2004,14,8,Felipe Massa,Sauber,1:59.008,,
2004,14,9,Olivier Panis,Toyota,1:59.552,,
2004,14,10,Kimi Räikkönen,McLaren,1:59.635,,
2004,14,11,Juan Pablo Montoya,Williams,1:59.681,,
2004,14,12,Jenson Button,BAR,2:00.237,,
2004,14,13,Christian Klien,Jaguar,2:01.246,,
2004,14,14,Antônio Pizzonia,Williams,2:01.447,,
2004,14,15,Takuma Sato,BAR,2:01.813,,
2004,14,16,Nick Heidfeld,Jordan,2:02.645,,
2004,14,17,Gianmaria Bruni,Minardi,2:02.651,,
2004,14,18,Zsolt Baumgartner,Minardi,2:03.303,,
2004,14,19,Giorgio Pantano,Jordan,2:03.833,,
2004,14,20,Ricardo Zonta,Toyota,2:03.895,,
2004,15,1,Rubens Barrichello,Ferrari,1:20.089,,
2004,15,2,Juan Pablo Montoya,Williams,1:20.620,,
2004,15,3,Michael Schumacher,Ferrari,1:20.637,,
2004,15,4,Fernando Alonso,Renault,1:20.645,,
2004,15,5,Takuma Sato,BAR,1:20.715,,
2004,15,6,Jenson Button,BAR,1:20.786,,
2004,15,7,Kimi Räikkönen,McLaren,1:20.877,,
2004,15,8,Antônio Pizzonia,Williams,1:20.888,,
2004,15,9,Jarno Trulli,Renault,1:21.027,,
2004,15,10,David Coulthard,McLaren,1:21.049,,
2004,15,11,Ricardo Zonta,Toyota,1:21.520,,
2004,15,12,Mark Webber,Jaguar,1:21.602,,
2004,15,13,Olivier Panis,Toyota,1:21.841,,
2004,15,14,Christian Klien,Jaguar,1:21.989,,
2004,15,15,Giancarlo Fisichella,Sauber,1:22.239,,
2004,15,16,Felipe Massa,Sauber,1:22.287,,
2004,15,17,Nick Heidfeld,Jordan,1:22.301,,
2004,15,18,Giorgio Pantano,Jordan,1:23.239,,
2004,15,19,Zsolt Baumgartner,Minardi,1:24.808,,
2004,15,20,Gianmaria Bruni,Minardi,1:24.910,,
2004,16,1,Rubens Barrichello,Ferrari,1:34.012,,
2004,16,2,Kimi Räikkönen,McLaren,1:34.178,,
2004,16,3,Jenson Button,BAR,1:34.295,,
2004,16,4,Felipe Massa,Sauber,1:34.759,,
2004,16,5,Ralf Schumacher,Williams,1:34.891,,
2004,16,6,Fernando Alonso,Renault,1:34.917,,
2004,16,7,Giancarlo Fisichella,Sauber,1:34.951,,
2004,16,8,Olivier Panis,Toyota,1:34.975,,
2004,16,9,Takuma Sato,BAR,1:34.993,,
2004,16,10,David Coulthard,McLaren,1:35.029,,
2004,16,11,Juan Pablo Montoya,Williams,1:35.245,,
2004,16,12,Mark Webber,Jaguar,1:35.286,,
2004,16,13,Jacques Villeneuve,Renault,1:35.384,,
2004,16,14,Ricardo Zonta,Toyota,1:35.410,,
2004,16,15,Nick Heidfeld,Jordan,1:36.507,,
2004,16,16,Christian Klien,Jaguar,1:36.535,,
2004,16,17,Timo Glock,Jordan,1:37.140,,
2004,16,18,Zsolt Baumgartner,Minardi,1:40.240,,
2004,16,19,Gianmaria Bruni,Minardi,,,
2004,16,20,Michael Schumacher,Ferrari,,,
2004,17,1,Michael Schumacher,Ferrari,1:33.542,,
2004,17,2,Ralf Schumacher,Williams,1:34.032,,
2004,17,3,Mark Webber,Jaguar,1:34.571,,
2004,17,4,Takuma Sato,BAR,1:34.897,,
2004,17,5,Jenson Button,BAR,1:35.157,,
2004,17,6,Jarno Trulli,Toyota,1:35.213,,
2004,17,7,Giancarlo Fisichella,Sauber,1:36.136,,
2004,17,8,David Coulthard,McLaren,1:36.156,,
2004,17,9,Jacques Villeneuve,Renault,1:36.274,,
2004,17,10,Olivier Panis,Toyota,1:36.420,,
2004,17,11,Fernando Alonso,Renault,1:36.663,,
2004,17,12,Kimi Räikkönen,McLaren,1:36.820,,
2004,17,13,Juan Pablo Montoya,Williams,1:37.653,,
2004,17,14,Christian Klien,Jaguar,1:38.258,,
2004,17,15,Rubens Barrichello,Ferrari,1:38.637,,
2004,17,16,Nick Heidfeld,Jordan,1:41.953,,
2004,17,17,Timo Glock,Jordan,1:43.533,,
2004,17,18,Gianmaria Bruni,Minardi,1:48.069,,
2004,17,19,Zsolt Baumgartner,Minardi,,,
2004,17,20,Felipe Massa,Sauber,,,
2004,18,1,Rubens Barrichello,Ferrari,1:10.646,,
2004,18,2,Juan Pablo Montoya,Williams,1:10.850,,
2004,18,3,Kimi Räikkönen,McLaren,1:10.892,,
2004,18,4,Felipe Massa,Sauber,1:10.922,,
2004,18,5,Jenson Button,BAR,1:11.092,,
2004,18,6,Takuma Sato,BAR,1:11.120,,
2004,18,7,Ralf Schumacher,Williams,1:11.131,,
2004,18,8,Michael Schumacher,Ferrari,1:11.386,,
2004,18,9,Fernando Alonso,Renault,1:11.454,,
2004,18,10,Jarno Trulli,Toyota,1:11.483,,
2004,18,11,Giancarlo Fisichella,Sauber,1:11.571,,
2004,18,12,Mark Webber,Jaguar,1:11.665,,
2004,18,13,David Coulthard,McLaren,1:11.750,,
2004,18,14,Jacques Villeneuve,Renault,1:11.836,,
2004,18,15,Ricardo Zonta,Toyota,1:11.974,,
2004,18,16,Christian Klien,Jaguar,1:12.211,,
2004,18,17,Nick Heidfeld,Jordan,1:12.829,,
2004,18,18,Timo Glock,Jordan,1:13.502,,
2004,18,19,Zsolt Baumgartner,Minardi,1:13.550,,
2004,18,20,Gianmaria Bruni,Minardi,,,
2005,1,1,Giancarlo Fisichella,Renault,1:33.171,1:28.289,
2005,1,2,Jarno Trulli,Toyota,1:35.270,1:29.159,
2005,1,3,Mark Webber,Williams,1:36.717,1:28.279,
2005,1,4,Jacques Villeneuve,Sauber,1:36.984,1:29.862,
2005,1,5,David Coulthard,Red Bull,1:38.320,1:28.892,
2005,1,6,Christian Klien,Red Bull,1:37.486,1:29.991,
2005,1,7,Nick Heidfeld,Williams,1:39.717,1:29.413,
2005,1,8,Jenson Button,BAR,1:41.512,1:30.616,
2005,1,9,Juan Pablo Montoya,McLaren,1:45.325,1:29.320,
2005,1,10,Kimi Räikkönen,McLaren,1:44.997,1:30.561,
2005,1,11,Rubens Barrichello,Ferrari,1:45.481,1:31.341,
2005,1,12,Narain Karthikeyan,Jordan,1:44.357,1:32.735,
2005,1,13,Fernando Alonso,Renault,1:47.708,1:29.758,
2005,1,14,Tiago Monteiro,Jordan,1:46.846,1:33.483,
2005,1,15,Ralf Schumacher,Toyota,1:51.495,1:31.222,
2005,1,16,Patrick Friesacher,Minardi,1:50.864,1:37.499,
2005,1,17,Christijan Albers,Minardi,1:49.230,,
2005,1,18,Michael Schumacher,Ferrari,1:57.931,,
2005,1,19,Takuma Sato,BAR,,,
2005,1,20,Felipe Massa,Sauber,,,
2005,2,1,Fernando Alonso,Renault,1:32.582,1:35.090,
2005,2,2,Jarno Trulli,Toyota,1:32.672,1:35.253,
2005,2,3,Giancarlo Fisichella,Renault,1:32.765,1:35.683,
2005,2,4,Mark Webber,Williams,1:33.204,1:35.700,
2005,2,5,Ralf Schumacher,Toyota,1:33.106,1:35.901,
2005,2,6,Kimi Räikkönen,McLaren,1:32.839,1:36.644,
2005,2,7,Christian Klien,Red Bull,1:33.724,1:35.865,
2005,2,8,David Coulthard,Red Bull,1:33.809,1:35.891,
2005,2,9,Jenson Button,BAR,1:33.616,1:36.216,
2005,2,10,Nick Heidfeld,Williams,1:33.464,1:36.453,
2005,2,11,Juan Pablo Montoya,McLaren,1:33.333,1:36.757,
2005,2,12,Rubens Barrichello,Ferrari,1:34.162,1:37.340,
2005,2,13,Michael Schumacher,Ferrari,1:34.072,1:37.561,
2005,2,14,Felipe Massa,Sauber,1:34.151,1:37.733,
2005,2,15,Anthony Davidson,BAR,1:34.866,1:37.024,
2005,2,16,Jacques Villeneuve,Sauber,1:34.887,1:38.108,
2005,2,17,Narain Karthikeyan,Jordan,1:37.806,1:39.850,
2005,2,18,Tiago Monteiro,Jordan,1:37.856,1:40.106,
2005,2,19,Patrick Friesacher,Minardi,1:39.268,1:41.918,
2005,2,20,Christijan Albers,Minardi,1:40.432,1:42.569,
2005,3,1,Fernando Alonso,Renault,1:29.848,1:32.054,
2005,3,2,Michael Schumacher,Ferrari,1:30.237,1:32.120,
2005,3,3,Jarno Trulli,Toyota,1:29.993,1:32.667,
2005,3,4,Nick Heidfeld,Williams,1:30.390,1:32.827,
2005,3,5,Mark Webber,Williams,1:30.592,1:32.670,
2005,3,6,Ralf Schumacher,Toyota,1:30.952,1:32.319,
2005,3,7,Christian Klien,Red Bull,1:30.646,1:32.723,
2005,3,8,Pedro de la Rosa,McLaren,1:30.725,1:32.648,
2005,3,9,Kimi Räikkönen,McLaren,1:30.594,1:32.930,
2005,3,10,Giancarlo Fisichella,Renault,1:30.445,1:33.320,
2005,3,11,Jenson Button,BAR,1:30.957,1:33.391,
2005,3,12,Felipe Massa,Sauber,1:30.933,1:34.269,
2005,3,13,Takuma Sato,BAR,1:31.113,1:34.450,
2005,3,14,David Coulthard,Red Bull,1:31.211,1:34.633,
2005,3,15,Rubens Barrichello,Ferrari,1:31.826,1:35.867,
2005,3,16,Jacques Villeneuve,Sauber,1:32.318,1:35.665,
2005,3,17,Tiago Monteiro,Jordan,1:33.424,1:36.004,
2005,3,18,Narain Karthikeyan,Jordan,1:33.190,1:36.953,
2005,3,19,Christijan Albers,Minardi,1:34.005,1:36.417,
2005,3,20,Patrick Friesacher,Minardi,1:34.848,1:36.413,
2005,4,1,Kimi Räikkönen,McLaren,1:19.886,1:22.994,
2005,4,2,Fernando Alonso,Renault,1:19.889,1:23.552,
2005,4,3,Jenson Button,BAR,1:20.464,1:23.641,
2005,4,4,Mark Webber,Williams,1:20.442,1:24.069,
2005,4,5,Jarno Trulli,Toyota,1:20.492,1:24.026,
2005,4,6,Takuma Sato,BAR,1:20.851,1:23.807,
2005,4,7,Alexander Wurz,McLaren,1:20.632,1:24.057,
2005,4,8,Felipe Massa,Sauber,1:20.593,1:24.337,
2005,4,9,Nick Heidfeld,Williams,1:20.807,1:24.389,
2005,4,10,Rubens Barrichello,Ferrari,1:20.892,1:24.351,
2005,4,11,Ralf Schumacher,Toyota,1:20.994,1:24.422,
2005,4,12,Jacques Villeneuve,Sauber,1:20.999,1:25.260,
2005,4,13,Giancarlo Fisichella,Renault,1:21.708,1:25.002,
2005,4,14,Michael Schumacher,Ferrari,1:20.260,1:26.984,
2005,4,15,David Coulthard,Red Bull,1:21.632,1:26.438,
2005,4,16,Vitantonio Liuzzi,Red Bull,1:21.804,1:26.351,
2005,4,17,Narain Karthikeyan,Jordan,1:23.123,1:28.976,
2005,4,18,Tiago Monteiro,Jordan,1:25.100,1:29.152,
2005,4,19,Patrick Friesacher,Minardi,1:26.484,1:30.564,
2005,4,20,Christijan Albers,Minardi,1:25.921,,
2005,5,1,Kimi Räikkönen,McLaren,1:14.819,1:16.602,
2005,5,2,Mark Webber,Williams,1:15.042,1:16.626,
2005,5,3,Fernando Alonso,Renault,1:14.811,1:16.880,
2005,5,4,Ralf Schumacher,Toyota,1:14.870,1:17.047,
2005,5,5,Jarno Trulli,Toyota,1:14.795,1:17.200,
2005,5,6,Giancarlo Fisichella,Renault,1:15.601,1:17.229,
2005,5,7,Juan Pablo Montoya,McLaren,1:15.902,1:17.570,
2005,5,8,Michael Schumacher,Ferrari,1:15.398,1:18.153,
2005,5,9,David Coulthard,Red Bull,1:15.795,1:18.373,
2005,5,10,Felipe Massa,Sauber,1:15.863,1:18.361,
2005,5,11,Vitantonio Liuzzi,Red Bull,1:16.288,1:19.014,
2005,5,12,Jacques Villeneuve,Sauber,1:16.794,1:19.686,
2005,5,13,Narain Karthikeyan,Jordan,1:18.557,1:20.711,
2005,5,14,Tiago Monteiro,Jordan,1:19.040,1:20.903,
2005,5,15,Christijan Albers,Minardi,1:19.563,1:21.578,
2005,5,16,Patrick Friesacher,Minardi,1:20.306,1:22.453,
2005,5,17,Nick Heidfeld,Williams,1:15.038,,
2005,5,18,Rubens Barrichello,Ferrari,1:15.746,,
2005,6,1,Kimi Räikkönen,McLaren,1:13.644,1:16.679,
2005,6,2,Fernando Alonso,Renault,1:14.125,1:16.281,
2005,6,3,Mark Webber,Williams,1:14.584,1:17.072,
2005,6,4,Giancarlo Fisichella,Renault,1:14.783,1:17.317,
2005,6,5,Jarno Trulli,Toyota,1:15.189,1:17.401,
2005,6,6,Nick Heidfeld,Williams,1:15.128,1:17.755,
2005,6,7,David Coulthard,Red Bull,1:15.329,1:18.538,
2005,6,8,Michael Schumacher,Ferrari,1:16.186,1:18.550,
2005,6,9,Jacques Villeneuve,Sauber,1:15.921,1:19.015,
2005,6,10,Rubens Barrichello,Ferrari,1:16.142,1:18.841,
2005,6,11,Felipe Massa,Sauber,1:16.218,1:18.902,
2005,6,12,Vitantonio Liuzzi,Red Bull,1:16.817,1:20.335,
2005,6,13,Patrick Friesacher,Minardi,1:18.574,1:22.236,
2005,6,14,Christijan Albers,Minardi,1:19.229,1:22.977,
2005,6,15,Tiago Monteiro,Jordan,1:19.408,1:23.670,
2005,6,16,Juan Pablo Montoya,McLaren,1:14.858,,
2005,6,17,Narain Karthikeyan,Jordan,1:19.474,1:23.948,
2005,6,18,Ralf Schumacher,Toyota,,,
2005,7,1,Nick Heidfeld,Williams,1:30.081,,
2005,7,2,Kimi Räikkönen,McLaren,1:30.197,,
2005,7,3,Mark Webber,Williams,1:30.368,,
2005,7,4,Jarno Trulli,Toyota,1:30.700,,
2005,7,5,Juan Pablo Montoya,McLaren,1:30.890,,
2005,7,6,Fernando Alonso,Renault,1:31.056,,
2005,7,7,Rubens Barrichello,Ferrari,1:31.249,,
2005,7,8,Ralf Schumacher,Toyota,1:31.392,,
2005,7,9,Giancarlo Fisichella,Renault,1:31.566,,
2005,7,10,Michael Schumacher,Ferrari,1:31.585,,
2005,7,11,Felipe Massa,Sauber,1:32.205,,
2005,7,12,David Coulthard,Red Bull,1:32.553,,
2005,7,13,Jenson Button,BAR,1:32.594,,
2005,7,14,Vitantonio Liuzzi,Red Bull,1:32.642,,
2005,7,15,Jacques Villeneuve,Sauber,1:32.891,,
2005,7,16,Takuma Sato,BAR,1:32.926,,
2005,7,17,Tiago Monteiro,Jordan,1:35.047,,
2005,7,18,Patrick Friesacher,Minardi,1:35.954,,
2005,7,19,Narain Karthikeyan,Jordan,1:36.192,,
2005,7,20,Christijan Albers,Minardi,1:36.239,,
2005,8,1,Jenson Button,BAR,1:15.217,,
2005,8,2,Michael Schumacher,Ferrari,1:15.475,,
2005,8,3,Fernando Alonso,Renault,1:15.561,,
2005,8,4,Giancarlo Fisichella,Renault,1:15.577,,
2005,8,5,Juan Pablo Montoya,McLaren,1:15.669,,
2005,8,6,Takuma Sato,BAR,1:15.729,,
2005,8,7,Kimi Räikkönen,McLaren,1:15.923,,
2005,8,8,Jacques Villeneuve,Sauber,1:16.116,,
2005,8,9,Jarno Trulli,Toyota,1:16.201,,
2005,8,10,Ralf Schumacher,Toyota,1:16.362,,
2005,8,11,Felipe Massa,Sauber,1:16.661,,
2005,8,12,David Coulthard,Red Bull,1:16.890,,
2005,8,13,Nick Heidfeld,Williams,1:17.081,,
2005,8,14,Mark Webber,Williams,1:17.749,,
2005,8,15,Christijan Albers,Minardi,1:18.214,,
2005,8,16,Christian Klien,Red Bull,1:18.249,,
2005,8,17,Narain Karthikeyan,Jordan,1:18.664,,
2005,8,18,Tiago Monteiro,Jordan,1:19.034,,
2005,8,19,Patrick Friesacher,Minardi,1:19.574,,
2005,8,20,Rubens Barrichello,Ferrari,,,
2005,9,1,Jarno Trulli,Toyota,1:10.625,,
2005,9,2,Kimi Räikkönen,McLaren,1:10.694,,
2005,9,3,Jenson Button,BAR,1:11.277,,
2005,9,4,Giancarlo Fisichella,Renault,1:11.290,,
2005,9,5,Michael Schumacher,Ferrari,1:11.369,,
2005,9,6,Fernando Alonso,Renault,1:11.380,,
2005,9,7,Rubens Barrichello,Ferrari,1:11.431,,
2005,9,8,Takuma Sato,BAR,1:11.497,,
2005,9,9,Mark Webber,Williams,1:11.527,,
2005,9,10,Felipe Massa,Sauber,1:11.555,,
2005,9,11,Juan Pablo Montoya,McLaren,1:11.681,,
2005,9,12,Jacques Villeneuve,Sauber,1:11.691,,
2005,9,13,Ricardo Zonta,Toyota,1:11.754,,
2005,9,14,Christian Klien,Red Bull,1:12.132,,
2005,9,15,Nick Heidfeld,Williams,1:12.430,,
2005,9,16,David Coulthard,Red Bull,1:12.682,,
2005,9,17,Tiago Monteiro,Jordan,1:13.462,,
2005,9,18,Christijan Albers,Minardi,1:13.632,,
2005,9,19,Narain Karthikeyan,Jordan,1:13.776,,
2005,9,20,Patrick Friesacher,Minardi,1:14.494,,
2005,10,1,Fernando Alonso,Renault,1:14.412,,
2005,10,2,Jarno Trulli,Toyota,1:14.521,,
2005,10,3,Kimi Räikkönen,McLaren,1:14.559,,
2005,10,4,Michael Schumacher,Ferrari,1:14.572,,
2005,10,5,Takuma Sato,BAR,1:14.655,,
2005,10,6,Rubens Barrichello,Ferrari,1:14.832,,
2005,10,7,Giancarlo Fisichella,Renault,1:14.887,,
2005,10,8,Jenson Button,BAR,1:15.051,,
2005,10,9,Juan Pablo Montoya,McLaren,1:15.406,,
2005,10,10,Felipe Massa,Sauber,1:15.566,,
2005,10,11,Jacques Villeneuve,Sauber,1:15.699,,
2005,10,12,Ralf Schumacher,Toyota,1:15.771,,
2005,10,13,Mark Webber,Williams,1:15.885,,
2005,10,14,Nick Heidfeld,Williams,1:16.207,,
2005,10,15,David Coulthard,Red Bull,1:16.434,,
2005,10,16,Christian Klien,Red Bull,1:16.547,,
2005,10,17,Narain Karthikeyan,Jordan,1:17.857,,
2005,10,18,Patrick Friesacher,Minardi,1:17.960,,
2005,10,19,Tiago Monteiro,Jordan,1:18.047,,
2005,10,20,Christijan Albers,Minardi,1:18.335,,
2005,11,1,Fernando Alonso,Renault,1:19.905,,
2005,11,2,Kimi Räikkönen,McLaren,1:19.932,,
2005,11,3,Jenson Button,BAR,1:20.207,,
2005,11,4,Juan Pablo Montoya,McLaren,1:20.382,,
2005,11,5,Jarno Trulli,Toyota,1:20.459,,
2005,11,6,Rubens Barrichello,Ferrari,1:20.906,,
2005,11,7,Giancarlo Fisichella,Renault,1:21.010,,
2005,11,8,Takuma Sato,BAR,1:21.114,,
2005,11,9,Ralf Schumacher,Toyota,1:21.191,,
2005,11,10,Michael Schumacher,Ferrari,1:21.275,,
2005,11,11,Jacques Villeneuve,Sauber,1:21.352,,
2005,11,12,Mark Webber,Williams,1:21.997,,
2005,11,13,David Coulthard,Red Bull,1:22.108,,
2005,11,14,Nick Heidfeld,Williams,1:22.117,,
2005,11,15,Christian Klien,Red Bull,1:22.207,,
2005,11,16,Felipe Massa,Sauber,1:22.495,,
2005,11,17,Narain Karthikeyan,Jordan,1:23.583,,
2005,11,18,Christijan Albers,Minardi,1:24.576,,
2005,11,19,Patrick Friesacher,Minardi,1:25.566,,
2005,11,20,Tiago Monteiro,Jordan,,,
2005,12,1,Kimi Räikkönen,McLaren,1:14.320,,
2005,12,2,Jenson Button,BAR,1:14.759,,
2005,12,3,Fernando Alonso,Renault,1:14.904,,
2005,12,4,Giancarlo Fisichella,Renault,1:14.927,,
2005,12,5,Michael Schumacher,Ferrari,1:15.006,,
2005,12,6,Mark Webber,Williams,1:15.070,,
2005,12,7,Nick Heidfeld,Williams,1:15.403,,
2005,12,8,Takuma Sato,BAR,1:15.501,,
2005,12,9,Jarno Trulli,Toyota,1:15.532,,
2005,12,10,Christian Klien,Red Bull,1:15.635,,
2005,12,11,David Coulthard,Red Bull,1:15.679,,
2005,12,12,Ralf Schumacher,Toyota,1:15.689,,
2005,12,13,Felipe Massa,Sauber,1:16.009,,
2005,12,14,Jacques Villeneuve,Sauber,1:16.012,,
2005,12,15,Rubens Barrichello,Ferrari,1:16.230,,
2005,12,16,Christijan Albers,Minardi,1:17.519,,
2005,12,17,Robert Doornbos,Minardi,1:18.313,,
2005,12,18,Tiago Monteiro,Jordan,1:18.599,,
2005,12,19,Juan Pablo Montoya,McLaren,,,
2005,12,20,Narain Karthikeyan,Jordan,,,
2005,13,1,Michael Schumacher,Ferrari,1:19.882,,
2005,13,2,Juan Pablo Montoya,McLaren,1:20.779,,
2005,13,3,Jarno Trulli,Toyota,1:20.839,,
2005,13,4,Kimi Räikkönen,McLaren,1:20.891,,
2005,13,5,Ralf Schumacher,Toyota,1:20.964,,
2005,13,6,Fernando Alonso,Renault,1:21.141,,
2005,13,7,Rubens Barrichello,Ferrari,1:21.158,,
2005,13,8,Jenson Button,BAR,1:21.302,,
2005,13,9,Giancarlo Fisichella,Renault,1:21.333,,
2005,13,10,Takuma Sato,BAR,1:21.787,,
2005,13,11,Christian Klien,Red Bull,1:21.937,,
2005,13,12,Nick Heidfeld,Williams,1:22.086,,
2005,13,13,David Coulthard,Red Bull,1:22.279,,
2005,13,14,Felipe Massa,Sauber,1:22.565,,
2005,13,15,Jacques Villeneuve,Sauber,1:22.866,,
2005,13,16,Mark Webber,Williams,1:23.495,,
2005,13,17,Christijan Albers,Minardi,1:24.443,,
2005,13,18,Narain Karthikeyan,Jordan,1:25.057,,
2005,13,19,Robert Doornbos,Minardi,1:25.484,,
2005,13,20,Tiago Monteiro,Jordan,,,
2005,14,1,Kimi Räikkönen,McLaren,1:26.797,,
2005,14,2,Giancarlo Fisichella,Renault,1:27.039,,
2005,14,3,Fernando Alonso,Renault,1:27.050,,
2005,14,4,Juan Pablo Montoya,McLaren,1:27.352,,
2005,14,5,Jarno Trulli,Toyota,1:27.501,,
2005,14,6,Nick Heidfeld,Williams,1:27.929,,
2005,14,7,Mark Webber,Williams,1:27.944,,
2005,14,8,Felipe Massa,Sauber,1:28.419,,
2005,14,9,Ralf Schumacher,Toyota,1:28.594,,
2005,14,10,Christian Klien,Red Bull,1:28.963,,
2005,14,11,Rubens Barrichello,Ferrari,1:29.369,,
2005,14,12,David Coulthard,Red Bull,1:29.764,,
2005,14,13,Jenson Button,BAR,1:30.063,,
2005,14,14,Takuma Sato,BAR,1:30.175,,
2005,14,15,Tiago Monteiro,Jordan,1:30.710,,
2005,14,16,Christijan Albers,Minardi,1:32.186,,
2005,14,17,Robert Doornbos,Minardi,,,
2005,14,18,Jacques Villeneuve,Sauber,,,
2005,14,19,Narain Karthikeyan,Jordan,,,
2005,14,20,Michael Schumacher,Ferrari,,,
2005,15,1,Kimi Räikkönen,McLaren,1:20.878,,
2005,15,2,Juan Pablo Montoya,McLaren,1:21.054,,
2005,15,3,Fernando Alonso,Renault,1:21.319,,
2005,15,4,Jenson Button,BAR,1:21.369,,
2005,15,5,Takuma Sato,BAR,1:21.477,,
2005,15,6,Jarno Trulli,Toyota,1:21.640,,
2005,15,7,Michael Schumacher,Ferrari,1:21.721,,
2005,15,8,Rubens Barrichello,Ferrari,1:21.962,,
2005,15,9,Giancarlo Fisichella,Renault,1:22.068,,
2005,15,10,Ralf Schumacher,Toyota,1:22.266,,
2005,15,11,David Coulthard,Red Bull,1:22.304,,
2005,15,12,Jacques Villeneuve,Sauber,1:22.356,,
2005,15,13,Christian Klien,Red Bull,1:22.532,,
2005,15,14,Mark Webber,Williams,1:22.560,,
2005,15,15,Felipe Massa,Sauber,1:23.060,,
2005,15,16,Antônio Pizzonia,Williams,1:23.291,,
2005,15,17,Tiago Monteiro,Jordan,1:24.666,,
2005,15,18,Robert Doornbos,Minardi,1:24.904,,
2005,15,19,Narain Karthikeyan,Jordan,1:25.859,,
2005,15,20,Christijan Albers,Minardi,1:26.964,,
2005,16,1,Juan Pablo Montoya,McLaren,1:46.391,,
2005,16,2,Kimi Räikkönen,McLaren,1:46.440,,
2005,16,3,Giancarlo Fisichella,Renault,1:46.497,,
2005,16,4,Jarno Trulli,Toyota,1:46.596,,
2005,16,5,Fernando Alonso,Renault,1:46.760,,
2005,16,6,Ralf Schumacher,Toyota,1:47.401,,
2005,16,7,Michael Schumacher,Ferrari,1:47.476,,
2005,16,8,Felipe Massa,Sauber,1:47.867,,
2005,16,9,Jenson Button,BAR,1:47.978,,
2005,16,10,Mark Webber,Williams,1:48.071,,
2005,16,11,Takuma Sato,BAR,1:48.353,,
2005,16,12,David Coulthard,Red Bull,1:48.508,,
2005,16,13,Rubens Barrichello,Ferrari,1:48.550,,
2005,16,14,Jacques Villeneuve,Sauber,1:48.889,,
2005,16,15,Antônio Pizzonia,Williams,1:48.898,,
2005,16,16,Christian Klien,Red Bull,1:48.994,,
2005,16,17,Robert Doornbos,Minardi,1:49.779,,
2005,16,18,Christijan Albers,Minardi,1:49.842,,
2005,16,19,Tiago Monteiro,Jordan,1:51.498,,
2005,16,20,Narain Karthikeyan,Jordan,1:51.675,,
2005,17,1,Fernando Alonso,Renault,1:11.988,,
2005,17,2,Juan Pablo Montoya,McLaren,1:12.145,,
2005,17,3,Giancarlo Fisichella,Renault,1:12.558,,
2005,17,4,Jenson Button,BAR,1:12.696,,
2005,17,5,Kimi Räikkönen,McLaren,1:12.781,,
2005,17,6,Christian Klien,Red Bull,1:12.889,,
2005,17,7,Michael Schumacher,Ferrari,1:12.976,,
2005,17,8,Jarno Trulli,Toyota,1:13.041,,
2005,17,9,Felipe Massa,Sauber,1:13.151,,
2005,17,10,Rubens Barrichello,Ferrari,1:13.183,,
2005,17,11,Ralf Schumacher,Toyota,1:13.285,,
2005,17,12,Jacques Villeneuve,Sauber,1:13.372,,
2005,17,13,Tiago Monteiro,Jordan,1:13.387,,
2005,17,14,Mark Webber,Williams,1:13.538,,
2005,17,15,Antônio Pizzonia,Williams,1:13.581,,
2005,17,16,David Coulthard,Red Bull,1:13.844,,
2005,17,17,Narain Karthikeyan,Jordan,1:14.520,,
2005,17,18,Christijan Albers,Minardi,1:14.763,,
2005,17,19,Takuma Sato,BAR,,,
2005,17,20,Robert Doornbos,Minardi,,,
2005,18,1,Ralf Schumacher,Toyota,1:46.106,,
2005,18,2,Jenson Button,BAR,1:46.141,,
2005,18,3,Giancarlo Fisichella,Renault,1:46.276,,
2005,18,4,Christian Klien,Red Bull,1:46.464,,
2005,18,5,Takuma Sato,BAR,1:46.841,,
2005,18,6,David Coulthard,Red Bull,1:46.892,,
2005,18,7,Mark Webber,Williams,1:47.233,,
2005,18,8,Jacques Villeneuve,Sauber,1:47.440,,
2005,18,9,Rubens Barrichello,Ferrari,1:48.248,,
2005,18,10,Felipe Massa,Sauber,1:48.278,,
2005,18,11,Narain Karthikeyan,Jordan,1:48.718,,
2005,18,12,Antônio Pizzonia,Williams,1:48.898,,
2005,18,13,Christijan Albers,Minardi,1:50.843,,
2005,18,14,Michael Schumacher,Ferrari,1:52.676,,
2005,18,15,Robert Doornbos,Minardi,1:52.894,,
2005,18,16,Fernando Alonso,Renault,1:54.667,,
2005,18,17,Kimi Räikkönen,McLaren,2:02.309,,
2005,18,18,Juan Pablo Montoya,McLaren,,,
2005,18,19,Jarno Trulli,Toyota,,,
2005,18,20,Tiago Monteiro,Jordan,,,
2005,19,1,Fernando Alonso,Renault,1:34.080,,
2005,19,2,Giancarlo Fisichella,Renault,1:34.401,,
2005,19,3,Kimi Räikkönen,McLaren,1:34.488,,
2005,19,4,Jenson Button,BAR,1:34.801,,
2005,19,5,Juan Pablo Montoya,McLaren,1:35.188,,
2005,19,6,Michael Schumacher,Ferrari,1:35.301,,
2005,19,7,David Coulthard,Red Bull,1:35.428,,
2005,19,8,Rubens Barrichello,Ferrari,1:35.610,,
2005,19,9,Ralf Schumacher,Toyota,1:35.723,,
2005,19,10,Mark Webber,Williams,1:35.739,,
2005,19,11,Felipe Massa,Sauber,1:35.898,,
2005,19,12,Jarno Trulli,Toyota,1:36.044,,
2005,19,13,Antônio Pizzonia,Williams,1:36.445,,
2005,19,14,Christian Klien,Red Bull,1:36.472,,
2005,19,15,Narain Karthikeyan,Jordan,1:36.707,,
2005,19,16,Jacques Villeneuve,Sauber,1:36.788,,
2005,19,17,Takuma Sato,BAR,1:37.083,,
2005,19,18,Christijan Albers,Minardi,1:39.105,,
2005,19,19,Tiago Monteiro,Jordan,1:39.233,,
2005,19,20,Robert Doornbos,Minardi,1:39.460,,
2006,1,1,Michael Schumacher,Ferrari,1:33.310,1:32.025,1:31.431
2006,1,2,Felipe Massa,Ferrari,1:33.579,1:32.014,1:31.478
2006,1,3,Jenson Button,Honda,1:32.603,1:32.025,1:31.549
2006,1,4,Fernando Alonso,Renault,1:32.433,1:31.215,1:31.702
2006,1,5,Juan Pablo Montoya,McLaren,1:33.233,1:31.487,1:32.164
2006,1,6,Rubens Barrichello,Honda,1:33.922,1:32.322,1:32.579
2006,1,7,Mark Webber,Williams,1:33.454,1:32.309,1:33.006
2006,1,8,Christian Klien,Red Bull,1:34.308,1:32.106,1:33.112
2006,1,9,Giancarlo Fisichella,Renault,1:32.934,1:31.831,1:33.496
2006,1,10,Nick Heidfeld,BMW Sauber,1:33.374,1:31.958,1:33.926
2006,1,11,Jacques Villeneuve,BMW Sauber,1:33.882,1:32.456,
2006,1,12,Nico Rosberg,Williams,1:32.945,1:32.620,
2006,1,13,David Coulthard,Red Bull,1:33.678,1:32.850,
2006,1,14,Jarno Trulli,Toyota,1:33.987,1:33.066,
2006,1,15,Vitantonio Liuzzi,Toro Rosso,1:34.439,1:33.416,
2006,1,16,Scott Speed,Toro Rosso,1:33.995,1:34.606,
2006,1,17,Ralf Schumacher,Toyota,1:34.702,,
2006,1,18,Christijan Albers,MF1,1:35.724,,
2006,1,19,Tiago Monteiro,MF1,1:35.900,,
2006,1,20,Takuma Sato,Super Aguri,1:37.411,,
2006,1,21,Yuji Ide,Super Aguri,1:40.270,,
2006,1,22,Kimi Räikkönen,McLaren,,,
2006,2,1,Giancarlo Fisichella,Renault,1:35.488,1:33.623,1:33.840
2006,2,2,Jenson Button,Honda,1:35.023,1:33.527,1:33.986
2006,2,3,Nico Rosberg,Williams,1:35.105,1:34.563,1:34.626
2006,2,4,Michael Schumacher,Ferrari,1:35.810,1:34.574,1:34.668
2006,2,5,Mark Webber,Williams,1:35.252,1:34.279,1:34.672
2006,2,6,Juan Pablo Montoya,McLaren,1:34.536,1:34.568,1:34.916
2006,2,7,Kimi Räikkönen,McLaren,1:34.667,1:34.351,1:34.983
2006,2,8,Fernando Alonso,Renault,1:35.514,1:33.997,1:35.747
2006,2,9,Christian Klien,Red Bull,1:35.171,1:34.537,1:38.715
2006,2,10,Ralf Schumacher,Toyota,1:35.214,1:34.586,
2006,2,11,David Coulthard,Red Bull,1:34.839,1:34.614,
2006,2,12,Rubens Barrichello,Honda,1:35.526,1:34.683,
2006,2,13,Jarno Trulli,Toyota,1:35.517,1:34.702,
2006,2,14,Jacques Villeneuve,BMW Sauber,1:35.391,1:34.752,
2006,2,15,Nick Heidfeld,BMW Sauber,1:35.588,1:34.783,
2006,2,16,Felipe Massa,Ferrari,1:35.091,,
2006,2,17,Scott Speed,Toro Rosso,1:36.297,,
2006,2,18,Vitantonio Liuzzi,Toro Rosso,1:36.581,,
2006,2,19,Christijan Albers,MF1,1:37.426,,
2006,2,20,Tiago Monteiro,MF1,1:37.819,,
2006,2,21,Takuma Sato,Super Aguri,1:39.011,,
2006,2,22,Yuji Ide,Super Aguri,1:40.720,,
2006,3,1,Jenson Button,Honda,1:28.081,1:26.337,1:25.229
2006,3,2,Giancarlo Fisichella,Renault,1:27.765,1:26.196,1:25.635
2006,3,3,Fernando Alonso,Renault,1:28.569,1:25.729,1:25.778
2006,3,4,Kimi Räikkönen,McLaren,1:27.193,1:26.161,1:25.822
2006,3,5,Juan Pablo Montoya,McLaren,1:27.079,1:25.902,1:25.976
2006,3,6,Ralf Schumacher,Toyota,1:28.007,1:26.596,1:26.612
2006,3,7,Mark Webber,Williams,1:27.669,1:26.075,1:26.937
2006,3,8,Nick Heidfeld,BMW Sauber,1:27.796,1:26.014,1:27.579
2006,3,9,Jacques Villeneuve,BMW Sauber,1:28.460,1:26.714,1:29.239
2006,3,10,Jarno Trulli,Toyota,1:27.748,1:26.327,
2006,3,11,Michael Schumacher,Ferrari,1:28.228,1:26.718,
2006,3,12,David Coulthard,Red Bull,1:28.408,1:27.023,
2006,3,13,Vitantonio Liuzzi,Toro Rosso,1:28.999,1:27.219,
2006,3,14,Christian Klien,Red Bull,1:28.757,1:27.591,
2006,3,15,Nico Rosberg,Williams,1:28.351,1:29.422,
2006,3,16,Felipe Massa,Ferrari,1:28.868,,
2006,3,17,Rubens Barrichello,Honda,1:29.943,,
2006,3,18,Christijan Albers,MF1,1:30.226,,
2006,3,19,Scott Speed,Toro Rosso,1:30.426,,
2006,3,20,Tiago Monteiro,MF1,1:30.709,,
2006,3,21,Takuma Sato,Super Aguri,1:32.279,,
2006,3,22,Yuji Ide,Super Aguri,1:36.164,,
2006,4,1,Michael Schumacher,Ferrari,1:24.598,1:22.579,1:22.795
2006,4,2,Jenson Button,Honda,1:24.480,1:23.749,1:22.988
2006,4,3,Rubens Barrichello,Honda,1:24.727,1:23.760,1:23.242
2006,4,4,Felipe Massa,Ferrari,1:24.884,1:23.595,1:23.702
2006,4,5,Fernando Alonso,Renault,1:23.536,1:23.743,1:23.709
2006,4,6,Ralf Schumacher,Toyota,1:24.370,1:23.565,1:23.772
2006,4,7,Juan Pablo Montoya,McLaren,1:24.960,1:23.760,1:24.021
2006,4,8,Kimi Räikkönen,McLaren,1:24.259,1:23.190,1:24.158
2006,4,9,Jarno Trulli,Toyota,1:24.446,1:23.727,1:24.172
2006,4,10,Mark Webber,Williams,1:24.992,1:23.718,1:24.795
2006,4,11,Giancarlo Fisichella,Renault,1:24.434,1:23.771,
2006,4,12,Jacques Villeneuve,BMW Sauber,1:25.081,1:23.887,
2006,4,13,Nico Rosberg,Williams,1:24.495,1:23.966,
2006,4,14,David Coulthard,Red Bull,1:24.849,1:24.101,
2006,4,15,Nick Heidfeld,BMW Sauber,1:25.410,1:24.129,
2006,4,16,Vitantonio Liuzzi,Toro Rosso,1:24.879,1:24.520,
2006,4,17,Christian Klien,Red Bull,1:25.410,,
2006,4,18,Scott Speed,Toro Rosso,1:25.437,,
2006,4,19,Tiago Monteiro,MF1,1:26.820,,
2006,4,20,Christijan Albers,MF1,1:27.088,,
2006,4,21,Takuma Sato,Super Aguri,1:27.609,,
2006,4,22,Yuji Ide,Super Aguri,1:29.282,,
2006,5,1,Fernando Alonso,Renault,1:31.138,1:30.336,1:29.816
2006,5,2,Michael Schumacher,Ferrari,1:31.235,1:30.013,1:30.028
2006,5,3,Felipe Massa,Ferrari,1:31.921,1:30.732,1:30.407
2006,5,4,Rubens Barrichello,Honda,1:31.671,1:30.469,1:30.754
2006,5,5,Kimi Räikkönen,McLaren,1:31.263,1:30.203,1:30.933
2006,5,6,Jenson Button,Honda,1:31.420,1:30.755,1:30.940
2006,5,7,Jarno Trulli,Toyota,1:31.809,1:30.733,1:31.419
2006,5,8,Jacques Villeneuve,BMW Sauber,1:31.545,1:30.865,1:31.542
2006,5,9,Juan Pablo Montoya,McLaren,1:31.774,1:30.671,1:31.880
2006,5,10,Mark Webber,Williams,1:31.712,1:30.892,1:33.405
2006,5,11,Ralf Schumacher,Toyota,1:31.470,1:30.944,
2006,5,12,Nico Rosberg,Williams,1:32.053,1:31.194,
2006,5,13,Giancarlo Fisichella,Renault,1:31.574,1:31.197,
2006,5,14,David Coulthard,Red Bull,1:31.742,1:31.227,
2006,5,15,Nick Heidfeld,BMW Sauber,1:31.457,1:31.422,
2006,5,16,Vitantonio Liuzzi,Toro Rosso,1:32.651,1:31.728,
2006,5,17,Christian Klien,Red Bull,1:32.901,,
2006,5,18,Christijan Albers,MF1,1:32.936,,
2006,5,19,Scott Speed,Toro Rosso,1:32.992,,
2006,5,20,Tiago Monteiro,MF1,1:33.658,,
2006,5,21,Takuma Sato,Super Aguri,1:35.239,,
2006,5,22,Franck Montagny,Super Aguri,1:46.505,,
2006,6,1,Fernando Alonso,Renault,1:15.816,1:15.124,1:14.648
2006,6,2,Giancarlo Fisichella,Renault,1:16.046,1:14.766,1:14.709
2006,6,3,Michael Schumacher,Ferrari,1:16.049,1:14.637,1:14.970
2006,6,4,Felipe Massa,Ferrari,1:16.359,1:15.245,1:15.442
2006,6,5,Rubens Barrichello,Honda,1:16.266,1:15.258,1:15.885
2006,6,6,Ralf Schumacher,Toyota,1:16.234,1:15.164,1:15.885
2006,6,7,Jarno Trulli,Toyota,1:16.174,1:15.068,1:15.976
2006,6,8,Jenson Button,Honda,1:16.054,1:15.150,1:16.008
2006,6,9,Kimi Räikkönen,McLaren,1:16.613,1:15.422,1:16.015
2006,6,10,Nick Heidfeld,BMW Sauber,1:16.322,1:15.468,1:17.144
2006,6,11,Mark Webber,Williams,1:16.685,1:15.502,
2006,6,12,Juan Pablo Montoya,McLaren,1:16.195,1:15.801,
2006,6,13,Nico Rosberg,Williams,1:17.213,1:15.804,
2006,6,14,Jacques Villeneuve,BMW Sauber,1:16.066,1:15.847,
2006,6,15,Christian Klien,Red Bull,1:16.627,1:15.928,
2006,6,16,Vitantonio Liuzzi,Toro Rosso,1:17.105,1:16.661,
2006,6,17,Scott Speed,Toro Rosso,1:17.361,,
2006,6,18,Tiago Monteiro,MF1,1:17.702,,
2006,6,19,Christijan Albers,MF1,1:18.024,,
2006,6,20,Takuma Sato,Super Aguri,1:18.920,,
2006,6,21,Franck Montagny,Super Aguri,1:20.763,,
2006,6,22,David Coulthard,Red Bull,,,
2006,7,1,Fernando Alonso,Renault,1:14.232,1:13.622,1:13.962
2006,7,2,Mark Webber,Williams,1:14.305,1:13.728,1:14.082
2006,7,3,Kimi Räikkönen,McLaren,1:13.887,1:13.532,1:14.140
2006,7,4,Juan Pablo Montoya,McLaren,1:14.483,1:14.295,1:14.664
2006,7,5,Rubens Barrichello,Honda,1:14.766,1:14.312,1:15.804
2006,7,6,Jarno Trulli,Toyota,1:14.883,1:14.211,1:15.857
2006,7,7,David Coulthard,Red Bull,1:15.090,1:13.687,1:16.426
2006,7,8,Nico Rosberg,Williams,1:14.888,1:13.909,1:16.636
2006,7,9,Giancarlo Fisichella,Renault,1:14.614,1:13.647,1:17.260
2006,7,10,Ralf Schumacher,Toyota,1:14.412,1:14.398,
2006,7,11,Christian Klien,Red Bull,1:14.489,1:14.747,
2006,7,12,Vitantonio Liuzzi,Toro Rosso,1:15.314,1:14.969,
2006,7,13,Jenson Button,Honda,1:15.085,1:14.982,
2006,7,14,Jacques Villeneuve,BMW Sauber,1:15.316,1:15.052,
2006,7,15,Nick Heidfeld,BMW Sauber,1:15.324,1:15.137,
2006,7,16,Christijan Albers,MF1,1:15.598,,
2006,7,17,Tiago Monteiro,MF1,1:15.993,,
2006,7,18,Scott Speed,Toro Rosso,1:16.236,,
2006,7,19,Takuma Sato,Super Aguri,1:17.276,,
2006,7,20,Franck Montagny,Super Aguri,1:17.502,,
2006,7,21,Felipe Massa,Ferrari,,,
2006,7,22,Michael Schumacher,Ferrari,,,
2006,8,1,Fernando Alonso,Renault,1:21.018,1:20.271,1:20.253
2006,8,2,Kimi Räikkönen,McLaren,1:21.648,1:20.497,1:20.397
2006,8,3,Michael Schumacher,Ferrari,1:22.096,1:20.659,1:20.574
2006,8,4,Felipe Massa,Ferrari,1:21.647,1:20.846,1:20.764
2006,8,5,Giancarlo Fisichella,Renault,1:22.411,1:20.594,1:20.919
2006,8,6,Rubens Barrichello,Honda,1:22.965,1:20.929,1:20.943
2006,8,7,Ralf Schumacher,Toyota,1:22.886,1:21.043,1:21.073
2006,8,8,Juan Pablo Montoya,McLaren,1:22.169,1:20.816,1:21.107
2006,8,9,Nick Heidfeld,BMW Sauber,1:21.670,1:20.629,1:21.329
2006,8,10,Jacques Villeneuve,BMW Sauber,1:21.637,1:20.672,1:21.599
2006,8,11,David Coulthard,Red Bull,1:22.424,1:21.442,
2006,8,12,Nico Rosberg,Williams,1:23.083,1:21.567,
2006,8,13,Vitantonio Liuzzi,Toro Rosso,1:22.685,1:21.699,
2006,8,14,Christian Klien,Red Bull,1:22.773,1:21.990,
2006,8,15,Scott Speed,Toro Rosso,1:22.541,1:22.076,
2006,8,16,Tiago Monteiro,MF1,1:22.860,1:22.207,
2006,8,17,Mark Webber,Williams,1:23.129,,
2006,8,18,Christijan Albers,MF1,1:23.210,,
2006,8,19,Jenson Button,Honda,1:23.247,,
2006,8,20,Takuma Sato,Super Aguri,1:26.158,,
2006,8,21,Franck Montagny,Super Aguri,1:26.316,,
2006,8,22,Jarno Trulli,Toyota,,,
2006,9,1,Fernando Alonso,Renault,1:15.350,1:14.726,1:14.942
2006,9,2,Giancarlo Fisichella,Renault,1:15.917,1:15.295,1:15.178
2006,9,3,Kimi Räikkönen,McLaren,1:15.376,1:15.273,1:15.386
2006,9,4,Jarno Trulli,Toyota,1:16.455,1:15.506,1:15.968
2006,9,5,Michael Schumacher,Ferrari,1:15.716,1:15.139,1:15.986
2006,9,6,Nico Rosberg,Williams,1:16.404,1:15.269,1:16.012
2006,9,7,Juan Pablo Montoya,McLaren,1:16.251,1:15.253,1:16.228
2006,9,8,Jenson Button,Honda,1:16.594,1:15.814,1:16.608
2006,9,9,Rubens Barrichello,Honda,1:16.735,1:15.601,1:16.912
2006,9,10,Felipe Massa,Ferrari,1:16.259,1:15.555,1:17.209
2006,9,11,Jacques Villeneuve,BMW Sauber,1:16.493,1:15.832,
2006,9,12,Christian Klien,Red Bull,1:16.585,1:15.833,
2006,9,13,Nick Heidfeld,BMW Sauber,1:15.906,1:15.885,
2006,9,14,Ralf Schumacher,Toyota,1:16.702,1:15.888,
2006,9,15,Vitantonio Liuzzi,Toro Rosso,1:16.581,1:16.116,
2006,9,16,David Coulthard,Red Bull,1:16.514,1:16.301,
2006,9,17,Mark Webber,Williams,1:16.985,,
2006,9,18,Scott Speed,Toro Rosso,1:17.016,,
2006,9,19,Tiago Monteiro,MF1,1:17.121,,
2006,9,20,Christijan Albers,MF1,1:17.140,,
2006,9,21,Takuma Sato,Super Aguri,1:19.088,,
2006,9,22,Franck Montagny,Super Aguri,1:19.152,,
2006,10,1,Michael Schumacher,Ferrari,1:11.588,1:10.636,1:10.832
2006,10,2,Felipe Massa,Ferrari,1:11.088,1:11.146,1:11.435
2006,10,3,Giancarlo Fisichella,Renault,1:12.287,1:11.200,1:11.920
2006,10,4,Rubens Barrichello,Honda,1:12.156,1:11.263,1:12.109
2006,10,5,Fernando Alonso,Renault,1:12.416,1:11.877,1:12.449
2006,10,6,Jacques Villeneuve,BMW Sauber,1:12.114,1:11.724,1:12.479
2006,10,7,Jenson Button,Honda,1:12.238,1:11.865,1:12.523
2006,10,8,Ralf Schumacher,Toyota,1:11.879,1:11.673,1:12.795
2006,10,9,Kimi Räikkönen,McLaren,1:12.777,1:12.135,1:13.174
2006,10,10,Nick Heidfeld,BMW Sauber,1:11.891,1:11.718,1:15.280
2006,10,11,Juan Pablo Montoya,McLaren,1:12.477,1:12.150,
2006,10,12,Mark Webber,Williams,1:12.935,1:12.292,
2006,10,13,Scott Speed,Toro Rosso,1:13.167,1:12.792,
2006,10,14,Christijan Albers,MF1,1:12.711,1:12.854,
2006,10,15,Tiago Monteiro,MF1,1:12.627,1:12.864,
2006,10,16,Christian Klien,Red Bull,1:12.773,1:12.925,
2006,10,17,David Coulthard,Red Bull,1:13.180,,
2006,10,18,Takuma Sato,Super Aguri,1:13.496,,
2006,10,19,Nico Rosberg,Williams,1:13.506,,
2006,10,20,Jarno Trulli,Toyota,1:13.787,,
2006,10,21,Vitantonio Liuzzi,Toro Rosso,1:14.041,,
2006,10,22,Franck Montagny,Super Aguri,1:16.036,,
2006,11,1,Michael Schumacher,Ferrari,1:15.865,1:15.111,1:15.493
2006,11,2,Felipe Massa,Ferrari,1:16.277,1:15.679,1:15.510
2006,11,3,Fernando Alonso,Renault,1:16.328,1:15.706,1:15.785
2006,11,4,Jarno Trulli,Toyota,1:15.550,1:15.776,1:16.036
2006,11,5,Ralf Schumacher,Toyota,1:15.949,1:15.625,1:16.091
2006,11,6,Kimi Räikkönen,McLaren,1:16.154,1:15.742,1:16.281
2006,11,7,Giancarlo Fisichella,Renault,1:16.825,1:15.901,1:16.345
2006,11,8,Pedro de la Rosa,McLaren,1:16.679,1:15.902,1:16.632
2006,11,9,Nico Rosberg,Williams,1:16.534,1:15.926,1:18.272
2006,11,10,David Coulthard,Red Bull,1:16.350,1:15.974,1:18.663
2006,11,11,Mark Webber,Williams,1:16.531,1:16.129,
2006,11,12,Nick Heidfeld,BMW Sauber,1:16.686,1:16.294,
2006,11,13,Christian Klien,Red Bull,1:16.921,1:16.433,
2006,11,14,Rubens Barrichello,Honda,1:17.022,1:17.027,
2006,11,15,Scott Speed,Toro Rosso,1:17.117,1:17.063,
2006,11,16,Christijan Albers,MF1,1:16.962,1:17.105,
2006,11,17,Vitantonio Liuzzi,Toro Rosso,1:17.164,,
2006,11,18,Jacques Villeneuve,BMW Sauber,1:17.304,,
2006,11,19,Jenson Button,Honda,1:17.495,,
2006,11,20,Tiago Monteiro,MF1,1:17.589,,
2006,11,21,Franck Montagny,Super Aguri,1:18.637,,
2006,11,22,Takuma Sato,Super Aguri,1:18.845,,
2006,12,1,Kimi Räikkönen,McLaren,1:15.214,1:14.410,1:14.070
2006,12,2,Michael Schumacher,Ferrari,1:14.904,1:13.778,1:14.205
2006,12,3,Felipe Massa,Ferrari,1:14.412,1:14.094,1:14.569
2006,12,4,Jenson Button,Honda,1:15.869,1:14.378,1:14.862
2006,12,5,Giancarlo Fisichella,Renault,1:15.916,1:14.540,1:14.894
2006,12,6,Rubens Barrichello,Honda,1:15.757,1:14.652,1:14.934
2006,12,7,Fernando Alonso,Renault,1:15.518,1:14.746,1:15.282
2006,12,8,Ralf Schumacher,Toyota,1:15.789,1:14.743,1:15.923
2006,12,9,Pedro de la Rosa,McLaren,1:15.655,1:15.021,1:15.936
2006,12,10,David Coulthard,Red Bull,1:15.836,1:14.826,1:16.326
2006,12,11,Mark Webber,Williams,1:15.719,1:15.094,
2006,12,12,Christian Klien,Red Bull,1:15.816,1:15.141,
2006,12,13,Jarno Trulli,Toyota,1:15.430,1:15.150,
2006,12,14,Jacques Villeneuve,BMW Sauber,1:16.281,1:15.329,
2006,12,15,Nico Rosberg,Williams,1:16.183,1:15.380,
2006,12,16,Nick Heidfeld,BMW Sauber,1:16.234,1:15.397,
2006,12,17,Vitantonio Liuzzi,Toro Rosso,1:16.399,,
2006,12,18,Christijan Albers,MF1,1:17.093,,
2006,12,19,Takuma Sato,Super Aguri,1:17.185,,
2006,12,20,Tiago Monteiro,MF1,1:17.836,,
2006,12,21,Sakon Yamamoto,Super Aguri,1:20.444,,
2006,12,22,Scott Speed,Toro Rosso,,,
2006,13,1,Kimi Räikkönen,McLaren,1:20.080,1:19.704,1:19.599
2006,13,2,Felipe Massa,Ferrari,1:19.742,1:19.504,1:19.886
2006,13,3,Rubens Barrichello,Honda,1:21.141,1:19.783,1:20.085
2006,13,4,Jenson Button,Honda,1:20.820,1:19.943,1:20.092
2006,13,5,Pedro de la Rosa,McLaren,1:21.288,1:19.991,1:20.117
2006,13,6,Mark Webber,Williams,1:21.335,1:20.047,1:20.266
2006,13,7,Ralf Schumacher,Toyota,1:21.112,1:20.243,1:20.759
2006,13,8,Giancarlo Fisichella,Renault,1:21.370,1:20.154,1:20.924
2006,13,9,Jarno Trulli,Toyota,1:21.434,1:20.231,1:21.132
2006,13,10,Robert Kubica,BMW Sauber,1:20.891,1:20.256,1:22.049
2006,13,11,Nick Heidfeld,BMW Sauber,1:21.437,1:20.623,
2006,13,12,Michael Schumacher,Ferrari,1:21.440,1:20.875,
2006,13,13,David Coulthard,Red Bull,1:21.163,1:20.890,
2006,13,14,Christian Klien,Red Bull,1:22.027,1:21.207,
2006,13,15,Fernando Alonso,Renault,1:21.792,1:21.364,
2006,13,16,Tiago Monteiro,MF1,1:22.009,1:23.767,
2006,13,17,Vitantonio Liuzzi,Toro Rosso,1:22.068,,
2006,13,18,Nico Rosberg,Williams,1:22.084,,
2006,13,19,Scott Speed,Toro Rosso,1:22.317,,
2006,13,20,Takuma Sato,Super Aguri,1:22.967,,
2006,13,21,Christijan Albers,MF1,1:23.146,,
2006,13,22,Sakon Yamamoto,Super Aguri,1:24.016,,
2006,14,1,Felipe Massa,Ferrari,1:27.306,1:27.059,1:26.907
2006,14,2,Michael Schumacher,Ferrari,1:27.385,1:25.850,1:27.284
2006,14,3,Fernando Alonso,Renault,1:27.861,1:26.917,1:27.321
2006,14,4,Giancarlo Fisichella,Renault,1:28.175,1:27.346,1:27.564
2006,14,5,Ralf Schumacher,Toyota,1:27.668,1:27.062,1:27.569
2006,14,6,Nick Heidfeld,BMW Sauber,1:28.200,1:27.251,1:27.785
2006,14,7,Jenson Button,Honda,1:28.222,1:26.872,1:27.790
2006,14,8,Kimi Räikkönen,McLaren,1:28.236,1:27.202,1:27.866
2006,14,9,Robert Kubica,BMW Sauber,1:28.212,1:27.405,1:28.167
2006,14,10,Mark Webber,Williams,1:28.307,1:27.608,1:29.436
2006,14,11,Christian Klien,Red Bull,1:28.271,1:27.852,
2006,14,12,Pedro de la Rosa,McLaren,1:28.403,1:27.897,
2006,14,13,Jarno Trulli,Toyota,1:28.549,1:27.973,
2006,14,14,Rubens Barrichello,Honda,1:28.411,1:28.257,
2006,14,15,Nico Rosberg,Williams,1:28.889,1:28.386,
2006,14,16,Christijan Albers,MF1,1:29.021,1:28.639,
2006,14,17,David Coulthard,Red Bull,1:29.136,,
2006,14,18,Scott Speed,Toro Rosso,1:29.158,,
2006,14,19,Vitantonio Liuzzi,Toro Rosso,1:29.250,,
2006,14,20,Tiago Monteiro,MF1,1:29.901,,
2006,14,21,Sakon Yamamoto,Super Aguri,1:30.607,,
2006,14,22,Takuma Sato,Super Aguri,1:30.850,,
2006,15,1,Kimi Räikkönen,McLaren,1:21.994,1:21.349,1:21.484
2006,15,2,Michael Schumacher,Ferrari,1:21.711,1:21.353,1:21.486
2006,15,3,Nick Heidfeld,BMW Sauber,1:21.764,1:21.425,1:21.653
2006,15,4,Felipe Massa,Ferrari,1:22.028,1:21.225,1:21.704
2006,15,5,Jenson Button,Honda,1:22.512,1:21.572,1:22.011
2006,15,6,Robert Kubica,BMW Sauber,1:22.437,1:21.270,1:22.258
2006,15,7,Pedro de la Rosa,McLaren,1:22.422,1:21.878,1:22.280
2006,15,8,Rubens Barrichello,Honda,1:22.640,1:21.688,1:22.787
2006,15,9,Giancarlo Fisichella,Renault,1:22.486,1:21.722,1:23.175
2006,15,10,Fernando Alonso,Renault,1:21.747,1:21.526,1:25.688
2006,15,11,Jarno Trulli,Toyota,1:22.093,1:21.924,
2006,15,12,Nico Rosberg,Williams,1:22.581,1:22.203,
2006,15,13,Ralf Schumacher,Toyota,1:22.622,1:22.280,
2006,15,14,David Coulthard,Red Bull,1:22.618,1:22.589,
2006,15,15,Scott Speed,Toro Rosso,1:22.943,1:23.165,
2006,15,16,Christian Klien,Red Bull,1:22.898,,
2006,15,17,Vitantonio Liuzzi,Toro Rosso,1:23.043,,
2006,15,18,Christijan Albers,Spyker MF1,1:23.116,,
2006,15,19,Mark Webber,Williams,1:23.341,,
2006,15,20,Tiago Monteiro,Spyker MF1,1:23.920,,
2006,15,21,Takuma Sato,Super Aguri,1:24.289,,
2006,15,22,Sakon Yamamoto,Super Aguri,1:26.001,,
2006,16,1,Fernando Alonso,Renault,1:44.128,1:43.951,1:44.360
2006,16,2,Giancarlo Fisichella,Renault,1:44.378,1:44.336,1:44.992
2006,16,3,Rubens Barrichello,Honda,1:47.072,1:45.228,1:45.503
2006,16,4,Jenson Button,Honda,1:45.809,1:44.662,1:45.503
2006,16,5,Kimi Räikkönen,McLaren,1:44.909,1:45.622,1:45.754
2006,16,6,Michael Schumacher,Ferrari,1:47.366,1:45.660,1:45.775
2006,16,7,Pedro de la Rosa,McLaren,1:44.808,1:45.095,1:45.877
2006,16,8,Nick Heidfeld,BMW Sauber,1:46.249,1:45.055,1:46.053
2006,16,9,Robert Kubica,BMW Sauber,1:46.049,1:45.576,1:46.632
2006,16,10,Robert Doornbos,Red Bull,1:46.387,1:45.747,1:48.021
2006,16,11,Scott Speed,Toro Rosso,1:46.222,1:45.851,
2006,16,12,David Coulthard,Red Bull,1:45.931,1:45.968,
2006,16,13,Vitantonio Liuzzi,Toro Rosso,1:45.564,1:46.172,
2006,16,14,Mark Webber,Williams,1:48.560,1:46.413,
2006,16,15,Nico Rosberg,Williams,1:47.535,1:47.419,
2006,16,16,Ralf Schumacher,Toyota,1:48.894,,
2006,16,17,Jarno Trulli,Toyota,1:49.098,,
2006,16,18,Tiago Monteiro,Spyker MF1,1:49.903,,
2006,16,19,Sakon Yamamoto,Super Aguri,1:55.560,,
2006,16,20,Felipe Massa,Ferrari,1:47.231,1:45.970,
2006,16,21,Takuma Sato,Super Aguri,1:50.326,,
2006,16,22,Christijan Albers,Spyker MF1,1:49.542,,
2006,17,1,Felipe Massa,Ferrari,1:30.112,1:29.830,1:29.599
2006,17,2,Michael Schumacher,Ferrari,1:31.279,1:28.954,1:29.711
2006,17,3,Ralf Schumacher,Toyota,1:30.595,1:30.299,1:29.989
2006,17,4,Jarno Trulli,Toyota,1:30.420,1:30.204,1:30.039
2006,17,5,Fernando Alonso,Renault,1:30.976,1:30.357,1:30.371
2006,17,6,Giancarlo Fisichella,Renault,1:31.696,1:30.306,1:30.599
2006,17,7,Jenson Button,Honda,1:30.847,1:30.268,1:30.992
2006,17,8,Rubens Barrichello,Honda,1:31.972,1:30.598,1:31.478
2006,17,9,Nick Heidfeld,BMW Sauber,1:31.811,1:30.470,1:31.513
2006,17,10,Nico Rosberg,Williams,1:30.585,1:30.321,1:31.856
2006,17,11,Kimi Räikkönen,McLaren,1:32.080,1:30.827,
2006,17,12,Robert Kubica,BMW Sauber,1:31.204,1:31.094,
2006,17,13,Pedro de la Rosa,McLaren,1:31.581,1:31.254,
2006,17,14,Mark Webber,Williams,1:31.647,1:31.276,
2006,17,15,Vitantonio Liuzzi,Toro Rosso,1:31.741,1:31.943,
2006,17,16,Christijan Albers,Spyker MF1,1:32.221,1:33.750,
2006,17,17,David Coulthard,Red Bull,1:32.252,,
2006,17,18,Robert Doornbos,Red Bull,1:32.402,,
2006,17,19,Scott Speed,Toro Rosso,1:32.867,,
2006,17,20,Takuma Sato,Super Aguri,1:33.666,,
2006,17,21,Tiago Monteiro,Spyker MF1,1:33.709,,
2006,17,22,Sakon Yamamoto,Super Aguri,,,
2006,18,1,Felipe Massa,Ferrari,1:10.643,1:10.775,1:10.680
2006,18,2,Kimi Räikkönen,McLaren,1:12.035,1:11.386,1:11.299
2006,18,3,Jarno Trulli,Toyota,1:11.885,1:11.343,1:11.328
2006,18,4,Fernando Alonso,Renault,1:11.791,1:11.148,1:11.567
2006,18,5,Rubens Barrichello,Honda,1:12.017,1:11.578,1:11.619
2006,18,6,Giancarlo Fisichella,Renault,1:12.042,1:11.461,1:11.629
2006,18,7,Ralf Schumacher,Toyota,1:11.713,1:11.550,1:11.695
2006,18,8,Nick Heidfeld,BMW Sauber,1:12.307,1:11.648,1:11.882
2006,18,9,Robert Kubica,BMW Sauber,1:12.040,1:11.589,1:12.131
2006,18,10,Michael Schumacher,Ferrari,1:11.565,1:10.313,
2006,18,11,Mark Webber,Williams,1:11.973,1:11.650,
2006,18,12,Pedro de la Rosa,McLaren,1:11.825,1:11.658,
2006,18,13,Nico Rosberg,Williams,1:11.974,1:11.679,
2006,18,14,Jenson Button,Honda,1:12.085,1:11.742,
2006,18,15,Robert Doornbos,Red Bull,1:12.530,1:12.591,
2006,18,16,Vitantonio Liuzzi,Toro Rosso,1:12.855,1:12.861,
2006,18,17,Scott Speed,Toro Rosso,1:12.856,,
2006,18,18,Christijan Albers,Spyker MF1,1:13.138,,
2006,18,19,David Coulthard,Red Bull,1:13.249,,
2006,18,20,Takuma Sato,Super Aguri,1:13.269,,
2006,18,21,Sakon Yamamoto,Super Aguri,1:13.357,,
2006,18,22,Tiago Monteiro,Spyker MF1,,,
2007,1,1,Kimi Räikkönen,Ferrari,1:26.644,1:25.644,1:26.072
2007,1,2,Fernando Alonso,McLaren,1:26.697,1:25.326,1:26.493
2007,1,3,Nick Heidfeld,BMW Sauber,1:26.895,1:25.358,1:26.556
2007,1,4,Lewis Hamilton,McLaren,1:26.674,1:25.577,1:26.755
2007,1,5,Robert Kubica,BMW Sauber,1:26.696,1:25.882,1:27.347
2007,1,6,Giancarlo Fisichella,Renault,1:27.270,1:25.944,1:27.634
2007,1,7,Mark Webber,Red Bull,1:26.978,1:26.623,1:27.934
2007,1,8,Jarno Trulli,Toyota,1:27.014,1:26.688,1:28.404
2007,1,9,Ralf Schumacher,Toyota,1:27.328,1:26.739,1:28.692
2007,1,10,Takuma Sato,Super Aguri,1:27.365,1:26.758,1:28.871
2007,1,11,Anthony Davidson,Super Aguri,1:26.986,1:26.909,
2007,1,12,Nico Rosberg,Williams,1:27.596,1:26.914,
2007,1,13,Heikki Kovalainen,Renault,1:27.529,1:26.964,
2007,1,14,Jenson Button,Honda,1:27.540,1:27.264,
2007,1,15,Alexander Wurz,Williams,1:27.479,1:27.393,
2007,1,16,Felipe Massa,Ferrari,1:26.712,,
2007,1,17,Rubens Barrichello,Honda,1:27.679,,
2007,1,18,Scott Speed,Toro Rosso,1:28.305,,
2007,1,19,David Coulthard,Red Bull,1:28.579,,
2007,1,20,Vitantonio Liuzzi,Toro Rosso,1:29.267,,
2007,1,21,Adrian Sutil,Spyker,1:29.339,,
2007,1,22,Christijan Albers,Spyker,1:31.932,,
2007,2,1,Felipe Massa,Ferrari,1:35.340,1:34.454,1:35.043
2007,2,2,Fernando Alonso,McLaren,1:34.942,1:34.057,1:35.310
2007,2,3,Kimi Räikkönen,Ferrari,1:35.138,1:34.687,1:35.479
2007,2,4,Lewis Hamilton,McLaren,1:35.028,1:34.650,1:36.045
2007,2,5,Nick Heidfeld,BMW Sauber,1:35.617,1:35.203,1:36.543
2007,2,6,Nico Rosberg,Williams,1:35.755,1:35.380,1:36.829
2007,2,7,Robert Kubica,BMW Sauber,1:35.294,1:34.739,1:36.839
2007,2,8,Jarno Trulli,Toyota,1:35.666,1:35.255,1:36.902
2007,2,9,Ralf Schumacher,Toyota,1:35.736,1:35.595,1:37.078
2007,2,10,Mark Webber,Red Bull,1:35.727,1:35.579,1:37.345
2007,2,11,Heikki Kovalainen,Renault,1:36.092,1:35.630,
2007,2,12,Giancarlo Fisichella,Renault,1:35.879,1:35.706,
2007,2,13,David Coulthard,Red Bull,1:35.730,1:35.766,
2007,2,14,Takuma Sato,Super Aguri,1:36.430,1:35.945,
2007,2,15,Jenson Button,Honda,1:35.913,1:36.088,
2007,2,16,Vitantonio Liuzzi,Toro Rosso,1:36.140,1:36.145,
2007,2,17,Scott Speed,Toro Rosso,1:36.578,,
2007,2,18,Anthony Davidson,Super Aguri,1:36.816,,
2007,2,19,Rubens Barrichello,Honda,1:36.827,,
2007,2,20,Alexander Wurz,Williams,1:37.326,,
2007,2,21,Christijan Albers,Spyker,1:38.279,,
2007,2,22,Adrian Sutil,Spyker,1:38.415,,
2007,3,1,Felipe Massa,Ferrari,1:32.443,1:31.359,1:32.652
2007,3,2,Lewis Hamilton,McLaren,1:32.580,1:31.752,1:32.935
2007,3,3,Kimi Räikkönen,Ferrari,1:33.161,1:31.812,1:33.131
2007,3,4,Fernando Alonso,McLaren,1:33.049,1:32.214,1:33.192
2007,3,5,Nick Heidfeld,BMW Sauber,1:33.164,1:32.154,1:33.404
2007,3,6,Robert Kubica,BMW Sauber,1:33.348,1:32.292,1:33.710
2007,3,7,Giancarlo Fisichella,Renault,1:33.556,1:32.889,1:34.056
2007,3,8,Mark Webber,Red Bull,1:33.496,1:32.808,1:34.106
2007,3,9,Jarno Trulli,Toyota,1:33.218,1:32.429,1:34.154
2007,3,10,Nico Rosberg,Williams,1:33.349,1:32.815,1:34.399
2007,3,11,Alexander Wurz,Williams,1:33.759,1:32.915,
2007,3,12,Heikki Kovalainen,Renault,1:33.467,1:32.935,
2007,3,13,Anthony Davidson,Super Aguri,1:33.299,1:33.082,
2007,3,14,Ralf Schumacher,Toyota,1:33.923,1:33.294,
2007,3,15,Rubens Barrichello,Honda,1:33.776,1:33.624,
2007,3,16,Jenson Button,Honda,1:33.967,1:33.731,
2007,3,17,Takuma Sato,Super Aguri,1:33.984,,
2007,3,18,Vitantonio Liuzzi,Toro Rosso,1:34.024,,
2007,3,19,Scott Speed,Toro Rosso,1:34.333,,
2007,3,20,Adrian Sutil,Spyker,1:35.280,,
2007,3,21,David Coulthard,Red Bull,1:35.341,,
2007,3,22,Christijan Albers,Spyker,1:35.533,,
2007,4,1,Felipe Massa,Ferrari,1:21.375,1:20.597,1:21.421
2007,4,2,Fernando Alonso,McLaren,1:21.609,1:20.797,1:21.451
2007,4,3,Kimi Räikkönen,Ferrari,1:21.802,1:20.741,1:21.723
2007,4,4,Lewis Hamilton,McLaren,1:21.120,1:20.713,1:21.785
2007,4,5,Robert Kubica,BMW Sauber,1:21.941,1:21.381,1:22.253
2007,4,6,Jarno Trulli,Toyota,1:22.501,1:21.554,1:22.324
2007,4,7,Nick Heidfeld,BMW Sauber,1:21.625,1:21.113,1:22.389
2007,4,8,Heikki Kovalainen,Renault,1:21.790,1:21.623,1:22.568
2007,4,9,David Coulthard,Red Bull,1:22.491,1:21.488,1:22.749
2007,4,10,Giancarlo Fisichella,Renault,1:22.064,1:21.677,1:22.881
2007,4,11,Nico Rosberg,Williams,1:21.943,1:21.968,
2007,4,12,Rubens Barrichello,Honda,1:22.502,1:22.097,
2007,4,13,Takuma Sato,Super Aguri,1:22.090,1:22.115,
2007,4,14,Jenson Button,Honda,1:22.503,1:22.120,
2007,4,15,Anthony Davidson,Super Aguri,1:22.295,,
2007,4,16,Vitantonio Liuzzi,Toro Rosso,1:22.508,,
2007,4,17,Ralf Schumacher,Toyota,1:22.666,,
2007,4,18,Alexander Wurz,Williams,1:22.769,,
2007,4,19,Mark Webber,Red Bull,1:23.398,,
2007,4,20,Adrian Sutil,Spyker,1:23.811,,
2007,4,21,Christijan Albers,Spyker,1:23.990,,
2007,4,22,Scott Speed,Toro Rosso,,,
2007,5,1,Fernando Alonso,McLaren,1:16.059,1:15.431,1:15.726
2007,5,2,Lewis Hamilton,McLaren,1:15.685,1:15.479,1:15.905
2007,5,3,Felipe Massa,Ferrari,1:16.786,1:16.034,1:15.967
2007,5,4,Giancarlo Fisichella,Renault,1:17.596,1:16.054,1:16.285
2007,5,5,Nico Rosberg,Williams,1:16.870,1:16.100,1:16.439
2007,5,6,Mark Webber,Red Bull,1:17.816,1:16.420,1:16.784
2007,5,7,Nick Heidfeld,BMW Sauber,1:17.385,1:15.733,1:16.832
2007,5,8,Robert Kubica,BMW Sauber,1:17.584,1:15.576,1:16.955
2007,5,9,Rubens Barrichello,Honda,1:17.244,1:16.454,1:17.498
2007,5,10,Jenson Button,Honda,1:17.297,1:16.457,1:17.939
2007,5,11,Alexander Wurz,Williams,1:17.874,1:16.662,
2007,5,12,Vitantonio Liuzzi,Toro Rosso,1:16.720,1:16.703,
2007,5,13,David Coulthard,Red Bull,1:17.204,1:16.319,
2007,5,14,Jarno Trulli,Toyota,1:17.686,1:16.988,
2007,5,15,Heikki Kovalainen,Renault,1:17.836,1:17.125,
2007,5,16,Kimi Räikkönen,Ferrari,1:16.251,,
2007,5,17,Anthony Davidson,Super Aguri,1:18.250,,
2007,5,18,Scott Speed,Toro Rosso,1:18.390,,
2007,5,19,Adrian Sutil,Spyker,1:18.418,,
2007,5,20,Ralf Schumacher,Toyota,1:18.539,,
2007,5,21,Takuma Sato,Super Aguri,1:18.554,,
2007,5,22,Christijan Albers,Spyker,,,
2007,6,1,Lewis Hamilton,McLaren,1:16.576,1:15.486,1:15.707
2007,6,2,Fernando Alonso,McLaren,1:16.562,1:15.522,1:16.163
2007,6,3,Nick Heidfeld,BMW Sauber,1:17.006,1:15.960,1:16.266
2007,6,4,Kimi Räikkönen,Ferrari,1:16.468,1:16.592,1:16.411
2007,6,5,Felipe Massa,Ferrari,1:16.756,1:16.138,1:16.570
2007,6,6,Mark Webber,Red Bull,1:17.315,1:16.257,1:16.913
2007,6,7,Nico Rosberg,Williams,1:17.016,1:16.190,1:16.919
2007,6,8,Robert Kubica,BMW Sauber,1:17.267,1:16.368,1:16.993
2007,6,9,Giancarlo Fisichella,Renault,1:16.805,1:16.288,1:17.229
2007,6,10,Jarno Trulli,Toyota,1:17.324,1:16.600,1:17.747
2007,6,11,Takuma Sato,Super Aguri,1:17.490,1:16.743,
2007,6,12,Vitantonio Liuzzi,Toro Rosso,1:17.541,1:16.760,
2007,6,13,Rubens Barrichello,Honda,1:17.011,1:17.116,
2007,6,14,David Coulthard,Red Bull,1:17.436,1:17.304,
2007,6,15,Jenson Button,Honda,1:17.522,1:17.541,
2007,6,16,Scott Speed,Toro Rosso,1:17.433,1:17.571,
2007,6,17,Anthony Davidson,Super Aguri,1:17.542,,
2007,6,18,Ralf Schumacher,Toyota,1:17.634,,
2007,6,19,Alexander Wurz,Williams,1:18.089,,
2007,6,20,Adrian Sutil,Spyker,1:18.536,,
2007,6,21,Christijan Albers,Spyker,1:19.196,,
2007,6,22,Heikki Kovalainen,Renault,1:17.806,,
2007,7,1,Lewis Hamilton,McLaren,1:12.563,1:12.065,1:12.331
2007,7,2,Fernando Alonso,McLaren,1:12.416,1:11.926,1:12.500
2007,7,3,Felipe Massa,Ferrari,1:12.731,1:12.180,1:12.703
2007,7,4,Kimi Räikkönen,Ferrari,1:12.732,1:12.111,1:12.839
2007,7,5,Nick Heidfeld,BMW Sauber,1:12.543,1:12.188,1:12.847
2007,7,6,Heikki Kovalainen,Renault,1:12.998,1:12.599,1:13.308
2007,7,7,Sebastian Vettel,BMW Sauber,1:12.711,1:12.644,1:13.513
2007,7,8,Jarno Trulli,Toyota,1:13.186,1:12.828,1:13.789
2007,7,9,Mark Webber,Red Bull,1:13.425,1:12.788,1:13.871
2007,7,10,Giancarlo Fisichella,Renault,1:13.168,1:12.603,1:13.953
2007,7,11,David Coulthard,Red Bull,1:13.424,1:12.873,
2007,7,12,Ralf Schumacher,Toyota,1:12.851,1:12.920,
2007,7,13,Jenson Button,Honda,1:13.306,1:12.998,
2007,7,14,Nico Rosberg,Williams,1:13.128,1:13.060,
2007,7,15,Rubens Barrichello,Honda,1:13.203,1:13.201,
2007,7,16,Anthony Davidson,Super Aguri,1:13.164,1:13.259,
2007,7,17,Alexander Wurz,Williams,1:13.441,,
2007,7,18,Takuma Sato,Super Aguri,1:13.477,,
2007,7,19,Vitantonio Liuzzi,Toro Rosso,1:13.484,,
2007,7,20,Scott Speed,Toro Rosso,1:13.712,,
2007,7,21,Adrian Sutil,Spyker,1:14.122,,
2007,7,22,Christijan Albers,Spyker,1:14.597,,
2007,8,1,Felipe Massa,Ferrari,1:15.303,1:14.822,1:15.034
2007,8,2,Lewis Hamilton,McLaren,1:14.805,1:14.795,1:15.104
2007,8,3,Kimi Räikkönen,Ferrari,1:14.872,1:14.828,1:15.257
2007,8,4,Robert Kubica,BMW Sauber,1:15.778,1:15.066,1:15.493
2007,8,5,Giancarlo Fisichella,Renault,1:16.047,1:15.227,1:15.674
2007,8,6,Heikki Kovalainen,Renault,1:15.524,1:15.272,1:15.826
2007,8,7,Nick Heidfeld,BMW Sauber,1:15.783,1:15.149,1:15.900
2007,8,8,Jarno Trulli,Toyota,1:16.118,1:15.379,1:15.935
2007,8,9,Nico Rosberg,Williams,1:16.092,1:15.331,1:16.328
2007,8,10,Fernando Alonso,McLaren,1:15.322,1:15.084,
2007,8,11,Ralf Schumacher,Toyota,1:15.760,1:15.534,
2007,8,12,Jenson Button,Honda,1:16.113,1:15.584,
2007,8,13,Rubens Barrichello,Honda,1:16.140,1:15.761,
2007,8,14,Mark Webber,Red Bull,1:15.746,1:15.806,
2007,8,15,Scott Speed,Toro Rosso,1:15.980,1:16.049,
2007,8,16,David Coulthard,Red Bull,1:15.915,,
2007,8,17,Vitantonio Liuzzi,Toro Rosso,1:16.142,,
2007,8,18,Alexander Wurz,Williams,1:16.241,,
2007,8,19,Anthony Davidson,Super Aguri,1:16.366,,
2007,8,20,Christijan Albers,Spyker,1:17.826,,
2007,8,21,Adrian Sutil,Spyker,1:17.915,,
2007,8,22,Takuma Sato,Super Aguri,1:16.244,,
2007,9,1,Lewis Hamilton,McLaren,1:19.885,1:19.400,1:19.997
2007,9,2,Kimi Räikkönen,Ferrari,1:19.753,1:19.252,1:20.099
2007,9,3,Fernando Alonso,McLaren,1:19.330,1:19.152,1:20.147
2007,9,4,Felipe Massa,Ferrari,1:19.790,1:19.421,1:20.265
2007,9,5,Robert Kubica,BMW Sauber,1:20.294,1:20.054,1:20.401
2007,9,6,Ralf Schumacher,Toyota,1:20.513,1:19.860,1:20.516
2007,9,7,Heikki Kovalainen,Renault,1:20.570,1:20.077,1:20.721
2007,9,8,Giancarlo Fisichella,Renault,1:20.842,1:20.042,1:20.775
2007,9,9,Nick Heidfeld,BMW Sauber,1:20.534,1:20.178,1:20.894
2007,9,10,Jarno Trulli,Toyota,1:21.150,1:20.133,1:21.240
2007,9,11,Mark Webber,Red Bull,1:20.583,1:20.235,
2007,9,12,David Coulthard,Red Bull,1:21.154,1:20.329,
2007,9,13,Alexander Wurz,Williams,1:20.830,1:20.350,
2007,9,14,Rubens Barrichello,Honda,1:21.169,1:20.364,
2007,9,15,Scott Speed,Toro Rosso,1:20.834,1:20.515,
2007,9,16,Vitantonio Liuzzi,Toro Rosso,1:21.160,1:20.823,
2007,9,17,Nico Rosberg,Williams,1:21.219,,
2007,9,18,Jenson Button,Honda,1:21.335,,
2007,9,19,Anthony Davidson,Super Aguri,1:21.448,,
2007,9,20,Adrian Sutil,Spyker,1:22.019,,
2007,9,21,Takuma Sato,Super Aguri,1:22.045,,
2007,9,22,Christijan Albers,Spyker,1:22.586,,
2007,10,1,Kimi Räikkönen,Ferrari,1:31.522,1:31.237,1:31.450
2007,10,2,Fernando Alonso,McLaren,1:31.074,1:30.983,1:31.741
2007,10,3,Felipe Massa,Ferrari,1:31.447,1:30.912,1:31.778
2007,10,4,Nick Heidfeld,BMW Sauber,1:31.889,1:31.652,1:31.840
2007,10,5,Robert Kubica,BMW Sauber,1:31.961,1:31.444,1:32.123
2007,10,6,Mark Webber,Red Bull,1:32.629,1:31.661,1:32.476
2007,10,7,Heikki Kovalainen,Renault,1:32.594,1:31.783,1:32.478
2007,10,8,Jarno Trulli,Toyota,1:32.381,1:31.859,1:32.501
2007,10,9,Ralf Schumacher,Toyota,1:32.446,1:31.843,1:32.570
2007,10,10,Lewis Hamilton,McLaren,1:31.587,1:31.185,1:33.833
2007,10,11,Nico Rosberg,Williams,1:32.117,1:31.978,
2007,10,12,Alexander Wurz,Williams,1:32.173,1:31.996,
2007,10,13,Giancarlo Fisichella,Renault,1:32.378,1:32.010,
2007,10,14,Rubens Barrichello,Honda,1:32.674,1:32.221,
2007,10,15,Anthony Davidson,Super Aguri,1:32.793,1:32.451,
2007,10,16,Takuma Sato,Super Aguri,1:32.678,1:32.838,
2007,10,17,Jenson Button,Honda,1:32.983,,
2007,10,18,Scott Speed,Toro Rosso,1:33.038,,
2007,10,19,Vitantonio Liuzzi,Toro Rosso,1:33.148,,
2007,10,20,David Coulthard,Red Bull,1:33.151,,
2007,10,21,Adrian Sutil,Spyker,1:34.500,,
2007,10,22,Markus Winkelhock,Spyker,1:35.940,,
2007,11,1,Fernando Alonso,McLaren,1:20.425,1:19.661,1:19.674
2007,11,2,Lewis Hamilton,McLaren,1:19.570,1:19.301,1:19.781
2007,11,3,Nick Heidfeld,BMW Sauber,1:20.751,1:20.322,1:20.259
2007,11,4,Kimi Räikkönen,Ferrari,1:20.435,1:20.107,1:20.410
2007,11,5,Nico Rosberg,Williams,1:20.547,1:20.188,1:20.632
2007,11,6,Ralf Schumacher,Toyota,1:20.449,1:20.455,1:20.714
2007,11,7,Robert Kubica,BMW Sauber,1:20.366,1:20.703,1:20.876
2007,11,8,Giancarlo Fisichella,Renault,1:21.645,1:20.590,1:21.079
2007,11,9,Jarno Trulli,Toyota,1:20.481,1:19.951,1:21.206
2007,11,10,Mark Webber,Red Bull,1:20.794,1:20.439,1:21.256
2007,11,11,David Coulthard,Red Bull,1:21.291,1:20.718,
2007,11,12,Heikki Kovalainen,Renault,1:20.285,1:20.779,
2007,11,13,Alexander Wurz,Williams,1:21.243,1:20.865,
2007,11,14,Felipe Massa,Ferrari,1:20.408,1:21.021,
2007,11,15,Anthony Davidson,Super Aguri,1:21.018,1:21.127,
2007,11,16,Vitantonio Liuzzi,Toro Rosso,1:21.730,1:21.993,
2007,11,17,Jenson Button,Honda,1:21.737,,
2007,11,18,Rubens Barrichello,Honda,1:21.877,,
2007,11,19,Takuma Sato,Super Aguri,1:22.143,,
2007,11,20,Sebastian Vettel,Toro Rosso,1:22.177,,
2007,11,21,Adrian Sutil,Spyker,1:22.737,,
2007,11,22,Sakon Yamamoto,Spyker,1:23.774,,
2007,12,1,Felipe Massa,Ferrari,1:27.488,1:27.039,1:27.329
2007,12,2,Lewis Hamilton,McLaren,1:27.513,1:26.936,1:27.373
2007,12,3,Kimi Räikkönen,Ferrari,1:27.294,1:26.902,1:27.546
2007,12,4,Fernando Alonso,McLaren,1:27.328,1:26.841,1:27.574
2007,12,5,Robert Kubica,BMW Sauber,1:27.997,1:27.253,1:27.722
2007,12,6,Nick Heidfeld,BMW Sauber,1:28.099,1:27.253,1:28.037
2007,12,7,Heikki Kovalainen,Renault,1:28.127,1:27.039,1:28.491
2007,12,8,Nico Rosberg,Williams,1:28.275,1:27.750,1:28.501
2007,12,9,Jarno Trulli,Toyota,1:28.318,1:27.801,1:28.740
2007,12,10,Giancarlo Fisichella,Renault,1:28.313,1:27.880,1:29.322
2007,12,11,Anthony Davidson,Super Aguri,1:28.304,1:28.002,
2007,12,12,Mark Webber,Red Bull,1:28.500,1:28.013,
2007,12,13,David Coulthard,Red Bull,1:28.395,1:28.100,
2007,12,14,Alexander Wurz,Williams,1:28.360,1:28.390,
2007,12,15,Vitantonio Liuzzi,Toro Rosso,1:28.798,,
2007,12,16,Ralf Schumacher,Toyota,1:28.809,,
2007,12,17,Takuma Sato,Super Aguri,1:28.953,,
2007,12,18,Sebastian Vettel,Toro Rosso,1:29.408,,
2007,12,19,Adrian Sutil,Spyker,1:29.861,,
2007,12,20,Sakon Yamamoto,Spyker,1:31.479,,
2007,12,21,Jenson Button,Honda,1:28.373,1:28.220,
2007,12,22,Rubens Barrichello,Honda,1:28.792,1:28.188,
2007,13,1,Fernando Alonso,McLaren,1:21.718,1:21.356,1:21.997
2007,13,2,Lewis Hamilton,McLaren,1:21.956,1:21.746,1:22.034
2007,13,3,Felipe Massa,Ferrari,1:22.309,1:21.993,1:22.549
2007,13,4,Nick Heidfeld,BMW Sauber,1:23.107,1:22.466,1:23.174
2007,13,5,Kimi Räikkönen,Ferrari,1:22.673,1:22.369,1:23.183
2007,13,6,Robert Kubica,BMW Sauber,1:23.088,1:22.400,1:23.446
2007,13,7,Heikki Kovalainen,Renault,1:23.505,1:23.134,1:24.102
2007,13,8,Nico Rosberg,Williams,1:23.333,1:22.748,1:24.382
2007,13,9,Jarno Trulli,Toyota,1:23.724,1:23.107,1:24.555
2007,13,10,Jenson Button,Honda,1:23.639,1:23.021,1:25.165
2007,13,11,Mark Webber,Red Bull,1:23.575,1:23.166,
2007,13,12,Rubens Barrichello,Honda,1:23.474,1:23.176,
2007,13,13,Alexander Wurz,Williams,1:23.739,1:23.209,
2007,13,14,Anthony Davidson,Super Aguri,1:23.646,1:23.274,
2007,13,15,Giancarlo Fisichella,Renault,1:23.559,1:23.325,
2007,13,16,Sebastian Vettel,Toro Rosso,1:23.578,1:23.351,
2007,13,17,Takuma Sato,Super Aguri,1:23.749,,
2007,13,18,Ralf Schumacher,Toyota,1:23.787,,
2007,13,19,Vitantonio Liuzzi,Toro Rosso,1:23.886,,
2007,13,20,David Coulthard,Red Bull,1:24.019,,
2007,13,21,Adrian Sutil,Spyker,1:24.699,,
2007,13,22,Sakon Yamamoto,Spyker,1:25.084,,
2007,14,1,Kimi Räikkönen,Ferrari,1:46.242,1:45.070,1:45.994
2007,14,2,Felipe Massa,Ferrari,1:46.060,1:45.173,1:46.011
2007,14,3,Fernando Alonso,McLaren,1:46.058,1:45.442,1:46.091
2007,14,4,Lewis Hamilton,McLaren,1:46.437,1:45.132,1:46.406
2007,14,5,Nico Rosberg,Williams,1:46.950,1:46.469,1:47.334
2007,14,6,Nick Heidfeld,BMW Sauber,1:46.923,1:45.994,1:47.409
2007,14,7,Mark Webber,Red Bull,1:47.084,1:46.426,1:47.524
2007,14,8,Jarno Trulli,Toyota,1:47.143,1:46.480,1:47.798
2007,14,9,Heikki Kovalainen,Renault,1:46.971,1:46.240,1:48.505
2007,14,10,Ralf Schumacher,Toyota,1:47.300,1:46.618,
2007,14,11,David Coulthard,Red Bull,1:47.340,1:46.800,
2007,14,12,Jenson Button,Honda,1:47.474,1:46.955,
2007,14,13,Vitantonio Liuzzi,Toro Rosso,1:47.576,1:47.115,
2007,14,14,Robert Kubica,BMW Sauber,1:46.707,1:45.885,1:46.996
2007,14,15,Alexander Wurz,Williams,1:47.522,1:47.394,
2007,14,16,Sebastian Vettel,Toro Rosso,1:47.581,,
2007,14,17,Rubens Barrichello,Honda,1:47.954,,
2007,14,18,Takuma Sato,Super Aguri,1:47.980,,
2007,14,19,Adrian Sutil,Spyker,1:48.044,,
2007,14,20,Anthony Davidson,Super Aguri,1:48.199,,
2007,14,21,Sakon Yamamoto,Spyker,1:49.557,,
2007,14,22,Giancarlo Fisichella,Renault,1:47.143,1:46.603,
2007,15,1,Lewis Hamilton,McLaren,1:25.489,1:24.753,1:25.368
2007,15,2,Fernando Alonso,McLaren,1:25.379,1:24.806,1:25.438
2007,15,3,Kimi Räikkönen,Ferrari,1:25.390,1:24.988,1:25.516
2007,15,4,Felipe Massa,Ferrari,1:25.359,1:25.049,1:25.765
2007,15,5,Nick Heidfeld,BMW Sauber,1:25.971,1:25.248,1:26.505
2007,15,6,Jenson Button,Honda,1:26.614,1:25.454,1:26.913
2007,15,7,Mark Webber,Red Bull,1:25.970,1:25.535,1:26.914
2007,15,8,Sebastian Vettel,Toro Rosso,1:26.025,1:25.909,1:26.973
2007,15,9,Robert Kubica,BMW Sauber,1:26.300,1:25.530,1:27.225
2007,15,10,Giancarlo Fisichella,Renault,1:26.909,1:26.033,
2007,15,11,Heikki Kovalainen,Renault,1:27.223,1:26.232,
2007,15,12,David Coulthard,Red Bull,1:26.904,1:26.247,
2007,15,13,Jarno Trulli,Toyota,1:26.711,1:26.253,
2007,15,14,Vitantonio Liuzzi,Toro Rosso,1:27.234,1:26.948,
2007,15,15,Ralf Schumacher,Toyota,1:27.191,,
2007,15,16,Nico Rosberg,Williams,1:26.579,1:25.816,1:26.728
2007,15,17,Rubens Barrichello,Honda,1:27.323,,
2007,15,18,Alexander Wurz,Williams,1:27.454,,
2007,15,19,Anthony Davidson,Super Aguri,1:27.564,,
2007,15,20,Adrian Sutil,Spyker,1:28.628,,
2007,15,21,Takuma Sato,Super Aguri,1:28.762,,
2007,15,22,Sakon Yamamoto,Spyker,1:29.668,,
2007,16,1,Lewis Hamilton,McLaren,1:35.798,1:35.898,1:35.908
2007,16,2,Kimi Räikkönen,Ferrari,1:35.692,1:35.381,1:36.044
2007,16,3,Felipe Massa,Ferrari,1:35.792,1:35.796,1:36.221
2007,16,4,Fernando Alonso,McLaren,1:35.809,1:35.845,1:36.576
2007,16,5,David Coulthard,Red Bull,1:36.930,1:36.252,1:37.619
2007,16,6,Ralf Schumacher,Toyota,1:37.135,1:36.709,1:38.013
2007,16,7,Mark Webber,Red Bull,1:37.199,1:36.602,1:38.153
2007,16,8,Nick Heidfeld,BMW Sauber,1:36.737,1:36.217,1:38.455
2007,16,9,Robert Kubica,BMW Sauber,1:36.309,1:36.116,1:38.472
2007,16,10,Jenson Button,Honda,1:37.092,1:36.771,1:39.285
2007,16,11,Vitantonio Liuzzi,Toro Rosso,1:37.047,1:36.862,
2007,16,12,Jarno Trulli,Toyota,1:37.209,1:36.959,
2007,16,13,Heikki Kovalainen,Renault,1:37.225,1:36.991,
2007,16,14,Anthony Davidson,Super Aguri,1:37.203,1:37.247,
2007,16,15,Nico Rosberg,Williams,1:37.144,1:37.483,
2007,16,16,Rubens Barrichello,Honda,1:37.251,,
2007,16,17,Sebastian Vettel,Toro Rosso,1:37.006,1:36.891,
2007,16,18,Giancarlo Fisichella,Renault,1:37.290,,
2007,16,19,Alexander Wurz,Williams,1:37.456,,
2007,16,20,Takuma Sato,Super Aguri,1:38.218,,
2007,16,21,Adrian Sutil,Spyker,1:38.668,,
2007,16,22,Sakon Yamamoto,Spyker,1:39.336,,
2007,17,1,Felipe Massa,Ferrari,1:12.303,1:12.374,1:11.931
2007,17,2,Lewis Hamilton,McLaren,1:13.033,1:12.296,1:12.082
2007,17,3,Kimi Räikkönen,Ferrari,1:13.016,1:12.161,1:12.322
2007,17,4,Fernando Alonso,McLaren,1:12.895,1:12.637,1:12.356
2007,17,5,Mark Webber,Red Bull,1:13.081,1:12.683,1:12.928
2007,17,6,Nick Heidfeld,BMW Sauber,1:13.472,1:12.888,1:13.081
2007,17,7,Robert Kubica,BMW Sauber,1:13.085,1:12.641,1:13.129
2007,17,8,Jarno Trulli,Toyota,1:13.470,1:12.832,1:13.195
2007,17,9,David Coulthard,Red Bull,1:13.264,1:12.846,1:13.272
2007,17,10,Nico Rosberg,Williams,1:13.707,1:12.752,1:13.477
2007,17,11,Rubens Barrichello,Honda,1:13.661,1:12.932,
2007,17,12,Giancarlo Fisichella,Renault,1:13.482,1:12.968,
2007,17,13,Sebastian Vettel,Toro Rosso,1:13.853,1:13.058,
2007,17,14,Vitantonio Liuzzi,Toro Rosso,1:13.607,1:13.251,
2007,17,15,Ralf Schumacher,Toyota,1:13.767,1:13.315,
2007,17,16,Jenson Button,Honda,1:14.054,1:13.469,
2007,17,17,Heikki Kovalainen,Renault,1:14.078,,
2007,17,18,Takuma Sato,Super Aguri,1:14.098,,
2007,17,19,Kazuki Nakajima,Williams,1:14.417,,
2007,17,20,Anthony Davidson,Super Aguri,1:14.596,,
2007,17,21,Adrian Sutil,Spyker,1:15.217,,
2007,17,22,Sakon Yamamoto,Spyker,1:15.487,,
2008,1,1,Lewis Hamilton,McLaren,1:26.572,1:25.187,1:26.714
2008,1,2,Robert Kubica,BMW Sauber,1:26.103,1:25.315,1:26.869
2008,1,3,Heikki Kovalainen,McLaren,1:25.664,1:25.452,1:27.079
2008,1,4,Felipe Massa,Ferrari,1:25.994,1:25.691,1:27.178
2008,1,5,Nick Heidfeld,BMW Sauber,1:25.960,1:25.518,1:27.236
2008,1,6,Jarno Trulli,Toyota,1:26.427,1:26.101,1:28.527
2008,1,7,Nico Rosberg,Williams,1:26.295,1:26.059,1:28.687
2008,1,8,David Coulthard,Red Bull,1:26.381,1:26.063,1:29.041
2008,1,9,Timo Glock,Toyota,1:26.919,1:26.164,1:29.593
2008,1,10,Sebastian Vettel,Toro Rosso,1:26.702,1:25.842,
2008,1,11,Rubens Barrichello,Honda,1:26.369,1:26.173,
2008,1,12,Fernando Alonso,Renault,1:26.907,1:26.188,
2008,1,13,Jenson Button,Honda,1:26.712,1:26.259,
2008,1,14,Kazuki Nakajima,Williams,1:26.891,1:26.413,
2008,1,15,Mark Webber,Red Bull,1:26.914,,
2008,1,16,Kimi Räikkönen,Ferrari,1:26.140,,
2008,1,17,Giancarlo Fisichella,Force India,1:27.207,,
2008,1,18,Sébastien Bourdais,Toro Rosso,1:27.446,,
2008,1,19,Adrian Sutil,Force India,1:27.859,,
2008,1,20,Takuma Sato,Super Aguri,1:28.208,,
2008,1,21,Nelson Piquet Jr.,Renault,1:28.330,,
2008,1,22,Anthony Davidson,Super Aguri,1:29.059,,
2008,2,1,Felipe Massa,Ferrari,1:35.347,1:34.412,1:35.748
2008,2,2,Kimi Räikkönen,Ferrari,1:35.645,1:34.188,1:36.230
2008,2,3,Heikki Kovalainen,McLaren,1:35.227,1:34.759,1:36.613
2008,2,4,Lewis Hamilton,McLaren,1:35.392,1:34.627,1:36.709
2008,2,5,Jarno Trulli,Toyota,1:35.205,1:34.960,1:36.711
2008,2,6,Robert Kubica,BMW Sauber,1:35.794,1:34.811,1:36.727
2008,2,7,Nick Heidfeld,BMW Sauber,1:35.729,1:34.648,1:36.753
2008,2,8,Mark Webber,Red Bull,1:35.440,1:34.967,1:37.009
2008,2,9,Fernando Alonso,Renault,1:35.983,1:35.140,1:38.450
2008,2,10,Timo Glock,Toyota,1:35.891,1:35.000,1:39.656
2008,2,11,Jenson Button,Honda,1:35.847,1:35.208,
2008,2,12,David Coulthard,Red Bull,1:36.058,1:35.408,
2008,2,13,Nelson Piquet Jr.,Renault,1:36.074,1:35.562,
2008,2,14,Rubens Barrichello,Honda,1:36.198,1:35.622,
2008,2,15,Sebastian Vettel,Toro Rosso,1:36.111,1:35.648,
2008,2,16,Nico Rosberg,Williams,1:35.843,1:35.670,
2008,2,17,Giancarlo Fisichella,Force India,1:36.240,,
2008,2,18,Kazuki Nakajima,Williams,1:36.388,,
2008,2,19,Sébastien Bourdais,Toro Rosso,1:36.677,,
2008,2,20,Takuma Sato,Super Aguri,1:37.087,,
2008,2,21,Adrian Sutil,Force India,1:37.101,,
2008,2,22,Anthony Davidson,Super Aguri,1:37.481,,
2008,3,1,Robert Kubica,BMW Sauber,1:32.893,1:31.745,1:33.096
2008,3,2,Felipe Massa,Ferrari,1:31.937,1:31.188,1:33.123
2008,3,3,Lewis Hamilton,McLaren,1:32.750,1:31.922,1:33.292
2008,3,4,Kimi Räikkönen,Ferrari,1:32.652,1:31.933,1:33.418
2008,3,5,Heikki Kovalainen,McLaren,1:33.057,1:31.718,1:33.488
2008,3,6,Nick Heidfeld,BMW Sauber,1:33.137,1:31.909,1:33.737
2008,3,7,Jarno Trulli,Toyota,1:32.493,1:32.159,1:33.994
2008,3,8,Nico Rosberg,Williams,1:32.903,1:32.185,1:34.015
2008,3,9,Jenson Button,Honda,1:32.793,1:32.362,1:35.057
2008,3,10,Fernando Alonso,Renault,1:32.947,1:32.345,1:35.115
2008,3,11,Mark Webber,Red Bull,1:33.194,1:32.371,
2008,3,12,Rubens Barrichello,Honda,1:32.944,1:32.508,
2008,3,13,Timo Glock,Toyota,1:32.800,1:32.528,
2008,3,14,Nelson Piquet Jr.,Renault,1:32.975,1:32.790,
2008,3,15,Sébastien Bourdais,Toro Rosso,1:33.415,1:32.915,
2008,3,16,Kazuki Nakajima,Williams,1:33.386,1:32.943,
2008,3,17,David Coulthard,Red Bull,1:33.433,,
2008,3,18,Giancarlo Fisichella,Force India,1:33.501,,
2008,3,19,Sebastian Vettel,Toro Rosso,1:33.562,,
2008,3,20,Adrian Sutil,Force India,1:33.845,,
2008,3,21,Anthony Davidson,Super Aguri,1:34.140,,
2008,3,22,Takuma Sato,Super Aguri,1:35.725,,
2008,4,1,Kimi Räikkönen,Ferrari,1:20.701,1:20.784,1:21.813
2008,4,2,Fernando Alonso,Renault,1:21.347,1:20.804,1:21.904
2008,4,3,Felipe Massa,Ferrari,1:21.528,1:20.584,1:22.058
2008,4,4,Robert Kubica,BMW Sauber,1:21.423,1:20.597,1:22.065
2008,4,5,Lewis Hamilton,McLaren,1:21.366,1:20.825,1:22.096
2008,4,6,Heikki Kovalainen,McLaren,1:21.430,1:20.817,1:22.231
2008,4,7,Mark Webber,Red Bull,1:21.494,1:20.984,1:22.429
2008,4,8,Jarno Trulli,Toyota,1:21.158,1:20.907,1:22.529
2008,4,9,Nick Heidfeld,BMW Sauber,1:21.466,1:20.815,1:22.542
2008,4,10,Nelson Piquet Jr.,Renault,1:21.409,1:20.894,1:22.699
2008,4,11,Rubens Barrichello,Honda,1:21.548,1:21.049,
2008,4,12,Kazuki Nakajima,Williams,1:21.690,1:21.117,
2008,4,13,Jenson Button,Honda,1:21.757,1:21.211,
2008,4,14,Timo Glock,Toyota,1:21.427,1:21.230,
2008,4,15,Nico Rosberg,Williams,1:21.472,1:21.349,
2008,4,16,Sébastien Bourdais,Toro Rosso,1:21.540,1:21.724,
2008,4,17,David Coulthard,Red Bull,1:21.810,,
2008,4,18,Sebastian Vettel,Toro Rosso,1:22.108,,
2008,4,19,Giancarlo Fisichella,Force India,1:22.516,,
2008,4,20,Adrian Sutil,Force India,1:23.224,,
2008,4,21,Anthony Davidson,Super Aguri,1:23.318,,
2008,4,22,Takuma Sato,Super Aguri,1:23.496,,
2008,5,1,Felipe Massa,Ferrari,1:25.994,1:26.192,1:27.617
2008,5,2,Heikki Kovalainen,McLaren,1:26.736,1:26.290,1:27.808
2008,5,3,Lewis Hamilton,McLaren,1:26.192,1:26.477,1:27.923
2008,5,4,Kimi Räikkönen,Ferrari,1:26.457,1:26.050,1:27.936
2008,5,5,Robert Kubica,BMW Sauber,1:26.761,1:26.129,1:28.390
2008,5,6,Mark Webber,Red Bull,1:26.773,1:26.466,1:28.417
2008,5,7,Fernando Alonso,Renault,1:26.836,1:26.522,1:28.422
2008,5,8,Jarno Trulli,Toyota,1:26.695,1:26.822,1:28.836
2008,5,9,Nick Heidfeld,BMW Sauber,1:27.107,1:27.607,1:28.882
2008,5,10,David Coulthard,Red Bull,1:26.939,1:26.520,1:29.959
2008,5,11,Nico Rosberg,Williams,1:27.367,1:27.012,
2008,5,12,Rubens Barrichello,Honda,1:27.355,1:27.219,
2008,5,13,Jenson Button,Honda,1:27.428,1:27.298,
2008,5,14,Sebastian Vettel,Toro Rosso,1:27.442,1:27.412,
2008,5,15,Timo Glock,Toyota,1:26.614,1:27.806,
2008,5,16,Kazuki Nakajima,Williams,1:27.547,,
2008,5,17,Nelson Piquet Jr.,Renault,1:27.568,,
2008,5,18,Sébastien Bourdais,Toro Rosso,1:27.621,,
2008,5,19,Giancarlo Fisichella,Force India,1:27.807,,
2008,5,20,Adrian Sutil,Force India,1:28.325,,
2008,6,1,Felipe Massa,Ferrari,1:15.190,1:15.110,1:15.787
2008,6,2,Kimi Räikkönen,Ferrari,1:15.717,1:15.404,1:15.815
2008,6,3,Lewis Hamilton,McLaren,1:15.582,1:15.322,1:15.839
2008,6,4,Heikki Kovalainen,McLaren,1:15.295,1:15.389,1:16.165
2008,6,5,Robert Kubica,BMW Sauber,1:15.977,1:15.483,1:16.171
2008,6,6,Nico Rosberg,Williams,1:15.935,1:15.287,1:16.548
2008,6,7,Fernando Alonso,Renault,1:16.646,1:15.827,1:16.852
2008,6,8,Jarno Trulli,Toyota,1:16.306,1:15.598,1:17.203
2008,6,9,Mark Webber,Red Bull,1:16.074,1:15.745,1:17.343
2008,6,10,David Coulthard,Red Bull,1:16.086,1:15.839,
2008,6,11,Timo Glock,Toyota,1:16.285,1:15.907,
2008,6,12,Jenson Button,Honda,1:16.259,1:16.101,
2008,6,13,Nick Heidfeld,BMW Sauber,1:16.650,1:16.455,
2008,6,14,Kazuki Nakajima,Williams,1:16.756,1:16.479,
2008,6,15,Rubens Barrichello,Honda,1:16.208,1:16.537,
2008,6,16,Sébastien Bourdais,Toro Rosso,1:16.806,,
2008,6,17,Nelson Piquet Jr.,Renault,1:16.933,,
2008,6,18,Sebastian Vettel,Toro Rosso,1:16.955,,
2008,6,19,Adrian Sutil,Force India,1:17.225,,
2008,6,20,Giancarlo Fisichella,Force India,1:17.823,,
2008,7,1,Lewis Hamilton,McLaren,1:16.909,1:17.034,1:17.886
2008,7,2,Robert Kubica,BMW Sauber,1:17.471,1:17.679,1:18.498
2008,7,3,Kimi Räikkönen,Ferrari,1:17.301,1:17.364,1:18.735
2008,7,4,Fernando Alonso,Renault,1:17.415,1:17.488,1:18.746
2008,7,5,Nico Rosberg,Williams,1:17.991,1:17.891,1:18.844
2008,7,6,Felipe Massa,Ferrari,1:17.231,1:17.353,1:19.048
2008,7,7,Heikki Kovalainen,McLaren,1:17.287,1:17.684,1:19.089
2008,7,8,Nick Heidfeld,BMW Sauber,1:18.082,1:17.781,1:19.633
2008,7,9,Rubens Barrichello,Honda,1:18.256,1:18.020,1:20.848
2008,7,10,Mark Webber,Red Bull,1:17.582,1:17.523,
2008,7,11,Timo Glock,Toyota,1:18.321,1:18.031,
2008,7,12,Kazuki Nakajima,Williams,1:17.638,1:18.062,
2008,7,13,David Coulthard,Red Bull,1:18.168,1:18.238,
2008,7,14,Jarno Trulli,Toyota,1:18.039,1:18.327,
2008,7,15,Nelson Piquet Jr.,Renault,1:18.505,1:18.393,
2008,7,16,Sébastien Bourdais,Toro Rosso,1:18.916,,
2008,7,17,Adrian Sutil,Force India,1:19.108,,
2008,7,18,Giancarlo Fisichella,Force India,1:19.165,,
2008,7,19,Jenson Button,Honda,1:23.565,,
2008,7,20,Sebastian Vettel,Toro Rosso,,,
2008,8,1,Kimi Räikkönen,Ferrari,1:15.133,1:15.161,1:16.449
2008,8,2,Felipe Massa,Ferrari,1:15.024,1:15.041,1:16.490
2008,8,3,Lewis Hamilton,McLaren,1:15.634,1:15.293,1:16.693
2008,8,4,Fernando Alonso,Renault,1:15.754,1:15.483,1:16.840
2008,8,5,Jarno Trulli,Toyota,1:15.521,1:15.362,1:16.920
2008,8,6,Heikki Kovalainen,McLaren,1:15.965,1:15.639,1:16.944
2008,8,7,Robert Kubica,BMW Sauber,1:15.687,1:15.723,1:17.037
2008,8,8,Mark Webber,Red Bull,1:16.020,1:15.488,1:17.233
2008,8,9,David Coulthard,Red Bull,1:15.802,1:15.654,1:17.426
2008,8,10,Timo Glock,Toyota,1:15.727,1:15.558,1:17.596
2008,8,11,Nelson Piquet Jr.,Renault,1:15.848,1:15.770,
2008,8,12,Nick Heidfeld,BMW Sauber,1:16.006,1:15.786,
2008,8,13,Sebastian Vettel,Toro Rosso,1:15.918,1:15.816,
2008,8,14,Sébastien Bourdais,Toro Rosso,1:16.072,1:16.045,
2008,8,15,Nico Rosberg,Williams,1:16.085,1:16.235,
2008,8,16,Kazuki Nakajima,Williams,1:16.243,,
2008,8,17,Jenson Button,Honda,1:16.306,,
2008,8,18,Rubens Barrichello,Honda,1:16.330,,
2008,8,19,Giancarlo Fisichella,Force India,1:16.971,,
2008,8,20,Adrian Sutil,Force India,1:17.053,,
2008,9,1,Heikki Kovalainen,McLaren,1:19.957,1:19.597,1:21.049
2008,9,2,Mark Webber,Red Bull,1:20.982,1:19.710,1:21.554
2008,9,3,Kimi Räikkönen,Ferrari,1:20.370,1:19.971,1:21.706
2008,9,4,Lewis Hamilton,McLaren,1:20.288,1:19.537,1:21.835
2008,9,5,Nick Heidfeld,BMW Sauber,1:21.022,1:19.802,1:21.873
2008,9,6,Fernando Alonso,Renault,1:20.998,1:19.992,1:22.029
2008,9,7,Nelson Piquet Jr.,Renault,1:20.818,1:20.115,1:22.491
2008,9,8,Sebastian Vettel,Toro Rosso,1:20.318,1:20.109,1:23.251
2008,9,9,Felipe Massa,Ferrari,1:20.676,1:20.086,1:23.305
2008,9,10,Robert Kubica,BMW Sauber,1:20.444,1:19.788,
2008,9,11,David Coulthard,Red Bull,1:21.224,1:20.174,
2008,9,12,Timo Glock,Toyota,1:20.893,1:20.274,
2008,9,13,Sébastien Bourdais,Toro Rosso,1:20.584,1:20.531,
2008,9,14,Jarno Trulli,Toyota,1:21.145,1:20.601,
2008,9,15,Kazuki Nakajima,Williams,1:21.407,1:21.112,
2008,9,16,Rubens Barrichello,Honda,1:21.512,,
2008,9,17,Jenson Button,Honda,1:21.631,,
2008,9,18,Nico Rosberg,Williams,1:21.668,,
2008,9,19,Adrian Sutil,Force India,1:21.786,,
2008,9,20,Giancarlo Fisichella,Force India,1:21.885,,
2008,10,1,Lewis Hamilton,McLaren,1:15.218,1:14.603,1:15.666
2008,10,2,Felipe Massa,Ferrari,1:14.921,1:14.747,1:15.859
2008,10,3,Heikki Kovalainen,McLaren,1:15.476,1:14.855,1:16.143
2008,10,4,Jarno Trulli,Toyota,1:15.560,1:15.122,1:16.191
2008,10,5,Fernando Alonso,Renault,1:15.917,1:14.943,1:16.385
2008,10,6,Kimi Räikkönen,Ferrari,1:15.201,1:14.949,1:16.389
2008,10,7,Robert Kubica,BMW Sauber,1:15.985,1:15.109,1:16.521
2008,10,8,Mark Webber,Red Bull,1:15.900,1:15.481,1:17.014
2008,10,9,Sebastian Vettel,Toro Rosso,1:15.532,1:15.420,1:17.244
2008,10,10,David Coulthard,Red Bull,1:15.975,1:15.338,1:17.503
2008,10,11,Timo Glock,Toyota,1:15.560,1:15.508,
2008,10,12,Nick Heidfeld,BMW Sauber,1:15.596,1:15.581,
2008,10,13,Nico Rosberg,Williams,1:15.863,1:15.633,
2008,10,14,Jenson Button,Honda,1:15.993,1:15.701,
2008,10,15,Sébastien Bourdais,Toro Rosso,1:15.927,1:15.858,
2008,10,16,Kazuki Nakajima,Williams,1:16.083,,
2008,10,17,Nelson Piquet Jr.,Renault,1:16.189,,
2008,10,18,Rubens Barrichello,Honda,1:16.246,,
2008,10,19,Adrian Sutil,Force India,1:16.657,,
2008,10,20,Giancarlo Fisichella,Force India,1:16.963,,
2008,11,1,Lewis Hamilton,McLaren,1:19.376,1:19.473,1:20.899
2008,11,2,Heikki Kovalainen,McLaren,1:19.945,1:19.480,1:21.140
2008,11,3,Felipe Massa,Ferrari,1:19.578,1:19.068,1:21.191
2008,11,4,Robert Kubica,BMW Sauber,1:20.053,1:19.776,1:21.281
2008,11,5,Timo Glock,Toyota,1:19.980,1:19.246,1:21.326
2008,11,6,Kimi Räikkönen,Ferrari,1:20.006,1:19.546,1:21.516
2008,11,7,Fernando Alonso,Renault,1:20.229,1:19.816,1:21.698
2008,11,8,Mark Webber,Red Bull,1:20.073,1:20.046,1:21.732
2008,11,9,Jarno Trulli,Toyota,1:19.942,1:19.486,1:21.767
2008,11,10,Nelson Piquet Jr.,Renault,1:20.583,1:20.131,1:22.371
2008,11,11,Sebastian Vettel,Toro Rosso,1:20.157,1:20.144,
2008,11,12,Jenson Button,Honda,1:20.888,1:20.332,
2008,11,13,David Coulthard,Red Bull,1:20.505,1:20.502,
2008,11,14,Sébastien Bourdais,Toro Rosso,1:20.640,1:20.963,
2008,11,15,Nico Rosberg,Williams,1:20.748,,
2008,11,16,Nick Heidfeld,BMW Sauber,1:21.045,,
2008,11,17,Kazuki Nakajima,Williams,1:21.085,,
2008,11,18,Rubens Barrichello,Honda,1:21.332,,
2008,11,19,Giancarlo Fisichella,Force India,1:21.670,,
2008,11,20,Adrian Sutil,Force India,1:22.113,,
2008,12,1,Felipe Massa,Ferrari,1:38.176,1:37.859,1:38.989
2008,12,2,Lewis Hamilton,McLaren,1:38.464,1:37.954,1:39.199
2008,12,3,Robert Kubica,BMW Sauber,1:38.347,1:38.050,1:39.392
2008,12,4,Kimi Räikkönen,Ferrari,1:38.703,1:38.229,1:39.488
2008,12,5,Heikki Kovalainen,McLaren,1:38.656,1:38.120,1:39.937
2008,12,6,Sebastian Vettel,Toro Rosso,1:38.141,1:37.842,1:40.142
2008,12,7,Jarno Trulli,Toyota,1:37.948,1:37.928,1:40.309
2008,12,8,Nick Heidfeld,BMW Sauber,1:38.738,1:37.859,1:40.631
2008,12,9,Nico Rosberg,Williams,1:38.595,1:38.336,1:40.721
2008,12,10,Sébastien Bourdais,Toro Rosso,1:38.622,1:38.417,1:40.750
2008,12,11,Kazuki Nakajima,Williams,1:38.667,1:38.428,
2008,12,12,Fernando Alonso,Renault,1:38.268,1:38.435,
2008,12,13,Timo Glock,Toyota,1:38.532,1:38.499,
2008,12,14,Mark Webber,Red Bull,1:38.559,1:38.515,
2008,12,15,Nelson Piquet Jr.,Renault,1:38.787,1:38.744,
2008,12,16,Jenson Button,Honda,1:38.880,,
2008,12,17,David Coulthard,Red Bull,1:39.235,,
2008,12,18,Giancarlo Fisichella,Force India,1:39.268,,
2008,12,19,Rubens Barrichello,Honda,1:39.811,,
2008,12,20,Adrian Sutil,Force India,1:39.943,,
2008,13,1,Lewis Hamilton,McLaren,1:46.887,1:46.088,1:47.338
2008,13,2,Felipe Massa,Ferrari,1:46.873,1:46.391,1:47.678
2008,13,3,Heikki Kovalainen,McLaren,1:46.812,1:46.037,1:47.815
2008,13,4,Kimi Räikkönen,Ferrari,1:46.960,1:46.298,1:47.992
2008,13,5,Nick Heidfeld,BMW Sauber,1:47.419,1:46.311,1:48.315
2008,13,6,Fernando Alonso,Renault,1:47.154,1:46.491,1:48.504
2008,13,7,Mark Webber,Red Bull,1:47.270,1:46.814,1:48.736
2008,13,8,Robert Kubica,BMW Sauber,1:47.093,1:46.494,1:48.763
2008,13,9,Sébastien Bourdais,Toro Rosso,1:46.777,1:46.544,1:48.951
2008,13,10,Sebastian Vettel,Toro Rosso,1:47.152,1:46.804,1:50.319
2008,13,11,Jarno Trulli,Toyota,1:47.400,1:46.949,
2008,13,12,Nelson Piquet Jr.,Renault,1:47.052,1:46.965,
2008,13,13,Timo Glock,Toyota,1:47.359,1:46.995,
2008,13,14,David Coulthard,Red Bull,1:47.132,1:47.018,
2008,13,15,Nico Rosberg,Williams,1:47.503,1:47.429,
2008,13,16,Rubens Barrichello,Honda,1:48.153,,
2008,13,17,Jenson Button,Honda,1:48.211,,
2008,13,18,Adrian Sutil,Force India,1:48.226,,
2008,13,19,Kazuki Nakajima,Williams,1:48.268,,
2008,13,20,Giancarlo Fisichella,Force India,1:48.447,,
2008,14,1,Sebastian Vettel,Toro Rosso,1:35.464,1:35.837,1:37.555
2008,14,2,Heikki Kovalainen,McLaren,1:35.214,1:35.843,1:37.631
2008,14,3,Mark Webber,Red Bull,1:36.001,1:36.306,1:38.117
2008,14,4,Sébastien Bourdais,Toro Rosso,1:35.543,1:36.175,1:38.445
2008,14,5,Nico Rosberg,Williams,1:35.485,1:35.898,1:38.767
2008,14,6,Felipe Massa,Ferrari,1:35.536,1:36.676,1:38.894
2008,14,7,Jarno Trulli,Toyota,1:35.906,1:36.008,1:39.152
2008,14,8,Fernando Alonso,Renault,1:36.297,1:36.518,1:39.751
2008,14,9,Timo Glock,Toyota,1:35.737,1:36.525,1:39.787
2008,14,10,Nick Heidfeld,BMW Sauber,1:35.709,1:36.626,1:39.906
2008,14,11,Robert Kubica,BMW Sauber,1:35.553,1:36.697,
2008,14,12,Giancarlo Fisichella,Force India,1:36.280,1:36.698,
2008,14,13,David Coulthard,Red Bull,1:36.485,1:37.284,
2008,14,14,Kimi Räikkönen,Ferrari,1:35.965,1:37.522,
2008,14,15,Lewis Hamilton,McLaren,1:35.394,1:39.265,
2008,14,16,Rubens Barrichello,Honda,1:36.510,,
2008,14,17,Nelson Piquet Jr.,Renault,1:36.630,,
2008,14,18,Kazuki Nakajima,Williams,1:36.653,,
2008,14,19,Jenson Button,Honda,1:37.006,,
2008,14,20,Adrian Sutil,Force India,1:37.417,,
2008,15,1,Felipe Massa,Ferrari,1:44.519,1:44.014,1:44.801
2008,15,2,Lewis Hamilton,McLaren,1:44.501,1:44.932,1:45.465
2008,15,3,Kimi Räikkönen,Ferrari,1:44.282,1:44.232,1:45.617
2008,15,4,Robert Kubica,BMW Sauber,1:44.740,1:44.519,1:45.779
2008,15,5,Heikki Kovalainen,McLaren,1:44.311,1:44.207,1:45.873
2008,15,6,Nick Heidfeld,BMW Sauber,1:45.548,1:44.520,1:45.964
2008,15,7,Sebastian Vettel,Toro Rosso,1:45.042,1:44.261,1:46.244
2008,15,8,Timo Glock,Toyota,1:45.184,1:44.441,1:46.328
2008,15,9,Nico Rosberg,Williams,1:45.103,1:44.429,1:46.611
2008,15,10,Kazuki Nakajima,Williams,1:45.127,1:44.826,1:47.547
2008,15,11,Jarno Trulli,Toyota,1:45.642,1:45.038,
2008,15,12,Jenson Button,Honda,1:45.660,1:45.133,
2008,15,13,Mark Webber,Red Bull,1:45.493,1:45.212,
2008,15,14,David Coulthard,Red Bull,1:46.028,1:45.298,
2008,15,15,Fernando Alonso,Renault,1:44.971,,
2008,15,16,Nelson Piquet Jr.,Renault,1:46.037,,
2008,15,17,Sébastien Bourdais,Toro Rosso,1:46.389,,
2008,15,18,Rubens Barrichello,Honda,1:46.583,,
2008,15,19,Adrian Sutil,Force India,1:47.940,,
2008,15,20,Giancarlo Fisichella,Force India,,,
2008,16,1,Lewis Hamilton,McLaren,1:18.071,1:17.462,1:18.404
2008,16,2,Kimi Räikkönen,Ferrari,1:18.160,1:17.733,1:18.644
2008,16,3,Heikki Kovalainen,McLaren,1:18.220,1:17.360,1:18.821
2008,16,4,Fernando Alonso,Renault,1:18.290,1:17.871,1:18.852
2008,16,5,Felipe Massa,Ferrari,1:18.110,1:17.287,1:18.874
2008,16,6,Robert Kubica,BMW Sauber,1:18.684,1:17.931,1:18.979
2008,16,7,Jarno Trulli,Toyota,1:18.501,1:17.541,1:19.026
2008,16,8,Timo Glock,Toyota,1:17.945,1:17.670,1:19.118
2008,16,9,Sebastian Vettel,Toro Rosso,1:18.559,1:17.714,1:19.638
2008,16,10,Sébastien Bourdais,Toro Rosso,1:18.593,1:18.102,1:20.167
2008,16,11,David Coulthard,Red Bull,1:18.303,1:18.187,
2008,16,12,Nelson Piquet Jr.,Renault,1:18.300,1:18.274,
2008,16,13,Mark Webber,Red Bull,1:18.372,1:18.354,
2008,16,14,Kazuki Nakajima,Williams,1:18.640,1:18.594,
2008,16,15,Nico Rosberg,Williams,1:18.740,1:18.672,
2008,16,16,Nick Heidfeld,BMW Sauber,1:18.835,,
2008,16,17,Rubens Barrichello,Honda,1:18.882,,
2008,16,18,Jenson Button,Honda,1:19.100,,
2008,16,19,Adrian Sutil,Force India,1:19.163,,
2008,16,20,Giancarlo Fisichella,Force India,1:19.910,,
2008,17,1,Lewis Hamilton,McLaren,1:35.566,1:34.947,1:36.303
2008,17,2,Kimi Räikkönen,Ferrari,1:35.983,1:35.355,1:36.645
2008,17,3,Felipe Massa,Ferrari,1:35.971,1:35.135,1:36.889
2008,17,4,Fernando Alonso,Renault,1:35.769,1:35.461,1:36.927
2008,17,5,Heikki Kovalainen,McLaren,1:35.623,1:35.216,1:36.930
2008,17,6,Mark Webber,Red Bull,1:36.238,1:35.686,1:37.083
2008,17,7,Nick Heidfeld,BMW Sauber,1:36.224,1:35.403,1:37.201
2008,17,8,Sebastian Vettel,Toro Rosso,1:35.752,1:35.386,1:37.685
2008,17,9,Jarno Trulli,Toyota,1:36.104,1:35.715,1:37.934
2008,17,10,Sébastien Bourdais,Toro Rosso,1:36.239,1:35.478,1:38.885
2008,17,11,Nelson Piquet Jr.,Renault,1:36.029,1:35.722,
2008,17,12,Robert Kubica,BMW Sauber,1:36.503,1:35.814,
2008,17,13,Timo Glock,Toyota,1:36.210,1:35.937,
2008,17,14,Rubens Barrichello,Honda,1:36.640,1:36.079,
2008,17,15,Nico Rosberg,Williams,1:36.434,1:36.210,
2008,17,16,David Coulthard,Red Bull,1:36.731,,
2008,17,17,Kazuki Nakajima,Williams,1:36.863,,
2008,17,18,Jenson Button,Honda,1:37.053,,
2008,17,19,Adrian Sutil,Force India,1:37.730,,
2008,17,20,Giancarlo Fisichella,Force India,1:37.739,,
2008,18,1,Felipe Massa,Ferrari,1:11.830,1:11.875,1:12.368
2008,18,2,Jarno Trulli,Toyota,1:12.226,1:12.107,1:12.737
2008,18,3,Kimi Räikkönen,Ferrari,1:12.083,1:11.950,1:12.825
2008,18,4,Lewis Hamilton,McLaren,1:12.213,1:11.856,1:12.830
2008,18,5,Heikki Kovalainen,McLaren,1:12.366,1:11.768,1:12.917
2008,18,6,Fernando Alonso,Renault,1:12.214,1:12.090,1:12.967
2008,18,7,Sebastian Vettel,Toro Rosso,1:12.390,1:11.845,1:13.082
2008,18,8,Nick Heidfeld,BMW Sauber,1:12.371,1:12.026,1:13.297
2008,18,9,Sébastien Bourdais,Toro Rosso,1:12.498,1:12.075,1:14.105
2008,18,10,Timo Glock,Toyota,1:12.223,1:11.909,1:14.230
2008,18,11,Nelson Piquet Jr.,Renault,1:12.348,1:12.137,
2008,18,12,Mark Webber,Red Bull,1:12.409,1:12.289,
2008,18,13,Robert Kubica,BMW Sauber,1:12.381,1:12.300,
2008,18,14,David Coulthard,Red Bull,1:12.690,1:12.717,
2008,18,15,Rubens Barrichello,Honda,1:12.548,1:13.139,
2008,18,16,Kazuki Nakajima,Williams,1:12.800,,
2008,18,17,Jenson Button,Honda,1:12.810,,
2008,18,18,Nico Rosberg,Williams,1:13.002,,
2008,18,19,Giancarlo Fisichella,Force India,1:13.426,,
2008,18,20,Adrian Sutil,Force India,1:13.508,,
2009,1,1,Jenson Button,Brawn,1:25.211,1:24.855,1:26.202
2009,1,2,Rubens Barrichello,Brawn,1:25.006,1:24.783,1:26.505
2009,1,3,Sebastian Vettel,Red Bull,1:25.938,1:25.121,1:26.830
2009,1,4,Robert Kubica,BMW Sauber,1:25.922,1:25.152,1:26.914
2009,1,5,Nico Rosberg,Williams,1:25.846,1:25.123,1:26.973
2009,1,6,Timo Glock,Toyota,1:25.499,1:25.281,1:26.975
2009,1,7,Felipe Massa,Ferrari,1:25.844,1:25.319,1:27.033
2009,1,8,Jarno Trulli,Toyota,1:26.194,1:25.265,1:27.127
2009,1,9,Kimi Räikkönen,Ferrari,1:25.899,1:25.380,1:27.163
2009,1,10,Mark Webber,Red Bull,1:25.427,1:25.241,1:27.246
2009,1,11,Nick Heidfeld,BMW Sauber,1:25.827,1:25.504,
2009,1,12,Fernando Alonso,Renault,1:26.026,1:25.605,
2009,1,13,Kazuki Nakajima,Williams,1:26.074,1:25.607,
2009,1,14,Heikki Kovalainen,McLaren,1:26.184,1:25.726,
2009,1,15,Lewis Hamilton,McLaren,1:26.454,,
2009,1,16,Sébastien Buemi,Toro Rosso,1:26.503,,
2009,1,17,Nelson Piquet Jr.,Renault,1:26.598,,
2009,1,18,Giancarlo Fisichella,Force India,1:26.677,,
2009,1,19,Adrian Sutil,Force India,1:26.742,,
2009,1,20,Sébastien Bourdais,Toro Rosso,1:26.964,,
2009,2,1,Jenson Button,Brawn,1:35.058,1:33.784,1:35.181
2009,2,2,Jarno Trulli,Toyota,1:34.745,1:33.990,1:35.273
2009,2,3,Sebastian Vettel,Red Bull,1:34.935,1:34.276,1:35.518
2009,2,4,Rubens Barrichello,Brawn,1:34.681,1:34.387,1:35.651
2009,2,5,Timo Glock,Toyota,1:34.907,1:34.258,1:35.690
2009,2,6,Nico Rosberg,Williams,1:35.083,1:34.547,1:35.750
2009,2,7,Mark Webber,Red Bull,1:35.027,1:34.222,1:35.797
2009,2,8,Robert Kubica,BMW Sauber,1:35.166,1:34.562,1:36.106
2009,2,9,Kimi Räikkönen,Ferrari,1:35.476,1:34.456,1:36.170
2009,2,10,Fernando Alonso,Renault,1:35.260,1:34.706,1:37.659
2009,2,11,Nick Heidfeld,BMW Sauber,1:35.110,1:34.769,
2009,2,12,Kazuki Nakajima,Williams,1:35.341,1:34.788,
2009,2,13,Lewis Hamilton,McLaren,1:35.280,1:34.905,
2009,2,14,Heikki Kovalainen,McLaren,1:35.023,1:34.924,
2009,2,15,Sébastien Bourdais,Toro Rosso,1:35.507,1:35.431,
2009,2,16,Felipe Massa,Ferrari,1:35.642,,
2009,2,17,Nelson Piquet Jr.,Renault,1:35.708,,
2009,2,18,Giancarlo Fisichella,Force India,1:35.908,,
2009,2,19,Adrian Sutil,Force India,1:35.951,,
2009,2,20,Sébastien Buemi,Toro Rosso,1:36.107,,
2009,3,1,Sebastian Vettel,Red Bull,1:36.565,1:35.130,1:36.184
2009,3,2,Fernando Alonso,Renault,1:36.443,1:35.803,1:36.381
2009,3,3,Mark Webber,Red Bull,1:35.751,1:35.173,1:36.466
2009,3,4,Rubens Barrichello,Brawn,1:35.701,1:35.503,1:36.493
2009,3,5,Jenson Button,Brawn,1:35.533,1:35.556,1:36.532
2009,3,6,Jarno Trulli,Toyota,1:36.308,1:35.645,1:36.835
2009,3,7,Nico Rosberg,Williams,1:35.941,1:35.809,1:37.397
2009,3,8,Kimi Räikkönen,Ferrari,1:36.137,1:35.856,1:38.089
2009,3,9,Lewis Hamilton,McLaren,1:35.776,1:35.740,1:38.595
2009,3,10,Sébastien Buemi,Toro Rosso,1:36.284,1:35.965,1:39.321
2009,3,11,Nick Heidfeld,BMW Sauber,1:36.525,1:35.975,
2009,3,12,Heikki Kovalainen,McLaren,1:36.646,1:36.032,
2009,3,13,Felipe Massa,Ferrari,1:36.178,1:36.033,
2009,3,14,Timo Glock,Toyota,1:36.364,1:36.066,
2009,3,15,Kazuki Nakajima,Williams,1:36.673,1:36.193,
2009,3,16,Sébastien Bourdais,Toro Rosso,1:36.906,,
2009,3,17,Nelson Piquet Jr.,Renault,1:36.908,,
2009,3,18,Robert Kubica,BMW Sauber,1:36.966,,
2009,3,19,Adrian Sutil,Force India,1:37.669,,
2009,3,20,Giancarlo Fisichella,Force India,1:37.672,,
2009,4,1,Jarno Trulli,Toyota,1:32.799,1:32.671,1:33.431
2009,4,2,Timo Glock,Toyota,1:33.165,1:32.613,1:33.712
2009,4,3,Sebastian Vettel,Red Bull,1:32.680,1:32.474,1:34.015
2009,4,4,Jenson Button,Brawn,1:32.978,1:32.842,1:34.044
2009,4,5,Lewis Hamilton,McLaren,1:32.851,1:32.877,1:34.196
2009,4,6,Rubens Barrichello,Brawn,1:33.116,1:32.842,1:34.239
2009,4,7,Fernando Alonso,Renault,1:33.627,1:32.860,1:34.578
2009,4,8,Felipe Massa,Ferrari,1:33.297,1:33.014,1:34.818
2009,4,9,Nico Rosberg,Williams,1:33.672,1:33.166,1:35.134
2009,4,10,Kimi Räikkönen,Ferrari,1:33.117,1:32.827,1:35.380
2009,4,11,Heikki Kovalainen,McLaren,1:33.479,1:33.242,
2009,4,12,Kazuki Nakajima,Williams,1:33.221,1:33.348,
2009,4,13,Robert Kubica,BMW Sauber,1:33.495,1:33.487,
2009,4,14,Nick Heidfeld,BMW Sauber,1:33.377,1:33.562,
2009,4,15,Nelson Piquet Jr.,Renault,1:33.608,1:33.941,
2009,4,16,Adrian Sutil,Force India,1:33.722,,
2009,4,17,Sébastien Buemi,Toro Rosso,1:33.753,,
2009,4,18,Giancarlo Fisichella,Force India,1:33.910,,
2009,4,19,Mark Webber,Red Bull,1:34.038,,
2009,4,20,Sébastien Bourdais,Toro Rosso,1:34.159,,
2009,5,1,Jenson Button,Brawn,1:20.707,1:20.192,1:20.527
2009,5,2,Sebastian Vettel,Red Bull,1:20.715,1:20.220,1:20.660
2009,5,3,Rubens Barrichello,Brawn,1:20.808,1:19.954,1:20.762
2009,5,4,Felipe Massa,Ferrari,1:20.484,1:20.149,1:20.934
2009,5,5,Mark Webber,Red Bull,1:20.689,1:20.007,1:21.049
2009,5,6,Timo Glock,Toyota,1:20.877,1:20.107,1:21.247
2009,5,7,Jarno Trulli,Toyota,1:21.189,1:20.420,1:21.254
2009,5,8,Fernando Alonso,Renault,1:21.186,1:20.509,1:21.392
2009,5,9,Nico Rosberg,Williams,1:20.745,1:20.256,1:22.558
2009,5,10,Robert Kubica,BMW Sauber,1:20.931,1:20.408,1:22.685
2009,5,11,Kazuki Nakajima,Williams,1:20.818,1:20.531,
2009,5,12,Nelson Piquet Jr.,Renault,1:21.128,1:20.604,
2009,5,13,Nick Heidfeld,BMW Sauber,1:21.095,1:20.676,
2009,5,14,Lewis Hamilton,McLaren,1:20.991,1:20.805,
2009,5,15,Sébastien Buemi,Toro Rosso,1:21.033,1:21.067,
2009,5,16,Kimi Räikkönen,Ferrari,1:21.291,,
2009,5,17,Sébastien Bourdais,Toro Rosso,1:21.300,,
2009,5,18,Heikki Kovalainen,McLaren,1:21.675,,
2009,5,19,Adrian Sutil,Force India,1:21.742,,
2009,5,20,Giancarlo Fisichella,Force India,1:22.204,,
2009,6,1,Jenson Button,Brawn,1:15.210,1:15.016,1:14.902
2009,6,2,Kimi Räikkönen,Ferrari,1:15.746,1:14.514,1:14.927
2009,6,3,Rubens Barrichello,Brawn,1:15.425,1:14.829,1:15.077
2009,6,4,Sebastian Vettel,Red Bull,1:15.915,1:14.879,1:15.271
2009,6,5,Felipe Massa,Ferrari,1:15.340,1:15.001,1:15.437
2009,6,6,Nico Rosberg,Williams,1:15.094,1:14.846,1:15.455
2009,6,7,Heikki Kovalainen,McLaren,1:15.495,1:14.809,1:15.516
2009,6,8,Mark Webber,Red Bull,1:15.260,1:14.825,1:15.653
2009,6,9,Fernando Alonso,Renault,1:15.898,1:15.200,1:16.009
2009,6,10,Kazuki Nakajima,Williams,1:15.930,1:15.579,1:17.344
2009,6,11,Sébastien Buemi,Toro Rosso,1:15.834,1:15.833,
2009,6,12,Nelson Piquet Jr.,Renault,1:16.013,1:15.837,
2009,6,13,Giancarlo Fisichella,Force India,1:16.063,1:16.146,
2009,6,14,Sébastien Bourdais,Toro Rosso,1:16.120,1:16.281,
2009,6,15,Adrian Sutil,Force India,1:16.248,1:16.545,
2009,6,16,Lewis Hamilton,McLaren,1:16.264,,
2009,6,17,Nick Heidfeld,BMW Sauber,1:16.264,,
2009,6,18,Robert Kubica,BMW Sauber,1:16.405,,
2009,6,19,Jarno Trulli,Toyota,1:16.548,,
2009,6,20,Timo Glock,Toyota,1:16.788,,
2009,7,1,Sebastian Vettel,Red Bull,1:27.330,1:27.016,1:28.316
2009,7,2,Jenson Button,Brawn,1:27.355,1:27.230,1:28.421
2009,7,3,Rubens Barrichello,Brawn,1:27.371,1:27.418,1:28.579
2009,7,4,Mark Webber,Red Bull,1:27.466,1:27.416,1:28.613
2009,7,5,Jarno Trulli,Toyota,1:27.529,1:27.195,1:28.666
2009,7,6,Kimi Räikkönen,Ferrari,1:27.556,1:27.387,1:28.815
2009,7,7,Felipe Massa,Ferrari,1:27.508,1:27.349,1:28.858
2009,7,8,Fernando Alonso,Renault,1:27.988,1:27.473,1:29.075
2009,7,9,Nico Rosberg,Williams,1:27.517,1:27.418,1:29.191
2009,7,10,Robert Kubica,BMW Sauber,1:27.788,1:27.455,1:29.357
2009,7,11,Nick Heidfeld,BMW Sauber,1:27.795,1:27.521,
2009,7,12,Kazuki Nakajima,Williams,1:27.691,1:27.629,
2009,7,13,Timo Glock,Toyota,1:28.160,1:27.795,
2009,7,14,Heikki Kovalainen,McLaren,1:28.199,1:28.207,
2009,7,15,Adrian Sutil,Force India,1:28.278,1:28.391,
2009,7,16,Lewis Hamilton,McLaren,1:28.318,,
2009,7,17,Nelson Piquet Jr.,Renault,1:28.582,,
2009,7,18,Sébastien Buemi,Toro Rosso,1:28.708,,
2009,7,19,Giancarlo Fisichella,Force India,1:28.717,,
2009,7,20,Sébastien Bourdais,Toro Rosso,1:28.918,,
2009,8,1,Sebastian Vettel,Red Bull,1:18.685,1:18.119,1:19.509
2009,8,2,Rubens Barrichello,Brawn,1:19.325,1:18.335,1:19.856
2009,8,3,Mark Webber,Red Bull,1:18.674,1:18.209,1:19.868
2009,8,4,Jarno Trulli,Toyota,1:18.886,1:18.240,1:20.091
2009,8,5,Kazuki Nakajima,Williams,1:18.530,1:18.575,1:20.216
2009,8,6,Jenson Button,Brawn,1:18.957,1:18.663,1:20.289
2009,8,7,Nico Rosberg,Williams,1:19.228,1:18.591,1:20.361
2009,8,8,Timo Glock,Toyota,1:19.198,1:18.791,1:20.490
2009,8,9,Kimi Räikkönen,Ferrari,1:19.010,1:18.566,1:20.715
2009,8,10,Fernando Alonso,Renault,1:19.167,1:18.761,1:20.741
2009,8,11,Felipe Massa,Ferrari,1:19.148,1:18.927,
2009,8,12,Robert Kubica,BMW Sauber,1:19.730,1:19.308,
2009,8,13,Heikki Kovalainen,McLaren,1:19.732,1:19.353,
2009,8,14,Nelson Piquet Jr.,Renault,1:19.555,1:19.392,
2009,8,15,Nick Heidfeld,BMW Sauber,1:19.559,1:19.448,
2009,8,16,Giancarlo Fisichella,Force India,1:19.802,,
2009,8,17,Sébastien Bourdais,Toro Rosso,1:19.898,,
2009,8,18,Adrian Sutil,Force India,1:19.909,,
2009,8,19,Lewis Hamilton,McLaren,1:19.917,,
2009,8,20,Sébastien Buemi,Toro Rosso,1:20.236,,
2009,9,1,Mark Webber,Red Bull,1:31.257,1:38.038,1:32.230
2009,9,2,Rubens Barrichello,Brawn,1:31.482,1:34.455,1:32.357
2009,9,3,Jenson Button,Brawn,1:31.568,1:39.032,1:32.473
2009,9,4,Sebastian Vettel,Red Bull,1:31.430,1:39.504,1:32.480
2009,9,5,Lewis Hamilton,McLaren,1:31.473,1:39.149,1:32.616
2009,9,6,Heikki Kovalainen,McLaren,1:31.881,1:40.826,1:33.859
2009,9,7,Adrian Sutil,Force India,1:32.015,1:36.740,1:34.316
2009,9,8,Felipe Massa,Ferrari,1:31.600,1:41.708,1:34.574
2009,9,9,Kimi Räikkönen,Ferrari,1:31.869,1:41.730,1:34.710
2009,9,10,Nelson Piquet Jr.,Renault,1:32.128,1:35.737,1:34.803
2009,9,11,Nick Heidfeld,BMW Sauber,1:31.771,1:42.310,
2009,9,12,Fernando Alonso,Renault,1:31.302,1:42.318,
2009,9,13,Kazuki Nakajima,Williams,1:31.884,1:42.500,
2009,9,14,Jarno Trulli,Toyota,1:31.760,1:42.771,
2009,9,15,Nico Rosberg,Williams,1:31.598,1:42.859,
2009,9,16,Robert Kubica,BMW Sauber,1:32.190,,
2009,9,17,Sébastien Buemi,Toro Rosso,1:32.251,,
2009,9,18,Giancarlo Fisichella,Force India,1:32.402,,
2009,9,19,Timo Glock,Toyota,1:32.423,,
2009,9,20,Sébastien Bourdais,Toro Rosso,1:33.559,,
2009,10,1,Fernando Alonso,Renault,1:21.313,1:20.826,1:21.569
2009,10,2,Sebastian Vettel,Red Bull,1:21.178,1:20.604,1:21.607
2009,10,3,Mark Webber,Red Bull,1:20.964,1:20.358,1:21.741
2009,10,4,Lewis Hamilton,McLaren,1:20.842,1:20.465,1:21.839
2009,10,5,Nico Rosberg,Williams,1:20.793,1:20.862,1:21.890
2009,10,6,Heikki Kovalainen,McLaren,1:21.659,1:20.807,1:22.095
2009,10,7,Kimi Räikkönen,Ferrari,1:21.500,1:20.647,1:22.468
2009,10,8,Jenson Button,Brawn,1:21.471,1:20.707,1:22.511
2009,10,9,Kazuki Nakajima,Williams,1:21.407,1:20.570,1:22.835
2009,10,10,Felipe Massa,Ferrari,1:21.420,1:20.823,
2009,10,11,Sébastien Buemi,Toro Rosso,1:21.571,1:21.002,
2009,10,12,Jarno Trulli,Toyota,1:21.416,1:21.082,
2009,10,13,Rubens Barrichello,Brawn,1:21.558,1:21.222,
2009,10,14,Timo Glock,Toyota,1:21.584,1:21.242,
2009,10,15,Nelson Piquet Jr.,Renault,1:21.278,1:21.389,
2009,10,16,Nick Heidfeld,BMW Sauber,1:21.738,,
2009,10,17,Giancarlo Fisichella,Force India,1:21.807,,
2009,10,18,Adrian Sutil,Force India,1:21.868,,
2009,10,19,Robert Kubica,BMW Sauber,1:21.901,,
2009,10,20,Jaime Alguersuari,Toro Rosso,1:22.359,,
2009,11,1,Lewis Hamilton,McLaren,1:38.649,1:38.182,1:39.489
2009,11,2,Heikki Kovalainen,McLaren,1:38.816,1:38.230,1:39.532
2009,11,3,Rubens Barrichello,Brawn,1:39.019,1:38.076,1:39.563
2009,11,4,Sebastian Vettel,Red Bull,1:39.295,1:38.273,1:39.789
2009,11,5,Jenson Button,Brawn,1:38.531,1:38.601,1:39.821
2009,11,6,Kimi Räikkönen,Ferrari,1:38.843,1:38.782,1:40.144
2009,11,7,Nico Rosberg,Williams,1:39.039,1:38.346,1:40.185
2009,11,8,Fernando Alonso,Renault,1:39.155,1:38.717,1:40.236
2009,11,9,Mark Webber,Red Bull,1:38.983,1:38.625,1:40.239
2009,11,10,Robert Kubica,BMW Sauber,1:38.806,1:38.747,1:40.512
2009,11,11,Nick Heidfeld,BMW Sauber,1:39.032,1:38.826,
2009,11,12,Adrian Sutil,Force India,1:39.145,1:38.846,
2009,11,13,Timo Glock,Toyota,1:39.459,1:38.991,
2009,11,14,Romain Grosjean,Renault,1:39.322,1:39.040,
2009,11,15,Sébastien Buemi,Toro Rosso,1:38.912,1:39.514,
2009,11,16,Giancarlo Fisichella,Force India,1:39.531,,
2009,11,17,Kazuki Nakajima,Williams,1:39.795,,
2009,11,18,Jarno Trulli,Toyota,1:39.807,,
2009,11,19,Jaime Alguersuari,Toro Rosso,1:39.925,,
2009,11,20,Luca Badoer,Ferrari,1:41.413,,
2009,12,1,Giancarlo Fisichella,Force India,1:45.102,1:44.667,1:46.308
2009,12,2,Jarno Trulli,Toyota,1:45.140,1:44.503,1:46.395
2009,12,3,Nick Heidfeld,BMW Sauber,1:45.566,1:44.709,1:46.500
2009,12,4,Rubens Barrichello,Brawn,1:45.237,1:44.834,1:46.513
2009,12,5,Robert Kubica,BMW Sauber,1:45.655,1:44.557,1:46.586
2009,12,6,Kimi Räikkönen,Ferrari,1:45.579,1:44.953,1:46.633
2009,12,7,Timo Glock,Toyota,1:45.450,1:44.877,1:46.677
2009,12,8,Sebastian Vettel,Red Bull,1:45.372,1:44.592,1:46.761
2009,12,9,Mark Webber,Red Bull,1:45.350,1:44.924,1:46.788
2009,12,10,Nico Rosberg,Williams,1:45.486,1:45.047,1:47.362
2009,12,11,Adrian Sutil,Force India,1:45.239,1:45.119,
2009,12,12,Lewis Hamilton,McLaren,1:45.767,1:45.122,
2009,12,13,Fernando Alonso,Renault,1:45.707,1:45.136,
2009,12,14,Jenson Button,Brawn,1:45.761,1:45.251,
2009,12,15,Heikki Kovalainen,McLaren,1:45.705,1:45.259,
2009,12,16,Sébastien Buemi,Toro Rosso,1:45.951,,
2009,12,17,Jaime Alguersuari,Toro Rosso,1:46.302,,
2009,12,18,Kazuki Nakajima,Williams,1:46.307,,
2009,12,19,Romain Grosjean,Renault,1:46.359,,
2009,12,20,Luca Badoer,Ferrari,1:46.957,,
2009,13,1,Lewis Hamilton,McLaren,1:23.375,1:22.973,1:24.066
2009,13,2,Adrian Sutil,Force India,1:23.576,1:23.070,1:24.261
2009,13,3,Kimi Räikkönen,Ferrari,1:23.349,1:23.426,1:24.523
2009,13,4,Heikki Kovalainen,McLaren,1:23.515,1:23.528,1:24.845
2009,13,5,Rubens Barrichello,Brawn,1:23.483,1:22.976,1:25.015
2009,13,6,Jenson Button,Brawn,1:23.403,1:22.955,1:25.030
2009,13,7,Vitantonio Liuzzi,Force India,1:23.578,1:23.207,1:25.043
2009,13,8,Fernando Alonso,Renault,1:23.708,1:23.497,1:25.072
2009,13,9,Sebastian Vettel,Red Bull,1:23.558,1:23.545,1:25.180
2009,13,10,Mark Webber,Red Bull,1:23.755,1:23.273,1:25.314
2009,13,11,Jarno Trulli,Toyota,1:24.014,1:23.611,
2009,13,12,Romain Grosjean,Renault,1:23.975,1:23.728,
2009,13,13,Robert Kubica,BMW Sauber,1:24.001,1:23.866,
2009,13,14,Giancarlo Fisichella,Ferrari,1:23.828,1:23.901,
2009,13,15,Nick Heidfeld,BMW Sauber,1:23.584,1:24.275,
2009,13,16,Timo Glock,Toyota,1:24.036,,
2009,13,17,Kazuki Nakajima,Williams,1:24.074,,
2009,13,18,Nico Rosberg,Williams,1:24.121,,
2009,13,19,Sébastien Buemi,Toro Rosso,1:24.220,,
2009,13,20,Jaime Alguersuari,Toro Rosso,1:24.951,,
2009,14,1,Lewis Hamilton,McLaren,1:46.977,1:46.657,1:47.891
2009,14,2,Sebastian Vettel,Red Bull,1:47.541,1:46.362,1:48.204
2009,14,3,Nico Rosberg,Williams,1:47.390,1:46.197,1:48.348
2009,14,4,Mark Webber,Red Bull,1:47.646,1:46.328,1:48.722
2009,14,5,Rubens Barrichello,Brawn,1:47.397,1:46.787,1:48.828
2009,14,6,Fernando Alonso,Renault,1:47.757,1:46.767,1:49.054
2009,14,7,Timo Glock,Toyota,1:47.770,1:46.707,1:49.180
2009,14,8,Nick Heidfeld,BMW Sauber,1:47.347,1:46.832,1:49.307
2009,14,9,Robert Kubica,BMW Sauber,1:47.615,1:46.813,1:49.514
2009,14,10,Heikki Kovalainen,McLaren,1:47.542,1:46.842,1:49.778
2009,14,11,Kazuki Nakajima,Williams,1:47.637,1:47.013,
2009,14,12,Jenson Button,Brawn,1:47.180,1:47.141,
2009,14,13,Kimi Räikkönen,Ferrari,1:47.293,1:47.177,
2009,14,14,Sébastien Buemi,Toro Rosso,1:47.677,1:47.369,
2009,14,15,Jarno Trulli,Toyota,1:47.690,1:47.413,
2009,14,16,Adrian Sutil,Force India,1:48.231,,
2009,14,17,Jaime Alguersuari,Toro Rosso,1:48.340,,
2009,14,18,Giancarlo Fisichella,Ferrari,1:48.350,,
2009,14,19,Romain Grosjean,Renault,1:48.544,,
2009,14,20,Vitantonio Liuzzi,Force India,1:48.792,,
2009,15,1,Sebastian Vettel,Red Bull,1:30.883,1:30.341,1:32.160
2009,15,2,Jarno Trulli,Toyota,1:31.063,1:30.737,1:32.220
2009,15,3,Lewis Hamilton,McLaren,1:30.917,1:30.627,1:32.395
2009,15,4,Adrian Sutil,Force India,1:31.386,1:31.222,1:32.466
2009,15,5,Rubens Barrichello,Brawn,1:31.272,1:31.055,1:32.660
2009,15,6,Nick Heidfeld,BMW Sauber,1:31.501,1:31.260,1:32.945
2009,15,7,Jenson Button,Brawn,1:31.041,1:30.880,1:32.962
2009,15,8,Kimi Räikkönen,Ferrari,1:31.288,1:31.052,1:32.980
2009,15,9,Heikki Kovalainen,McLaren,1:31.499,1:31.223,
2009,15,10,Sébastien Buemi,Toro Rosso,1:31.196,1:31.103,
2009,15,11,Nico Rosberg,Williams,1:31.286,1:31.482,
2009,15,12,Fernando Alonso,Renault,1:31.401,1:31.638,
2009,15,13,Robert Kubica,BMW Sauber,1:31.417,1:32.341,
2009,15,14,Timo Glock,Toyota,1:31.550,,
2009,15,15,Jaime Alguersuari,Toro Rosso,1:31.571,,
2009,15,16,Giancarlo Fisichella,Ferrari,1:31.704,,
2009,15,17,Kazuki Nakajima,Williams,1:31.718,,
2009,15,18,Romain Grosjean,Renault,1:32.073,,
2009,15,19,Vitantonio Liuzzi,Force India,1:32.087,,
2009,15,20,Mark Webber,Red Bull,,,
2009,16,1,Rubens Barrichello,Brawn,1:24.100,1:21.659,1:19.576
2009,16,2,Mark Webber,Red Bull,1:24.722,1:20.803,1:19.668
2009,16,3,Adrian Sutil,Force India,1:24.447,1:20.753,1:19.912
2009,16,4,Jarno Trulli,Toyota,1:24.621,1:20.635,1:20.097
2009,16,5,Kimi Räikkönen,Ferrari,1:23.047,1:21.378,1:20.168
2009,16,6,Sébastien Buemi,Toro Rosso,1:24.591,1:20.701,1:20.250
2009,16,7,Nico Rosberg,Williams,1:22.828,1:20.368,1:20.326
2009,16,8,Robert Kubica,BMW Sauber,1:23.072,1:21.147,1:20.631
2009,16,9,Kazuki Nakajima,Williams,1:23.161,1:20.427,1:20.674
2009,16,10,Fernando Alonso,Renault,1:24.842,1:21.657,1:21.422
2009,16,11,Kamui Kobayashi,Toyota,1:24.335,1:21.960,
2009,16,12,Jaime Alguersuari,Toro Rosso,1:24.773,1:22.231,
2009,16,13,Romain Grosjean,Renault,1:24.394,1:22.477,
2009,16,14,Jenson Button,Brawn,1:24.297,1:22.504,
2009,16,15,Vitantonio Liuzzi,Force India,1:24.645,,
2009,16,16,Sebastian Vettel,Red Bull,1:25.009,,
2009,16,17,Heikki Kovalainen,McLaren,1:25.052,,
2009,16,18,Lewis Hamilton,McLaren,1:25.192,,
2009,16,19,Nick Heidfeld,BMW Sauber,1:25.515,,
2009,16,20,Giancarlo Fisichella,Ferrari,1:40.703,,
2009,17,1,Lewis Hamilton,McLaren,1:39.873,1:39.695,1:40.948
2009,17,2,Sebastian Vettel,Red Bull,1:40.666,1:39.984,1:41.615
2009,17,3,Mark Webber,Red Bull,1:40.667,1:40.272,1:41.726
2009,17,4,Rubens Barrichello,Brawn,1:40.574,1:40.421,1:41.786
2009,17,5,Jenson Button,Brawn,1:40.378,1:40.148,1:41.892
2009,17,6,Jarno Trulli,Toyota,1:40.517,1:40.373,1:41.897
2009,17,7,Robert Kubica,BMW Sauber,1:40.520,1:40.545,1:41.992
2009,17,8,Nick Heidfeld,BMW Sauber,1:40.558,1:40.635,1:42.343
2009,17,9,Nico Rosberg,Williams,1:40.842,1:40.661,1:42.583
2009,17,10,Sébastien Buemi,Toro Rosso,1:40.908,1:40.430,1:42.713
2009,17,11,Kimi Räikkönen,Ferrari,1:41.100,1:40.726,
2009,17,12,Kamui Kobayashi,Toyota,1:41.035,1:40.777,
2009,17,13,Heikki Kovalainen,McLaren,1:40.808,1:40.983,
2009,17,14,Kazuki Nakajima,Williams,1:41.096,1:41.148,
2009,17,15,Jaime Alguersuari,Toro Rosso,1:41.503,1:41.689,
2009,17,16,Fernando Alonso,Renault,1:41.667,,
2009,17,17,Vitantonio Liuzzi,Force India,1:41.701,,
2009,17,18,Adrian Sutil,Force India,1:41.836,,
2009,17,19,Romain Grosjean,Renault,1:41.950,,
2009,17,20,Giancarlo Fisichella,Ferrari,1:42.184,,
2010,1,1,Sebastian Vettel,Red Bull,1:55.029,1:53.883,1:54.101
2010,1,2,Felipe Massa,Ferrari,1:55.313,1:54.331,1:54.242
2010,1,3,Fernando Alonso,Ferrari,1:54.612,1:54.172,1:54.608
2010,1,4,Lewis Hamilton,McLaren,1:55.341,1:54.707,1:55.217
2010,1,5,Nico Rosberg,Mercedes,1:55.463,1:54.682,1:55.241
2010,1,6,Mark Webber,Red Bull,1:55.298,1:54.318,1:55.284
2010,1,7,Michael Schumacher,Mercedes,1:55.593,1:55.105,1:55.524
2010,1,8,Jenson Button,McLaren,1:55.715,1:55.168,1:55.672
2010,1,9,Robert Kubica,Renault,1:55.511,1:54.963,1:55.885
2010,1,10,Adrian Sutil,Force India,1:55.213,1:54.996,1:56.309
2010,1,11,Rubens Barrichello,Williams,1:55.969,1:55.330,
2010,1,12,Vitantonio Liuzzi,Force India,1:55.628,1:55.623,
2010,1,13,Nico Hülkenberg,Williams,1:56.375,1:55.857,
2010,1,14,Pedro de la Rosa,Sauber,1:56.428,1:56.237,
2010,1,15,Sébastien Buemi,Toro Rosso,1:56.189,1:56.265,
2010,1,16,Kamui Kobayashi,Sauber,1:56.541,1:56.270,
2010,1,17,Vitaly Petrov,Renault,1:56.167,1:56.619,
2010,1,18,Jaime Alguersuari,Toro Rosso,1:57.071,,
2010,1,19,Timo Glock,Virgin,1:59.728,,
2010,1,20,Jarno Trulli,Lotus,1:59.852,,
2010,1,21,Heikki Kovalainen,Lotus,2:00.313,,
2010,1,22,Lucas di Grassi,Virgin,2:00.587,,
2010,1,23,Bruno Senna,HRT,2:03.204,,
2010,1,24,Karun Chandhok,HRT,2:04.904,,
2010,2,1,Sebastian Vettel,Red Bull,1:24.774,1:24.096,1:23.919
2010,2,2,Mark Webber,Red Bull,1:25.286,1:24.276,1:24.035
2010,2,3,Fernando Alonso,Ferrari,1:25.082,1:24.335,1:24.111
2010,2,4,Jenson Button,McLaren,1:24.897,1:24.531,1:24.675
2010,2,5,Felipe Massa,Ferrari,1:25.548,1:25.010,1:24.837
2010,2,6,Nico Rosberg,Mercedes,1:24.788,1:24.788,1:24.884
2010,2,7,Michael Schumacher,Mercedes,1:25.351,1:24.871,1:24.927
2010,2,8,Rubens Barrichello,Williams,1:25.702,1:25.085,1:25.217
2010,2,9,Robert Kubica,Renault,1:25.588,1:25.122,1:25.372
2010,2,10,Adrian Sutil,Force India,1:25.504,1:25.046,1:26.036
2010,2,11,Lewis Hamilton,McLaren,1:25.046,1:25.184,
2010,2,12,Sébastien Buemi,Toro Rosso,1:26.061,1:25.638,
2010,2,13,Vitantonio Liuzzi,Force India,1:26.170,1:25.743,
2010,2,14,Pedro de la Rosa,Sauber,1:26.089,1:25.747,
2010,2,15,Nico Hülkenberg,Williams,1:25.866,1:25.748,
2010,2,16,Kamui Kobayashi,Sauber,1:26.251,1:25.777,
2010,2,17,Jaime Alguersuari,Toro Rosso,1:26.095,1:26.089,
2010,2,18,Vitaly Petrov,Renault,1:26.471,,
2010,2,19,Heikki Kovalainen,Lotus,1:28.797,,
2010,2,20,Jarno Trulli,Lotus,1:29.111,,
2010,2,21,Timo Glock,Virgin,1:29.592,,
2010,2,22,Lucas di Grassi,Virgin,1:30.185,,
2010,2,23,Bruno Senna,HRT,1:30.526,,
2010,2,24,Karun Chandhok,HRT,1:30.613,,
2010,3,1,Mark Webber,Red Bull,1:51.886,1:48.210,1:49.327
2010,3,2,Nico Rosberg,Mercedes,1:52.560,1:47.417,1:50.673
2010,3,3,Sebastian Vettel,Red Bull,1:47.632,1:46.828,1:50.789
2010,3,4,Adrian Sutil,Force India,1:49.479,1:47.085,1:50.914
2010,3,5,Nico Hülkenberg,Williams,1:49.664,1:47.346,1:51.001
2010,3,6,Robert Kubica,Renault,1:46.283,1:46.951,1:51.051
2010,3,7,Rubens Barrichello,Williams,1:50.301,1:48.371,1:51.511
2010,3,8,Michael Schumacher,Mercedes,1:52.239,1:48.400,1:51.717
2010,3,9,Kamui Kobayashi,Sauber,1:48.467,1:47.792,1:51.767
2010,3,10,Vitantonio Liuzzi,Force India,1:49.922,1:48.238,1:52.254
2010,3,11,Vitaly Petrov,Renault,1:47.952,1:48.760,
2010,3,12,Pedro de la Rosa,Sauber,1:47.153,1:48.771,
2010,3,13,Sébastien Buemi,Toro Rosso,1:48.945,1:49.207,
2010,3,14,Jaime Alguersuari,Toro Rosso,1:48.655,1:49.464,
2010,3,15,Heikki Kovalainen,Lotus,1:52.875,1:52.270,
2010,3,16,Timo Glock,Virgin,1:52.398,1:52.520,
2010,3,17,Jenson Button,McLaren,1:52.211,,
2010,3,18,Jarno Trulli,Lotus,1:52.884,,
2010,3,19,Fernando Alonso,Ferrari,1:53.044,,
2010,3,20,Lewis Hamilton,McLaren,1:53.050,,
2010,3,21,Felipe Massa,Ferrari,1:53.283,,
2010,3,22,Karun Chandhok,HRT,1:56.299,,
2010,3,23,Bruno Senna,HRT,1:57.269,,
2010,3,24,Lucas di Grassi,Virgin,1:59.977,,
2010,4,1,Sebastian Vettel,Red Bull,1:36.317,1:35.280,1:34.558
2010,4,2,Mark Webber,Red Bull,1:35.978,1:35.100,1:34.808
2010,4,3,Fernando Alonso,Ferrari,1:35.987,1:35.235,1:34.913
2010,4,4,Nico Rosberg,Mercedes,1:35.952,1:35.134,1:34.923
2010,4,5,Jenson Button,McLaren,1:36.122,1:35.443,1:34.979
2010,4,6,Lewis Hamilton,McLaren,1:35.641,1:34.928,1:35.034
2010,4,7,Felipe Massa,Ferrari,1:36.076,1:35.290,1:35.180
2010,4,8,Robert Kubica,Renault,1:36.348,1:35.550,1:35.364
2010,4,9,Michael Schumacher,Mercedes,1:36.484,1:35.715,1:35.646
2010,4,10,Adrian Sutil,Force India,1:36.671,1:35.665,1:35.963
2010,4,11,Rubens Barrichello,Williams,1:36.664,1:35.748,
2010,4,12,Jaime Alguersuari,Toro Rosso,1:36.618,1:36.047,
2010,4,13,Sébastien Buemi,Toro Rosso,1:36.793,1:36.149,
2010,4,14,Vitaly Petrov,Renault,1:37.031,1:36.311,
2010,4,15,Kamui Kobayashi,Sauber,1:37.044,1:36.422,
2010,4,16,Nico Hülkenberg,Williams,1:37.049,1:36.647,
2010,4,17,Pedro de la Rosa,Sauber,1:37.050,1:37.020,
2010,4,18,Vitantonio Liuzzi,Force India,1:37.161,,
2010,4,19,Timo Glock,Virgin,1:39.278,,
2010,4,20,Jarno Trulli,Lotus,1:39.399,,
2010,4,21,Heikki Kovalainen,Lotus,1:39.520,,
2010,4,22,Lucas di Grassi,Virgin,1:39.783,,
2010,4,23,Bruno Senna,HRT,1:40.469,,
2010,4,24,Karun Chandhok,HRT,1:40.578,,
2010,5,1,Mark Webber,Red Bull,1:21.412,1:20.655,1:19.995
2010,5,2,Sebastian Vettel,Red Bull,1:21.680,1:20.772,1:20.101
2010,5,3,Lewis Hamilton,McLaren,1:21.723,1:21.415,1:20.829
2010,5,4,Fernando Alonso,Ferrari,1:21.957,1:21.549,1:20.937
2010,5,5,Jenson Button,McLaren,1:21.915,1:21.168,1:20.991
2010,5,6,Michael Schumacher,Mercedes,1:22.528,1:21.557,1:21.294
2010,5,7,Robert Kubica,Renault,1:22.488,1:21.599,1:21.353
2010,5,8,Nico Rosberg,Mercedes,1:22.419,1:21.867,1:21.408
2010,5,9,Felipe Massa,Ferrari,1:22.564,1:21.841,1:21.585
2010,5,10,Kamui Kobayashi,Sauber,1:22.577,1:21.725,1:21.984
2010,5,11,Adrian Sutil,Force India,1:22.628,1:21.985,
2010,5,12,Pedro de la Rosa,Sauber,1:22.211,1:22.026,
2010,5,13,Nico Hülkenberg,Williams,1:22.857,1:22.131,
2010,5,14,Vitaly Petrov,Renault,1:22.976,1:22.139,
2010,5,15,Sébastien Buemi,Toro Rosso,1:22.699,1:22.191,
2010,5,16,Jaime Alguersuari,Toro Rosso,1:22.593,1:22.207,
2010,5,17,Vitantonio Liuzzi,Force India,1:23.084,1:22.854,
2010,5,18,Rubens Barrichello,Williams,1:23.125,,
2010,5,19,Jarno Trulli,Lotus,1:24.674,,
2010,5,20,Heikki Kovalainen,Lotus,1:24.748,,
2010,5,21,Timo Glock,Virgin,1:25.475,,
2010,5,22,Lucas di Grassi,Virgin,1:25.556,,
2010,5,23,Karun Chandhok,HRT,1:26.750,,
2010,5,24,Bruno Senna,HRT,1:27.122,,
2010,6,1,Mark Webber,Red Bull,1:15.035,1:14.462,1:13.826
2010,6,2,Robert Kubica,Renault,1:15.045,1:14.549,1:14.120
2010,6,3,Sebastian Vettel,Red Bull,1:15.110,1:14.568,1:14.227
2010,6,4,Felipe Massa,Ferrari,1:14.757,1:14.405,1:14.283
2010,6,5,Lewis Hamilton,McLaren,1:15.676,1:14.527,1:14.432
2010,6,6,Nico Rosberg,Mercedes,1:15.188,1:14.375,1:14.544
2010,6,7,Michael Schumacher,Mercedes,1:15.649,1:14.691,1:14.590
2010,6,8,Jenson Button,McLaren,1:15.623,1:15.150,1:14.637
2010,6,9,Rubens Barrichello,Williams,1:15.590,1:15.083,1:14.901
2010,6,10,Vitantonio Liuzzi,Force India,1:15.397,1:15.061,1:15.170
2010,6,11,Nico Hülkenberg,Williams,1:16.030,1:15.317,
2010,6,12,Adrian Sutil,Force India,1:15.445,1:15.318,
2010,6,13,Sébastien Buemi,Toro Rosso,1:15.961,1:15.413,
2010,6,14,Vitaly Petrov,Renault,1:15.482,1:15.576,
2010,6,15,Pedro de la Rosa,Sauber,1:15.908,1:15.692,
2010,6,16,Kamui Kobayashi,Sauber,1:16.175,1:15.992,
2010,6,17,Jaime Alguersuari,Toro Rosso,1:16.021,1:16.176,
2010,6,18,Heikki Kovalainen,Lotus,1:17.094,,
2010,6,19,Jarno Trulli,Lotus,1:17.134,,
2010,6,20,Timo Glock,Virgin,1:17.377,,
2010,6,21,Lucas di Grassi,Virgin,1:17.864,,
2010,6,22,Bruno Senna,HRT,1:18.509,,
2010,6,23,Karun Chandhok,HRT,1:19.559,,
2010,6,24,Fernando Alonso,Ferrari,,,
2010,7,1,Mark Webber,Red Bull,1:27.500,1:26.818,1:26.295
2010,7,2,Lewis Hamilton,McLaren,1:27.667,1:27.013,1:26.433
2010,7,3,Sebastian Vettel,Red Bull,1:27.067,1:26.729,1:26.760
2010,7,4,Jenson Button,McLaren,1:27.555,1:27.277,1:26.781
2010,7,5,Michael Schumacher,Mercedes,1:27.756,1:27.438,1:26.857
2010,7,6,Nico Rosberg,Mercedes,1:27.649,1:27.141,1:26.952
2010,7,7,Robert Kubica,Renault,1:27.766,1:27.426,1:27.039
2010,7,8,Felipe Massa,Ferrari,1:27.993,1:27.200,1:27.082
2010,7,9,Vitaly Petrov,Renault,1:27.620,1:27.387,1:27.430
2010,7,10,Kamui Kobayashi,Sauber,1:28.158,1:27.434,1:28.122
2010,7,11,Adrian Sutil,Force India,1:27.951,1:27.525,
2010,7,12,Fernando Alonso,Ferrari,1:27.857,1:27.612,
2010,7,13,Pedro de la Rosa,Sauber,1:28.147,1:27.879,
2010,7,14,Sébastien Buemi,Toro Rosso,1:28.534,1:28.273,
2010,7,15,Rubens Barrichello,Williams,1:28.336,1:28.392,
2010,7,16,Jaime Alguersuari,Toro Rosso,1:28.460,1:28.540,
2010,7,17,Nico Hülkenberg,Williams,1:28.227,1:28.841,
2010,7,18,Vitantonio Liuzzi,Force India,1:28.958,,
2010,7,19,Jarno Trulli,Lotus,1:30.237,,
2010,7,20,Heikki Kovalainen,Lotus,1:30.519,,
2010,7,21,Timo Glock,Virgin,1:30.744,,
2010,7,22,Bruno Senna,HRT,1:31.266,,
2010,7,23,Lucas di Grassi,Virgin,1:31.989,,
2010,7,24,Karun Chandhok,HRT,1:32.060,,
2010,8,1,Lewis Hamilton,McLaren,1:15.889,1:15.528,1:15.105
2010,8,2,Mark Webber,Red Bull,1:16.423,1:15.692,1:15.373
2010,8,3,Sebastian Vettel,Red Bull,1:16.129,1:15.556,1:15.420
2010,8,4,Fernando Alonso,Ferrari,1:16.171,1:15.597,1:15.435
2010,8,5,Jenson Button,McLaren,1:16.371,1:15.742,1:15.520
2010,8,6,Vitantonio Liuzzi,Force India,1:17.086,1:16.171,1:15.648
2010,8,7,Felipe Massa,Ferrari,1:16.673,1:16.314,1:15.688
2010,8,8,Robert Kubica,Renault,1:16.370,1:15.682,1:15.715
2010,8,9,Adrian Sutil,Force India,1:16.495,1:16.295,1:15.881
2010,8,10,Nico Rosberg,Mercedes,1:16.350,1:16.001,1:16.071
2010,8,11,Rubens Barrichello,Williams,1:16.880,1:16.434,
2010,8,12,Nico Hülkenberg,Williams,1:16.770,1:16.438,
2010,8,13,Michael Schumacher,Mercedes,1:16.598,1:16.492,
2010,8,14,Vitaly Petrov,Renault,1:16.569,1:16.844,
2010,8,15,Sébastien Buemi,Toro Rosso,1:17.356,1:16.928,
2010,8,16,Jaime Alguersuari,Toro Rosso,1:17.027,1:17.029,
2010,8,17,Pedro de la Rosa,Sauber,1:17.611,1:17.384,
2010,8,18,Kamui Kobayashi,Sauber,1:18.019,,
2010,8,19,Heikki Kovalainen,Lotus,1:18.237,,
2010,8,20,Jarno Trulli,Lotus,1:18.698,,
2010,8,21,Timo Glock,Virgin,1:18.941,,
2010,8,22,Bruno Senna,HRT,1:19.484,,
2010,8,23,Lucas di Grassi,Virgin,1:19.675,,
2010,8,24,Karun Chandhok,HRT,1:27.757,,
2010,9,1,Sebastian Vettel,Red Bull,1:38.324,1:38.015,1:37.587
2010,9,2,Mark Webber,Red Bull,1:38.549,1:38.041,1:37.662
2010,9,3,Lewis Hamilton,McLaren,1:38.697,1:38.158,1:37.969
2010,9,4,Fernando Alonso,Ferrari,1:38.472,1:38.179,1:38.075
2010,9,5,Felipe Massa,Ferrari,1:38.657,1:38.046,1:38.127
2010,9,6,Robert Kubica,Renault,1:38.132,1:38.062,1:38.137
2010,9,7,Jenson Button,McLaren,1:38.360,1:38.399,1:38.210
2010,9,8,Nico Hülkenberg,Williams,1:38.843,1:38.523,1:38.428
2010,9,9,Rubens Barrichello,Williams,1:38.449,1:38.326,1:38.428
2010,9,10,Vitaly Petrov,Renault,1:39.004,1:38.552,1:38.523
2010,9,11,Sébastien Buemi,Toro Rosso,1:39.096,1:38.586,
2010,9,12,Nico Rosberg,Mercedes,1:38.752,1:38.627,
2010,9,13,Adrian Sutil,Force India,1:39.021,1:38.851,
2010,9,14,Vitantonio Liuzzi,Force India,1:38.969,1:38.884,
2010,9,15,Michael Schumacher,Mercedes,1:38.994,1:39.234,
2010,9,16,Pedro de la Rosa,Sauber,1:39.003,1:39.264,
2010,9,17,Jaime Alguersuari,Toro Rosso,1:39.128,1:39.458,
2010,9,18,Kamui Kobayashi,Sauber,1:39.343,,
2010,9,19,Jarno Trulli,Lotus,1:40.658,,
2010,9,20,Heikki Kovalainen,Lotus,1:40.882,,
2010,9,21,Lucas di Grassi,Virgin,1:42.086,,
2010,9,22,Timo Glock,Virgin,1:42.140,,
2010,9,23,Karun Chandhok,HRT,1:42.600,,
2010,9,24,Bruno Senna,HRT,1:42.851,,
2010,10,1,Sebastian Vettel,Red Bull,1:30.841,1:30.480,1:29.615
2010,10,2,Mark Webber,Red Bull,1:30.858,1:30.114,1:29.758
2010,10,3,Fernando Alonso,Ferrari,1:30.997,1:30.700,1:30.426
2010,10,4,Lewis Hamilton,McLaren,1:31.297,1:31.118,1:30.556
2010,10,5,Nico Rosberg,Mercedes,1:31.626,1:31.085,1:30.625
2010,10,6,Robert Kubica,Renault,1:31.680,1:31.344,1:31.040
2010,10,7,Felipe Massa,Ferrari,1:31.313,1:31.010,1:31.172
2010,10,8,Rubens Barrichello,Williams,1:31.424,1:31.126,1:31.175
2010,10,9,Pedro de la Rosa,Sauber,1:31.533,1:31.327,1:31.274
2010,10,10,Michael Schumacher,Mercedes,1:32.058,1:31.022,1:31.430
2010,10,11,Adrian Sutil,Force India,1:31.109,1:31.399,
2010,10,12,Kamui Kobayashi,Sauber,1:31.851,1:31.421,
2010,10,13,Nico Hülkenberg,Williams,1:32.144,1:31.635,
2010,10,14,Jenson Button,McLaren,1:31.435,1:31.699,
2010,10,15,Vitantonio Liuzzi,Force India,1:32.226,1:31.708,
2010,10,16,Vitaly Petrov,Renault,1:31.638,1:31.796,
2010,10,17,Sébastien Buemi,Toro Rosso,1:31.901,1:32.012,
2010,10,18,Jaime Alguersuari,Toro Rosso,1:32.430,,
2010,10,19,Heikki Kovalainen,Lotus,1:34.405,,
2010,10,20,Timo Glock,Virgin,1:34.775,,
2010,10,21,Jarno Trulli,Lotus,1:34.864,,
2010,10,22,Lucas di Grassi,Virgin,1:35.212,,
2010,10,23,Karun Chandhok,HRT,1:36.576,,
2010,10,24,Sakon Yamamoto,HRT,1:36.968,,
2010,11,1,Sebastian Vettel,Red Bull,1:15.152,1:14.249,1:13.791
2010,11,2,Fernando Alonso,Ferrari,1:14.808,1:14.081,1:13.793
2010,11,3,Felipe Massa,Ferrari,1:15.216,1:14.478,1:14.290
2010,11,4,Mark Webber,Red Bull,1:15.334,1:14.340,1:14.347
2010,11,5,Jenson Button,McLaren,1:15.823,1:14.716,1:14.427
2010,11,6,Lewis Hamilton,McLaren,1:15.505,1:14.488,1:14.566
2010,11,7,Robert Kubica,Renault,1:15.736,1:14.835,1:15.079
2010,11,8,Rubens Barrichello,Williams,1:16.398,1:14.698,1:15.109
2010,11,9,Nico Rosberg,Mercedes,1:16.178,1:15.018,1:15.179
2010,11,10,Nico Hülkenberg,Williams,1:16.387,1:14.943,1:15.339
2010,11,11,Michael Schumacher,Mercedes,1:16.084,1:15.026,
2010,11,12,Kamui Kobayashi,Sauber,1:15.951,1:15.084,
2010,11,13,Vitaly Petrov,Renault,1:16.521,1:15.307,
2010,11,14,Adrian Sutil,Force India,1:16.220,1:15.467,
2010,11,15,Pedro de la Rosa,Sauber,1:16.450,1:15.550,
2010,11,16,Jaime Alguersuari,Toro Rosso,1:16.664,1:15.588,
2010,11,17,Sébastien Buemi,Toro Rosso,1:16.029,1:15.974,
2010,11,18,Jarno Trulli,Lotus,1:17.583,,
2010,11,19,Heikki Kovalainen,Lotus,1:18.300,,
2010,11,20,Timo Glock,Virgin,1:18.343,,
2010,11,21,Bruno Senna,HRT,1:18.592,,
2010,11,22,Vitantonio Liuzzi,Force India,1:18.952,,
2010,11,23,Sakon Yamamoto,HRT,1:19.844,,
2010,11,24,Lucas di Grassi,Virgin,,,
2010,12,1,Sebastian Vettel,Red Bull,1:20.417,1:19.573,1:18.773
2010,12,2,Mark Webber,Red Bull,1:21.132,1:19.531,1:19.184
2010,12,3,Fernando Alonso,Ferrari,1:21.278,1:20.237,1:19.987
2010,12,4,Felipe Massa,Ferrari,1:21.299,1:20.857,1:20.331
2010,12,5,Lewis Hamilton,McLaren,1:21.455,1:20.877,1:20.499
2010,12,6,Nico Rosberg,Mercedes,1:21.212,1:20.811,1:21.082
2010,12,7,Vitaly Petrov,Renault,1:21.558,1:20.797,1:21.229
2010,12,8,Robert Kubica,Renault,1:21.159,1:20.867,1:21.328
2010,12,9,Pedro de la Rosa,Sauber,1:21.891,1:21.273,1:21.411
2010,12,10,Nico Hülkenberg,Williams,1:21.598,1:21.275,1:21.710
2010,12,11,Jenson Button,McLaren,1:21.422,1:21.292,
2010,12,12,Rubens Barrichello,Williams,1:21.478,1:21.331,
2010,12,13,Adrian Sutil,Force India,1:22.080,1:21.517,
2010,12,14,Michael Schumacher,Mercedes,1:21.840,1:21.630,
2010,12,15,Sébastien Buemi,Toro Rosso,1:21.982,1:21.897,
2010,12,16,Vitantonio Liuzzi,Force India,1:21.789,1:21.927,
2010,12,17,Jaime Alguersuari,Toro Rosso,1:21.978,1:21.998,
2010,12,18,Kamui Kobayashi,Sauber,1:22.222,,
2010,12,19,Timo Glock,Virgin,1:24.050,,
2010,12,20,Heikki Kovalainen,Lotus,1:24.120,,
2010,12,21,Jarno Trulli,Lotus,1:24.199,,
2010,12,22,Lucas di Grassi,Virgin,1:25.118,,
2010,12,23,Bruno Senna,HRT,1:26.391,,
2010,12,24,Sakon Yamamoto,HRT,1:26.453,,
2010,13,1,Mark Webber,Red Bull,1:57.352,1:47.253,1:45.778
2010,13,2,Lewis Hamilton,McLaren,1:56.706,1:46.211,1:45.863
2010,13,3,Robert Kubica,Renault,1:56.041,1:47.320,1:46.100
2010,13,4,Sebastian Vettel,Red Bull,1:58.487,1:47.245,1:46.127
2010,13,5,Jenson Button,McLaren,1:57.981,1:46.790,1:46.206
2010,13,6,Felipe Massa,Ferrari,1:58.323,1:47.322,1:46.314
2010,13,7,Rubens Barrichello,Williams,1:55.757,1:47.797,1:46.602
2010,13,8,Adrian Sutil,Force India,1:58.730,1:47.292,1:46.659
2010,13,9,Nico Hülkenberg,Williams,1:55.442,1:47.821,1:47.053
2010,13,10,Fernando Alonso,Ferrari,1:57.023,1:47.544,1:47.441
2010,13,11,Michael Schumacher,Mercedes,1:56.313,1:47.874,
2010,13,12,Nico Rosberg,Mercedes,1:54.826,1:47.885,
2010,13,13,Jaime Alguersuari,Toro Rosso,1:58.944,1:48.267,
2010,13,14,Vitantonio Liuzzi,Force India,2:01.102,1:48.680,
2010,13,15,Sébastien Buemi,Toro Rosso,2:00.386,1:49.209,
2010,13,16,Heikki Kovalainen,Lotus,2:01.343,1:50.980,
2010,13,17,Timo Glock,Virgin,2:01.316,1:52.049,
2010,13,18,Jarno Trulli,Lotus,2:01.491,,
2010,13,19,Kamui Kobayashi,Sauber,2:02.284,,
2010,13,20,Bruno Senna,HRT,2:03.612,,
2010,13,21,Sakon Yamamoto,HRT,2:03.941,,
2010,13,22,Pedro de la Rosa,Sauber,2:05.294,,
2010,13,23,Lucas di Grassi,Virgin,2:18.754,,
2010,13,24,Vitaly Petrov,Renault,,,
2010,14,1,Fernando Alonso,Ferrari,1:22.646,1:22.297,1:21.962
2010,14,2,Jenson Button,McLaren,1:23.085,1:22.354,1:22.084
2010,14,3,Felipe Massa,Ferrari,1:22.421,1:22.610,1:22.293
2010,14,4,Mark Webber,Red Bull,1:23.431,1:22.706,1:22.433
2010,14,5,Lewis Hamilton,McLaren,1:22.830,1:22.394,1:22.623
2010,14,6,Sebastian Vettel,Red Bull,1:23.235,1:22.701,1:22.675
2010,14,7,Nico Rosberg,Mercedes,1:23.529,1:23.055,1:23.027
2010,14,8,Nico Hülkenberg,Williams,1:23.516,1:22.989,1:23.037
2010,14,9,Robert Kubica,Renault,1:23.234,1:22.880,1:23.039
2010,14,10,Rubens Barrichello,Williams,1:23.695,1:23.142,1:23.328
2010,14,11,Adrian Sutil,Force India,1:23.493,1:23.199,
2010,14,12,Michael Schumacher,Mercedes,1:23.840,1:23.388,
2010,14,13,Kamui Kobayashi,Sauber,1:24.273,1:23.659,
2010,14,14,Sébastien Buemi,Toro Rosso,1:23.744,1:23.681,
2010,14,15,Vitaly Petrov,Renault,1:24.086,1:23.819,
2010,14,16,Jaime Alguersuari,Toro Rosso,1:24.083,1:23.919,
2010,14,17,Pedro de la Rosa,Sauber,1:24.442,1:24.044,
2010,14,18,Jarno Trulli,Lotus,1:25.540,,
2010,14,19,Heikki Kovalainen,Lotus,1:25.742,,
2010,14,20,Vitantonio Liuzzi,Force India,1:25.774,,
2010,14,21,Timo Glock,Virgin,1:25.934,,
2010,14,22,Lucas di Grassi,Virgin,1:25.974,,
2010,14,23,Bruno Senna,HRT,1:26.847,,
2010,14,24,Sakon Yamamoto,HRT,1:27.020,,
2010,15,1,Fernando Alonso,Ferrari,1:46.541,1:45.809,1:45.390
2010,15,2,Sebastian Vettel,Red Bull,1:46.960,1:45.561,1:45.457
2010,15,3,Lewis Hamilton,McLaren,1:48.296,1:46.042,1:45.571
2010,15,4,Jenson Button,McLaren,1:48.032,1:46.490,1:45.944
2010,15,5,Mark Webber,Red Bull,1:47.088,1:45.908,1:45.977
2010,15,6,Rubens Barrichello,Williams,1:48.183,1:47.019,1:46.236
2010,15,7,Nico Rosberg,Mercedes,1:48.554,1:46.783,1:46.443
2010,15,8,Robert Kubica,Renault,1:47.657,1:46.949,1:46.593
2010,15,9,Michael Schumacher,Mercedes,1:48.425,1:47.160,1:46.702
2010,15,10,Kamui Kobayashi,Sauber,1:48.908,1:47.559,1:47.884
2010,15,11,Jaime Alguersuari,Toro Rosso,1:48.127,1:47.666,
2010,15,12,Nico Hülkenberg,Williams,1:47.984,1:47.674,
2010,15,13,Vitaly Petrov,Renault,1:48.906,1:48.165,
2010,15,14,Sébastien Buemi,Toro Rosso,1:49.063,1:48.502,
2010,15,15,Nick Heidfeld,Sauber,1:48.696,1:48.557,
2010,15,16,Adrian Sutil,Force India,1:48.496,1:48.899,
2010,15,17,Vitantonio Liuzzi,Force India,1:48.988,1:48.961,
2010,15,18,Timo Glock,Virgin,1:50.271,,
2010,15,19,Heikki Kovalainen,Lotus,1:50.915,,
2010,15,20,Lucas di Grassi,Virgin,1:51.107,,
2010,15,21,Jarno Trulli,Lotus,1:51.641,,
2010,15,22,Christian Klien,HRT,1:52.946,,
2010,15,23,Bruno Senna,HRT,1:54.174,,
2010,15,24,Felipe Massa,Ferrari,,,
2010,16,1,Sebastian Vettel,Red Bull,1:32.035,1:31.184,1:30.785
2010,16,2,Mark Webber,Red Bull,1:32.476,1:31.241,1:30.853
2010,16,3,Lewis Hamilton,McLaren,1:32.809,1:31.523,1:31.169
2010,16,4,Robert Kubica,Renault,1:32.808,1:32.042,1:31.231
2010,16,5,Fernando Alonso,Ferrari,1:32.555,1:31.819,1:31.352
2010,16,6,Jenson Button,McLaren,1:32.636,1:31.763,1:31.378
2010,16,7,Nico Rosberg,Mercedes,1:32.238,1:31.886,1:31.494
2010,16,8,Rubens Barrichello,Williams,1:32.361,1:31.874,1:31.535
2010,16,9,Nico Hülkenberg,Williams,1:32.211,1:31.926,1:31.559
2010,16,10,Michael Schumacher,Mercedes,1:32.513,1:32.073,1:31.846
2010,16,11,Nick Heidfeld,Sauber,1:33.011,1:32.187,
2010,16,12,Felipe Massa,Ferrari,1:32.721,1:32.321,
2010,16,13,Vitaly Petrov,Renault,1:32.849,1:32.422,
2010,16,14,Kamui Kobayashi,Sauber,1:32.783,1:32.427,
2010,16,15,Adrian Sutil,Force India,1:33.186,1:32.659,
2010,16,16,Jaime Alguersuari,Toro Rosso,1:33.471,1:33.071,
2010,16,17,Vitantonio Liuzzi,Force India,1:33.216,1:33.154,
2010,16,18,Sébastien Buemi,Toro Rosso,1:33.568,,
2010,16,19,Jarno Trulli,Lotus,1:35.346,,
2010,16,20,Heikki Kovalainen,Lotus,1:35.464,,
2010,16,21,Lucas di Grassi,Virgin,1:36.265,,
2010,16,22,Timo Glock,Virgin,1:36.332,,
2010,16,23,Bruno Senna,HRT,1:37.270,,
2010,16,24,Sakon Yamamoto,HRT,1:37.365,,
2010,17,1,Sebastian Vettel,Red Bull,1:37.123,1:36.074,1:35.585
2010,17,2,Mark Webber,Red Bull,1:37.373,1:36.039,1:35.659
2010,17,3,Fernando Alonso,Ferrari,1:37.144,1:36.287,1:35.766
2010,17,4,Lewis Hamilton,McLaren,1:37.113,1:36.197,1:36.062
2010,17,5,Nico Rosberg,Mercedes,1:37.708,1:36.791,1:36.535
2010,17,6,Felipe Massa,Ferrari,1:37.515,1:36.169,1:36.571
2010,17,7,Jenson Button,McLaren,1:38.123,1:37.064,1:36.731
2010,17,8,Robert Kubica,Renault,1:37.703,1:37.179,1:36.824
2010,17,9,Michael Schumacher,Mercedes,1:37.980,1:37.077,1:36.950
2010,17,10,Rubens Barrichello,Williams,1:38.257,1:37.511,1:36.998
2010,17,11,Nico Hülkenberg,Williams,1:38.115,1:37.620,
2010,17,12,Kamui Kobayashi,Sauber,1:38.429,1:37.643,
2010,17,13,Nick Heidfeld,Sauber,1:38.171,1:37.715,
2010,17,14,Adrian Sutil,Force India,1:38.572,1:37.783,
2010,17,15,Vitaly Petrov,Renault,1:38.174,1:37.799,
2010,17,16,Jaime Alguersuari,Toro Rosso,1:38.583,1:37.853,
2010,17,17,Sébastien Buemi,Toro Rosso,1:38.621,1:38.594,
2010,17,18,Vitantonio Liuzzi,Force India,1:38.955,,
2010,17,19,Jarno Trulli,Lotus,1:40.521,,
2010,17,20,Timo Glock,Virgin,1:40.748,,
2010,17,21,Heikki Kovalainen,Lotus,1:41.768,,
2010,17,22,Lucas di Grassi,Virgin,1:42.325,,
2010,17,23,Sakon Yamamoto,HRT,1:42.444,,
2010,17,24,Bruno Senna,HRT,1:43.283,,
2010,18,1,Nico Hülkenberg,Williams,1:20.050,1:19.144,1:14.470
2010,18,2,Sebastian Vettel,Red Bull,1:19.160,1:18.691,1:15.519
2010,18,3,Mark Webber,Red Bull,1:19.025,1:18.516,1:15.637
2010,18,4,Lewis Hamilton,McLaren,1:19.931,1:18.921,1:15.747
2010,18,5,Fernando Alonso,Ferrari,1:18.987,1:19.010,1:15.989
2010,18,6,Rubens Barrichello,Williams,1:19.799,1:18.925,1:16.203
2010,18,7,Robert Kubica,Renault,1:19.249,1:18.877,1:16.552
2010,18,8,Michael Schumacher,Mercedes,1:19.879,1:18.923,1:16.925
2010,18,9,Felipe Massa,Ferrari,1:19.778,1:19.200,1:17.101
2010,18,10,Vitaly Petrov,Renault,1:20.189,1:19.153,1:17.656
2010,18,11,Jenson Button,McLaren,1:19.905,1:19.288,
2010,18,12,Kamui Kobayashi,Sauber,1:19.741,1:19.385,
2010,18,13,Nico Rosberg,Mercedes,1:20.153,1:19.486,
2010,18,14,Jaime Alguersuari,Toro Rosso,1:20.158,1:19.581,
2010,18,15,Sébastien Buemi,Toro Rosso,1:20.096,1:19.847,
2010,18,16,Nick Heidfeld,Sauber,1:20.174,1:19.899,
2010,18,17,Vitantonio Liuzzi,Force India,1:20.592,1:20.357,
2010,18,18,Adrian Sutil,Force India,1:20.830,,
2010,18,19,Timo Glock,Virgin,1:22.130,,
2010,18,20,Jarno Trulli,Lotus,1:22.250,,
2010,18,21,Heikki Kovalainen,Lotus,1:22.378,,
2010,18,22,Lucas di Grassi,Virgin,1:22.810,,
2010,18,23,Christian Klien,HRT,1:23.083,,
2010,18,24,Bruno Senna,HRT,1:23.796,,
2010,19,1,Sebastian Vettel,Red Bull,1:40.318,1:39.874,1:39.394
2010,19,2,Lewis Hamilton,McLaren,1:40.335,1:40.119,1:39.425
2010,19,3,Fernando Alonso,Ferrari,1:40.170,1:40.311,1:39.792
2010,19,4,Jenson Button,McLaren,1:40.877,1:40.014,1:39.823
2010,19,5,Mark Webber,Red Bull,1:40.690,1:40.074,1:39.925
2010,19,6,Felipe Massa,Ferrari,1:40.942,1:40.323,1:40.202
2010,19,7,Rubens Barrichello,Williams,1:40.904,1:40.476,1:40.203
2010,19,8,Michael Schumacher,Mercedes,1:41.222,1:40.452,1:40.516
2010,19,9,Nico Rosberg,Mercedes,1:40.231,1:40.060,1:40.589
2010,19,10,Vitaly Petrov,Renault,1:41.018,1:40.658,1:40.901
2010,19,11,Robert Kubica,Renault,1:41.336,1:40.780,
2010,19,12,Kamui Kobayashi,Sauber,1:41.045,1:40.783,
2010,19,13,Adrian Sutil,Force India,1:41.473,1:40.914,
2010,19,14,Nick Heidfeld,Sauber,1:41.409,1:41.113,
2010,19,15,Nico Hülkenberg,Williams,1:41.015,1:41.418,
2010,19,16,Vitantonio Liuzzi,Force India,1:41.681,1:41.642,
2010,19,17,Jaime Alguersuari,Toro Rosso,1:41.707,1:41.738,
2010,19,18,Sébastien Buemi,Toro Rosso,1:41.824,,
2010,19,19,Jarno Trulli,Lotus,1:43.516,,
2010,19,20,Heikki Kovalainen,Lotus,1:43.712,,
2010,19,21,Timo Glock,Virgin,1:44.095,,
2010,19,22,Lucas di Grassi,Virgin,1:44.510,,
2010,19,23,Bruno Senna,HRT,1:45.085,,
2010,19,24,Christian Klien,HRT,1:45.296,,
2011,1,1,Sebastian Vettel,Red Bull,1:25.296,1:24.090,1:23.529
2011,1,2,Lewis Hamilton,McLaren,1:25.384,1:24.595,1:24.307
2011,1,3,Mark Webber,Red Bull,1:25.900,1:24.658,1:24.395
2011,1,4,Jenson Button,McLaren,1:25.886,1:24.957,1:24.779
2011,1,5,Fernando Alonso,Ferrari,1:25.707,1:25.242,1:24.974
2011,1,6,Vitaly Petrov,Renault,1:25.543,1:25.582,1:25.247
2011,1,7,Nico Rosberg,Mercedes,1:25.856,1:25.606,1:25.421
2011,1,8,Felipe Massa,Ferrari,1:26.031,1:25.611,1:25.599
2011,1,9,Kamui Kobayashi,Sauber,1:25.717,1:25.405,1:25.626
2011,1,10,Sébastien Buemi,Toro Rosso,1:26.232,1:25.882,1:27.066
2011,1,11,Michael Schumacher,Mercedes,1:25.962,1:25.971,
2011,1,12,Jaime Alguersuari,Toro Rosso,1:26.620,1:26.103,
2011,1,13,Sergio Pérez,Sauber,1:25.812,1:26.108,
2011,1,14,Paul di Resta,Force India,1:27.222,1:26.739,
2011,1,15,Pastor Maldonado,Williams,1:26.298,1:26.768,
2011,1,16,Adrian Sutil,Force India,1:26.245,1:31.407,
2011,1,17,Rubens Barrichello,Williams,1:26.270,,
2011,1,18,Nick Heidfeld,Renault,1:27.239,,
2011,1,19,Heikki Kovalainen,Lotus,1:29.254,,
2011,1,20,Jarno Trulli,Lotus,1:29.342,,
2011,1,21,Timo Glock,Virgin,1:29.858,,
2011,1,22,Jérôme d'Ambrosio,Virgin,1:30.822,,
2011,1,23,Vitantonio Liuzzi,HRT,1:32.978,,
2011,1,24,Narain Karthikeyan,HRT,1:34.293,,
2011,2,1,Sebastian Vettel,Red Bull,1:37.468,1:35.934,1:34.870
2011,2,2,Lewis Hamilton,McLaren,1:36.861,1:35.852,1:34.974
2011,2,3,Mark Webber,Red Bull,1:37.924,1:36.080,1:35.179
2011,2,4,Jenson Button,McLaren,1:37.033,1:35.569,1:35.200
2011,2,5,Fernando Alonso,Ferrari,1:36.897,1:36.320,1:35.802
2011,2,6,Nick Heidfeld,Renault,1:37.224,1:36.811,1:36.124
2011,2,7,Felipe Massa,Ferrari,1:36.744,1:36.557,1:36.251
2011,2,8,Vitaly Petrov,Renault,1:37.210,1:36.642,1:36.324
2011,2,9,Nico Rosberg,Mercedes,1:37.316,1:36.388,1:36.809
2011,2,10,Kamui Kobayashi,Sauber,1:36.994,1:36.691,1:36.820
2011,2,11,Michael Schumacher,Mercedes,1:36.904,1:37.035,
2011,2,12,Sébastien Buemi,Toro Rosso,1:37.693,1:37.160,
2011,2,13,Jaime Alguersuari,Toro Rosso,1:37.677,1:37.347,
2011,2,14,Paul di Resta,Force India,1:38.045,1:37.370,
2011,2,15,Rubens Barrichello,Williams,1:38.163,1:37.496,
2011,2,16,Sergio Pérez,Sauber,1:37.759,1:37.528,
2011,2,17,Adrian Sutil,Force India,1:37.693,1:37.593,
2011,2,18,Pastor Maldonado,Williams,1:38.276,,
2011,2,19,Heikki Kovalainen,Lotus,1:38.645,,
2011,2,20,Jarno Trulli,Lotus,1:38.791,,
2011,2,21,Timo Glock,Virgin,1:40.648,,
2011,2,22,Jérôme d'Ambrosio,Virgin,1:41.001,,
2011,2,23,Vitantonio Liuzzi,HRT,1:41.549,,
2011,2,24,Narain Karthikeyan,HRT,1:42.574,,
2011,3,1,Sebastian Vettel,Red Bull,1:35.674,1:34.776,1:33.706
2011,3,2,Jenson Button,McLaren,1:35.924,1:34.662,1:34.421
2011,3,3,Lewis Hamilton,McLaren,1:36.091,1:34.486,1:34.463
2011,3,4,Nico Rosberg,Mercedes,1:35.272,1:35.850,1:34.670
2011,3,5,Fernando Alonso,Ferrari,1:35.389,1:35.165,1:35.119
2011,3,6,Felipe Massa,Ferrari,1:35.478,1:35.437,1:35.145
2011,3,7,Jaime Alguersuari,Toro Rosso,1:36.133,1:35.563,1:36.158
2011,3,8,Paul di Resta,Force India,1:35.702,1:35.858,1:36.190
2011,3,9,Sébastien Buemi,Toro Rosso,1:36.110,1:35.500,1:36.203
2011,3,10,Vitaly Petrov,Renault,1:35.370,1:35.149,
2011,3,11,Adrian Sutil,Force India,1:36.092,1:35.874,
2011,3,12,Sergio Pérez,Sauber,1:36.046,1:36.053,
2011,3,13,Kamui Kobayashi,Sauber,1:36.147,1:36.236,
2011,3,14,Michael Schumacher,Mercedes,1:35.508,1:36.457,
2011,3,15,Rubens Barrichello,Williams,1:35.911,1:36.465,
2011,3,16,Nick Heidfeld,Renault,1:35.910,1:36.611,
2011,3,17,Pastor Maldonado,Williams,1:36.121,1:36.956,
2011,3,18,Mark Webber,Red Bull,1:36.468,,
2011,3,19,Heikki Kovalainen,Lotus,1:37.894,,
2011,3,20,Jarno Trulli,Lotus,1:38.318,,
2011,3,21,Jérôme d'Ambrosio,Virgin,1:39.119,,
2011,3,22,Timo Glock,Virgin,1:39.708,,
2011,3,23,Vitantonio Liuzzi,HRT,1:40.212,,
2011,3,24,Narain Karthikeyan,HRT,1:40.445,,
2011,4,1,Sebastian Vettel,Red Bull,1:27.039,1:25.610,1:25.049
2011,4,2,Mark Webber,Red Bull,1:27.090,1:26.075,1:25.454
2011,4,3,Nico Rosberg,Mercedes,1:27.514,1:25.801,1:25.574
2011,4,4,Lewis Hamilton,McLaren,1:27.091,1:26.066,1:25.595
2011,4,5,Fernando Alonso,Ferrari,1:27.349,1:26.152,1:25.851
2011,4,6,Jenson Button,McLaren,1:27.374,1:26.485,1:25.982
2011,4,7,Vitaly Petrov,Renault,1:27.475,1:26.654,1:26.296
2011,4,8,Michael Schumacher,Mercedes,1:27.697,1:26.121,1:26.646
2011,4,9,Nick Heidfeld,Renault,1:27.901,1:26.740,1:26.659
2011,4,10,Felipe Massa,Ferrari,1:27.013,1:26.395,
2011,4,11,Rubens Barrichello,Williams,1:28.246,1:26.764,
2011,4,12,Adrian Sutil,Force India,1:27.392,1:27.027,
2011,4,13,Paul di Resta,Force India,1:27.625,1:27.145,
2011,4,14,Pastor Maldonado,Williams,1:27.396,1:27.236,
2011,4,15,Sergio Pérez,Sauber,1:27.778,1:27.244,
2011,4,16,Sébastien Buemi,Toro Rosso,1:27.620,1:27.255,
2011,4,17,Jaime Alguersuari,Toro Rosso,1:28.055,1:27.572,
2011,4,18,Heikki Kovalainen,Lotus,1:28.780,,
2011,4,19,Jarno Trulli,Lotus,1:29.673,,
2011,4,20,Jérôme d'Ambrosio,Virgin,1:30.445,,
2011,4,21,Vitantonio Liuzzi,HRT,1:30.692,,
2011,4,22,Timo Glock,Virgin,1:30.813,,
2011,4,23,Narain Karthikeyan,HRT,1:31.564,,
2011,5,1,Mark Webber,Red Bull,1:23.619,1:21.773,1:20.981
2011,5,2,Sebastian Vettel,Red Bull,1:24.142,1:21.540,1:21.181
2011,5,3,Lewis Hamilton,McLaren,1:24.370,1:22.148,1:21.961
2011,5,4,Fernando Alonso,Ferrari,1:23.485,1:22.813,1:21.964
2011,5,5,Jenson Button,McLaren,1:24.428,1:22.050,1:21.996
2011,5,6,Vitaly Petrov,Renault,1:23.069,1:22.948,1:22.471
2011,5,7,Nico Rosberg,Mercedes,1:23.507,1:22.569,1:22.599
2011,5,8,Felipe Massa,Ferrari,1:23.506,1:23.026,1:22.888
2011,5,9,Pastor Maldonado,Williams,1:23.406,1:22.854,1:22.952
2011,5,10,Michael Schumacher,Mercedes,1:22.960,1:22.671,
2011,5,11,Sébastien Buemi,Toro Rosso,1:23.962,1:23.231,
2011,5,12,Sergio Pérez,Sauber,1:24.209,1:23.367,
2011,5,13,Jaime Alguersuari,Toro Rosso,1:24.049,1:23.694,
2011,5,14,Kamui Kobayashi,Sauber,1:23.656,1:23.702,
2011,5,15,Heikki Kovalainen,Lotus,1:25.874,1:25.403,
2011,5,16,Paul di Resta,Force India,1:24.332,1:26.126,
2011,5,17,Adrian Sutil,Force India,1:24.648,1:26.571,
2011,5,18,Jarno Trulli,Lotus,1:26.521,,
2011,5,19,Rubens Barrichello,Williams,1:26.910,,
2011,5,20,Timo Glock,Virgin,1:27.315,,
2011,5,21,Vitantonio Liuzzi,HRT,1:27.809,,
2011,5,22,Narain Karthikeyan,HRT,1:27.908,,
2011,5,23,Jérôme d'Ambrosio,Virgin,1:28.556,,
2011,6,1,Sebastian Vettel,Red Bull,1:15.606,1:14.277,1:13.556
2011,6,2,Jenson Button,McLaren,1:15.397,1:14.545,1:13.997
2011,6,3,Mark Webber,Red Bull,1:16.087,1:14.742,1:14.019
2011,6,4,Fernando Alonso,Ferrari,1:16.051,1:14.569,1:14.483
2011,6,5,Michael Schumacher,Mercedes,1:16.092,1:14.981,1:14.682
2011,6,6,Felipe Massa,Ferrari,1:16.309,1:14.648,1:14.877
2011,6,7,Lewis Hamilton,McLaren,1:15.207,1:14.275,1:15.280
2011,6,8,Nico Rosberg,Mercedes,1:15.858,1:14.741,1:15.766
2011,6,9,Pastor Maldonado,Williams,1:15.819,1:15.545,1:16.528
2011,6,10,Sergio Pérez,Sauber,1:15.918,1:15.482,
2011,6,11,Vitaly Petrov,Renault,1:16.378,1:15.815,
2011,6,12,Rubens Barrichello,Williams,1:16.616,1:15.826,
2011,6,13,Kamui Kobayashi,Sauber,1:16.513,1:15.973,
2011,6,14,Paul di Resta,Force India,1:16.813,1:16.118,
2011,6,15,Adrian Sutil,Force India,1:16.600,1:16.121,
2011,6,16,Nick Heidfeld,Renault,1:16.681,1:16.214,
2011,6,17,Sébastien Buemi,Toro Rosso,1:16.358,1:16.300,
2011,6,18,Heikki Kovalainen,Lotus,1:17.343,,
2011,6,19,Jarno Trulli,Lotus,1:17.381,,
2011,6,20,Jaime Alguersuari,Toro Rosso,1:17.820,,
2011,6,21,Timo Glock,Virgin,1:17.914,,
2011,6,22,Jérôme d'Ambrosio,Virgin,1:18.736,,
2011,6,23,Narain Karthikeyan,HRT,,,
2011,6,24,Vitantonio Liuzzi,HRT,,,
2011,7,1,Sebastian Vettel,Red Bull,1:14.011,1:13.486,1:13.014
2011,7,2,Fernando Alonso,Ferrari,1:13.822,1:13.672,1:13.199
2011,7,3,Felipe Massa,Ferrari,1:14.026,1:13.431,1:13.217
2011,7,4,Mark Webber,Red Bull,1:14.375,1:13.654,1:13.429
2011,7,5,Lewis Hamilton,McLaren,1:14.114,1:13.926,1:13.565
2011,7,6,Nico Rosberg,Mercedes,1:14.920,1:13.950,1:13.814
2011,7,7,Jenson Button,McLaren,1:14.374,1:13.955,1:13.838
2011,7,8,Michael Schumacher,Mercedes,1:14.970,1:14.242,1:13.864
2011,7,9,Nick Heidfeld,Renault,1:15.096,1:14.467,1:14.062
2011,7,10,Vitaly Petrov,Renault,1:14.699,1:14.354,1:14.085
2011,7,11,Paul di Resta,Force India,1:14.874,1:14.752,
2011,7,12,Pastor Maldonado,Williams,1:15.585,1:15.043,
2011,7,13,Kamui Kobayashi,Sauber,1:15.694,1:15.285,
2011,7,14,Adrian Sutil,Force India,1:14.931,1:15.287,
2011,7,15,Sébastien Buemi,Toro Rosso,1:15.901,1:15.334,
2011,7,16,Rubens Barrichello,Williams,1:15.331,1:15.361,
2011,7,17,Pedro de la Rosa,Sauber,1:16.229,1:15.587,
2011,7,18,Jaime Alguersuari,Toro Rosso,1:16.294,,
2011,7,19,Jarno Trulli,Lotus,1:16.745,,
2011,7,20,Heikki Kovalainen,Lotus,1:16.786,,
2011,7,21,Vitantonio Liuzzi,HRT,1:18.424,,
2011,7,22,Timo Glock,Virgin,1:18.537,,
2011,7,23,Narain Karthikeyan,HRT,1:18.574,,
2011,7,24,Jérôme d'Ambrosio,Virgin,1:19.414,,
2011,8,1,Sebastian Vettel,Red Bull,1:39.116,1:37.305,1:36.975
2011,8,2,Mark Webber,Red Bull,1:39.956,1:38.058,1:37.163
2011,8,3,Lewis Hamilton,McLaren,1:39.244,1:37.727,1:37.380
2011,8,4,Fernando Alonso,Ferrari,1:39.725,1:37.930,1:37.454
2011,8,5,Felipe Massa,Ferrari,1:38.413,1:38.566,1:37.535
2011,8,6,Jenson Button,McLaren,1:39.453,1:37.749,1:37.645
2011,8,7,Nico Rosberg,Mercedes,1:39.266,1:38.373,1:38.231
2011,8,8,Michael Schumacher,Mercedes,1:39.198,1:38.365,1:38.240
2011,8,9,Nick Heidfeld,Renault,1:39.877,1:38.781,
2011,8,10,Adrian Sutil,Force India,1:39.329,1:39.034,
2011,8,11,Vitaly Petrov,Renault,1:39.690,1:39.068,
2011,8,12,Paul di Resta,Force India,1:39.852,1:39.422,
2011,8,13,Rubens Barrichello,Williams,1:39.602,1:39.489,
2011,8,14,Kamui Kobayashi,Sauber,1:40.131,1:39.525,
2011,8,15,Pastor Maldonado,Williams,1:39.690,1:39.645,
2011,8,16,Sergio Pérez,Sauber,1:39.494,1:39.657,
2011,8,17,Sébastien Buemi,Toro Rosso,1:39.679,1:39.711,
2011,8,18,Jaime Alguersuari,Toro Rosso,1:40.232,,
2011,8,19,Heikki Kovalainen,Lotus,1:41.664,,
2011,8,20,Jarno Trulli,Lotus,1:42.234,,
2011,8,21,Timo Glock,Virgin,1:42.553,,
2011,8,22,Vitantonio Liuzzi,HRT,1:43.584,,
2011,8,23,Jérôme d'Ambrosio,Virgin,1:43.735,,
2011,8,24,Narain Karthikeyan,HRT,1:44.363,,
2011,9,1,Mark Webber,Red Bull,1:32.670,1:31.673,1:30.399
2011,9,2,Sebastian Vettel,Red Bull,1:32.977,1:32.379,1:30.431
2011,9,3,Fernando Alonso,Ferrari,1:32.986,1:31.727,1:30.516
2011,9,4,Felipe Massa,Ferrari,1:32.760,1:31.640,1:31.124
2011,9,5,Jenson Button,McLaren,1:34.230,1:32.273,1:31.898
2011,9,6,Paul di Resta,Force India,1:34.472,1:32.569,1:31.929
2011,9,7,Pastor Maldonado,Williams,1:32.702,1:32.588,1:31.933
2011,9,8,Kamui Kobayashi,Sauber,1:34.324,1:32.399,1:32.128
2011,9,9,Nico Rosberg,Mercedes,1:34.186,1:32.295,1:32.209
2011,9,10,Lewis Hamilton,McLaren,1:33.581,1:32.505,1:32.376
2011,9,11,Adrian Sutil,Force India,1:34.454,1:32.617,
2011,9,12,Sergio Pérez,Sauber,1:34.145,1:32.624,
2011,9,13,Michael Schumacher,Mercedes,1:34.160,1:32.656,
2011,9,14,Vitaly Petrov,Renault,1:34.428,1:32.734,
2011,9,15,Rubens Barrichello,Williams,1:33.532,1:33.119,
2011,9,16,Nick Heidfeld,Renault,1:35.132,1:33.805,
2011,9,17,Heikki Kovalainen,Lotus,1:34.923,1:34.821,
2011,9,18,Jaime Alguersuari,Toro Rosso,1:35.245,,
2011,9,19,Sébastien Buemi,Toro Rosso,1:35.749,,
2011,9,20,Timo Glock,Virgin,1:36.203,,
2011,9,21,Jarno Trulli,Lotus,1:36.456,,
2011,9,22,Jérôme d'Ambrosio,Virgin,1:37.154,,
2011,9,23,Vitantonio Liuzzi,HRT,1:37.484,,
2011,9,24,Daniel Ricciardo,HRT,1:38.059,,
2011,10,1,Mark Webber,Red Bull,1:33.096,1:31.311,1:30.079
2011,10,2,Lewis Hamilton,McLaren,1:32.934,1:30.998,1:30.134
2011,10,3,Sebastian Vettel,Red Bull,1:32.973,1:31.017,1:30.216
2011,10,4,Fernando Alonso,Ferrari,1:32.916,1:31.150,1:30.442
2011,10,5,Felipe Massa,Ferrari,1:31.826,1:31.582,1:30.910
2011,10,6,Nico Rosberg,Mercedes,1:32.785,1:31.343,1:31.263
2011,10,7,Jenson Button,McLaren,1:33.224,1:31.532,1:31.288
2011,10,8,Adrian Sutil,Force India,1:32.286,1:31.809,1:32.010
2011,10,9,Vitaly Petrov,Renault,1:33.187,1:31.985,1:32.187
2011,10,10,Michael Schumacher,Mercedes,1:32.603,1:32.180,1:32.482
2011,10,11,Nick Heidfeld,Renault,1:32.505,1:32.215,
2011,10,12,Paul di Resta,Force India,1:32.651,1:32.560,
2011,10,13,Pastor Maldonado,Williams,1:33.003,1:32.635,
2011,10,14,Rubens Barrichello,Williams,1:33.664,1:33.043,
2011,10,15,Sergio Pérez,Sauber,1:33.295,1:33.176,
2011,10,16,Sébastien Buemi,Toro Rosso,1:33.635,1:33.546,
2011,10,17,Jaime Alguersuari,Toro Rosso,1:33.658,1:33.698,
2011,10,18,Kamui Kobayashi,Sauber,1:33.786,,
2011,10,19,Heikki Kovalainen,Lotus,1:35.599,,
2011,10,20,Timo Glock,Virgin,1:36.400,,
2011,10,21,Karun Chandhok,Lotus,1:36.422,,
2011,10,22,Jérôme d'Ambrosio,Virgin,1:36.641,,
2011,10,23,Vitantonio Liuzzi,HRT,1:37.011,,
2011,10,24,Daniel Ricciardo,HRT,1:37.036,,
2011,11,1,Sebastian Vettel,Red Bull,1:21.740,1:21.095,1:19.815
2011,11,2,Lewis Hamilton,McLaren,1:21.636,1:21.105,1:19.978
2011,11,3,Jenson Button,McLaren,1:22.038,1:20.578,1:20.024
2011,11,4,Felipe Massa,Ferrari,1:22.130,1:21.099,1:20.350
2011,11,5,Fernando Alonso,Ferrari,1:21.578,1:20.262,1:20.365
2011,11,6,Mark Webber,Red Bull,1:22.208,1:20.890,1:20.474
2011,11,7,Nico Rosberg,Mercedes,1:22.996,1:21.243,1:21.098
2011,11,8,Adrian Sutil,Force India,1:22.237,1:22.000,1:21.445
2011,11,9,Michael Schumacher,Mercedes,1:22.876,1:21.852,1:21.907
2011,11,10,Sergio Pérez,Sauber,1:23.067,1:22.157,
2011,11,11,Paul di Resta,Force India,1:22.976,1:22.256,
2011,11,12,Vitaly Petrov,Renault,1:23.070,1:22.284,
2011,11,13,Kamui Kobayashi,Sauber,1:23.278,1:22.435,
2011,11,14,Nick Heidfeld,Renault,1:23.024,1:22.470,
2011,11,15,Rubens Barrichello,Williams,1:23.075,1:22.684,
2011,11,16,Jaime Alguersuari,Toro Rosso,1:23.285,1:22.979,
2011,11,17,Pastor Maldonado,Williams,1:23.847,,
2011,11,18,Sébastien Buemi,Toro Rosso,1:24.070,,
2011,11,19,Heikki Kovalainen,Lotus,1:24.362,,
2011,11,20,Jarno Trulli,Lotus,1:24.534,,
2011,11,21,Timo Glock,Virgin,1:26.294,,
2011,11,22,Vitantonio Liuzzi,HRT,1:26.323,,
2011,11,23,Daniel Ricciardo,HRT,1:26.479,,
2011,11,24,Jérôme d'Ambrosio,Virgin,1:26.510,,
2011,12,1,Sebastian Vettel,Red Bull,2:03.029,2:03.317,1:48.298
2011,12,2,Lewis Hamilton,McLaren,2:03.008,2:02.823,1:48.730
2011,12,3,Mark Webber,Red Bull,2:02.827,2:03.302,1:49.376
2011,12,4,Felipe Massa,Ferrari,2:05.834,2:04.507,1:50.256
2011,12,5,Nico Rosberg,Mercedes,2:05.091,2:03.723,1:50.552
2011,12,6,Jaime Alguersuari,Toro Rosso,2:05.419,2:04.561,1:50.773
2011,12,7,Bruno Senna,Renault,2:05.047,2:04.452,1:51.121
2011,12,8,Fernando Alonso,Ferrari,2:04.450,2:02.768,1:51.251
2011,12,9,Sergio Pérez,Sauber,2:06.284,2:04.625,1:51.374
2011,12,10,Vitaly Petrov,Renault,2:05.292,2:03.466,1:52.303
2011,12,11,Sébastien Buemi,Toro Rosso,2:04.744,2:04.692,
2011,12,12,Kamui Kobayashi,Sauber,2:07.194,2:04.757,
2011,12,13,Jenson Button,McLaren,2:01.813,2:05.150,
2011,12,14,Rubens Barrichello,Williams,2:05.720,2:07.349,
2011,12,15,Adrian Sutil,Force India,2:06.000,2:07.777,
2011,12,16,Pastor Maldonado,Williams,2:05.621,2:08.106,
2011,12,17,Heikki Kovalainen,Lotus,2:06.780,2:08.354,
2011,12,18,Paul di Resta,Force India,2:07.758,,
2011,12,19,Jarno Trulli,Lotus,2:08.773,,
2011,12,20,Timo Glock,Virgin,2:09.566,,
2011,12,21,Jérôme d'Ambrosio,Virgin,2:11.601,,
2011,12,22,Vitantonio Liuzzi,HRT,2:11.616,,
2011,12,23,Daniel Ricciardo,HRT,2:13.077,,
2011,13,1,Sebastian Vettel,Red Bull,1:24.002,1:22.914,1:22.275
2011,13,2,Lewis Hamilton,McLaren,1:23.976,1:23.172,1:22.725
2011,13,3,Jenson Button,McLaren,1:24.013,1:23.031,1:22.777
2011,13,4,Fernando Alonso,Ferrari,1:24.134,1:23.342,1:22.841
2011,13,5,Mark Webber,Red Bull,1:24.148,1:23.387,1:22.972
2011,13,6,Felipe Massa,Ferrari,1:24.523,1:23.681,1:23.188
2011,13,7,Vitaly Petrov,Renault,1:24.486,1:23.741,1:23.530
2011,13,8,Michael Schumacher,Mercedes,1:25.108,1:23.671,1:23.777
2011,13,9,Nico Rosberg,Mercedes,1:24.550,1:23.335,1:24.477
2011,13,10,Bruno Senna,Renault,1:24.914,1:24.157,
2011,13,11,Paul di Resta,Force India,1:24.574,1:24.163,
2011,13,12,Adrian Sutil,Force India,1:24.595,1:24.209,
2011,13,13,Rubens Barrichello,Williams,1:24.975,1:24.648,
2011,13,14,Pastor Maldonado,Williams,1:24.798,1:24.726,
2011,13,15,Sergio Pérez,Sauber,1:25.113,1:24.845,
2011,13,16,Sébastien Buemi,Toro Rosso,1:25.164,1:24.932,
2011,13,17,Kamui Kobayashi,Sauber,1:24.879,1:25.065,
2011,13,18,Jaime Alguersuari,Toro Rosso,1:25.334,,
2011,13,19,Jarno Trulli,Lotus,1:26.647,,
2011,13,20,Heikki Kovalainen,Lotus,1:27.184,,
2011,13,21,Timo Glock,Virgin,1:27.591,,
2011,13,22,Jérôme d'Ambrosio,Virgin,1:27.609,,
2011,13,23,Daniel Ricciardo,HRT,1:28.054,,
2011,13,24,Vitantonio Liuzzi,HRT,1:28.231,,
2011,14,1,Sebastian Vettel,Red Bull,1:46.397,1:44.931,1:44.381
2011,14,2,Mark Webber,Red Bull,1:47.332,1:45.651,1:44.732
2011,14,3,Jenson Button,McLaren,1:46.956,1:45.472,1:44.804
2011,14,4,Lewis Hamilton,McLaren,1:47.014,1:46.829,1:44.809
2011,14,5,Fernando Alonso,Ferrari,1:47.054,1:45.779,1:44.874
2011,14,6,Felipe Massa,Ferrari,1:47.945,1:45.955,1:45.800
2011,14,7,Nico Rosberg,Mercedes,1:47.688,1:46.405,1:46.013
2011,14,8,Michael Schumacher,Mercedes,1:48.819,1:46.043,
2011,14,9,Adrian Sutil,Force India,1:47.952,1:47.093,
2011,14,10,Paul di Resta,Force India,1:48.022,1:47.486,
2011,14,11,Sergio Pérez,Sauber,1:47.717,1:47.616,
2011,14,12,Rubens Barrichello,Williams,1:48.061,1:48.082,
2011,14,13,Pastor Maldonado,Williams,1:49.710,1:48.270,
2011,14,14,Sébastien Buemi,Toro Rosso,1:48.753,1:48.634,
2011,14,15,Bruno Senna,Renault,1:48.861,1:48.662,
2011,14,16,Jaime Alguersuari,Toro Rosso,1:49.588,1:49.862,
2011,14,17,Kamui Kobayashi,Sauber,1:48.054,,
2011,14,18,Vitaly Petrov,Renault,1:49.835,,
2011,14,19,Heikki Kovalainen,Lotus,1:50.948,,
2011,14,20,Jarno Trulli,Lotus,1:51.012,,
2011,14,21,Timo Glock,Virgin,1:52.154,,
2011,14,22,Jérôme d'Ambrosio,Virgin,1:52.363,,
2011,14,23,Daniel Ricciardo,HRT,1:52.404,,
2011,14,24,Vitantonio Liuzzi,HRT,1:52.810,,
2011,15,1,Sebastian Vettel,Red Bull,1:33.051,1:31.424,1:30.466
2011,15,2,Jenson Button,McLaren,1:32.947,1:31.434,1:30.475
2011,15,3,Lewis Hamilton,McLaren,1:32.843,1:31.139,1:30.617
2011,15,4,Felipe Massa,Ferrari,1:33.235,1:31.909,1:30.804
2011,15,5,Fernando Alonso,Ferrari,1:32.817,1:31.612,1:30.886
2011,15,6,Mark Webber,Red Bull,1:33.135,1:31.576,1:31.156
2011,15,7,Michael Schumacher,Mercedes,1:33.748,1:32.116,
2011,15,8,Bruno Senna,Renault,1:33.359,1:32.297,
2011,15,9,Vitaly Petrov,Renault,1:32.877,1:32.245,
2011,15,10,Kamui Kobayashi,Sauber,1:32.626,1:32.380,
2011,15,11,Adrian Sutil,Force India,1:32.761,1:32.463,
2011,15,12,Paul di Resta,Force India,1:33.499,1:32.746,
2011,15,13,Rubens Barrichello,Williams,1:33.921,1:33.079,
2011,15,14,Pastor Maldonado,Williams,1:33.781,1:33.224,
2011,15,15,Sébastien Buemi,Toro Rosso,1:33.064,1:33.227,
2011,15,16,Jaime Alguersuari,Toro Rosso,1:35.111,1:33.427,
2011,15,17,Sergio Pérez,Sauber,1:34.704,,
2011,15,18,Heikki Kovalainen,Lotus,1:35.454,,
2011,15,19,Jarno Trulli,Lotus,1:35.514,,
2011,15,20,Jérôme d'Ambrosio,Virgin,1:36.439,,
2011,15,21,Timo Glock,Virgin,1:36.507,,
2011,15,22,Daniel Ricciardo,HRT,1:37.846,,
2011,15,23,Nico Rosberg,Mercedes,,,
2011,15,24,Vitantonio Liuzzi,HRT,,,
2011,16,1,Lewis Hamilton,McLaren,1:37.525,1:36.526,1:35.820
2011,16,2,Sebastian Vettel,Red Bull,1:39.093,1:37.285,1:36.042
2011,16,3,Jenson Button,McLaren,1:37.929,1:37.302,1:36.126
2011,16,4,Mark Webber,Red Bull,1:39.071,1:37.292,1:36.468
2011,16,5,Felipe Massa,Ferrari,1:38.670,1:37.313,1:36.831
2011,16,6,Fernando Alonso,Ferrari,1:38.393,1:37.352,1:36.980
2011,16,7,Nico Rosberg,Mercedes,1:38.426,1:37.892,1:37.754
2011,16,8,Vitaly Petrov,Renault,1:38.378,1:38.186,1:38.124
2011,16,9,Paul di Resta,Force India,1:38.549,1:38.254,
2011,16,10,Adrian Sutil,Force India,1:38.789,1:38.219,
2011,16,11,Jaime Alguersuari,Toro Rosso,1:39.392,1:38.315,
2011,16,12,Michael Schumacher,Mercedes,1:38.502,1:38.354,
2011,16,13,Sébastien Buemi,Toro Rosso,1:39.352,1:38.508,
2011,16,14,Kamui Kobayashi,Sauber,1:39.464,1:38.775,
2011,16,15,Bruno Senna,Renault,1:39.316,1:38.791,
2011,16,16,Pastor Maldonado,Williams,1:39.436,1:39.189,
2011,16,17,Sergio Pérez,Sauber,1:39.097,1:39.443,
2011,16,18,Rubens Barrichello,Williams,1:39.538,,
2011,16,19,Heikki Kovalainen,Lotus,1:40.522,,
2011,16,20,Jarno Trulli,Lotus,1:41.101,,
2011,16,21,Timo Glock,Virgin,1:42.091,,
2011,16,22,Jérôme d'Ambrosio,Virgin,1:43.483,,
2011,16,23,Vitantonio Liuzzi,HRT,1:43.758,,
2011,16,24,Daniel Ricciardo,HRT,,,
2011,17,1,Sebastian Vettel,Red Bull,1:26.218,1:24.657,1:24.178
2011,17,2,Lewis Hamilton,McLaren,1:26.563,1:25.019,1:24.474
2011,17,3,Mark Webber,Red Bull,1:26.473,1:25.282,1:24.508
2011,17,4,Fernando Alonso,Ferrari,1:26.774,1:25.158,1:24.519
2011,17,5,Jenson Button,McLaren,1:26.225,1:25.299,1:24.950
2011,17,6,Felipe Massa,Ferrari,1:27.012,1:25.522,1:25.122
2011,17,7,Nico Rosberg,Mercedes,1:26.364,1:25.555,1:25.451
2011,17,8,Adrian Sutil,Force India,1:26.271,1:26.140,
2011,17,9,Sébastien Buemi,Toro Rosso,1:26.608,1:26.161,
2011,17,10,Jaime Alguersuari,Toro Rosso,1:26.557,1:26.319,
2011,17,11,Vitaly Petrov,Renault,1:26.189,1:26.319,
2011,17,12,Michael Schumacher,Mercedes,1:26.790,1:26.337,
2011,17,13,Paul di Resta,Force India,1:26.864,1:26.503,
2011,17,14,Pastor Maldonado,Williams,1:26.829,1:26.537,
2011,17,15,Bruno Senna,Renault,1:26.766,1:26.651,
2011,17,16,Rubens Barrichello,Williams,1:27.479,1:27.247,
2011,17,17,Sergio Pérez,Sauber,1:27.249,1:27.562,
2011,17,18,Kamui Kobayashi,Sauber,1:27.876,,
2011,17,19,Heikki Kovalainen,Lotus,1:28.565,,
2011,17,20,Jarno Trulli,Lotus,1:28.752,,
2011,17,21,Daniel Ricciardo,HRT,1:30.216,,
2011,17,22,Narain Karthikeyan,HRT,1:30.238,,
2011,17,23,Jérôme d'Ambrosio,Virgin,1:30.866,,
2011,17,24,Timo Glock,Virgin,1:34.046,,
2011,18,1,Sebastian Vettel,Red Bull,1:40.478,1:38.516,1:38.481
2011,18,2,Lewis Hamilton,McLaren,1:39.782,1:38.434,1:38.622
2011,18,3,Jenson Button,McLaren,1:40.227,1:39.097,1:38.631
2011,18,4,Mark Webber,Red Bull,1:40.167,1:38.821,1:38.858
2011,18,5,Fernando Alonso,Ferrari,1:41.380,1:39.058,1:39.058
2011,18,6,Felipe Massa,Ferrari,1:41.592,1:39.623,1:39.695
2011,18,7,Nico Rosberg,Mercedes,1:41.120,1:39.420,1:39.773
2011,18,8,Michael Schumacher,Mercedes,1:42.605,1:40.554,1:40.662
2011,18,9,Adrian Sutil,Force India,1:40.595,1:40.205,1:40.768
2011,18,10,Paul di Resta,Force India,1:41.064,1:40.414,
2011,18,11,Sergio Pérez,Sauber,1:41.311,1:40.874,
2011,18,12,Vitaly Petrov,Renault,1:40.955,1:40.919,
2011,18,13,Sébastien Buemi,Toro Rosso,1:41.737,1:41.009,
2011,18,14,Bruno Senna,Renault,1:41.391,1:41.079,
2011,18,15,Jaime Alguersuari,Toro Rosso,1:41.386,1:41.162,
2011,18,16,Kamui Kobayashi,Sauber,1:41.613,1:41.240,
2011,18,17,Pastor Maldonado,Williams,1:42.258,1:41.760,
2011,18,18,Heikki Kovalainen,Lotus,1:42.979,,
2011,18,19,Jarno Trulli,Lotus,1:43.884,,
2011,18,20,Timo Glock,Virgin,1:44.515,,
2011,18,21,Daniel Ricciardo,HRT,1:44.641,,
2011,18,22,Jérôme d'Ambrosio,Virgin,1:44.699,,
2011,18,23,Vitantonio Liuzzi,HRT,1:45.159,,
2011,19,1,Sebastian Vettel,Red Bull,1:13.664,1:12.446,1:11.918
2011,19,2,Mark Webber,Red Bull,1:13.467,1:12.658,1:12.099
2011,19,3,Jenson Button,McLaren,1:13.281,1:12.820,1:12.283
2011,19,4,Lewis Hamilton,McLaren,1:13.361,1:12.811,1:12.480
2011,19,5,Fernando Alonso,Ferrari,1:13.969,1:12.870,1:12.591
2011,19,6,Nico Rosberg,Mercedes,1:14.083,1:12.569,1:13.050
2011,19,7,Felipe Massa,Ferrari,1:14.269,1:13.291,1:13.068
2011,19,8,Adrian Sutil,Force India,1:13.480,1:13.261,1:13.298
2011,19,9,Bruno Senna,Renault,1:14.453,1:13.300,1:13.761
2011,19,10,Michael Schumacher,Mercedes,1:13.694,1:13.571,
2011,19,11,Paul di Resta,Force India,1:13.733,1:13.584,
2011,19,12,Rubens Barrichello,Williams,1:14.117,1:13.801,
2011,19,13,Jaime Alguersuari,Toro Rosso,1:14.225,1:13.804,
2011,19,14,Sébastien Buemi,Toro Rosso,1:14.500,1:13.919,
2011,19,15,Vitaly Petrov,Renault,1:13.859,1:14.053,
2011,19,16,Kamui Kobayashi,Sauber,1:14.571,1:14.129,
2011,19,17,Sergio Pérez,Sauber,1:14.430,1:14.182,
2011,19,18,Pastor Maldonado,Williams,1:14.625,,
2011,19,19,Heikki Kovalainen,Lotus,1:15.068,,
2011,19,20,Jarno Trulli,Lotus,1:15.358,,
2011,19,21,Vitantonio Liuzzi,HRT,1:16.631,,
2011,19,22,Daniel Ricciardo,HRT,1:16.890,,
2011,19,23,Jérôme d'Ambrosio,Virgin,1:17.019,,
2011,19,24,Timo Glock,Virgin,1:17.060,,
2012,1,1,Lewis Hamilton,McLaren,1:26.800,1:25.626,1:24.922
2012,1,2,Jenson Button,McLaren,1:26.832,1:25.663,1:25.074
2012,1,3,Romain Grosjean,Lotus F1,1:26.498,1:25.845,1:25.302
2012,1,4,Michael Schumacher,Mercedes,1:26.586,1:25.571,1:25.336
2012,1,5,Mark Webber,Red Bull,1:27.117,1:26.597,1:25.651
2012,1,6,Sebastian Vettel,Red Bull,1:26.773,1:25.982,1:25.668
2012,1,7,Nico Rosberg,Mercedes,1:26.763,1:25.469,1:25.686
2012,1,8,Pastor Maldonado,Williams,1:26.803,1:26.206,1:25.908
2012,1,9,Nico Hülkenberg,Force India,1:27.464,1:26.314,1:26.451
2012,1,10,Daniel Ricciardo,Toro Rosso,1:27.024,1:26.319,
2012,1,11,Jean-Éric Vergne,Toro Rosso,1:26.493,1:26.429,
2012,1,12,Fernando Alonso,Ferrari,1:26.688,1:26.494,
2012,1,13,Kamui Kobayashi,Sauber,1:26.182,1:26.590,
2012,1,14,Bruno Senna,Williams,1:27.004,1:26.663,
2012,1,15,Paul di Resta,Force India,1:27.469,1:27.086,
2012,1,16,Felipe Massa,Ferrari,1:27.633,1:27.497,
2012,1,17,Sergio Pérez,Sauber,1:26.596,,
2012,1,18,Kimi Räikkönen,Lotus F1,1:27.758,,
2012,1,19,Heikki Kovalainen,Caterham,1:28.679,,
2012,1,20,Vitaly Petrov,Caterham,1:29.018,,
2012,1,21,Timo Glock,Marussia,1:30.923,,
2012,1,22,Charles Pic,Marussia,1:31.670,,
2012,1,23,Pedro de la Rosa,HRT,1:33.495,,
2012,1,24,Narain Karthikeyan,HRT,1:33.643,,
2012,2,1,Lewis Hamilton,McLaren,1:37.813,1:37.106,1:36.219
2012,2,2,Jenson Button,McLaren,1:37.575,1:36.928,1:36.368
2012,2,3,Michael Schumacher,Mercedes,1:37.517,1:37.017,1:36.391
2012,2,4,Mark Webber,Red Bull,1:37.172,1:37.375,1:36.461
2012,2,5,Kimi Räikkönen,Lotus F1,1:37.961,1:36.715,1:36.461
2012,2,6,Sebastian Vettel,Red Bull,1:38.102,1:37.419,1:36.634
2012,2,7,Romain Grosjean,Lotus F1,1:38.058,1:37.338,1:36.658
2012,2,8,Nico Rosberg,Mercedes,1:37.696,1:36.996,1:36.664
2012,2,9,Fernando Alonso,Ferrari,1:38.151,1:37.379,1:37.566
2012,2,10,Sergio Pérez,Sauber,1:37.933,1:37.477,1:37.698
2012,2,11,Pastor Maldonado,Williams,1:37.789,1:37.589,
2012,2,12,Felipe Massa,Ferrari,1:38.381,1:37.731,
2012,2,13,Bruno Senna,Williams,1:38.437,1:37.841,
2012,2,14,Paul di Resta,Force India,1:38.325,1:37.877,
2012,2,15,Daniel Ricciardo,Toro Rosso,1:38.419,1:37.883,
2012,2,16,Nico Hülkenberg,Force India,1:38.303,1:37.890,
2012,2,17,Kamui Kobayashi,Sauber,1:38.372,1:38.069,
2012,2,18,Jean-Éric Vergne,Toro Rosso,1:39.077,,
2012,2,19,Heikki Kovalainen,Caterham,1:39.306,,
2012,2,20,Vitaly Petrov,Caterham,1:39.567,,
2012,2,21,Timo Glock,Marussia,1:40.903,,
2012,2,22,Charles Pic,Marussia,1:41.250,,
2012,2,23,Pedro de la Rosa,HRT,1:42.914,,
2012,2,24,Narain Karthikeyan,HRT,1:43.655,,
2012,3,1,Nico Rosberg,Mercedes,1:36.875,1:35.725,1:35.121
2012,3,2,Lewis Hamilton,McLaren,1:36.763,1:35.902,1:35.626
2012,3,3,Michael Schumacher,Mercedes,1:36.797,1:35.794,1:35.691
2012,3,4,Kamui Kobayashi,Sauber,1:36.863,1:35.853,1:35.784
2012,3,5,Kimi Räikkönen,Lotus F1,1:36.850,1:35.921,1:35.898
2012,3,6,Jenson Button,McLaren,1:36.746,1:35.942,1:36.191
2012,3,7,Mark Webber,Red Bull,1:36.682,1:35.700,1:36.290
2012,3,8,Sergio Pérez,Sauber,1:36.198,1:35.831,1:36.524
2012,3,9,Fernando Alonso,Ferrari,1:36.292,1:35.982,1:36.622
2012,3,10,Romain Grosjean,Lotus F1,1:36.343,1:35.903,
2012,3,11,Sebastian Vettel,Red Bull,1:36.911,1:36.031,
2012,3,12,Felipe Massa,Ferrari,1:36.556,1:36.255,
2012,3,13,Pastor Maldonado,Williams,1:36.528,1:36.283,
2012,3,14,Bruno Senna,Williams,1:36.674,1:36.289,
2012,3,15,Paul di Resta,Force India,1:36.639,1:36.317,
2012,3,16,Nico Hülkenberg,Force India,1:36.921,1:36.745,
2012,3,17,Daniel Ricciardo,Toro Rosso,1:36.933,1:36.956,
2012,3,18,Jean-Éric Vergne,Toro Rosso,1:37.714,,
2012,3,19,Heikki Kovalainen,Caterham,1:38.463,,
2012,3,20,Vitaly Petrov,Caterham,1:38.677,,
2012,3,21,Timo Glock,Marussia,1:39.282,,
2012,3,22,Charles Pic,Marussia,1:39.717,,
2012,3,23,Pedro de la Rosa,HRT,1:40.411,,
2012,3,24,Narain Karthikeyan,HRT,1:41.000,,
2012,4,1,Sebastian Vettel,Red Bull,1:34.308,1:33.527,1:32.422
2012,4,2,Lewis Hamilton,McLaren,1:34.813,1:33.209,1:32.520
2012,4,3,Mark Webber,Red Bull,1:34.015,1:33.311,1:32.637
2012,4,4,Jenson Button,McLaren,1:34.792,1:33.416,1:32.711
2012,4,5,Nico Rosberg,Mercedes,1:34.588,1:33.219,1:32.821
2012,4,6,Daniel Ricciardo,Toro Rosso,1:33.988,1:33.556,1:32.912
2012,4,7,Romain Grosjean,Lotus F1,1:34.041,1:33.246,1:33.008
2012,4,8,Sergio Pérez,Sauber,1:33.814,1:33.660,1:33.394
2012,4,9,Fernando Alonso,Ferrari,1:34.760,1:33.403,
2012,4,10,Paul di Resta,Force India,1:36.624,1:33.510,
2012,4,11,Kimi Räikkönen,Lotus F1,1:34.552,1:33.789,
2012,4,12,Kamui Kobayashi,Sauber,1:34.131,1:33.806,
2012,4,13,Nico Hülkenberg,Force India,1:34.601,1:33.807,
2012,4,14,Felipe Massa,Ferrari,1:34.372,1:33.912,
2012,4,15,Bruno Senna,Williams,1:34.466,1:34.017,
2012,4,16,Heikki Kovalainen,Caterham,1:34.852,1:36.132,
2012,4,17,Pastor Maldonado,Williams,1:34.639,,
2012,4,18,Michael Schumacher,Mercedes,1:34.865,,
2012,4,19,Jean-Éric Vergne,Toro Rosso,1:35.014,,
2012,4,20,Vitaly Petrov,Caterham,1:35.823,,
2012,4,21,Charles Pic,Marussia,1:37.683,,
2012,4,22,Pedro de la Rosa,HRT,1:37.883,,
2012,4,23,Timo Glock,Marussia,1:37.905,,
2012,4,24,Narain Karthikeyan,HRT,1:38.314,,
2012,5,1,Lewis Hamilton,McLaren,1:22.583,1:22.465,1:21.707
2012,5,2,Pastor Maldonado,Williams,1:23.380,1:22.105,1:22.285
2012,5,3,Fernando Alonso,Ferrari,1:23.276,1:22.862,1:22.302
2012,5,4,Romain Grosjean,Lotus F1,1:23.248,1:22.667,1:22.424
2012,5,5,Kimi Räikkönen,Lotus F1,1:23.406,1:22.856,1:22.487
2012,5,6,Sergio Pérez,Sauber,1:24.261,1:22.773,1:22.533
2012,5,7,Nico Rosberg,Mercedes,1:23.370,1:22.882,1:23.005
2012,5,8,Sebastian Vettel,Red Bull,1:23.850,1:22.884,
2012,5,9,Michael Schumacher,Mercedes,1:23.757,1:22.904,
2012,5,10,Kamui Kobayashi,Sauber,1:23.386,1:22.897,
2012,5,11,Jenson Button,McLaren,1:23.510,1:22.944,
2012,5,12,Mark Webber,Red Bull,1:23.592,1:22.977,
2012,5,13,Paul di Resta,Force India,1:23.852,1:23.125,
2012,5,14,Nico Hülkenberg,Force India,1:23.720,1:23.177,
2012,5,15,Jean-Éric Vergne,Toro Rosso,1:24.362,1:23.265,
2012,5,16,Daniel Ricciardo,Toro Rosso,1:23.906,1:23.442,
2012,5,17,Felipe Massa,Ferrari,1:23.886,1:23.444,
2012,5,18,Bruno Senna,Williams,1:24.981,,
2012,5,19,Vitaly Petrov,Caterham,1:25.277,,
2012,5,20,Heikki Kovalainen,Caterham,1:25.507,,
2012,5,21,Charles Pic,Marussia,1:26.582,,
2012,5,22,Timo Glock,Marussia,1:27.032,,
2012,5,23,Pedro de la Rosa,HRT,1:27.555,,
2012,5,24,Narain Karthikeyan,HRT,1:31.122,,
2012,6,1,Michael Schumacher,Mercedes,1:15.873,1:15.062,1:14.301
2012,6,2,Mark Webber,Red Bull,1:16.013,1:15.035,1:14.381
2012,6,3,Nico Rosberg,Mercedes,1:15.900,1:15.022,1:14.448
2012,6,4,Lewis Hamilton,McLaren,1:16.063,1:15.166,1:14.583
2012,6,5,Romain Grosjean,Lotus F1,1:15.718,1:15.219,1:14.639
2012,6,6,Fernando Alonso,Ferrari,1:16.153,1:15.128,1:14.948
2012,6,7,Felipe Massa,Ferrari,1:15.983,1:14.911,1:15.049
2012,6,8,Kimi Räikkönen,Lotus F1,1:15.889,1:15.322,1:15.199
2012,6,9,Pastor Maldonado,Williams,1:16.017,1:15.026,1:15.245
2012,6,10,Sebastian Vettel,Red Bull,1:15.757,1:15.234,
2012,6,11,Nico Hülkenberg,Force India,1:15.418,1:15.421,
2012,6,12,Kamui Kobayashi,Sauber,1:15.648,1:15.508,
2012,6,13,Jenson Button,McLaren,1:16.399,1:15.536,
2012,6,14,Bruno Senna,Williams,1:15.923,1:15.709,
2012,6,15,Paul di Resta,Force India,1:16.062,1:15.718,
2012,6,16,Daniel Ricciardo,Toro Rosso,1:16.360,1:15.878,
2012,6,17,Jean-Éric Vergne,Toro Rosso,1:16.491,1:16.885,
2012,6,18,Heikki Kovalainen,Caterham,1:16.538,,
2012,6,19,Vitaly Petrov,Caterham,1:17.404,,
2012,6,20,Timo Glock,Marussia,1:17.947,,
2012,6,21,Pedro de la Rosa,HRT,1:18.096,,
2012,6,22,Charles Pic,Marussia,1:18.476,,
2012,6,23,Narain Karthikeyan,HRT,1:19.310,,
2012,7,1,Sebastian Vettel,Red Bull,1:14.661,1:14.187,1:13.784
2012,7,2,Lewis Hamilton,McLaren,1:14.891,1:14.371,1:14.087
2012,7,3,Fernando Alonso,Ferrari,1:14.916,1:14.314,1:14.151
2012,7,4,Mark Webber,Red Bull,1:14.956,1:14.479,1:14.346
2012,7,5,Nico Rosberg,Mercedes,1:15.098,1:14.568,1:14.411
2012,7,6,Felipe Massa,Ferrari,1:15.194,1:14.641,1:14.465
2012,7,7,Romain Grosjean,Lotus F1,1:15.163,1:14.627,1:14.645
2012,7,8,Paul di Resta,Force India,1:15.019,1:14.639,1:14.705
2012,7,9,Michael Schumacher,Mercedes,1:14.892,1:14.480,1:14.812
2012,7,10,Jenson Button,McLaren,1:14.799,1:14.680,1:15.182
2012,7,11,Kamui Kobayashi,Sauber,1:15.101,1:14.688,
2012,7,12,Kimi Räikkönen,Lotus F1,1:14.995,1:14.734,
2012,7,13,Nico Hülkenberg,Force India,1:15.106,1:14.748,
2012,7,14,Daniel Ricciardo,Toro Rosso,1:15.552,1:15.078,
2012,7,15,Sergio Pérez,Sauber,1:15.326,1:15.156,
2012,7,16,Bruno Senna,Williams,1:14.995,1:15.170,
2012,7,17,Pastor Maldonado,Williams,1:14.979,1:15.231,
2012,7,18,Heikki Kovalainen,Caterham,1:16.263,,
2012,7,19,Vitaly Petrov,Caterham,1:16.482,,
2012,7,20,Jean-Éric Vergne,Toro Rosso,1:16.602,,
2012,7,21,Pedro de la Rosa,HRT,1:17.492,,
2012,7,22,Timo Glock,Marussia,1:17.901,,
2012,7,23,Charles Pic,Marussia,1:18.255,,
2012,7,24,Narain Karthikeyan,HRT,1:18.330,,
2012,8,1,Sebastian Vettel,Red Bull,1:39.626,1:38.530,1:38.086
2012,8,2,Lewis Hamilton,McLaren,1:39.169,1:38.616,1:38.410
2012,8,3,Pastor Maldonado,Williams,1:38.825,1:38.570,1:38.475
2012,8,4,Romain Grosjean,Lotus F1,1:39.530,1:38.489,1:38.505
2012,8,5,Kimi Räikkönen,Lotus F1,1:39.464,1:38.531,1:38.513
2012,8,6,Nico Rosberg,Mercedes,1:39.061,1:38.504,1:38.623
2012,8,7,Kamui Kobayashi,Sauber,1:39.651,1:38.703,1:38.741
2012,8,8,Nico Hülkenberg,Force India,1:39.009,1:38.689,1:38.752
2012,8,9,Jenson Button,McLaren,1:39.622,1:38.563,1:38.801
2012,8,10,Paul di Resta,Force India,1:38.858,1:38.519,1:38.992
2012,8,11,Fernando Alonso,Ferrari,1:39.409,1:38.707,
2012,8,12,Michael Schumacher,Mercedes,1:39.447,1:38.770,
2012,8,13,Felipe Massa,Ferrari,1:39.388,1:38.780,
2012,8,14,Bruno Senna,Williams,1:39.449,1:39.207,
2012,8,15,Sergio Pérez,Sauber,1:39.353,1:39.358,
2012,8,16,Heikki Kovalainen,Caterham,1:40.087,1:40.295,
2012,8,17,Daniel Ricciardo,Toro Rosso,1:39.924,1:40.358,
2012,8,18,Jean-Éric Vergne,Toro Rosso,1:40.203,,
2012,8,19,Mark Webber,Red Bull,1:40.395,,
2012,8,20,Vitaly Petrov,Caterham,1:40.457,,
2012,8,21,Pedro de la Rosa,HRT,1:42.171,,
2012,8,22,Narain Karthikeyan,HRT,1:42.527,,
2012,8,23,Charles Pic,Marussia,1:42.675,,
2012,9,1,Fernando Alonso,Ferrari,1:46.515,1:56.921,1:51.746
2012,9,2,Mark Webber,Red Bull,1:47.276,1:55.898,1:51.793
2012,9,3,Michael Schumacher,Mercedes,1:46.571,1:55.799,1:52.020
2012,9,4,Sebastian Vettel,Red Bull,1:46.279,1:56.931,1:52.199
2012,9,5,Felipe Massa,Ferrari,1:47.401,1:56.388,1:53.065
2012,9,6,Kimi Räikkönen,Lotus F1,1:47.309,1:56.469,1:53.290
2012,9,7,Pastor Maldonado,Williams,1:46.449,1:56.802,1:53.539
2012,9,8,Lewis Hamilton,McLaren,1:47.433,1:54.897,1:53.543
2012,9,9,Nico Hülkenberg,Force India,1:46.334,1:55.556,1:54.382
2012,9,10,Romain Grosjean,Lotus F1,1:47.043,1:56.388,
2012,9,11,Paul di Resta,Force India,1:47.582,1:57.009,
2012,9,12,Kamui Kobayashi,Sauber,1:46.649,1:57.071,
2012,9,13,Nico Rosberg,Mercedes,1:47.724,1:57.108,
2012,9,14,Daniel Ricciardo,Toro Rosso,1:47.266,1:57.132,
2012,9,15,Bruno Senna,Williams,1:47.105,1:57.426,
2012,9,16,Jean-Éric Vergne,Toro Rosso,1:47.705,1:57.719,
2012,9,17,Sergio Pérez,Sauber,1:46.494,1:57.895,
2012,9,18,Jenson Button,McLaren,1:48.044,,
2012,9,19,Vitaly Petrov,Caterham,1:49.027,,
2012,9,20,Heikki Kovalainen,Caterham,1:49.477,,
2012,9,21,Timo Glock,Marussia,1:51.618,,
2012,9,22,Pedro de la Rosa,HRT,1:52.742,,
2012,9,23,Narain Karthikeyan,HRT,1:53.040,,
2012,9,24,Charles Pic,Marussia,1:54.143,,
2012,10,1,Fernando Alonso,Ferrari,1:16.073,1:38.521,1:40.621
2012,10,2,Sebastian Vettel,Red Bull,1:16.393,1:38.309,1:41.026
2012,10,3,Mark Webber,Red Bull,1:16.500,1:39.382,1:41.496
2012,10,4,Michael Schumacher,Mercedes,1:16.686,1:38.010,1:42.459
2012,10,5,Nico Hülkenberg,Force India,1:16.271,1:39.467,1:43.501
2012,10,6,Pastor Maldonado,Williams,1:16.181,1:38.731,1:43.950
2012,10,7,Jenson Button,McLaren,1:16.507,1:38.659,1:44.113
2012,10,8,Lewis Hamilton,McLaren,1:16.221,1:37.365,1:44.186
2012,10,9,Paul di Resta,Force India,1:16.352,1:39.703,1:44.889
2012,10,10,Kimi Räikkönen,Lotus F1,1:15.693,1:39.729,1:45.811
2012,10,11,Daniel Ricciardo,Toro Rosso,1:16.516,1:39.789,
2012,10,12,Sergio Pérez,Sauber,1:15.726,1:39.933,
2012,10,13,Kamui Kobayashi,Sauber,1:16.481,1:39.985,
2012,10,14,Felipe Massa,Ferrari,1:16.265,1:40.212,
2012,10,15,Romain Grosjean,Lotus F1,1:16.685,1:40.574,
2012,10,16,Bruno Senna,Williams,1:16.426,1:40.752,
2012,10,17,Nico Rosberg,Mercedes,1:15.988,1:41.551,
2012,10,18,Jean-Éric Vergne,Toro Rosso,1:16.741,,
2012,10,19,Heikki Kovalainen,Caterham,1:17.620,,
2012,10,20,Vitaly Petrov,Caterham,1:18.531,,
2012,10,21,Charles Pic,Marussia,1:19.220,,
2012,10,22,Timo Glock,Marussia,1:19.291,,
2012,10,23,Pedro de la Rosa,HRT,1:19.912,,
2012,10,24,Narain Karthikeyan,HRT,1:20.230,,
2012,11,1,Lewis Hamilton,McLaren,1:21.794,1:21.060,1:20.953
2012,11,2,Romain Grosjean,Lotus F1,1:22.755,1:21.657,1:21.366
2012,11,3,Sebastian Vettel,Red Bull,1:22.948,1:21.407,1:21.416
2012,11,4,Jenson Button,McLaren,1:22.028,1:21.618,1:21.583
2012,11,5,Kimi Räikkönen,Lotus F1,1:22.234,1:21.583,1:21.730
2012,11,6,Fernando Alonso,Ferrari,1:22.095,1:21.598,1:21.844
2012,11,7,Felipe Massa,Ferrari,1:22.203,1:21.534,1:21.900
2012,11,8,Pastor Maldonado,Williams,1:22.475,1:21.504,1:21.939
2012,11,9,Bruno Senna,Williams,1:22.271,1:21.697,1:22.343
2012,11,10,Nico Hülkenberg,Force India,1:22.176,1:21.653,1:22.847
2012,11,11,Mark Webber,Red Bull,1:22.829,1:21.715,
2012,11,12,Paul di Resta,Force India,1:21.912,1:21.813,
2012,11,13,Nico Rosberg,Mercedes,1:22.079,1:21.895,
2012,11,14,Sergio Pérez,Sauber,1:22.110,1:21.895,
2012,11,15,Kamui Kobayashi,Sauber,1:22.801,1:22.300,
2012,11,16,Jean-Éric Vergne,Toro Rosso,1:22.799,1:22.380,
2012,11,17,Michael Schumacher,Mercedes,1:22.436,1:22.723,
2012,11,18,Daniel Ricciardo,Toro Rosso,1:23.250,,
2012,11,19,Heikki Kovalainen,Caterham,1:23.576,,
2012,11,20,Vitaly Petrov,Caterham,1:24.167,,
2012,11,21,Charles Pic,Marussia,1:25.244,,
2012,11,22,Timo Glock,Marussia,1:25.476,,
2012,11,23,Pedro de la Rosa,HRT,1:25.916,,
2012,11,24,Narain Karthikeyan,HRT,1:26.178,,
2012,12,1,Jenson Button,McLaren,1:49.250,1:47.654,1:47.573
2012,12,2,Kamui Kobayashi,Sauber,1:49.686,1:48.569,1:47.871
2012,12,3,Pastor Maldonado,Williams,1:48.993,1:48.780,1:47.893
2012,12,4,Kimi Räikkönen,Lotus F1,1:49.546,1:48.414,1:48.205
2012,12,5,Sergio Pérez,Sauber,1:49.642,1:47.980,1:48.219
2012,12,6,Fernando Alonso,Ferrari,1:49.401,1:48.598,1:48.313
2012,12,7,Mark Webber,Red Bull,1:49.859,1:48.546,1:48.392
2012,12,8,Lewis Hamilton,McLaren,1:49.605,1:48.563,1:48.394
2012,12,9,Romain Grosjean,Lotus F1,1:50.126,1:48.714,1:48.538
2012,12,10,Paul di Resta,Force India,1:50.033,1:48.729,1:48.890
2012,12,11,Sebastian Vettel,Red Bull,1:49.722,1:48.792,
2012,12,12,Nico Hülkenberg,Force India,1:49.362,1:48.855,
2012,12,13,Michael Schumacher,Mercedes,1:49.742,1:49.081,
2012,12,14,Felipe Massa,Ferrari,1:49.588,1:49.147,
2012,12,15,Jean-Éric Vergne,Toro Rosso,1:49.763,1:49.354,
2012,12,16,Daniel Ricciardo,Toro Rosso,1:49.572,1:49.543,
2012,12,17,Bruno Senna,Williams,1:49.958,1:50.088,
2012,12,18,Nico Rosberg,Mercedes,1:50.181,,
2012,12,19,Heikki Kovalainen,Caterham,1:51.739,,
2012,12,20,Vitaly Petrov,Caterham,1:51.967,,
2012,12,21,Timo Glock,Marussia,1:52.336,,
2012,12,22,Pedro de la Rosa,HRT,1:53.030,,
2012,12,23,Charles Pic,Marussia,1:53.493,,
2012,12,24,Narain Karthikeyan,HRT,1:54.989,,
2012,13,1,Lewis Hamilton,McLaren,1:24.211,1:24.394,1:24.010
2012,13,2,Jenson Button,McLaren,1:24.672,1:24.255,1:24.133
2012,13,3,Felipe Massa,Ferrari,1:24.882,1:24.505,1:24.247
2012,13,4,Paul di Resta,Force India,1:24.875,1:24.345,1:24.304
2012,13,5,Michael Schumacher,Mercedes,1:25.302,1:24.675,1:24.540
2012,13,6,Sebastian Vettel,Red Bull,1:25.011,1:24.687,1:24.802
2012,13,7,Nico Rosberg,Mercedes,1:24.689,1:24.515,1:24.833
2012,13,8,Kimi Räikkönen,Lotus F1,1:25.151,1:24.742,1:24.855
2012,13,9,Kamui Kobayashi,Sauber,1:25.317,1:24.683,1:25.109
2012,13,10,Fernando Alonso,Ferrari,1:24.175,1:24.242,1:25.678
2012,13,11,Mark Webber,Red Bull,1:25.556,1:24.809,
2012,13,12,Pastor Maldonado,Williams,1:25.103,1:24.820,
2012,13,13,Sergio Pérez,Sauber,1:25.300,1:24.901,
2012,13,14,Bruno Senna,Williams,1:25.135,1:25.042,
2012,13,15,Daniel Ricciardo,Toro Rosso,1:25.728,1:25.312,
2012,13,16,Jérôme d'Ambrosio,Lotus F1,1:25.834,1:25.408,
2012,13,17,Jean-Éric Vergne,Toro Rosso,1:25.649,1:25.441,
2012,13,18,Heikki Kovalainen,Caterham,1:26.382,,
2012,13,19,Vitaly Petrov,Caterham,1:26.887,,
2012,13,20,Timo Glock,Marussia,1:27.039,,
2012,13,21,Charles Pic,Marussia,1:27.073,,
2012,13,22,Narain Karthikeyan,HRT,1:27.441,,
2012,13,23,Pedro de la Rosa,HRT,1:27.629,,
2012,14,1,Lewis Hamilton,McLaren,1:48.285,1:46.665,1:46.362
2012,14,2,Pastor Maldonado,Williams,1:49.494,1:47.602,1:46.804
2012,14,3,Sebastian Vettel,Red Bull,1:48.240,1:46.791,1:46.905
2012,14,4,Jenson Button,McLaren,1:49.381,1:47.661,1:46.939
2012,14,5,Fernando Alonso,Ferrari,1:49.391,1:47.567,1:47.216
2012,14,6,Paul di Resta,Force India,1:48.028,1:47.667,1:47.241
2012,14,7,Mark Webber,Red Bull,1:48.717,1:47.513,1:47.475
2012,14,8,Romain Grosjean,Lotus F1,1:47.688,1:47.529,1:47.788
2012,14,9,Michael Schumacher,Mercedes,1:49.546,1:47.823,
2012,14,10,Nico Rosberg,Mercedes,1:49.463,1:47.943,
2012,14,11,Nico Hülkenberg,Force India,1:49.547,1:47.975,
2012,14,12,Kimi Räikkönen,Lotus F1,1:48.169,1:48.261,
2012,14,13,Felipe Massa,Ferrari,1:49.767,1:48.344,
2012,14,14,Sergio Pérez,Sauber,1:49.055,1:48.505,
2012,14,15,Daniel Ricciardo,Toro Rosso,1:49.023,1:48.774,
2012,14,16,Jean-Éric Vergne,Toro Rosso,1:49.564,1:48.849,
2012,14,17,Bruno Senna,Williams,1:49.809,,
2012,14,18,Kamui Kobayashi,Sauber,1:49.933,,
2012,14,19,Vitaly Petrov,Caterham,1:50.846,,
2012,14,20,Heikki Kovalainen,Caterham,1:51.137,,
2012,14,21,Timo Glock,Marussia,1:51.370,,
2012,14,22,Charles Pic,Marussia,1:51.762,,
2012,14,23,Narain Karthikeyan,HRT,1:52.372,,
2012,14,24,Pedro de la Rosa,HRT,1:53.355,,
2012,15,1,Sebastian Vettel,Red Bull,1:32.608,1:31.501,1:30.839
2012,15,2,Mark Webber,Red Bull,1:32.951,1:31.950,1:31.090
2012,15,3,Jenson Button,McLaren,1:33.077,1:31.772,1:31.290
2012,15,4,Kamui Kobayashi,Sauber,1:32.042,1:31.886,1:31.700
2012,15,5,Romain Grosjean,Lotus F1,1:32.029,1:31.988,1:31.898
2012,15,6,Sergio Pérez,Sauber,1:32.147,1:32.169,1:32.022
2012,15,7,Fernando Alonso,Ferrari,1:32.459,1:31.833,1:32.114
2012,15,8,Kimi Räikkönen,Lotus F1,1:32.221,1:31.826,1:32.208
2012,15,9,Lewis Hamilton,McLaren,1:33.061,1:32.121,1:32.327
2012,15,10,Nico Hülkenberg,Force India,1:32.828,1:32.272,
2012,15,11,Felipe Massa,Ferrari,1:32.946,1:32.293,
2012,15,12,Paul di Resta,Force India,1:32.898,1:32.327,
2012,15,13,Michael Schumacher,Mercedes,1:33.349,1:32.469,
2012,15,14,Pastor Maldonado,Williams,1:32.834,1:32.512,
2012,15,15,Nico Rosberg,Mercedes,1:33.015,1:32.625,
2012,15,16,Daniel Ricciardo,Toro Rosso,1:33.059,1:32.954,
2012,15,17,Jean-Éric Vergne,Toro Rosso,1:33.370,1:33.368,
2012,15,18,Bruno Senna,Williams,1:33.405,,
2012,15,19,Heikki Kovalainen,Caterham,1:34.657,,
2012,15,20,Timo Glock,Marussia,1:35.213,,
2012,15,21,Pedro de la Rosa,HRT,1:35.385,,
2012,15,22,Charles Pic,Marussia,1:35.429,,
2012,15,23,Vitaly Petrov,Caterham,1:35.432,,
2012,15,24,Narain Karthikeyan,HRT,1:36.734,,
2012,16,1,Mark Webber,Red Bull,1:38.397,1:38.220,1:37.242
2012,16,2,Sebastian Vettel,Red Bull,1:38.208,1:37.767,1:37.316
2012,16,3,Lewis Hamilton,McLaren,1:39.180,1:38.000,1:37.469
2012,16,4,Fernando Alonso,Ferrari,1:39.144,1:37.987,1:37.534
2012,16,5,Kimi Räikkönen,Lotus F1,1:38.887,1:38.227,1:37.625
2012,16,6,Felipe Massa,Ferrari,1:38.937,1:38.253,1:37.884
2012,16,7,Romain Grosjean,Lotus F1,1:38.863,1:38.275,1:37.934
2012,16,8,Nico Hülkenberg,Force India,1:38.981,1:38.428,1:38.266
2012,16,9,Nico Rosberg,Mercedes,1:38.999,1:38.417,1:38.361
2012,16,10,Michael Schumacher,Mercedes,1:38.808,1:38.436,1:38.513
2012,16,11,Jenson Button,McLaren,1:38.615,1:38.441,
2012,16,12,Sergio Pérez,Sauber,1:38.630,1:38.460,
2012,16,13,Kamui Kobayashi,Sauber,1:38.719,1:38.594,
2012,16,14,Paul di Resta,Force India,1:38.942,1:38.643,
2012,16,15,Pastor Maldonado,Williams,1:39.024,1:38.725,
2012,16,16,Daniel Ricciardo,Toro Rosso,1:38.784,1:39.084,
2012,16,17,Jean-Éric Vergne,Toro Rosso,1:38.744,1:39.340,
2012,16,18,Bruno Senna,Williams,1:39.443,,
2012,16,19,Vitaly Petrov,Caterham,1:40.207,,
2012,16,20,Heikki Kovalainen,Caterham,1:40.333,,
2012,16,21,Charles Pic,Marussia,1:41.317,,
2012,16,22,Timo Glock,Marussia,1:41.371,,
2012,16,23,Pedro de la Rosa,HRT,1:42.881,,
2012,17,1,Sebastian Vettel,Red Bull,1:26.387,1:25.435,1:25.283
2012,17,2,Mark Webber,Red Bull,1:26.744,1:25.610,1:25.327
2012,17,3,Lewis Hamilton,McLaren,1:26.516,1:25.816,1:25.544
2012,17,4,Jenson Button,McLaren,1:26.564,1:25.467,1:25.659
2012,17,5,Fernando Alonso,Ferrari,1:26.829,1:25.834,1:25.773
2012,17,6,Felipe Massa,Ferrari,1:26.939,1:26.111,1:25.857
2012,17,7,Kimi Räikkönen,Lotus F1,1:26.740,1:26.101,1:26.236
2012,17,8,Sergio Pérez,Sauber,1:27.179,1:26.076,1:26.360
2012,17,9,Pastor Maldonado,Williams,1:26.048,1:25.983,1:26.713
2012,17,10,Nico Rosberg,Mercedes,1:26.458,1:25.976,
2012,17,11,Romain Grosjean,Lotus F1,1:26.897,1:26.136,
2012,17,12,Nico Hülkenberg,Force India,1:27.185,1:26.241,
2012,17,13,Bruno Senna,Williams,1:26.851,1:26.331,
2012,17,14,Michael Schumacher,Mercedes,1:27.482,1:26.574,
2012,17,15,Daniel Ricciardo,Toro Rosso,1:27.006,1:26.777,
2012,17,16,Paul di Resta,Force India,1:27.462,1:26.989,
2012,17,17,Kamui Kobayashi,Sauber,1:27.517,1:27.219,
2012,17,18,Jean-Éric Vergne,Toro Rosso,1:27.525,,
2012,17,19,Vitaly Petrov,Caterham,1:28.756,,
2012,17,20,Heikki Kovalainen,Caterham,1:29.500,,
2012,17,21,Timo Glock,Marussia,1:29.613,,
2012,17,22,Pedro de la Rosa,HRT,1:30.592,,
2012,17,23,Narain Karthikeyan,HRT,1:30.593,,
2012,17,24,Charles Pic,Marussia,1:30.662,,
2012,18,1,Lewis Hamilton,McLaren,1:41.497,1:40.901,1:40.630
2012,18,2,Mark Webber,Red Bull,1:41.933,1:41.277,1:40.978
2012,18,3,Sebastian Vettel,Red Bull,1:42.160,1:41.511,1:41.073
2012,18,4,Pastor Maldonado,Williams,1:41.981,1:41.907,1:41.226
2012,18,5,Kimi Räikkönen,Lotus F1,1:42.222,1:41.532,1:41.260
2012,18,6,Jenson Button,McLaren,1:42.342,1:41.873,1:41.290
2012,18,7,Fernando Alonso,Ferrari,1:41.939,1:41.514,1:41.582
2012,18,8,Nico Rosberg,Mercedes,1:41.926,1:41.698,1:41.603
2012,18,9,Felipe Massa,Ferrari,1:41.974,1:41.846,1:41.723
2012,18,10,Romain Grosjean,Lotus F1,1:42.046,1:41.620,1:41.778
2012,18,11,Nico Hülkenberg,Force India,1:42.579,1:42.019,
2012,18,12,Sergio Pérez,Sauber,1:42.624,1:42.084,
2012,18,13,Paul di Resta,Force India,1:42.572,1:42.218,
2012,18,14,Michael Schumacher,Mercedes,1:42.735,1:42.289,
2012,18,15,Bruno Senna,Williams,1:43.298,1:42.330,
2012,18,16,Kamui Kobayashi,Sauber,1:43.582,1:42.606,
2012,18,17,Daniel Ricciardo,Toro Rosso,1:43.280,1:42.765,
2012,18,18,Jean-Éric Vergne,Toro Rosso,1:44.058,,
2012,18,19,Heikki Kovalainen,Caterham,1:44.956,,
2012,18,20,Charles Pic,Marussia,1:45.089,,
2012,18,21,Vitaly Petrov,Caterham,1:45.151,,
2012,18,22,Timo Glock,Marussia,1:45.426,,
2012,18,23,Pedro de la Rosa,HRT,1:45.766,,
2012,18,24,Narain Karthikeyan,HRT,1:46.382,,
2012,19,1,Sebastian Vettel,Red Bull,1:36.558,1:35.796,1:35.657
2012,19,2,Lewis Hamilton,McLaren,1:37.058,1:36.795,1:35.766
2012,19,3,Mark Webber,Red Bull,1:37.215,1:36.298,1:36.174
2012,19,4,Romain Grosjean,Lotus F1,1:37.486,1:36.906,1:36.587
2012,19,5,Kimi Räikkönen,Lotus F1,1:38.051,1:37.404,1:36.708
2012,19,6,Michael Schumacher,Mercedes,1:37.927,1:37.102,1:36.794
2012,19,7,Felipe Massa,Ferrari,1:37.667,1:36.549,1:36.937
2012,19,8,Nico Hülkenberg,Force India,1:37.756,1:37.066,1:37.141
2012,19,9,Fernando Alonso,Ferrari,1:37.968,1:37.123,1:37.300
2012,19,10,Pastor Maldonado,Williams,1:37.537,1:37.011,1:37.842
2012,19,11,Bruno Senna,Williams,1:37.520,1:37.604,
2012,19,12,Jenson Button,McLaren,1:37.565,1:37.616,
2012,19,13,Paul di Resta,Force India,1:38.104,1:37.665,
2012,19,14,Jean-Éric Vergne,Toro Rosso,1:38.434,1:37.879,
2012,19,15,Sergio Pérez,Sauber,1:38.500,1:38.206,
2012,19,16,Kamui Kobayashi,Sauber,1:38.418,1:38.437,
2012,19,17,Nico Rosberg,Mercedes,1:38.862,1:38.501,
2012,19,18,Daniel Ricciardo,Toro Rosso,1:39.114,,
2012,19,19,Timo Glock,Marussia,1:40.056,,
2012,19,20,Charles Pic,Marussia,1:40.664,,
2012,19,21,Vitaly Petrov,Caterham,1:40.809,,
2012,19,22,Heikki Kovalainen,Caterham,1:41.166,,
2012,19,23,Pedro de la Rosa,HRT,1:42.011,,
2012,19,24,Narain Karthikeyan,HRT,1:42.740,,
2012,20,1,Lewis Hamilton,McLaren,1:15.075,1:13.398,1:12.458
2012,20,2,Jenson Button,McLaren,1:15.456,1:13.515,1:12.513
2012,20,3,Mark Webber,Red Bull,1:16.180,1:13.667,1:12.581
2012,20,4,Sebastian Vettel,Red Bull,1:15.644,1:13.209,1:12.760
2012,20,5,Felipe Massa,Ferrari,1:16.263,1:14.048,1:12.987
2012,20,6,Pastor Maldonado,Williams,1:16.266,1:13.698,1:13.174
2012,20,7,Nico Hülkenberg,Force India,1:15.536,1:13.704,1:13.206
2012,20,8,Fernando Alonso,Ferrari,1:16.097,1:13.856,1:13.253
2012,20,9,Kimi Räikkönen,Lotus F1,1:16.432,1:13.698,1:13.298
2012,20,10,Nico Rosberg,Mercedes,1:15.929,1:13.848,1:13.489
2012,20,11,Paul di Resta,Force India,1:15.901,1:14.121,
2012,20,12,Bruno Senna,Williams,1:15.333,1:14.219,
2012,20,13,Sergio Pérez,Sauber,1:15.974,1:14.234,
2012,20,14,Michael Schumacher,Mercedes,1:16.005,1:14.334,
2012,20,15,Kamui Kobayashi,Sauber,1:16.400,1:14.380,
2012,20,16,Daniel Ricciardo,Toro Rosso,1:16.744,1:14.574,
2012,20,17,Jean-Éric Vergne,Toro Rosso,1:16.722,1:14.619,
2012,20,18,Romain Grosjean,Lotus F1,1:16.967,,
2012,20,19,Vitaly Petrov,Caterham,1:17.073,,
2012,20,20,Heikki Kovalainen,Caterham,1:17.086,,
2012,20,21,Timo Glock,Marussia,1:17.508,,
2012,20,22,Charles Pic,Marussia,1:18.104,,
2012,20,23,Narain Karthikeyan,HRT,1:19.576,,
2012,20,24,Pedro de la Rosa,HRT,1:19.699,,
2013,1,1,Sebastian Vettel,Red Bull,1:44.657,1:36.745,1:27.407
2013,1,2,Mark Webber,Red Bull,1:44.472,1:36.524,1:27.827
2013,1,3,Lewis Hamilton,Mercedes,1:45.456,1:36.625,1:28.087
2013,1,4,Felipe Massa,Ferrari,1:44.635,1:36.666,1:28.490
2013,1,5,Fernando Alonso,Ferrari,1:43.850,1:36.691,1:28.493
2013,1,6,Nico Rosberg,Mercedes,1:43.380,1:36.194,1:28.523
2013,1,7,Kimi Räikkönen,Lotus F1,1:45.545,1:37.517,1:28.738
2013,1,8,Romain Grosjean,Lotus F1,1:44.284,1:37.641,1:29.013
2013,1,9,Paul di Resta,Force India,1:45.601,1:36.901,1:29.305
2013,1,10,Jenson Button,McLaren,1:44.688,1:36.644,1:30.357
2013,1,11,Nico Hülkenberg,Sauber,1:45.930,1:38.067,
2013,1,12,Adrian Sutil,Force India,1:47.330,1:38.134,
2013,1,13,Jean-Éric Vergne,Toro Rosso,1:44.871,1:38.778,
2013,1,14,Daniel Ricciardo,Toro Rosso,1:46.450,1:39.042,
2013,1,15,Sergio Pérez,McLaren,1:44.400,1:39.900,
2013,1,16,Valtteri Bottas,Williams,1:47.328,1:40.290,
2013,1,17,Pastor Maldonado,Williams,1:47.614,,
2013,1,18,Esteban Gutiérrez,Sauber,1:47.776,,
2013,1,19,Jules Bianchi,Marussia,1:48.147,,
2013,1,20,Max Chilton,Marussia,1:48.909,,
2013,1,21,Giedo van der Garde,Caterham,1:49.519,,
2013,1,22,Charles Pic,Caterham,1:50.626,,
2013,2,1,Sebastian Vettel,Red Bull,1:37.899,1:37.245,1:49.674
2013,2,2,Felipe Massa,Ferrari,1:37.712,1:36.874,1:50.587
2013,2,3,Fernando Alonso,Ferrari,1:37.314,1:36.877,1:50.727
2013,2,4,Lewis Hamilton,Mercedes,1:37.513,1:36.517,1:51.699
2013,2,5,Mark Webber,Red Bull,1:37.619,1:36.449,1:52.244
2013,2,6,Nico Rosberg,Mercedes,1:37.239,1:36.190,1:52.519
2013,2,7,Kimi Räikkönen,Lotus F1,1:36.959,1:36.640,1:52.970
2013,2,8,Jenson Button,McLaren,1:37.487,1:37.117,1:53.175
2013,2,9,Adrian Sutil,Force India,1:36.809,1:36.834,1:53.439
2013,2,10,Sergio Pérez,McLaren,1:37.702,1:37.342,1:54.136
2013,2,11,Romain Grosjean,Lotus F1,1:37.363,1:37.636,
2013,2,12,Nico Hülkenberg,Sauber,1:37.931,1:38.125,
2013,2,13,Daniel Ricciardo,Toro Rosso,1:37.722,1:38.822,
2013,2,14,Esteban Gutiérrez,Sauber,1:37.707,1:39.221,
2013,2,15,Paul di Resta,Force India,1:37.493,1:44.509,
2013,2,16,Pastor Maldonado,Williams,1:37.867,,
2013,2,17,Jean-Éric Vergne,Toro Rosso,1:38.157,,
2013,2,18,Valtteri Bottas,Williams,1:38.207,,
2013,2,19,Jules Bianchi,Marussia,1:38.434,,
2013,2,20,Charles Pic,Caterham,1:39.314,,
2013,2,21,Max Chilton,Marussia,1:39.672,,
2013,2,22,Giedo van der Garde,Caterham,1:39.932,,
2013,3,1,Lewis Hamilton,Mercedes,1:35.793,1:35.078,1:34.484
2013,3,2,Kimi Räikkönen,Lotus F1,1:37.046,1:35.659,1:34.761
2013,3,3,Fernando Alonso,Ferrari,1:36.253,1:35.148,1:34.788
2013,3,4,Nico Rosberg,Mercedes,1:35.959,1:35.537,1:34.861
2013,3,5,Felipe Massa,Ferrari,1:35.972,1:35.403,1:34.933
2013,3,6,Romain Grosjean,Lotus F1,1:36.929,1:36.065,1:35.364
2013,3,7,Daniel Ricciardo,Toro Rosso,1:36.993,1:36.258,1:35.998
2013,3,8,Jenson Button,McLaren,1:36.667,1:35.784,2:05.673
2013,3,9,Sebastian Vettel,Red Bull,1:36.537,1:35.343,
2013,3,10,Nico Hülkenberg,Sauber,1:36.985,1:36.261,
2013,3,11,Paul di Resta,Force India,1:37.478,1:36.287,
2013,3,12,Sergio Pérez,McLaren,1:36.952,1:36.314,
2013,3,13,Adrian Sutil,Force India,1:37.349,1:36.405,
2013,3,14,Mark Webber,Red Bull,1:36.148,1:36.679,
2013,3,15,Pastor Maldonado,Williams,1:37.281,1:37.139,
2013,3,16,Jean-Éric Vergne,Toro Rosso,1:37.508,1:37.199,
2013,3,17,Valtteri Bottas,Williams,1:37.769,,
2013,3,18,Esteban Gutiérrez,Sauber,1:37.990,,
2013,3,19,Jules Bianchi,Marussia,1:38.780,,
2013,3,20,Max Chilton,Marussia,1:39.537,,
2013,3,21,Charles Pic,Caterham,1:39.614,,
2013,3,22,Giedo van der Garde,Caterham,1:39.660,,
2013,4,1,Nico Rosberg,Mercedes,1:33.364,1:32.867,1:32.330
2013,4,2,Sebastian Vettel,Red Bull,1:33.327,1:32.746,1:32.584
2013,4,3,Fernando Alonso,Ferrari,1:32.878,1:33.316,1:32.667
2013,4,4,Lewis Hamilton,Mercedes,1:33.498,1:33.346,1:32.762
2013,4,5,Mark Webber,Red Bull,1:33.966,1:33.098,1:33.078
2013,4,6,Felipe Massa,Ferrari,1:33.780,1:33.358,1:33.207
2013,4,7,Paul di Resta,Force India,1:33.762,1:33.335,1:33.235
2013,4,8,Adrian Sutil,Force India,1:34.048,1:33.378,1:33.246
2013,4,9,Kimi Räikkönen,Lotus F1,1:33.827,1:33.146,1:33.327
2013,4,10,Jenson Button,McLaren,1:34.071,1:33.702,
2013,4,11,Romain Grosjean,Lotus F1,1:33.498,1:33.762,
2013,4,12,Sergio Pérez,McLaren,1:34.310,1:33.914,
2013,4,13,Daniel Ricciardo,Toro Rosso,1:34.120,1:33.974,
2013,4,14,Nico Hülkenberg,Sauber,1:34.409,1:33.976,
2013,4,15,Valtteri Bottas,Williams,1:34.425,1:34.105,
2013,4,16,Jean-Éric Vergne,Toro Rosso,1:34.314,1:34.284,
2013,4,17,Pastor Maldonado,Williams,1:34.425,,
2013,4,18,Esteban Gutiérrez,Sauber,1:34.730,,
2013,4,19,Charles Pic,Caterham,1:35.283,,
2013,4,20,Jules Bianchi,Marussia,1:36.178,,
2013,4,21,Giedo van der Garde,Caterham,1:36.304,,
2013,4,22,Max Chilton,Marussia,1:36.476,,
2013,5,1,Nico Rosberg,Mercedes,1:21.913,1:21.776,1:20.718
2013,5,2,Lewis Hamilton,Mercedes,1:21.728,1:21.001,1:20.972
2013,5,3,Sebastian Vettel,Red Bull,1:22.158,1:21.602,1:21.054
2013,5,4,Kimi Räikkönen,Lotus F1,1:22.210,1:21.676,1:21.177
2013,5,5,Fernando Alonso,Ferrari,1:22.264,1:21.646,1:21.218
2013,5,6,Felipe Massa,Ferrari,1:22.492,1:21.978,1:21.219
2013,5,7,Romain Grosjean,Lotus F1,1:22.613,1:21.998,1:21.308
2013,5,8,Mark Webber,Red Bull,1:22.342,1:21.718,1:21.570
2013,5,9,Sergio Pérez,McLaren,1:23.116,1:21.790,1:22.069
2013,5,10,Paul di Resta,Force India,1:22.663,1:22.019,1:22.233
2013,5,11,Daniel Ricciardo,Toro Rosso,1:22.905,1:22.127,
2013,5,12,Jean-Éric Vergne,Toro Rosso,1:22.775,1:22.166,
2013,5,13,Adrian Sutil,Force India,1:22.952,1:22.346,
2013,5,14,Jenson Button,McLaren,1:23.166,1:22.355,
2013,5,15,Nico Hülkenberg,Sauber,1:23.058,1:22.389,
2013,5,16,Esteban Gutiérrez,Sauber,1:23.218,1:22.793,
2013,5,17,Valtteri Bottas,Williams,1:23.260,,
2013,5,18,Pastor Maldonado,Williams,1:23.318,,
2013,5,19,Giedo van der Garde,Caterham,1:24.661,,
2013,5,20,Jules Bianchi,Marussia,1:24.713,,
2013,5,21,Max Chilton,Marussia,1:24.996,,
2013,5,22,Charles Pic,Caterham,1:25.070,,
2013,6,1,Nico Rosberg,Mercedes,1:24.620,1:16.135,1:13.876
2013,6,2,Lewis Hamilton,Mercedes,1:23.779,1:16.265,1:13.967
2013,6,3,Sebastian Vettel,Red Bull,1:24.243,1:15.988,1:13.980
2013,6,4,Mark Webber,Red Bull,1:25.352,1:17.322,1:14.181
2013,6,5,Kimi Räikkönen,Lotus F1,1:25.835,1:16.040,1:14.822
2013,6,6,Fernando Alonso,Ferrari,1:23.712,1:16.510,1:14.824
2013,6,7,Sergio Pérez,McLaren,1:24.682,1:17.748,1:15.138
2013,6,8,Adrian Sutil,Force India,1:25.108,1:17.261,1:15.383
2013,6,9,Jenson Button,McLaren,1:23.744,1:17.420,1:15.647
2013,6,10,Jean-Éric Vergne,Toro Rosso,1:23.699,1:17.623,1:15.703
2013,6,11,Nico Hülkenberg,Sauber,1:25.547,1:18.331,
2013,6,12,Daniel Ricciardo,Toro Rosso,1:24.852,1:18.344,
2013,6,13,Romain Grosjean,Lotus F1,1:23.738,1:18.603,
2013,6,14,Valtteri Bottas,Williams,1:24.681,1:19.077,
2013,6,15,Giedo van der Garde,Caterham,1:26.095,1:19.408,
2013,6,16,Pastor Maldonado,Williams,1:23.452,1:21.688,
2013,6,17,Paul di Resta,Force India,1:26.322,,
2013,6,18,Charles Pic,Caterham,1:26.633,,
2013,6,19,Esteban Gutiérrez,Sauber,1:26.917,,
2013,6,20,Max Chilton,Marussia,1:27.303,,
2013,6,21,Jules Bianchi,Marussia,,,
2013,6,22,Felipe Massa,Ferrari,,,
2013,7,1,Sebastian Vettel,Red Bull,1:22.318,1:28.166,1:25.425
2013,7,2,Lewis Hamilton,Mercedes,1:23.801,1:27.649,1:25.512
2013,7,3,Valtteri Bottas,Williams,1:23.446,1:28.419,1:25.897
2013,7,4,Nico Rosberg,Mercedes,1:23.840,1:28.420,1:26.008
2013,7,5,Mark Webber,Red Bull,1:23.247,1:28.145,1:26.208
2013,7,6,Fernando Alonso,Ferrari,1:23.224,1:28.788,1:26.504
2013,7,7,Jean-Éric Vergne,Toro Rosso,1:24.159,1:28.527,1:26.543
2013,7,8,Adrian Sutil,Force India,1:24.551,1:28.799,1:27.348
2013,7,9,Kimi Räikkönen,Lotus F1,1:24.451,1:28.667,1:27.432
2013,7,10,Daniel Ricciardo,Toro Rosso,1:24.770,1:29.359,1:27.946
2013,7,11,Nico Hülkenberg,Sauber,1:23.899,1:29.435,
2013,7,12,Sergio Pérez,McLaren,1:24.176,1:29.761,
2013,7,13,Pastor Maldonado,Williams,1:24.776,1:29.917,
2013,7,14,Jenson Button,McLaren,1:24.021,1:30.068,
2013,7,15,Esteban Gutiérrez,Sauber,1:24.408,1:30.315,
2013,7,16,Felipe Massa,Ferrari,1:23.735,1:30.354,
2013,7,17,Paul di Resta,Force India,1:24.908,,
2013,7,18,Charles Pic,Caterham,1:25.626,,
2013,7,19,Romain Grosjean,Lotus F1,1:25.716,,
2013,7,20,Jules Bianchi,Marussia,1:26.508,,
2013,7,21,Max Chilton,Marussia,1:27.062,,
2013,7,22,Giedo van der Garde,Caterham,1:27.110,,
2013,8,1,Lewis Hamilton,Mercedes,1:30.995,1:31.224,1:29.607
2013,8,2,Nico Rosberg,Mercedes,1:31.355,1:31.028,1:30.059
2013,8,3,Sebastian Vettel,Red Bull,1:31.559,1:30.990,1:30.211
2013,8,4,Mark Webber,Red Bull,1:31.605,1:31.002,1:30.220
2013,8,5,Paul di Resta,Force India,1:32.062,1:31.291,1:30.736
2013,8,6,Daniel Ricciardo,Toro Rosso,1:32.097,1:31.182,1:30.757
2013,8,7,Adrian Sutil,Force India,1:32.002,1:31.097,1:30.908
2013,8,8,Romain Grosjean,Lotus F1,1:31.466,1:31.530,1:30.955
2013,8,9,Kimi Räikkönen,Lotus F1,1:31.400,1:31.592,1:30.962
2013,8,10,Fernando Alonso,Ferrari,1:32.266,1:31.387,1:30.979
2013,8,11,Jenson Button,McLaren,1:31.979,1:31.649,
2013,8,12,Felipe Massa,Ferrari,1:32.241,1:31.779,
2013,8,13,Jean-Éric Vergne,Toro Rosso,1:32.105,1:31.785,
2013,8,14,Sergio Pérez,McLaren,1:31.953,1:32.082,
2013,8,15,Nico Hülkenberg,Sauber,1:32.168,1:32.211,
2013,8,16,Pastor Maldonado,Williams,1:32.512,1:32.359,
2013,8,17,Valtteri Bottas,Williams,1:32.664,,
2013,8,18,Esteban Gutiérrez,Sauber,1:32.666,,
2013,8,19,Charles Pic,Caterham,1:33.866,,
2013,8,20,Jules Bianchi,Marussia,1:34.108,,
2013,8,21,Giedo van der Garde,Caterham,1:35.481,,
2013,8,22,Max Chilton,Marussia,1:35.858,,
2013,9,1,Lewis Hamilton,Mercedes,1:31.131,1:30.152,1:29.398
2013,9,2,Sebastian Vettel,Red Bull,1:31.269,1:29.992,1:29.501
2013,9,3,Mark Webber,Red Bull,1:31.428,1:30.217,1:29.608
2013,9,4,Kimi Räikkönen,Lotus F1,1:30.676,1:29.852,1:29.892
2013,9,5,Romain Grosjean,Lotus F1,1:31.242,1:30.005,1:29.959
2013,9,6,Daniel Ricciardo,Toro Rosso,1:31.081,1:30.223,1:30.528
2013,9,7,Felipe Massa,Ferrari,1:30.547,1:29.825,1:31.126
2013,9,8,Fernando Alonso,Ferrari,1:30.709,1:29.962,1:31.209
2013,9,9,Jenson Button,McLaren,1:31.181,1:30.269,
2013,9,10,Nico Hülkenberg,Sauber,1:31.132,1:30.231,
2013,9,11,Nico Rosberg,Mercedes,1:31.322,1:30.326,
2013,9,12,Paul di Resta,Force India,1:31.322,1:30.697,
2013,9,13,Sergio Pérez,McLaren,1:31.498,1:30.933,
2013,9,14,Esteban Gutiérrez,Sauber,1:31.681,1:31.010,
2013,9,15,Adrian Sutil,Force India,1:31.320,1:31.010,
2013,9,16,Jean-Éric Vergne,Toro Rosso,1:31.629,1:31.104,
2013,9,17,Valtteri Bottas,Williams,1:31.693,,
2013,9,18,Pastor Maldonado,Williams,1:31.707,,
2013,9,19,Charles Pic,Caterham,1:32.937,,
2013,9,20,Jules Bianchi,Marussia,1:33.063,,
2013,9,21,Giedo van der Garde,Caterham,1:33.734,,
2013,9,22,Max Chilton,Marussia,1:34.098,,
2013,10,1,Lewis Hamilton,Mercedes,1:20.363,1:19.862,1:19.388
2013,10,2,Sebastian Vettel,Red Bull,1:20.646,1:19.992,1:19.426
2013,10,3,Romain Grosjean,Lotus F1,1:20.447,1:20.101,1:19.595
2013,10,4,Nico Rosberg,Mercedes,1:20.350,1:19.778,1:19.720
2013,10,5,Fernando Alonso,Ferrari,1:20.652,1:20.183,1:19.791
2013,10,6,Kimi Räikkönen,Lotus F1,1:20.867,1:20.243,1:19.851
2013,10,7,Felipe Massa,Ferrari,1:21.004,1:20.460,1:19.929
2013,10,8,Daniel Ricciardo,Toro Rosso,1:21.181,1:20.527,1:20.641
2013,10,9,Sergio Pérez,McLaren,1:21.612,1:20.545,1:22.398
2013,10,10,Mark Webber,Red Bull,1:21.264,1:20.503,
2013,10,11,Adrian Sutil,Force India,1:21.471,1:20.569,
2013,10,12,Nico Hülkenberg,Sauber,1:21.028,1:20.580,
2013,10,13,Jenson Button,McLaren,1:21.131,1:20.777,
2013,10,14,Jean-Éric Vergne,Toro Rosso,1:21.345,1:21.029,
2013,10,15,Pastor Maldonado,Williams,1:20.816,1:21.133,
2013,10,16,Valtteri Bottas,Williams,1:21.135,1:21.219,
2013,10,17,Esteban Gutiérrez,Sauber,1:21.724,,
2013,10,18,Paul di Resta,Force India,1:22.043,,
2013,10,19,Charles Pic,Caterham,1:23.007,,
2013,10,20,Giedo van der Garde,Caterham,1:23.333,,
2013,10,21,Jules Bianchi,Marussia,1:23.787,,
2013,10,22,Max Chilton,Marussia,1:23.997,,
2013,11,1,Lewis Hamilton,Mercedes,2:00.368,1:49.067,2:01.012
2013,11,2,Sebastian Vettel,Red Bull,2:01.863,1:48.646,2:01.200
2013,11,3,Mark Webber,Red Bull,2:01.597,1:48.641,2:01.325
2013,11,4,Nico Rosberg,Mercedes,2:01.099,1:48.552,2:02.251
2013,11,5,Paul di Resta,Force India,2:02.338,1:48.925,2:02.332
2013,11,6,Jenson Button,McLaren,2:01.301,1:48.641,2:03.075
2013,11,7,Romain Grosjean,Lotus F1,2:02.476,1:48.649,2:03.081
2013,11,8,Kimi Räikkönen,Lotus F1,2:01.151,1:48.296,2:03.390
2013,11,9,Fernando Alonso,Ferrari,2:00.190,1:48.309,2:03.482
2013,11,10,Felipe Massa,Ferrari,2:01.462,1:49.020,2:04.059
2013,11,11,Nico Hülkenberg,Sauber,2:01.712,1:49.088,
2013,11,12,Adrian Sutil,Force India,2:02.749,1:49.103,
2013,11,13,Sergio Pérez,McLaren,2:02.425,1:49.304,
2013,11,14,Giedo van der Garde,Caterham,2:00.564,1:52.036,
2013,11,15,Jules Bianchi,Marussia,2:02.110,1:52.563,
2013,11,16,Max Chilton,Marussia,2:02.948,1:52.762,
2013,11,17,Pastor Maldonado,Williams,2:03.072,,
2013,11,18,Jean-Éric Vergne,Toro Rosso,2:03.300,,
2013,11,19,Daniel Ricciardo,Toro Rosso,2:03.317,,
2013,11,20,Valtteri Bottas,Williams,2:03.432,,
2013,11,21,Esteban Gutiérrez,Sauber,2:04.324,,
2013,11,22,Charles Pic,Caterham,2:07.384,,
2013,12,1,Sebastian Vettel,Red Bull,1:24.319,1:23.977,1:23.755
2013,12,2,Mark Webber,Red Bull,1:24.923,1:24.263,1:23.968
2013,12,3,Nico Hülkenberg,Sauber,1:24.776,1:24.305,1:24.065
2013,12,4,Felipe Massa,Ferrari,1:24.950,1:24.479,1:24.132
2013,12,5,Fernando Alonso,Ferrari,1:24.661,1:24.227,1:24.142
2013,12,6,Nico Rosberg,Mercedes,1:24.527,1:24.393,1:24.192
2013,12,7,Daniel Ricciardo,Toro Rosso,1:24.655,1:24.290,1:24.209
2013,12,8,Sergio Pérez,McLaren,1:24.635,1:24.592,1:24.502
2013,12,9,Jenson Button,McLaren,1:24.739,1:24.563,1:24.515
2013,12,10,Jean-Éric Vergne,Toro Rosso,1:24.630,1:24.575,1:28.050
2013,12,11,Kimi Räikkönen,Lotus F1,1:24.819,1:24.610,
2013,12,12,Lewis Hamilton,Mercedes,1:24.589,1:24.803,
2013,12,13,Romain Grosjean,Lotus F1,1:24.737,1:24.848,
2013,12,14,Adrian Sutil,Force India,1:25.030,1:24.932,
2013,12,15,Pastor Maldonado,Williams,1:24.905,1:25.011,
2013,12,16,Paul di Resta,Force India,1:25.009,1:25.077,
2013,12,17,Esteban Gutiérrez,Sauber,1:25.226,,
2013,12,18,Valtteri Bottas,Williams,1:25.291,,
2013,12,19,Giedo van der Garde,Caterham,1:26.406,,
2013,12,20,Charles Pic,Caterham,1:26.563,,
2013,12,21,Jules Bianchi,Marussia,1:27.085,,
2013,12,22,Max Chilton,Marussia,1:27.480,,
2013,13,1,Sebastian Vettel,Red Bull,1:45.376,1:42.905,1:42.841
2013,13,2,Nico Rosberg,Mercedes,1:45.208,1:43.892,1:42.932
2013,13,3,Romain Grosjean,Lotus F1,1:45.851,1:43.957,1:43.058
2013,13,4,Mark Webber,Red Bull,1:45.271,1:43.272,1:43.152
2013,13,5,Lewis Hamilton,Mercedes,1:44.196,1:43.920,1:43.254
2013,13,6,Felipe Massa,Ferrari,1:45.658,1:44.376,1:43.890
2013,13,7,Fernando Alonso,Ferrari,1:45.115,1:44.153,1:43.938
2013,13,8,Jenson Button,McLaren,1:45.009,1:44.497,1:44.282
2013,13,9,Daniel Ricciardo,Toro Rosso,1:45.379,1:44.407,1:44.439
2013,13,10,Esteban Gutiérrez,Sauber,1:45.483,1:44.245,
2013,13,11,Nico Hülkenberg,Sauber,1:45.381,1:44.555,
2013,13,12,Jean-Éric Vergne,Toro Rosso,1:45.657,1:44.588,
2013,13,13,Kimi Räikkönen,Lotus F1,1:45.522,1:44.658,
2013,13,14,Sergio Pérez,McLaren,1:45.164,1:44.752,
2013,13,15,Adrian Sutil,Force India,1:45.960,1:45.185,
2013,13,16,Valtteri Bottas,Williams,1:45.982,1:45.388,
2013,13,17,Paul di Resta,Force India,1:46.121,,
2013,13,18,Pastor Maldonado,Williams,1:46.619,,
2013,13,19,Charles Pic,Caterham,1:48.111,,
2013,13,20,Giedo van der Garde,Caterham,1:48.320,,
2013,13,21,Jules Bianchi,Marussia,1:48.830,,
2013,13,22,Max Chilton,Marussia,1:48.930,,
2013,14,1,Sebastian Vettel,Red Bull,1:38.683,1:37.569,1:37.202
2013,14,2,Lewis Hamilton,Mercedes,1:38.574,1:37.824,1:37.420
2013,14,3,Mark Webber,Red Bull,1:39.138,1:37.840,1:37.464
2013,14,4,Romain Grosjean,Lotus F1,1:39.065,1:38.076,1:37.531
2013,14,5,Nico Rosberg,Mercedes,1:38.418,1:38.031,1:37.679
2013,14,6,Fernando Alonso,Ferrari,1:38.520,1:37.978,1:38.038
2013,14,7,Felipe Massa,Ferrari,1:38.884,1:38.295,1:38.223
2013,14,8,Nico Hülkenberg,Sauber,1:38.427,1:37.913,1:38.237
2013,14,9,Esteban Gutiérrez,Sauber,1:38.725,1:38.327,1:38.405
2013,14,10,Kimi Räikkönen,Lotus F1,1:38.341,1:38.181,1:38.822
2013,14,11,Sergio Pérez,McLaren,1:39.049,1:38.362,
2013,14,12,Jenson Button,McLaren,1:38.882,1:38.365,
2013,14,13,Daniel Ricciardo,Toro Rosso,1:38.525,1:38.417,
2013,14,14,Adrian Sutil,Force India,1:38.988,1:38.431,
2013,14,15,Paul di Resta,Force India,1:39.185,1:38.718,
2013,14,16,Jean-Éric Vergne,Toro Rosso,1:39.075,1:38.781,
2013,14,17,Valtteri Bottas,Williams,1:39.470,,
2013,14,18,Pastor Maldonado,Williams,1:39.987,,
2013,14,19,Charles Pic,Caterham,1:40.864,,
2013,14,20,Giedo van der Garde,Caterham,1:40.871,,
2013,14,21,Jules Bianchi,Marussia,1:41.169,,
2013,14,22,Max Chilton,Marussia,1:41.322,,
2013,15,1,Mark Webber,Red Bull,1:32.271,1:31.513,1:30.915
2013,15,2,Sebastian Vettel,Red Bull,1:32.397,1:31.290,1:31.089
2013,15,3,Lewis Hamilton,Mercedes,1:32.340,1:31.636,1:31.253
2013,15,4,Romain Grosjean,Lotus F1,1:31.824,1:31.565,1:31.365
2013,15,5,Felipe Massa,Ferrari,1:31.994,1:31.668,1:31.378
2013,15,6,Nico Rosberg,Mercedes,1:32.244,1:31.764,1:31.397
2013,15,7,Nico Hülkenberg,Sauber,1:32.465,1:31.848,1:31.644
2013,15,8,Fernando Alonso,Ferrari,1:32.371,1:31.828,1:31.665
2013,15,9,Kimi Räikkönen,Lotus F1,1:32.377,1:31.662,1:31.684
2013,15,10,Jenson Button,McLaren,1:32.606,1:31.838,1:31.827
2013,15,11,Sergio Pérez,McLaren,1:32.718,1:31.989,
2013,15,12,Paul di Resta,Force India,1:32.286,1:31.992,
2013,15,13,Valtteri Bottas,Williams,1:32.613,1:32.013,
2013,15,14,Esteban Gutiérrez,Sauber,1:32.673,1:32.063,
2013,15,15,Pastor Maldonado,Williams,1:32.875,1:32.093,
2013,15,16,Daniel Ricciardo,Toro Rosso,1:32.804,1:32.485,
2013,15,17,Adrian Sutil,Force India,1:32.890,,
2013,15,18,Jean-Éric Vergne,Toro Rosso,1:33.357,,
2013,15,19,Max Chilton,Marussia,1:34.320,,
2013,15,20,Charles Pic,Caterham,1:34.556,,
2013,15,21,Giedo van der Garde,Caterham,1:34.879,,
2013,15,22,Jules Bianchi,Marussia,1:34.958,,
2013,16,1,Sebastian Vettel,Red Bull,1:25.943,1:24.568,1:24.119
2013,16,2,Nico Rosberg,Mercedes,1:25.833,1:25.304,1:24.871
2013,16,3,Lewis Hamilton,Mercedes,1:25.802,1:25.259,1:24.941
2013,16,4,Mark Webber,Red Bull,1:25.665,1:25.097,1:25.047
2013,16,5,Felipe Massa,Ferrari,1:25.793,1:25.389,1:25.201
2013,16,6,Kimi Räikkönen,Lotus F1,1:25.819,1:25.191,1:25.248
2013,16,7,Nico Hülkenberg,Sauber,1:25.883,1:25.339,1:25.334
2013,16,8,Fernando Alonso,Ferrari,1:25.934,1:24.885,1:25.826
2013,16,9,Sergio Pérez,McLaren,1:26.107,1:25.365,1:26.153
2013,16,10,Jenson Button,McLaren,1:25.574,1:25.458,1:26.487
2013,16,11,Daniel Ricciardo,Toro Rosso,1:25.673,1:25.519,
2013,16,12,Paul di Resta,Force India,1:25.908,1:25.711,
2013,16,13,Adrian Sutil,Force India,1:26.164,1:25.740,
2013,16,14,Jean-Éric Vergne,Toro Rosso,1:26.155,1:25.798,
2013,16,15,Valtteri Bottas,Williams,1:26.178,1:26.134,
2013,16,16,Esteban Gutiérrez,Sauber,1:26.057,1:26.366,
2013,16,17,Romain Grosjean,Lotus F1,1:26.577,,
2013,16,18,Pastor Maldonado,Williams,1:26.842,,
2013,16,19,Jules Bianchi,Marussia,1:26.970,,
2013,16,20,Giedo van der Garde,Caterham,1:27.105,,
2013,16,21,Charles Pic,Caterham,1:27.487,,
2013,16,22,Max Chilton,Marussia,1:28.138,,
2013,17,1,Mark Webber,Red Bull,1:41.568,1:40.575,1:39.957
2013,17,2,Sebastian Vettel,Red Bull,1:41.683,1:40.781,1:40.075
2013,17,3,Nico Rosberg,Mercedes,1:41.420,1:40.473,1:40.419
2013,17,4,Lewis Hamilton,Mercedes,1:40.693,1:40.477,1:40.501
2013,17,5,Kimi Räikkönen,Lotus F1,1:41.276,1:40.971,1:40.542
2013,17,6,Nico Hülkenberg,Sauber,1:41.631,1:40.931,1:40.576
2013,17,7,Romain Grosjean,Lotus F1,1:41.447,1:40.948,1:40.997
2013,17,8,Felipe Massa,Ferrari,1:41.254,1:40.989,1:41.015
2013,17,9,Sergio Pérez,McLaren,1:41.687,1:40.812,1:41.068
2013,17,10,Daniel Ricciardo,Toro Rosso,1:41.884,1:40.852,1:41.111
2013,17,11,Fernando Alonso,Ferrari,1:41.397,1:41.093,
2013,17,12,Paul di Resta,Force India,1:41.676,1:41.133,
2013,17,13,Jenson Button,McLaren,1:41.817,1:41.200,
2013,17,14,Jean-Éric Vergne,Toro Rosso,1:41.692,1:41.279,
2013,17,15,Pastor Maldonado,Williams,1:41.365,1:41.395,
2013,17,16,Valtteri Bottas,Williams,1:41.862,1:41.447,
2013,17,17,Esteban Gutiérrez,Sauber,1:41.999,,
2013,17,18,Adrian Sutil,Force India,1:42.051,,
2013,17,19,Giedo van der Garde,Caterham,1:43.252,,
2013,17,20,Jules Bianchi,Marussia,1:43.398,,
2013,17,21,Charles Pic,Caterham,1:43.528,,
2013,17,22,Max Chilton,Marussia,1:44.198,,
2013,18,1,Sebastian Vettel,Red Bull,1:38.516,1:37.065,1:36.338
2013,18,2,Mark Webber,Red Bull,1:38.161,1:37.312,1:36.441
2013,18,3,Romain Grosjean,Lotus F1,1:38.676,1:37.523,1:37.155
2013,18,4,Nico Hülkenberg,Sauber,1:38.339,1:37.828,1:37.296
2013,18,5,Lewis Hamilton,Mercedes,1:37.959,1:37.854,1:37.345
2013,18,6,Fernando Alonso,Ferrari,1:38.929,1:37.368,1:37.376
2013,18,7,Sergio Pérez,McLaren,1:38.367,1:38.040,1:37.452
2013,18,8,Heikki Kovalainen,Lotus F1,1:38.375,1:38.078,1:37.715
2013,18,9,Valtteri Bottas,Williams,1:37.821,1:37.439,1:37.836
2013,18,10,Esteban Gutiérrez,Sauber,1:38.082,1:38.031,1:38.034
2013,18,11,Daniel Ricciardo,Toro Rosso,1:38.882,1:38.131,
2013,18,12,Paul di Resta,Force India,1:38.894,1:38.139,
2013,18,13,Jenson Button,McLaren,1:38.588,1:38.217,
2013,18,14,Nico Rosberg,Mercedes,1:38.743,1:38.364,
2013,18,15,Felipe Massa,Ferrari,1:39.094,1:38.592,
2013,18,16,Jean-Éric Vergne,Toro Rosso,1:38.880,1:38.696,
2013,18,17,Adrian Sutil,Force India,1:39.250,,
2013,18,18,Pastor Maldonado,Williams,1:39.351,,
2013,18,19,Giedo van der Garde,Caterham,1:40.491,,
2013,18,20,Jules Bianchi,Marussia,1:40.528,,
2013,18,21,Charles Pic,Caterham,1:40.596,,
2013,18,22,Max Chilton,Marussia,1:41.401,,
2013,19,1,Sebastian Vettel,Red Bull,1:25.381,1:26.420,1:26.479
2013,19,2,Nico Rosberg,Mercedes,1:25.556,1:26.626,1:27.102
2013,19,3,Fernando Alonso,Ferrari,1:26.656,1:26.590,1:27.539
2013,19,4,Mark Webber,Red Bull,1:26.689,1:26.963,1:27.572
2013,19,5,Lewis Hamilton,Mercedes,1:25.342,1:26.698,1:27.677
2013,19,6,Romain Grosjean,Lotus F1,1:26.453,1:26.161,1:27.737
2013,19,7,Daniel Ricciardo,Toro Rosso,1:27.209,1:27.078,1:28.052
2013,19,8,Jean-Éric Vergne,Toro Rosso,1:27.124,1:27.363,1:28.081
2013,19,9,Felipe Massa,Ferrari,1:26.817,1:27.049,1:28.109
2013,19,10,Nico Hülkenberg,Sauber,1:26.071,1:27.441,1:29.582
2013,19,11,Heikki Kovalainen,Lotus F1,1:26.266,1:27.456,
2013,19,12,Paul di Resta,Force India,1:26.275,1:27.798,
2013,19,13,Valtteri Bottas,Williams,1:26.790,1:27.954,
2013,19,14,Sergio Pérez,McLaren,1:26.741,1:28.269,
2013,19,15,Jenson Button,McLaren,1:26.398,1:28.308,
2013,19,16,Adrian Sutil,Force India,1:26.874,1:28.586,
2013,19,17,Pastor Maldonado,Williams,1:27.367,,
2013,19,18,Esteban Gutiérrez,Sauber,1:27.455,,
2013,19,19,Charles Pic,Caterham,1:27.843,,
2013,19,20,Giedo van der Garde,Caterham,1:28.320,,
2013,19,21,Jules Bianchi,Marussia,1:28.366,,
2013,19,22,Max Chilton,Marussia,1:28.950,,
2014,1,1,Lewis Hamilton,Mercedes,1:31.699,1:42.890,1:44.231
2014,1,2,Daniel Ricciardo,Red Bull,1:30.775,1:42.295,1:44.548
2014,1,3,Nico Rosberg,Mercedes,1:32.564,1:42.264,1:44.595
2014,1,4,Kevin Magnussen,McLaren,1:30.949,1:43.247,1:45.745
2014,1,5,Fernando Alonso,Ferrari,1:31.388,1:42.805,1:45.819
2014,1,6,Jean-Éric Vergne,Toro Rosso,1:33.488,1:43.849,1:45.864
2014,1,7,Nico Hülkenberg,Force India,1:33.893,1:43.658,1:46.030
2014,1,8,Daniil Kvyat,Toro Rosso,1:33.777,1:44.331,1:47.368
2014,1,9,Felipe Massa,Williams,1:31.228,1:44.242,1:48.079
2014,1,10,Valtteri Bottas,Williams,1:31.601,1:43.852,1:48.147
2014,1,11,Jenson Button,McLaren,1:31.396,1:44.437,
2014,1,12,Kimi Räikkönen,Ferrari,1:32.439,1:44.494,
2014,1,13,Sebastian Vettel,Red Bull,1:31.931,1:44.688,
2014,1,14,Adrian Sutil,Sauber,1:33.673,1:45.655,
2014,1,15,Kamui Kobayashi,Caterham,1:34.274,1:45.867,
2014,1,16,Sergio Pérez,Force India,1:34.141,1:47.293,
2014,1,17,Max Chilton,Marussia,1:34.293,,
2014,1,18,Jules Bianchi,Marussia,1:34.794,,
2014,1,19,Esteban Gutiérrez,Sauber,1:35.117,,
2014,1,20,Marcus Ericsson,Caterham,1:35.157,,
2014,1,21,Romain Grosjean,Lotus F1,1:36.993,,
2014,1,22,Pastor Maldonado,Lotus F1,,,
2014,2,1,Lewis Hamilton,Mercedes,1:57.202,1:59.041,1:59.431
2014,2,2,Sebastian Vettel,Red Bull,1:57.654,1:59.399,1:59.486
2014,2,3,Nico Rosberg,Mercedes,1:57.183,1:59.445,2:00.050
2014,2,4,Fernando Alonso,Ferrari,1:58.889,2:01.356,2:00.175
2014,2,5,Daniel Ricciardo,Red Bull,1:58.913,2:00.147,2:00.541
2014,2,6,Kimi Räikkönen,Ferrari,1:59.257,2:01.532,2:01.218
2014,2,7,Nico Hülkenberg,Force India,1:58.883,2:00.839,2:01.712
2014,2,8,Kevin Magnussen,McLaren,2:00.356,2:02.094,2:02.213
2014,2,9,Jean-Éric Vergne,Toro Rosso,2:01.689,2:02.096,2:03.078
2014,2,10,Jenson Button,McLaren,2:00.889,2:01.810,2:04.053
2014,2,11,Daniil Kvyat,Toro Rosso,2:01.175,2:02.351,
2014,2,12,Esteban Gutiérrez,Sauber,2:01.134,2:02.369,
2014,2,13,Felipe Massa,Williams,2:00.047,2:02.460,
2014,2,14,Sergio Pérez,Force India,2:00.076,2:02.511,
2014,2,15,Valtteri Bottas,Williams,1:59.709,2:02.756,
2014,2,16,Romain Grosjean,Lotus F1,2:00.202,2:02.885,
2014,2,17,Pastor Maldonado,Lotus F1,2:02.074,,
2014,2,18,Adrian Sutil,Sauber,2:02.131,,
2014,2,19,Jules Bianchi,Marussia,2:02.702,,
2014,2,20,Kamui Kobayashi,Caterham,2:03.595,,
2014,2,21,Max Chilton,Marussia,2:04.388,,
2014,2,22,Marcus Ericsson,Caterham,2:04.407,,
2014,3,1,Nico Rosberg,Mercedes,1:35.439,1:33.708,1:33.185
2014,3,2,Lewis Hamilton,Mercedes,1:35.323,1:33.872,1:33.464
2014,3,3,Daniel Ricciardo,Red Bull,1:36.220,1:34.592,1:34.051
2014,3,4,Valtteri Bottas,Williams,1:34.934,1:34.842,1:34.247
2014,3,5,Sergio Pérez,Force India,1:34.998,1:34.747,1:34.346
2014,3,6,Kimi Räikkönen,Ferrari,1:35.234,1:34.925,1:34.368
2014,3,7,Jenson Button,McLaren,1:35.699,1:34.714,1:34.387
2014,3,8,Felipe Massa,Williams,1:35.085,1:34.842,1:34.511
2014,3,9,Kevin Magnussen,McLaren,1:35.288,1:34.904,1:34.712
2014,3,10,Fernando Alonso,Ferrari,1:35.251,1:34.723,1:34.992
2014,3,11,Sebastian Vettel,Red Bull,1:35.549,1:34.985,
2014,3,12,Nico Hülkenberg,Force India,1:34.874,1:35.116,
2014,3,13,Daniil Kvyat,Toro Rosso,1:35.395,1:35.145,
2014,3,14,Jean-Éric Vergne,Toro Rosso,1:35.815,1:35.286,
2014,3,15,Esteban Gutiérrez,Sauber,1:36.567,1:35.891,
2014,3,16,Romain Grosjean,Lotus F1,1:36.654,1:35.908,
2014,3,17,Pastor Maldonado,Lotus F1,1:36.663,,
2014,3,18,Adrian Sutil,Sauber,1:36.840,,
2014,3,19,Kamui Kobayashi,Caterham,1:37.085,,
2014,3,20,Jules Bianchi,Marussia,1:37.310,,
2014,3,21,Marcus Ericsson,Caterham,1:37.875,,
2014,3,22,Max Chilton,Marussia,1:37.913,,
2014,4,1,Lewis Hamilton,Mercedes,1:55.516,1:54.029,1:53.860
2014,4,2,Daniel Ricciardo,Red Bull,1:56.641,1:55.302,1:54.455
2014,4,3,Sebastian Vettel,Red Bull,1:55.926,1:54.499,1:54.960
2014,4,4,Nico Rosberg,Mercedes,1:56.058,1:55.294,1:55.143
2014,4,5,Fernando Alonso,Ferrari,1:56.961,1:55.765,1:55.637
2014,4,6,Felipe Massa,Williams,1:56.850,1:56.757,1:56.147
2014,4,7,Valtteri Bottas,Williams,1:56.501,1:56.253,1:56.282
2014,4,8,Nico Hülkenberg,Force India,1:55.913,1:56.847,1:56.366
2014,4,9,Jean-Éric Vergne,Toro Rosso,1:57.477,1:56.584,1:56.773
2014,4,10,Romain Grosjean,Lotus F1,1:58.411,1:56.407,1:57.079
2014,4,11,Kimi Räikkönen,Ferrari,1:58.279,1:56.860,
2014,4,12,Jenson Button,McLaren,1:57.783,1:56.963,
2014,4,13,Daniil Kvyat,Toro Rosso,1:57.261,1:57.289,
2014,4,14,Adrian Sutil,Sauber,1:58.138,1:57.393,
2014,4,15,Kevin Magnussen,McLaren,1:57.369,1:57.675,
2014,4,16,Sergio Pérez,Force India,1:58.362,1:58.264,
2014,4,17,Esteban Gutiérrez,Sauber,1:58.988,,
2014,4,18,Kamui Kobayashi,Caterham,1:59.260,,
2014,4,19,Jules Bianchi,Marussia,1:59.326,,
2014,4,20,Marcus Ericsson,Caterham,2:00.646,,
2014,4,21,Max Chilton,Marussia,2:00.865,,
2014,4,22,Pastor Maldonado,Lotus F1,,,
2014,5,1,Lewis Hamilton,Mercedes,1:27.238,1:26.210,1:25.232
2014,5,2,Nico Rosberg,Mercedes,1:26.764,1:26.088,1:25.400
2014,5,3,Daniel Ricciardo,Red Bull,1:28.053,1:26.613,1:26.285
2014,5,4,Valtteri Bottas,Williams,1:28.198,1:27.563,1:26.632
2014,5,5,Romain Grosjean,Lotus F1,1:28.472,1:27.258,1:26.960
2014,5,6,Kimi Räikkönen,Ferrari,1:28.308,1:27.335,1:27.104
2014,5,7,Fernando Alonso,Ferrari,1:28.329,1:27.602,1:27.140
2014,5,8,Jenson Button,McLaren,1:28.279,1:27.570,1:27.335
2014,5,9,Felipe Massa,Williams,1:28.061,1:27.016,1:27.402
2014,5,10,Sebastian Vettel,Red Bull,1:27.958,1:27.052,
2014,5,11,Nico Hülkenberg,Force India,1:28.155,1:27.685,
2014,5,12,Sergio Pérez,Force India,1:28.469,1:28.002,
2014,5,13,Daniil Kvyat,Toro Rosso,1:28.074,1:28.039,
2014,5,14,Esteban Gutiérrez,Sauber,1:28.374,1:28.280,
2014,5,15,Kevin Magnussen,McLaren,1:28.389,,
2014,5,16,Jean-Éric Vergne,Toro Rosso,1:28.194,,
2014,5,17,Adrian Sutil,Sauber,1:28.563,,
2014,5,18,Max Chilton,Marussia,1:29.586,,
2014,5,19,Jules Bianchi,Marussia,1:30.177,,
2014,5,20,Marcus Ericsson,Caterham,1:30.312,,
2014,5,21,Kamui Kobayashi,Caterham,1:30.375,,
2014,5,22,Pastor Maldonado,Lotus F1,,,
2014,6,1,Nico Rosberg,Mercedes,1:17.678,1:16.465,1:15.989
2014,6,2,Lewis Hamilton,Mercedes,1:17.823,1:16.354,1:16.048
2014,6,3,Daniel Ricciardo,Red Bull,1:17.900,1:17.233,1:16.384
2014,6,4,Sebastian Vettel,Red Bull,1:18.383,1:17.074,1:16.547
2014,6,5,Fernando Alonso,Ferrari,1:17.853,1:17.200,1:16.686
2014,6,6,Kimi Räikkönen,Ferrari,1:17.902,1:17.398,1:17.389
2014,6,7,Jean-Éric Vergne,Toro Rosso,1:17.557,1:17.657,1:17.540
2014,6,8,Kevin Magnussen,McLaren,1:17.978,1:17.609,1:17.555
2014,6,9,Daniil Kvyat,Toro Rosso,1:18.616,1:17.594,1:18.090
2014,6,10,Sergio Pérez,Force India,1:18.108,1:17.755,1:18.327
2014,6,11,Nico Hülkenberg,Force India,1:18.432,1:17.846,
2014,6,12,Jenson Button,McLaren,1:17.890,1:17.988,
2014,6,13,Valtteri Bottas,Williams,1:18.407,1:18.082,
2014,6,14,Romain Grosjean,Lotus F1,1:18.335,1:18.196,
2014,6,15,Pastor Maldonado,Lotus F1,1:18.585,1:18.356,
2014,6,16,Felipe Massa,Williams,1:18.209,,
2014,6,17,Esteban Gutiérrez,Sauber,1:18.741,,
2014,6,18,Adrian Sutil,Sauber,1:18.745,,
2014,6,19,Jules Bianchi,Marussia,1:19.332,,
2014,6,20,Max Chilton,Marussia,1:19.928,,
2014,6,21,Kamui Kobayashi,Caterham,1:20.133,,
2014,6,22,Marcus Ericsson,Caterham,1:21.732,,
2014,7,1,Nico Rosberg,Mercedes,1:16.471,1:15.289,1:14.874
2014,7,2,Lewis Hamilton,Mercedes,1:15.750,1:15.054,1:14.953
2014,7,3,Sebastian Vettel,Red Bull,1:17.470,1:16.109,1:15.548
2014,7,4,Valtteri Bottas,Williams,1:16.772,1:15.806,1:15.550
2014,7,5,Felipe Massa,Williams,1:16.666,1:15.773,1:15.578
2014,7,6,Daniel Ricciardo,Red Bull,1:17.113,1:15.897,1:15.589
2014,7,7,Fernando Alonso,Ferrari,1:17.010,1:16.131,1:15.814
2014,7,8,Jean-Éric Vergne,Toro Rosso,1:17.178,1:16.255,1:16.162
2014,7,9,Jenson Button,McLaren,1:16.631,1:16.214,1:16.182
2014,7,10,Kimi Räikkönen,Ferrari,1:17.013,1:16.245,1:16.214
2014,7,11,Nico Hülkenberg,Force India,1:16.897,1:16.300,
2014,7,12,Kevin Magnussen,McLaren,1:16.446,1:16.310,
2014,7,13,Sergio Pérez,Force India,1:18.235,1:16.472,
2014,7,14,Romain Grosjean,Lotus F1,1:17.732,1:16.687,
2014,7,15,Daniil Kvyat,Toro Rosso,1:16.938,1:16.713,
2014,7,16,Adrian Sutil,Sauber,1:17.519,1:17.314,
2014,7,17,Pastor Maldonado,Lotus F1,1:18.328,,
2014,7,18,Max Chilton,Marussia,1:18.348,,
2014,7,19,Jules Bianchi,Marussia,1:18.359,,
2014,7,20,Kamui Kobayashi,Caterham,1:19.278,,
2014,7,21,Marcus Ericsson,Caterham,1:19.820,,
2014,7,22,Esteban Gutiérrez,Sauber,,,
2014,8,1,Felipe Massa,Williams,1:10.292,1:09.239,1:08.759
2014,8,2,Valtteri Bottas,Williams,1:10.356,1:09.096,1:08.846
2014,8,3,Nico Rosberg,Mercedes,1:09.695,1:08.974,1:08.944
2014,8,4,Fernando Alonso,Ferrari,1:10.405,1:09.479,1:09.285
2014,8,5,Daniel Ricciardo,Red Bull,1:10.395,1:09.638,1:09.466
2014,8,6,Kevin Magnussen,McLaren,1:10.081,1:09.473,1:09.515
2014,8,7,Daniil Kvyat,Toro Rosso,1:09.678,1:09.490,1:09.619
2014,8,8,Kimi Räikkönen,Ferrari,1:10.285,1:09.657,1:10.795
2014,8,9,Lewis Hamilton,Mercedes,1:09.514,1:09.092,
2014,8,10,Nico Hülkenberg,Force India,1:10.389,1:09.624,
2014,8,11,Sergio Pérez,Force India,1:10.124,1:09.754,
2014,8,12,Jenson Button,McLaren,1:10.252,1:09.780,
2014,8,13,Sebastian Vettel,Red Bull,1:10.630,1:09.801,
2014,8,14,Pastor Maldonado,Lotus F1,1:10.821,1:09.939,
2014,8,15,Jean-Éric Vergne,Toro Rosso,1:10.161,1:10.073,
2014,8,16,Romain Grosjean,Lotus F1,1:10.461,1:10.642,
2014,8,17,Adrian Sutil,Sauber,1:10.825,,
2014,8,18,Esteban Gutiérrez,Sauber,1:11.349,,
2014,8,19,Jules Bianchi,Marussia,1:11.412,,
2014,8,20,Kamui Kobayashi,Caterham,1:11.673,,
2014,8,21,Max Chilton,Marussia,1:11.775,,
2014,8,22,Marcus Ericsson,Caterham,1:12.673,,
2014,9,1,Nico Rosberg,Mercedes,1:40.380,1:35.179,1:35.766
2014,9,2,Sebastian Vettel,Red Bull,1:45.086,1:36.410,1:37.386
2014,9,3,Jenson Button,McLaren,1:44.425,1:36.579,1:38.200
2014,9,4,Nico Hülkenberg,Force India,1:41.271,1:37.112,1:38.329
2014,9,5,Kevin Magnussen,McLaren,1:42.507,1:37.370,1:38.417
2014,9,6,Lewis Hamilton,Mercedes,1:41.058,1:34.870,1:39.232
2014,9,7,Sergio Pérez,Force India,1:42.146,1:37.350,1:40.457
2014,9,8,Daniel Ricciardo,Red Bull,1:44.710,1:38.166,1:40.606
2014,9,9,Daniil Kvyat,Toro Rosso,1:41.032,1:36.813,1:40.707
2014,9,10,Jean-Éric Vergne,Toro Rosso,1:43.040,1:37.800,1:40.855
2014,9,11,Romain Grosjean,Lotus F1,1:43.121,1:38.496,
2014,9,12,Jules Bianchi,Marussia,1:41.169,1:38.709,
2014,9,13,Max Chilton,Marussia,1:42.082,1:39.800,
2014,9,14,Esteban Gutiérrez,Sauber,1:43.285,1:40.912,
2014,9,15,Pastor Maldonado,Lotus F1,1:43.892,1:44.018,
2014,9,16,Adrian Sutil,Sauber,1:42.603,,
2014,9,17,Valtteri Bottas,Williams,1:45.318,,
2014,9,18,Felipe Massa,Williams,1:45.695,,
2014,9,19,Fernando Alonso,Ferrari,1:45.935,,
2014,9,20,Kimi Räikkönen,Ferrari,1:46.684,,
2014,9,21,Marcus Ericsson,Caterham,1:49.421,,
2014,9,22,Kamui Kobayashi,Caterham,1:49.625,,
2014,10,1,Nico Rosberg,Mercedes,1:17.631,1:17.109,1:16.540
2014,10,2,Valtteri Bottas,Williams,1:18.215,1:17.353,1:16.759
2014,10,3,Felipe Massa,Williams,1:18.381,1:17.370,1:17.078
2014,10,4,Kevin Magnussen,McLaren,1:18.260,1:17.788,1:17.214
2014,10,5,Daniel Ricciardo,Red Bull,1:18.117,1:17.855,1:17.273
2014,10,6,Sebastian Vettel,Red Bull,1:18.194,1:17.646,1:17.577
2014,10,7,Fernando Alonso,Ferrari,1:18.389,1:17.866,1:17.649
2014,10,8,Daniil Kvyat,Toro Rosso,1:18.530,1:18.103,1:17.965
2014,10,9,Nico Hülkenberg,Force India,1:18.927,1:18.017,1:18.014
2014,10,10,Sergio Pérez,Force India,1:18.916,1:18.161,1:18.035
2014,10,11,Jenson Button,McLaren,1:18.425,1:18.193,
2014,10,12,Kimi Räikkönen,Ferrari,1:18.534,1:18.273,
2014,10,13,Jean-Éric Vergne,Toro Rosso,1:18.496,1:18.285,
2014,10,14,Esteban Gutiérrez,Sauber,1:18.739,1:18.787,
2014,10,15,Romain Grosjean,Lotus F1,1:18.894,1:18.983,
2014,10,16,Lewis Hamilton,Mercedes,1:18.683,,
2014,10,17,Adrian Sutil,Sauber,1:19.142,,
2014,10,18,Jules Bianchi,Marussia,1:19.676,,
2014,10,19,Pastor Maldonado,Lotus F1,1:20.195,,
2014,10,20,Kamui Kobayashi,Caterham,1:20.408,,
2014,10,21,Max Chilton,Marussia,1:20.489,,
2014,10,22,Marcus Ericsson,Caterham,,,
2014,11,1,Nico Rosberg,Mercedes,1:25.227,1:23.310,1:22.715
2014,11,2,Sebastian Vettel,Red Bull,1:25.662,1:23.606,1:23.201
2014,11,3,Valtteri Bottas,Williams,1:25.690,1:23.776,1:23.354
2014,11,4,Daniel Ricciardo,Red Bull,1:25.495,1:23.676,1:23.391
2014,11,5,Fernando Alonso,Ferrari,1:26.087,1:24.249,1:23.909
2014,11,6,Felipe Massa,Williams,1:26.592,1:24.030,1:24.223
2014,11,7,Jenson Button,McLaren,1:26.612,1:24.502,1:24.294
2014,11,8,Jean-Éric Vergne,Toro Rosso,1:24.941,1:24.637,1:24.720
2014,11,9,Nico Hülkenberg,Force India,1:26.149,1:24.647,1:24.775
2014,11,10,Kevin Magnussen,McLaren,1:26.578,1:24.585,
2014,11,11,Daniil Kvyat,Toro Rosso,1:25.361,1:24.706,
2014,11,12,Adrian Sutil,Sauber,1:26.027,1:25.136,
2014,11,13,Sergio Pérez,Force India,1:25.910,1:25.211,
2014,11,14,Esteban Gutiérrez,Sauber,1:25.709,1:25.260,
2014,11,15,Romain Grosjean,Lotus F1,1:26.136,1:25.337,
2014,11,16,Jules Bianchi,Marussia,1:26.728,1:27.419,
2014,11,17,Kimi Räikkönen,Ferrari,1:26.792,,
2014,11,18,Kamui Kobayashi,Caterham,1:27.139,,
2014,11,19,Max Chilton,Marussia,1:27.819,,
2014,11,20,Marcus Ericsson,Caterham,1:28.643,,
2014,11,21,Lewis Hamilton,Mercedes,,,
2014,11,22,Pastor Maldonado,Lotus F1,,,
2014,12,1,Nico Rosberg,Mercedes,2:07.130,2:06.723,2:05.591
2014,12,2,Lewis Hamilton,Mercedes,2:07.280,2:06.609,2:05.819
2014,12,3,Sebastian Vettel,Red Bull,2:10.105,2:08.868,2:07.717
2014,12,4,Fernando Alonso,Ferrari,2:10.197,2:08.450,2:07.786
2014,12,5,Daniel Ricciardo,Red Bull,2:10.089,2:08.989,2:07.911
2014,12,6,Valtteri Bottas,Williams,2:09.250,2:08.451,2:08.049
2014,12,7,Kevin Magnussen,McLaren,2:11.081,2:08.901,2:08.679
2014,12,8,Kimi Räikkönen,Ferrari,2:09.885,2:08.646,2:08.780
2014,12,9,Felipe Massa,Williams,2:08.403,2:08.833,2:09.178
2014,12,10,Jenson Button,McLaren,2:10.529,2:09.272,2:09.776
2014,12,11,Daniil Kvyat,Toro Rosso,2:10.445,2:09.377,
2014,12,12,Jean-Éric Vergne,Toro Rosso,2:09.811,2:09.805,
2014,12,13,Sergio Pérez,Force India,2:10.666,2:10.084,
2014,12,14,Adrian Sutil,Sauber,2:11.051,2:10.238,
2014,12,15,Romain Grosjean,Lotus F1,2:10.898,2:11.087,
2014,12,16,Jules Bianchi,Marussia,2:11.051,2:12.470,
2014,12,17,Pastor Maldonado,Lotus F1,2:11.261,,
2014,12,18,Nico Hülkenberg,Force India,2:11.267,,
2014,12,19,Max Chilton,Marussia,2:12.566,,
2014,12,20,Esteban Gutiérrez,Sauber,2:13.414,,
2014,12,21,André Lotterer,Caterham,2:13.469,,
2014,12,22,Marcus Ericsson,Caterham,2:14.438,,
2014,13,1,Lewis Hamilton,Mercedes,1:25.363,1:24.560,1:24.109
2014,13,2,Nico Rosberg,Mercedes,1:25.493,1:24.600,1:24.383
2014,13,3,Valtteri Bottas,Williams,1:26.012,1:24.858,1:24.697
2014,13,4,Felipe Massa,Williams,1:25.528,1:25.046,1:24.865
2014,13,5,Kevin Magnussen,McLaren,1:26.337,1:25.973,1:25.314
2014,13,6,Jenson Button,McLaren,1:26.328,1:25.630,1:25.379
2014,13,7,Fernando Alonso,Ferrari,1:26.514,1:25.525,1:25.430
2014,13,8,Sebastian Vettel,Red Bull,1:26.631,1:25.769,1:25.436
2014,13,9,Daniel Ricciardo,Red Bull,1:26.721,1:25.946,1:25.709
2014,13,10,Sergio Pérez,Force India,1:26.569,1:25.863,1:25.944
2014,13,11,Daniil Kvyat,Toro Rosso,1:26.261,1:26.070,
2014,13,12,Kimi Räikkönen,Ferrari,1:26.689,1:26.110,
2014,13,13,Jean-Éric Vergne,Toro Rosso,1:26.140,1:26.157,
2014,13,14,Nico Hülkenberg,Force India,1:26.371,1:26.279,
2014,13,15,Adrian Sutil,Sauber,1:27.034,1:26.588,
2014,13,16,Esteban Gutiérrez,Sauber,1:26.999,1:26.692,
2014,13,17,Pastor Maldonado,Lotus F1,1:27.520,,
2014,13,18,Romain Grosjean,Lotus F1,1:27.632,,
2014,13,19,Kamui Kobayashi,Caterham,1:27.671,,
2014,13,20,Jules Bianchi,Marussia,1:27.738,,
2014,13,21,Max Chilton,Marussia,1:28.247,,
2014,13,22,Marcus Ericsson,Caterham,1:28.562,,
2014,14,1,Lewis Hamilton,Mercedes,1:46.921,1:46.287,1:45.681
2014,14,2,Nico Rosberg,Mercedes,1:47.244,1:45.825,1:45.688
2014,14,3,Daniel Ricciardo,Red Bull,1:47.488,1:46.493,1:45.854
2014,14,4,Sebastian Vettel,Red Bull,1:47.476,1:46.586,1:45.902
2014,14,5,Fernando Alonso,Ferrari,1:46.889,1:46.328,1:45.907
2014,14,6,Felipe Massa,Williams,1:47.615,1:46.472,1:46.000
2014,14,7,Kimi Räikkönen,Ferrari,1:46.685,1:46.359,1:46.170
2014,14,8,Valtteri Bottas,Williams,1:47.196,1:46.622,1:46.187
2014,14,9,Kevin Magnussen,McLaren,1:47.976,1:46.700,1:46.250
2014,14,10,Daniil Kvyat,Toro Rosso,1:47.656,1:46.926,1:47.362
2014,14,11,Jenson Button,McLaren,1:47.161,1:46.943,
2014,14,12,Jean-Éric Vergne,Toro Rosso,1:47.407,1:46.989,
2014,14,13,Nico Hülkenberg,Force India,1:47.370,1:47.308,
2014,14,14,Esteban Gutiérrez,Sauber,1:47.970,1:47.333,
2014,14,15,Sergio Pérez,Force India,1:48.143,1:47.575,
2014,14,16,Romain Grosjean,Lotus F1,1:47.862,1:47.812,
2014,14,17,Adrian Sutil,Sauber,1:48.324,,
2014,14,18,Pastor Maldonado,Lotus F1,1:49.063,,
2014,14,19,Jules Bianchi,Marussia,1:49.440,,
2014,14,20,Kamui Kobayashi,Caterham,1:50.405,,
2014,14,21,Max Chilton,Marussia,1:50.473,,
2014,14,22,Marcus Ericsson,Caterham,1:52.287,,
2014,15,1,Nico Rosberg,Mercedes,1:33.671,1:32.950,1:32.506
2014,15,2,Lewis Hamilton,Mercedes,1:33.611,1:32.982,1:32.703
2014,15,3,Valtteri Bottas,Williams,1:34.301,1:33.443,1:33.128
2014,15,4,Felipe Massa,Williams,1:34.483,1:33.551,1:33.527
2014,15,5,Fernando Alonso,Ferrari,1:34.497,1:33.675,1:33.740
2014,15,6,Daniel Ricciardo,Red Bull,1:35.593,1:34.466,1:34.075
2014,15,7,Kevin Magnussen,McLaren,1:34.930,1:34.229,1:34.242
2014,15,8,Jenson Button,McLaren,1:35.150,1:34.648,1:34.317
2014,15,9,Sebastian Vettel,Red Bull,1:35.517,1:34.784,1:34.432
2014,15,10,Kimi Räikkönen,Ferrari,1:34.984,1:34.771,1:34.548
2014,15,11,Jean-Éric Vergne,Toro Rosso,1:35.155,1:34.984,
2014,15,12,Sergio Pérez,Force India,1:35.439,1:35.089,
2014,15,13,Daniil Kvyat,Toro Rosso,1:35.210,1:35.092,
2014,15,14,Nico Hülkenberg,Force India,1:35.000,1:35.099,
2014,15,15,Adrian Sutil,Sauber,1:35.736,1:35.364,
2014,15,16,Esteban Gutiérrez,Sauber,1:35.308,1:35.681,
2014,15,17,Pastor Maldonado,Lotus F1,1:35.917,,
2014,15,18,Romain Grosjean,Lotus F1,1:35.984,,
2014,15,19,Marcus Ericsson,Caterham,1:36.813,,
2014,15,20,Jules Bianchi,Marussia,1:36.943,,
2014,15,21,Kamui Kobayashi,Caterham,1:37.015,,
2014,15,22,Max Chilton,Marussia,1:37.481,,
2014,16,1,Lewis Hamilton,Mercedes,1:38.759,1:38.338,1:38.513
2014,16,2,Nico Rosberg,Mercedes,1:39.076,1:38.606,1:38.713
2014,16,3,Valtteri Bottas,Williams,1:39.125,1:38.971,1:38.920
2014,16,4,Jenson Button,McLaren,1:39.560,1:39.381,1:39.121
2014,16,5,Daniil Kvyat,Toro Rosso,1:40.074,1:39.296,1:39.277
2014,16,6,Kevin Magnussen,McLaren,1:39.735,1:39.022,1:39.629
2014,16,7,Daniel Ricciardo,Red Bull,1:40.519,1:39.666,1:39.635
2014,16,8,Fernando Alonso,Ferrari,1:40.255,1:39.786,1:39.709
2014,16,9,Kimi Räikkönen,Ferrari,1:40.098,1:39.838,1:39.771
2014,16,10,Jean-Éric Vergne,Toro Rosso,1:40.354,1:39.929,1:40.020
2014,16,11,Sebastian Vettel,Red Bull,1:40.382,1:40.052,
2014,16,12,Nico Hülkenberg,Force India,1:40.273,1:40.058,
2014,16,13,Sergio Pérez,Force India,1:40.723,1:40.163,
2014,16,14,Esteban Gutiérrez,Sauber,1:41.159,1:40.536,
2014,16,15,Adrian Sutil,Sauber,1:40.766,1:40.984,
2014,16,16,Romain Grosjean,Lotus F1,1:42.526,1:41.397,
2014,16,17,Marcus Ericsson,Caterham,1:42.648,,
2014,16,18,Felipe Massa,Williams,1:43.064,,
2014,16,19,Kamui Kobayashi,Caterham,1:43.166,,
2014,16,20,Pastor Maldonado,Lotus F1,1:43.205,,
2014,16,21,Max Chilton,Marussia,1:43.649,,
2014,17,1,Nico Rosberg,Mercedes,1:38.303,1:36.290,1:36.067
2014,17,2,Lewis Hamilton,Mercedes,1:37.196,1:37.287,1:36.443
2014,17,3,Valtteri Bottas,Williams,1:38.249,1:37.499,1:36.906
2014,17,4,Felipe Massa,Williams,1:37.877,1:37.347,1:37.205
2014,17,5,Daniel Ricciardo,Red Bull,1:38.814,1:37.873,1:37.244
2014,17,6,Fernando Alonso,Ferrari,1:38.349,1:38.010,1:37.610
2014,17,7,Jenson Button,McLaren,1:38.574,1:38.024,1:37.655
2014,17,8,Kevin Magnussen,McLaren,1:38.557,1:38.047,1:37.706
2014,17,9,Kimi Räikkönen,Ferrari,1:38.669,1:38.263,1:37.804
2014,17,10,Adrian Sutil,Sauber,1:38.855,1:38.378,1:38.810
2014,17,11,Pastor Maldonado,Lotus F1,1:38.608,1:38.467,
2014,17,12,Sergio Pérez,Force India,1:39.200,1:38.554,
2014,17,13,Nico Hülkenberg,Force India,1:38.931,1:38.598,
2014,17,14,Daniil Kvyat,Toro Rosso,1:38.936,1:38.699,
2014,17,15,Jean-Éric Vergne,Toro Rosso,1:39.250,,
2014,17,16,Esteban Gutiérrez,Sauber,1:39.555,,
2014,17,17,Sebastian Vettel,Red Bull,1:39.621,,
2014,17,18,Romain Grosjean,Lotus F1,1:39.679,,
2014,18,1,Nico Rosberg,Mercedes,1:10.347,1:10.303,1:10.023
2014,18,2,Lewis Hamilton,Mercedes,1:10.457,1:10.712,1:10.056
2014,18,3,Felipe Massa,Williams,1:10.602,1:10.343,1:10.247
2014,18,4,Valtteri Bottas,Williams,1:10.832,1:10.421,1:10.305
2014,18,5,Jenson Button,McLaren,1:11.097,1:11.127,1:10.930
2014,18,6,Sebastian Vettel,Red Bull,1:11.880,1:11.129,1:10.938
2014,18,7,Kevin Magnussen,McLaren,1:11.134,1:11.211,1:10.969
2014,18,8,Fernando Alonso,Ferrari,1:11.558,1:11.215,1:10.977
2014,18,9,Daniel Ricciardo,Red Bull,1:11.593,1:11.208,1:11.075
2014,18,10,Kimi Räikkönen,Ferrari,1:11.193,1:11.188,1:11.099
2014,18,11,Esteban Gutiérrez,Sauber,1:11.520,1:11.591,
2014,18,12,Nico Hülkenberg,Force India,1:11.848,1:11.976,
2014,18,13,Adrian Sutil,Sauber,1:11.943,1:12.099,
2014,18,14,Daniil Kvyat,Toro Rosso,1:11.423,,
2014,18,15,Romain Grosjean,Lotus F1,1:12.037,,
2014,18,16,Jean-Éric Vergne,Toro Rosso,1:12.040,,
2014,18,17,Sergio Pérez,Force India,1:12.076,,
2014,18,18,Pastor Maldonado,Lotus F1,1:12.233,,
2014,19,1,Nico Rosberg,Mercedes,1:41.308,1:41.459,1:40.480
2014,19,2,Lewis Hamilton,Mercedes,1:41.207,1:40.920,1:40.866
2014,19,3,Valtteri Bottas,Williams,1:42.346,1:41.376,1:41.025
2014,19,4,Felipe Massa,Williams,1:41.475,1:41.144,1:41.119
2014,19,5,Daniil Kvyat,Toro Rosso,1:42.302,1:42.082,1:41.908
2014,19,6,Jenson Button,McLaren,1:42.137,1:41.875,1:41.964
2014,19,7,Kimi Räikkönen,Ferrari,1:42.439,1:42.168,1:42.236
2014,19,8,Fernando Alonso,Ferrari,1:42.467,1:41.940,1:42.866
2014,19,9,Kevin Magnussen,McLaren,1:42.104,1:42.198,
2014,19,10,Jean-Éric Vergne,Toro Rosso,1:42.413,1:42.207,
2014,19,11,Sergio Pérez,Force India,1:42.654,1:42.239,
2014,19,12,Nico Hülkenberg,Force India,1:42.444,1:42.384,
2014,19,13,Adrian Sutil,Sauber,1:42.746,1:43.074,
2014,19,14,Romain Grosjean,Lotus F1,1:42.768,,
2014,19,15,Esteban Gutiérrez,Sauber,1:42.819,,
2014,19,16,Pastor Maldonado,Lotus F1,1:42.860,,
2014,19,17,Kamui Kobayashi,Caterham,1:44.540,,
2014,19,18,Will Stevens,Caterham,1:45.095,,
2015,1,1,Lewis Hamilton,Mercedes,1:28.586,1:26.894,1:26.327
2015,1,2,Nico Rosberg,Mercedes,1:28.906,1:27.097,1:26.921
2015,1,3,Felipe Massa,Williams,1:29.246,1:27.895,1:27.718
2015,1,4,Sebastian Vettel,Ferrari,1:29.307,1:27.742,1:27.757
2015,1,5,Kimi Räikkönen,Ferrari,1:29.754,1:27.807,1:27.790
2015,1,6,Valtteri Bottas,Williams,1:29.641,1:27.796,1:28.087
2015,1,7,Daniel Ricciardo,Red Bull,1:29.788,1:28.679,1:28.329
2015,1,8,Carlos Sainz,Toro Rosso,1:29.597,1:28.601,1:28.510
2015,1,9,Romain Grosjean,Lotus F1,1:29.537,1:28.589,1:28.560
2015,1,10,Pastor Maldonado,Lotus F1,1:29.847,1:28.726,1:29.480
2015,1,11,Felipe Nasr,Sauber,1:30.430,1:28.800,
2015,1,12,Max Verstappen,Toro Rosso,1:29.248,1:28.868,
2015,1,13,Daniil Kvyat,Red Bull,1:30.402,1:29.070,
2015,1,14,Nico Hülkenberg,Force India,1:29.651,1:29.208,
2015,1,15,Sergio Pérez,Force India,1:29.990,1:29.209,
2015,1,16,Marcus Ericsson,Sauber,1:31.376,,
2015,1,17,Jenson Button,McLaren,1:31.422,,
2015,1,18,Kevin Magnussen,McLaren,1:32.037,,
2015,2,1,Lewis Hamilton,Mercedes,1:39.269,1:41.517,1:49.834
2015,2,2,Sebastian Vettel,Ferrari,1:39.814,1:39.632,1:49.908
2015,2,3,Nico Rosberg,Mercedes,1:39.374,1:39.377,1:50.299
2015,2,4,Daniel Ricciardo,Red Bull,1:40.504,1:41.085,1:51.541
2015,2,5,Daniil Kvyat,Red Bull,1:40.546,1:41.665,1:51.951
2015,2,6,Max Verstappen,Toro Rosso,1:40.793,1:41.430,1:51.981
2015,2,7,Felipe Massa,Williams,1:40.543,1:41.230,1:52.473
2015,2,8,Romain Grosjean,Lotus F1,1:40.303,1:41.209,1:52.981
2015,2,9,Valtteri Bottas,Williams,1:40.249,1:40.650,1:53.179
2015,2,10,Marcus Ericsson,Sauber,1:40.340,1:41.748,1:53.261
2015,2,11,Kimi Räikkönen,Ferrari,1:40.415,1:42.173,
2015,2,12,Pastor Maldonado,Lotus F1,1:40.361,1:42.198,
2015,2,13,Nico Hülkenberg,Force India,1:40.830,1:43.023,
2015,2,14,Sergio Pérez,Force India,1:41.036,1:43.469,
2015,2,15,Carlos Sainz,Toro Rosso,1:39.814,1:43.701,
2015,2,16,Felipe Nasr,Sauber,1:41.308,,
2015,2,17,Jenson Button,McLaren,1:41.636,,
2015,2,18,Fernando Alonso,McLaren,1:41.746,,
2015,2,19,Roberto Merhi,Manor Marussia,1:46.677,,
2015,3,1,Lewis Hamilton,Mercedes,1:38.285,1:36.423,1:35.782
2015,3,2,Nico Rosberg,Mercedes,1:38.496,1:36.747,1:35.828
2015,3,3,Sebastian Vettel,Ferrari,1:37.502,1:36.957,1:36.687
2015,3,4,Felipe Massa,Williams,1:38.433,1:37.357,1:36.954
2015,3,5,Valtteri Bottas,Williams,1:38.014,1:37.763,1:37.143
2015,3,6,Kimi Räikkönen,Ferrari,1:37.790,1:37.109,1:37.232
2015,3,7,Daniel Ricciardo,Red Bull,1:38.534,1:37.939,1:37.540
2015,3,8,Romain Grosjean,Lotus F1,1:38.209,1:38.063,1:37.905
2015,3,9,Felipe Nasr,Sauber,1:38.521,1:38.017,1:38.067
2015,3,10,Marcus Ericsson,Sauber,1:38.941,1:38.127,1:38.158
2015,3,11,Pastor Maldonado,Lotus F1,1:38.563,1:38.134,
2015,3,12,Daniil Kvyat,Red Bull,1:39.051,1:38.209,
2015,3,13,Max Verstappen,Toro Rosso,1:38.387,1:38.393,
2015,3,14,Carlos Sainz,Toro Rosso,1:38.622,1:38.538,
2015,3,15,Sergio Pérez,Force India,1:38.903,1:39.290,
2015,3,16,Nico Hülkenberg,Force India,1:39.216,,
2015,3,17,Jenson Button,McLaren,1:39.276,,
2015,3,18,Fernando Alonso,McLaren,1:39.280,,
2015,3,19,Will Stevens,Manor Marussia,1:42.091,,
2015,3,20,Roberto Merhi,Manor Marussia,1:42.842,,
2015,4,1,Lewis Hamilton,Mercedes,1:33.928,1:32.669,1:32.571
2015,4,2,Sebastian Vettel,Ferrari,1:34.919,1:33.623,1:32.982
2015,4,3,Nico Rosberg,Mercedes,1:34.398,1:33.878,1:33.129
2015,4,4,Kimi Räikkönen,Ferrari,1:34.568,1:33.540,1:33.227
2015,4,5,Valtteri Bottas,Williams,1:34.161,1:33.897,1:33.381
2015,4,6,Felipe Massa,Williams,1:34.488,1:33.551,1:33.744
2015,4,7,Daniel Ricciardo,Red Bull,1:34.691,1:34.403,1:33.832
2015,4,8,Nico Hülkenberg,Force India,1:35.653,1:34.613,1:34.450
2015,4,9,Carlos Sainz,Toro Rosso,1:35.371,1:34.641,1:34.462
2015,4,10,Romain Grosjean,Lotus F1,1:35.007,1:34.123,1:34.484
2015,4,11,Sergio Pérez,Force India,1:35.451,1:34.704,
2015,4,12,Felipe Nasr,Sauber,1:35.310,1:34.737,
2015,4,13,Marcus Ericsson,Sauber,1:35.438,1:35.034,
2015,4,14,Fernando Alonso,McLaren,1:35.205,1:35.039,
2015,4,15,Max Verstappen,Toro Rosso,1:35.611,1:35.103,
2015,4,16,Pastor Maldonado,Lotus F1,1:35.677,,
2015,4,17,Daniil Kvyat,Red Bull,1:35.800,,
2015,4,18,Will Stevens,Manor Marussia,1:38.713,,
2015,4,19,Roberto Merhi,Manor Marussia,1:39.722,,
2015,5,1,Nico Rosberg,Mercedes,1:26.490,1:25.166,1:24.681
2015,5,2,Lewis Hamilton,Mercedes,1:26.382,1:25.740,1:24.948
2015,5,3,Sebastian Vettel,Ferrari,1:27.534,1:26.167,1:25.458
2015,5,4,Valtteri Bottas,Williams,1:27.262,1:26.197,1:25.694
2015,5,5,Carlos Sainz,Toro Rosso,1:26.773,1:26.475,1:26.136
2015,5,6,Max Verstappen,Toro Rosso,1:27.393,1:26.441,1:26.249
2015,5,7,Kimi Räikkönen,Ferrari,1:26.637,1:26.016,1:26.414
2015,5,8,Daniil Kvyat,Red Bull,1:27.833,1:26.889,1:26.629
2015,5,9,Felipe Massa,Williams,1:27.165,1:26.147,1:26.757
2015,5,10,Daniel Ricciardo,Red Bull,1:27.611,1:26.692,1:26.770
2015,5,11,Romain Grosjean,Lotus F1,1:27.383,1:27.375,
2015,5,12,Pastor Maldonado,Lotus F1,1:27.281,1:27.450,
2015,5,13,Fernando Alonso,McLaren,1:27.941,1:27.760,
2015,5,14,Jenson Button,McLaren,1:27.813,1:27.854,
2015,5,15,Felipe Nasr,Sauber,1:27.625,1:28.005,
2015,5,16,Marcus Ericsson,Sauber,1:28.112,,
2015,5,17,Nico Hülkenberg,Force India,1:28.365,,
2015,5,18,Sergio Pérez,Force India,1:28.442,,
2015,5,19,Will Stevens,Manor Marussia,1:31.200,,
2015,5,20,Roberto Merhi,Manor Marussia,1:32.038,,
2015,6,1,Lewis Hamilton,Mercedes,1:16.588,1:15.864,1:15.098
2015,6,2,Nico Rosberg,Mercedes,1:16.528,1:15.471,1:15.440
2015,6,3,Sebastian Vettel,Ferrari,1:17.502,1:16.181,1:15.849
2015,6,4,Daniel Ricciardo,Red Bull,1:17.254,1:16.706,1:16.041
2015,6,5,Daniil Kvyat,Red Bull,1:16.845,1:16.453,1:16.182
2015,6,6,Kimi Räikkönen,Ferrari,1:17.660,1:16.440,1:16.427
2015,6,7,Sergio Pérez,Force India,1:17.376,1:16.999,1:16.808
2015,6,8,Carlos Sainz,Toro Rosso,1:17.246,1:16.762,1:16.931
2015,6,9,Pastor Maldonado,Lotus F1,1:17.630,1:16.775,1:16.946
2015,6,10,Max Verstappen,Toro Rosso,1:16.750,1:16.546,1:16.957
2015,6,11,Romain Grosjean,Lotus F1,1:17.767,1:17.007,
2015,6,12,Jenson Button,McLaren,1:17.492,1:17.093,
2015,6,13,Nico Hülkenberg,Force India,1:17.552,1:17.193,
2015,6,14,Felipe Massa,Williams,1:17.679,1:17.278,
2015,6,15,Fernando Alonso,McLaren,1:17.778,1:26.632,
2015,6,16,Felipe Nasr,Sauber,1:18.101,,
2015,6,17,Valtteri Bottas,Williams,1:18.434,,
2015,6,18,Marcus Ericsson,Sauber,1:18.513,,
2015,6,19,Will Stevens,Manor Marussia,1:20.655,,
2015,6,20,Roberto Merhi,Manor Marussia,1:20.904,,
2015,7,1,Lewis Hamilton,Mercedes,1:15.895,1:14.661,1:14.393
2015,7,2,Nico Rosberg,Mercedes,1:15.893,1:14.673,1:14.702
2015,7,3,Kimi Räikkönen,Ferrari,1:16.259,1:15.348,1:15.014
2015,7,4,Valtteri Bottas,Williams,1:16.552,1:15.506,1:15.102
2015,7,5,Romain Grosjean,Lotus F1,1:15.833,1:15.187,1:15.194
2015,7,6,Pastor Maldonado,Lotus F1,1:16.098,1:15.622,1:15.329
2015,7,7,Nico Hülkenberg,Force India,1:16.186,1:15.706,1:15.614
2015,7,8,Daniil Kvyat,Red Bull,1:16.415,1:15.891,1:16.079
2015,7,9,Daniel Ricciardo,Red Bull,1:16.410,1:16.006,1:16.114
2015,7,10,Sergio Pérez,Force India,1:16.827,1:15.974,1:16.338
2015,7,11,Carlos Sainz,Toro Rosso,1:16.611,1:16.042,
2015,7,12,Max Verstappen,Toro Rosso,1:16.361,1:16.245,
2015,7,13,Marcus Ericsson,Sauber,1:16.796,1:16.262,
2015,7,14,Fernando Alonso,McLaren,1:17.012,1:16.276,
2015,7,15,Felipe Nasr,Sauber,1:16.968,1:16.620,
2015,7,16,Sebastian Vettel,Ferrari,1:17.344,,
2015,7,17,Felipe Massa,Williams,1:17.886,,
2015,7,18,Roberto Merhi,Manor Marussia,1:19.133,,
2015,7,19,Will Stevens,Manor Marussia,1:19.157,,
2015,8,1,Lewis Hamilton,Mercedes,1:12.218,1:09.062,1:08.455
2015,8,2,Nico Rosberg,Mercedes,1:10.976,1:08.634,1:08.655
2015,8,3,Sebastian Vettel,Ferrari,1:11.184,1:09.392,1:08.810
2015,8,4,Felipe Massa,Williams,1:11.830,1:09.719,1:09.192
2015,8,5,Nico Hülkenberg,Force India,1:11.319,1:09.604,1:09.278
2015,8,6,Valtteri Bottas,Williams,1:11.894,1:09.598,1:09.319
2015,8,7,Max Verstappen,Toro Rosso,1:11.307,1:09.631,1:09.612
2015,8,8,Daniil Kvyat,Red Bull,1:12.092,1:10.187,1:09.694
2015,8,9,Felipe Nasr,Sauber,1:12.001,1:09.652,1:09.713
2015,8,10,Romain Grosjean,Lotus F1,1:11.821,1:09.920,
2015,8,11,Pastor Maldonado,Lotus F1,1:11.661,1:10.374,
2015,8,12,Marcus Ericsson,Sauber,1:12.388,1:10.426,
2015,8,13,Carlos Sainz,Toro Rosso,1:11.158,1:10.465,
2015,8,14,Daniel Ricciardo,Red Bull,1:11.973,1:10.482,
2015,8,15,Fernando Alonso,McLaren,1:12.508,1:10.736,
2015,8,16,Sergio Pérez,Force India,1:12.522,,
2015,8,17,Jenson Button,McLaren,1:12.632,,
2015,8,18,Kimi Räikkönen,Ferrari,1:12.867,,
2015,8,19,Roberto Merhi,Manor Marussia,1:14.071,,
2015,8,20,Will Stevens,Manor Marussia,1:15.368,,
2015,9,1,Lewis Hamilton,Mercedes,1:33.796,1:33.068,1:32.248
2015,9,2,Nico Rosberg,Mercedes,1:33.475,1:32.737,1:32.361
2015,9,3,Felipe Massa,Williams,1:34.542,1:33.707,1:33.085
2015,9,4,Valtteri Bottas,Williams,1:34.171,1:33.020,1:33.149
2015,9,5,Kimi Räikkönen,Ferrari,1:33.426,1:33.911,1:33.379
2015,9,6,Sebastian Vettel,Ferrari,1:33.562,1:33.641,1:33.547
2015,9,7,Daniil Kvyat,Red Bull,1:34.422,1:33.520,1:33.636
2015,9,8,Carlos Sainz,Toro Rosso,1:34.641,1:34.071,1:33.649
2015,9,9,Nico Hülkenberg,Force India,1:34.594,1:33.693,1:33.673
2015,9,10,Daniel Ricciardo,Red Bull,1:34.272,1:33.749,1:33.943
2015,9,11,Sergio Pérez,Force India,1:34.250,1:34.268,
2015,9,12,Romain Grosjean,Lotus F1,1:34.646,1:34.430,
2015,9,13,Max Verstappen,Toro Rosso,1:34.819,1:34.502,
2015,9,14,Pastor Maldonado,Lotus F1,1:34.877,1:34.511,
2015,9,15,Marcus Ericsson,Sauber,1:34.643,1:34.868,
2015,9,16,Felipe Nasr,Sauber,1:34.888,,
2015,9,17,Fernando Alonso,McLaren,1:34.959,,
2015,9,18,Jenson Button,McLaren,1:35.207,,
2015,9,19,Will Stevens,Manor Marussia,1:37.364,,
2015,9,20,Roberto Merhi,Manor Marussia,1:39.377,,
2015,10,1,Lewis Hamilton,Mercedes,1:22.890,1:22.285,1:22.020
2015,10,2,Nico Rosberg,Mercedes,1:22.979,1:22.775,1:22.595
2015,10,3,Sebastian Vettel,Ferrari,1:23.312,1:23.168,1:22.739
2015,10,4,Daniel Ricciardo,Red Bull,1:24.408,1:23.230,1:22.774
2015,10,5,Kimi Räikkönen,Ferrari,1:23.596,1:23.460,1:23.020
2015,10,6,Valtteri Bottas,Williams,1:23.649,1:23.555,1:23.222
2015,10,7,Daniil Kvyat,Red Bull,1:23.587,1:23.597,1:23.332
2015,10,8,Felipe Massa,Williams,1:23.895,1:23.598,1:23.537
2015,10,9,Max Verstappen,Toro Rosso,1:24.032,1:23.781,1:23.679
2015,10,10,Romain Grosjean,Lotus F1,1:24.242,1:23.805,1:24.181
2015,10,11,Nico Hülkenberg,Force India,1:24.115,1:23.826,
2015,10,12,Carlos Sainz,Toro Rosso,1:24.623,1:23.869,
2015,10,13,Sergio Pérez,Force India,1:24.444,1:24.461,
2015,10,14,Pastor Maldonado,Lotus F1,1:23.895,1:24.609,
2015,10,15,Fernando Alonso,McLaren,1:24.563,,
2015,10,16,Jenson Button,McLaren,1:24.739,,
2015,10,17,Marcus Ericsson,Sauber,1:24.843,,
2015,10,18,Felipe Nasr,Sauber,1:24.997,,
2015,10,19,Roberto Merhi,Manor Marussia,1:27.416,,
2015,10,20,Will Stevens,Manor Marussia,1:27.949,,
2015,11,1,Lewis Hamilton,Mercedes,1:48.908,1:48.024,1:47.197
2015,11,2,Nico Rosberg,Mercedes,1:48.923,1:47.955,1:47.655
2015,11,3,Valtteri Bottas,Williams,1:49.026,1:49.044,1:48.537
2015,11,4,Romain Grosjean,Lotus F1,1:49.353,1:48.981,1:48.561
2015,11,5,Sergio Pérez,Force India,1:49.006,1:48.792,1:48.599
2015,11,6,Daniel Ricciardo,Red Bull,1:49.664,1:49.042,1:48.639
2015,11,7,Felipe Massa,Williams,1:49.688,1:48.806,1:48.685
2015,11,8,Pastor Maldonado,Lotus F1,1:49.568,1:48.956,1:48.754
2015,11,9,Sebastian Vettel,Ferrari,1:49.264,1:48.761,1:48.825
2015,11,10,Carlos Sainz,Toro Rosso,1:49.109,1:49.065,1:49.771
2015,11,11,Nico Hülkenberg,Force India,1:49.499,1:49.121,
2015,11,12,Daniil Kvyat,Red Bull,1:49.469,1:49.228,
2015,11,13,Marcus Ericsson,Sauber,1:49.523,1:49.586,
2015,11,14,Kimi Räikkönen,Ferrari,1:49.288,,
2015,11,15,Max Verstappen,Toro Rosso,1:49.831,,
2015,11,16,Felipe Nasr,Sauber,1:49.952,,
2015,11,17,Jenson Button,McLaren,1:50.978,,
2015,11,18,Fernando Alonso,McLaren,1:51.420,,
2015,11,19,Will Stevens,Manor Marussia,1:52.948,,
2015,11,20,Roberto Merhi,Manor Marussia,1:53.099,,
2015,12,1,Lewis Hamilton,Mercedes,1:24.251,1:23.383,1:23.397
2015,12,2,Kimi Räikkönen,Ferrari,1:24.662,1:23.757,1:23.631
2015,12,3,Sebastian Vettel,Ferrari,1:24.989,1:23.577,1:23.685
2015,12,4,Nico Rosberg,Mercedes,1:24.609,1:23.864,1:23.703
2015,12,5,Felipe Massa,Williams,1:25.184,1:23.983,1:23.940
2015,12,6,Valtteri Bottas,Williams,1:24.979,1:24.313,1:24.127
2015,12,7,Sergio Pérez,Force India,1:24.801,1:24.379,1:24.626
2015,12,8,Romain Grosjean,Lotus F1,1:25.144,1:24.448,1:25.054
2015,12,9,Nico Hülkenberg,Force India,1:24.937,1:24.510,1:25.317
2015,12,10,Marcus Ericsson,Sauber,1:25.122,1:24.457,1:26.214
2015,12,11,Pastor Maldonado,Lotus F1,1:25.429,1:24.525,
2015,12,12,Felipe Nasr,Sauber,1:25.121,1:24.898,
2015,12,13,Carlos Sainz,Toro Rosso,1:25.410,1:25.618,
2015,12,14,Daniil Kvyat,Red Bull,1:25.742,1:25.796,
2015,12,15,Daniel Ricciardo,Red Bull,1:25.633,,
2015,12,16,Jenson Button,McLaren,1:26.058,,
2015,12,17,Fernando Alonso,McLaren,1:26.154,,
2015,12,18,Will Stevens,Manor Marussia,1:27.731,,
2015,12,19,Roberto Merhi,Manor Marussia,1:27.912,,
2015,12,20,Max Verstappen,Toro Rosso,,,
2015,13,1,Sebastian Vettel,Ferrari,1:46.017,1:44.743,1:43.885
2015,13,2,Daniel Ricciardo,Red Bull,1:46.166,1:45.291,1:44.428
2015,13,3,Kimi Räikkönen,Ferrari,1:46.467,1:45.140,1:44.667
2015,13,4,Daniil Kvyat,Red Bull,1:45.340,1:44.979,1:44.745
2015,13,5,Lewis Hamilton,Mercedes,1:45.765,1:45.650,1:45.300
2015,13,6,Nico Rosberg,Mercedes,1:46.201,1:45.653,1:45.415
2015,13,7,Valtteri Bottas,Williams,1:46.231,1:45.887,1:45.676
2015,13,8,Max Verstappen,Toro Rosso,1:46.483,1:45.635,1:45.798
2015,13,9,Felipe Massa,Williams,1:46.879,1:45.701,1:46.077
2015,13,10,Romain Grosjean,Lotus F1,1:46.860,1:45.805,1:46.413
2015,13,11,Nico Hülkenberg,Force India,1:46.669,1:46.305,
2015,13,12,Fernando Alonso,McLaren,1:46.600,1:46.328,
2015,13,13,Sergio Pérez,Force India,1:46.576,1:46.385,
2015,13,14,Carlos Sainz,Toro Rosso,1:46.465,1:46.894,
2015,13,15,Jenson Button,McLaren,1:45.891,1:47.019,
2015,13,16,Felipe Nasr,Sauber,1:46.965,,
2015,13,17,Marcus Ericsson,Sauber,1:47.088,,
2015,13,18,Pastor Maldonado,Lotus F1,1:47.323,,
2015,13,19,Will Stevens,Manor Marussia,1:51.021,,
2015,13,20,Alexander Rossi,Manor Marussia,1:51.523,,
2015,14,1,Nico Rosberg,Mercedes,1:33.015,1:32.632,1:32.584
2015,14,2,Lewis Hamilton,Mercedes,1:32.844,1:32.789,1:32.660
2015,14,3,Valtteri Bottas,Williams,1:34.326,1:33.416,1:33.024
2015,14,4,Sebastian Vettel,Ferrari,1:34.431,1:33.844,1:33.245
2015,14,5,Felipe Massa,Williams,1:34.744,1:33.377,1:33.337
2015,14,6,Kimi Räikkönen,Ferrari,1:34.171,1:33.361,1:33.347
2015,14,7,Daniel Ricciardo,Red Bull,1:34.399,1:34.153,1:33.497
2015,14,8,Romain Grosjean,Lotus F1,1:34.398,1:34.278,1:33.967
2015,14,9,Sergio Pérez,Force India,1:35.001,1:34.174,
2015,14,10,Daniil Kvyat,Red Bull,1:34.646,1:34.201,
2015,14,11,Nico Hülkenberg,Force India,1:35.328,1:34.390,
2015,14,12,Carlos Sainz,Toro Rosso,1:34.873,1:34.453,
2015,14,13,Pastor Maldonado,Lotus F1,1:34.796,1:34.497,
2015,14,14,Fernando Alonso,McLaren,1:35.467,1:34.785,
2015,14,15,Max Verstappen,Toro Rosso,1:34.522,,
2015,14,16,Jenson Button,McLaren,1:35.664,,
2015,14,17,Marcus Ericsson,Sauber,1:35.673,,
2015,14,18,Felipe Nasr,Sauber,1:35.760,,
2015,14,19,Will Stevens,Manor Marussia,1:38.783,,
2015,14,20,Alexander Rossi,Manor Marussia,1:47.114,,
2015,15,1,Nico Rosberg,Mercedes,1:38.343,1:37.500,1:37.113
2015,15,2,Lewis Hamilton,Mercedes,1:38.558,1:37.672,1:37.433
2015,15,3,Valtteri Bottas,Williams,1:38.448,1:38.194,1:37.912
2015,15,4,Sebastian Vettel,Ferrari,1:38.598,1:38.402,1:37.965
2015,15,5,Kimi Räikkönen,Ferrari,1:39.207,1:38.224,1:38.348
2015,15,6,Nico Hülkenberg,Force India,1:39.250,1:38.727,1:38.659
2015,15,7,Sergio Pérez,Force India,1:39.617,1:38.914,1:38.691
2015,15,8,Romain Grosjean,Lotus F1,1:39.056,1:38.754,1:38.787
2015,15,9,Max Verstappen,Toro Rosso,1:39.411,1:39.119,1:38.924
2015,15,10,Daniel Ricciardo,Red Bull,1:39.574,1:39.005,1:39.728
2015,15,11,Daniil Kvyat,Red Bull,1:39.580,1:39.214,
2015,15,12,Felipe Nasr,Sauber,1:40.042,1:39.323,
2015,15,13,Jenson Button,McLaren,1:39.739,1:39.763,
2015,15,14,Pastor Maldonado,Lotus F1,1:39.724,1:39.811,
2015,15,15,Felipe Massa,Williams,1:38.926,1:39.895,
2015,15,16,Fernando Alonso,McLaren,1:40.144,,
2015,15,17,Marcus Ericsson,Sauber,1:40.660,,
2015,15,18,Will Stevens,Manor Marussia,1:43.693,,
2015,15,19,Roberto Merhi,Manor Marussia,1:43.804,,
2015,16,1,Nico Rosberg,Mercedes,1:56.671,1:56.824,
2015,16,2,Lewis Hamilton,Mercedes,1:56.871,1:56.929,
2015,16,3,Daniel Ricciardo,Red Bull,1:56.495,1:57.969,
2015,16,4,Daniil Kvyat,Red Bull,1:57.640,1:58.434,
2015,16,5,Sebastian Vettel,Ferrari,2:00.950,1:58.596,
2015,16,6,Sergio Pérez,Force India,1:59.264,1:59.210,
2015,16,7,Nico Hülkenberg,Force India,1:58.325,1:59.333,
2015,16,8,Kimi Räikkönen,Ferrari,1:58.198,1:59.703,
2015,16,9,Felipe Massa,Williams,2:00.902,1:59.999,
2015,16,10,Max Verstappen,Toro Rosso,1:58.689,2:00.199,
2015,16,11,Fernando Alonso,McLaren,1:59.704,2:00.265,
2015,16,12,Valtteri Bottas,Williams,1:59.569,2:00.334,
2015,16,13,Romain Grosjean,Lotus F1,2:00.236,2:00.595,
2015,16,14,Jenson Button,McLaren,2:00.261,2:01.193,
2015,16,15,Pastor Maldonado,Lotus F1,2:00.844,2:01.604,
2015,16,16,Marcus Ericsson,Sauber,2:02.212,,
2015,16,17,Felipe Nasr,Sauber,2:03.194,,
2015,16,18,Alexander Rossi,Manor Marussia,2:04.176,,
2015,16,19,Will Stevens,Manor Marussia,2:04.526,,
2015,16,20,Carlos Sainz,Toro Rosso,2:07.304,,
2015,17,1,Nico Rosberg,Mercedes,1:20.436,1:20.053,1:19.480
2015,17,2,Lewis Hamilton,Mercedes,1:20.808,1:19.829,1:19.668
2015,17,3,Sebastian Vettel,Ferrari,1:20.503,1:20.045,1:19.850
2015,17,4,Daniil Kvyat,Red Bull,1:20.826,1:20.490,1:20.398
2015,17,5,Daniel Ricciardo,Red Bull,1:21.166,1:20.783,1:20.399
2015,17,6,Valtteri Bottas,Williams,1:20.817,1:20.458,1:20.448
2015,17,7,Felipe Massa,Williams,1:21.379,1:20.642,1:20.567
2015,17,8,Max Verstappen,Toro Rosso,1:20.995,1:20.894,1:20.710
2015,17,9,Sergio Pérez,Force India,1:20.966,1:20.669,1:20.716
2015,17,10,Nico Hülkenberg,Force India,1:21.315,1:20.935,1:20.788
2015,17,11,Carlos Sainz,Toro Rosso,1:20.960,1:20.942,
2015,17,12,Romain Grosjean,Lotus F1,1:21.577,1:21.038,
2015,17,13,Pastor Maldonado,Lotus F1,1:21.520,1:21.261,
2015,17,14,Marcus Ericsson,Sauber,1:21.299,1:21.544,
2015,17,15,Kimi Räikkönen,Ferrari,1:21.422,1:22.494,
2015,17,16,Fernando Alonso,McLaren,1:21.779,,
2015,17,17,Felipe Nasr,Sauber,1:21.788,,
2015,17,18,Alexander Rossi,Manor Marussia,1:24.136,,
2015,17,19,Will Stevens,Manor Marussia,1:24.386,,
2015,17,20,Jenson Button,McLaren,,,
2015,18,1,Nico Rosberg,Mercedes,1:11.746,1:12.213,1:11.282
2015,18,2,Lewis Hamilton,Mercedes,1:11.682,1:11.665,1:11.360
2015,18,3,Sebastian Vettel,Ferrari,1:12.240,1:11.928,1:11.804
2015,18,4,Valtteri Bottas,Williams,1:12.934,1:12.374,1:12.085
2015,18,5,Kimi Räikkönen,Ferrari,1:12.185,1:12.243,1:12.144
2015,18,6,Nico Hülkenberg,Force India,1:12.595,1:12.485,1:12.265
2015,18,7,Daniil Kvyat,Red Bull,1:12.730,1:12.527,1:12.322
2015,18,8,Felipe Massa,Williams,1:12.980,1:12.858,1:12.415
2015,18,9,Daniel Ricciardo,Red Bull,1:12.639,1:12.825,1:12.417
2015,18,10,Max Verstappen,Toro Rosso,1:12.824,1:12.712,1:12.739
2015,18,11,Felipe Nasr,Sauber,1:13.111,1:12.989,
2015,18,12,Carlos Sainz,Toro Rosso,1:13.267,1:13.045,
2015,18,13,Sergio Pérez,Force India,1:13.140,1:13.147,
2015,18,14,Marcus Ericsson,Sauber,1:13.346,1:13.233,
2015,18,15,Romain Grosjean,Lotus F1,1:13.056,1:13.913,
2015,18,16,Pastor Maldonado,Lotus F1,1:13.385,,
2015,18,17,Jenson Button,McLaren,1:13.425,,
2015,18,18,Alexander Rossi,Manor Marussia,1:16.151,,
2015,18,19,Will Stevens,Manor Marussia,1:16.283,,
2015,18,20,Fernando Alonso,McLaren,,,
2015,19,1,Nico Rosberg,Mercedes,1:41.111,1:40.979,1:40.237
2015,19,2,Lewis Hamilton,Mercedes,1:40.974,1:40.758,1:40.614
2015,19,3,Kimi Räikkönen,Ferrari,1:42.500,1:41.612,1:41.051
2015,19,4,Sergio Pérez,Force India,1:41.983,1:41.560,1:41.184
2015,19,5,Daniel Ricciardo,Red Bull,1:42.275,1:41.830,1:41.444
2015,19,6,Valtteri Bottas,Williams,1:42.608,1:41.868,1:41.656
2015,19,7,Nico Hülkenberg,Force India,1:41.996,1:41.925,1:41.686
2015,19,8,Felipe Massa,Williams,1:42.303,1:42.349,1:41.759
2015,19,9,Daniil Kvyat,Red Bull,1:42.540,1:42.328,1:41.933
2015,19,10,Carlos Sainz,Toro Rosso,1:42.911,1:42.482,1:42.708
2015,19,11,Max Verstappen,Toro Rosso,1:42.889,1:42.521,
2015,19,12,Jenson Button,McLaren,1:42.570,1:42.668,
2015,19,13,Pastor Maldonado,Lotus F1,1:42.929,1:42.807,
2015,19,14,Felipe Nasr,Sauber,1:42.896,1:43.614,
2015,19,15,Romain Grosjean,Lotus F1,1:42.585,,
2015,19,16,Sebastian Vettel,Ferrari,1:42.941,,
2015,19,17,Fernando Alonso,McLaren,1:43.187,,
2015,19,18,Marcus Ericsson,Sauber,1:43.838,,
2015,19,19,Will Stevens,Manor Marussia,1:46.297,,
2015,19,20,Roberto Merhi,Manor Marussia,1:47.434,,
2016,1,1,Lewis Hamilton,Mercedes,1:25.351,1:24.605,1:23.837
2016,1,2,Nico Rosberg,Mercedes,1:26.934,1:24.796,1:24.197
2016,1,3,Sebastian Vettel,Ferrari,1:26.945,1:25.257,1:24.675
2016,1,4,Kimi Räikkönen,Ferrari,1:26.579,1:25.615,1:25.033
2016,1,5,Max Verstappen,Toro Rosso,1:26.934,1:25.615,1:25.434
2016,1,6,Felipe Massa,Williams,1:25.918,1:25.644,1:25.458
2016,1,7,Carlos Sainz,Toro Rosso,1:27.057,1:25.384,1:25.582
2016,1,8,Daniel Ricciardo,Red Bull,1:26.945,1:25.599,1:25.589
2016,1,9,Sergio Pérez,Force India,1:26.607,1:25.753,
2016,1,10,Nico Hülkenberg,Force India,1:26.550,1:25.865,
2016,1,11,Valtteri Bottas,Williams,1:27.135,1:25.961,
2016,1,12,Fernando Alonso,McLaren,1:26.537,1:26.125,
2016,1,13,Jenson Button,McLaren,1:26.740,1:26.304,
2016,1,14,Jolyon Palmer,Renault,1:27.241,1:27.601,
2016,1,15,Kevin Magnussen,Renault,1:27.297,1:27.742,
2016,1,16,Marcus Ericsson,Sauber,1:27.435,,
2016,1,17,Felipe Nasr,Sauber,1:27.958,,
2016,1,18,Daniil Kvyat,Red Bull,1:28.006,,
2016,1,19,Romain Grosjean,Haas F1 Team,1:28.322,,
2016,1,20,Esteban Gutiérrez,Haas F1 Team,1:29.606,,
2016,1,21,Rio Haryanto,Manor Marussia,1:29.627,,
2016,1,22,Pascal Wehrlein,Manor Marussia,1:29.642,,
2016,2,1,Lewis Hamilton,Mercedes,1:31.391,1:30.039,1:29.493
2016,2,2,Nico Rosberg,Mercedes,1:31.325,1:30.535,1:29.570
2016,2,3,Sebastian Vettel,Ferrari,1:31.636,1:30.409,1:30.012
2016,2,4,Kimi Räikkönen,Ferrari,1:31.685,1:30.559,1:30.244
2016,2,5,Daniel Ricciardo,Red Bull,1:31.403,1:31.122,1:30.854
2016,2,6,Valtteri Bottas,Williams,1:31.672,1:30.931,1:31.153
2016,2,7,Felipe Massa,Williams,1:32.045,1:31.374,1:31.155
2016,2,8,Nico Hülkenberg,Force India,1:31.987,1:31.604,1:31.620
2016,2,9,Romain Grosjean,Haas F1 Team,1:32.005,1:31.756,
2016,2,10,Max Verstappen,Toro Rosso,1:31.888,1:31.772,
2016,2,11,Carlos Sainz,Toro Rosso,1:31.716,1:31.816,
2016,2,12,Stoffel Vandoorne,McLaren,1:32.472,1:31.934,
2016,2,13,Esteban Gutiérrez,Haas F1 Team,1:32.118,1:31.945,
2016,2,14,Jenson Button,McLaren,1:31.976,1:31.998,
2016,2,15,Daniil Kvyat,Red Bull,1:32.559,1:32.241,
2016,2,16,Pascal Wehrlein,Manor Marussia,1:32.806,,
2016,2,17,Marcus Ericsson,Sauber,1:32.840,,
2016,2,18,Sergio Pérez,Force India,1:32.911,,
2016,2,19,Kevin Magnussen,Renault,1:33.181,,
2016,2,20,Jolyon Palmer,Renault,1:33.438,,
2016,2,21,Rio Haryanto,Manor Marussia,1:34.190,,
2016,2,22,Felipe Nasr,Sauber,1:34.388,,
2016,3,1,Nico Rosberg,Mercedes,1:37.669,1:36.240,1:35.402
2016,3,2,Daniel Ricciardo,Red Bull,1:37.672,1:36.815,1:35.917
2016,3,3,Kimi Räikkönen,Ferrari,1:37.347,1:36.118,1:35.972
2016,3,4,Sebastian Vettel,Ferrari,1:37.001,1:36.183,1:36.246
2016,3,5,Valtteri Bottas,Williams,1:37.537,1:36.831,1:36.296
2016,3,6,Daniil Kvyat,Red Bull,1:37.719,1:36.948,1:36.399
2016,3,7,Sergio Pérez,Force India,1:38.096,1:37.149,1:36.865
2016,3,8,Carlos Sainz,Toro Rosso,1:37.656,1:37.204,1:36.881
2016,3,9,Max Verstappen,Toro Rosso,1:38.181,1:37.265,1:37.194
2016,3,10,Nico Hülkenberg,Force India,1:38.165,1:37.333,
2016,3,11,Felipe Massa,Williams,1:38.016,1:37.347,
2016,3,12,Fernando Alonso,McLaren,1:38.451,1:38.826,
2016,3,13,Jenson Button,McLaren,1:37.593,1:39.093,
2016,3,14,Romain Grosjean,Haas F1 Team,1:38.425,1:39.830,
2016,3,15,Marcus Ericsson,Sauber,1:38.321,1:40.742,
2016,3,16,Felipe Nasr,Sauber,1:38.654,1:42.430,
2016,3,17,Kevin Magnussen,Renault,1:38.673,,
2016,3,18,Esteban Gutiérrez,Haas F1 Team,1:38.770,,
2016,3,19,Jolyon Palmer,Renault,1:39.528,,
2016,3,20,Rio Haryanto,Manor Marussia,1:40.264,,
2016,3,21,Pascal Wehrlein,Manor Marussia,,,
2016,3,22,Lewis Hamilton,Mercedes,,,
2016,4,1,Nico Rosberg,Mercedes,1:36.119,1:35.337,1:35.417
2016,4,2,Sebastian Vettel,Ferrari,1:36.555,1:36.623,1:36.123
2016,4,3,Valtteri Bottas,Williams,1:37.746,1:37.140,1:36.536
2016,4,4,Kimi Räikkönen,Ferrari,1:36.976,1:36.741,1:36.663
2016,4,5,Felipe Massa,Williams,1:37.753,1:37.230,1:37.016
2016,4,6,Daniel Ricciardo,Red Bull,1:38.091,1:37.569,1:37.125
2016,4,7,Sergio Pérez,Force India,1:38.006,1:37.282,1:37.212
2016,4,8,Daniil Kvyat,Red Bull,1:38.265,1:37.606,1:37.459
2016,4,9,Max Verstappen,Toro Rosso,1:38.123,1:37.510,1:37.583
2016,4,10,Lewis Hamilton,Mercedes,1:36.006,1:35.820,
2016,4,11,Carlos Sainz,Toro Rosso,1:37.784,1:37.652,
2016,4,12,Jenson Button,McLaren,1:38.332,1:37.701,
2016,4,13,Nico Hülkenberg,Force India,1:38.562,1:37.771,
2016,4,14,Fernando Alonso,McLaren,1:37.971,1:37.807,
2016,4,15,Romain Grosjean,Haas F1 Team,1:38.383,1:38.055,
2016,4,16,Esteban Gutiérrez,Haas F1 Team,1:38.678,1:38.115,
2016,4,17,Kevin Magnussen,Renault,1:38.914,,
2016,4,18,Jolyon Palmer,Renault,1:39.009,,
2016,4,19,Felipe Nasr,Sauber,1:39.018,,
2016,4,20,Pascal Wehrlein,Manor Marussia,1:39.399,,
2016,4,21,Rio Haryanto,Manor Marussia,1:39.463,,
2016,4,22,Marcus Ericsson,Sauber,1:39.519,,
2016,5,1,Lewis Hamilton,Mercedes,1:23.214,1:22.159,1:22.000
2016,5,2,Nico Rosberg,Mercedes,1:23.002,1:22.759,1:22.280
2016,5,3,Daniel Ricciardo,Red Bull,1:23.749,1:23.585,1:22.680
2016,5,4,Max Verstappen,Red Bull,1:23.578,1:23.178,1:23.087
2016,5,5,Kimi Räikkönen,Ferrari,1:23.796,1:23.504,1:23.113
2016,5,6,Sebastian Vettel,Ferrari,1:24.124,1:23.688,1:23.334
2016,5,7,Valtteri Bottas,Williams,1:24.251,1:24.023,1:23.522
2016,5,8,Carlos Sainz,Toro Rosso,1:24.496,1:24.077,1:23.643
2016,5,9,Sergio Pérez,Force India,1:24.698,1:24.003,1:23.782
2016,5,10,Fernando Alonso,McLaren,1:24.578,1:24.192,1:23.981
2016,5,11,Nico Hülkenberg,Force India,1:24.463,1:24.203,
2016,5,12,Jenson Button,McLaren,1:24.583,1:24.348,
2016,5,13,Daniil Kvyat,Toro Rosso,1:24.696,1:24.445,
2016,5,14,Romain Grosjean,Haas F1 Team,1:24.716,1:24.480,
2016,5,15,Kevin Magnussen,Renault,1:24.669,1:24.625,
2016,5,16,Esteban Gutiérrez,Haas F1 Team,1:24.406,1:24.778,
2016,5,17,Jolyon Palmer,Renault,1:24.903,,
2016,5,18,Felipe Massa,Williams,1:24.941,,
2016,5,19,Marcus Ericsson,Sauber,1:25.202,,
2016,5,20,Felipe Nasr,Sauber,1:25.579,,
2016,5,21,Pascal Wehrlein,Manor Marussia,1:25.745,,
2016,5,22,Rio Haryanto,Manor Marussia,1:25.939,,
2016,6,1,Daniel Ricciardo,Red Bull,1:14.912,1:14.357,1:13.622
2016,6,2,Nico Rosberg,Mercedes,1:14.873,1:14.043,1:13.791
2016,6,3,Lewis Hamilton,Mercedes,1:14.826,1:14.056,1:13.942
2016,6,4,Sebastian Vettel,Ferrari,1:14.610,1:14.318,1:14.552
2016,6,5,Nico Hülkenberg,Force India,1:15.333,1:14.989,1:14.726
2016,6,6,Kimi Räikkönen,Ferrari,1:15.499,1:14.789,1:14.732
2016,6,7,Carlos Sainz,Toro Rosso,1:15.467,1:14.805,1:14.749
2016,6,8,Sergio Pérez,Force India,1:15.328,1:14.937,1:14.902
2016,6,9,Daniil Kvyat,Toro Rosso,1:15.384,1:14.794,1:15.273
2016,6,10,Fernando Alonso,McLaren,1:15.504,1:15.107,1:15.363
2016,6,11,Valtteri Bottas,Williams,1:15.521,1:15.273,
2016,6,12,Esteban Gutiérrez,Haas F1 Team,1:15.592,1:15.293,
2016,6,13,Jenson Button,McLaren,1:15.554,1:15.352,
2016,6,14,Felipe Massa,Williams,1:15.710,1:15.385,
2016,6,15,Romain Grosjean,Haas F1 Team,1:15.465,1:15.571,
2016,6,16,Kevin Magnussen,Renault,1:16.253,1:16.058,
2016,6,17,Marcus Ericsson,Sauber,1:16.299,,
2016,6,18,Jolyon Palmer,Renault,1:16.586,,
2016,6,19,Rio Haryanto,Manor Marussia,1:17.295,,
2016,6,20,Pascal Wehrlein,Manor Marussia,1:17.452,,
2016,6,21,Max Verstappen,Red Bull,1:22.467,,
2016,6,22,Felipe Nasr,Sauber,,,
2016,7,1,Lewis Hamilton,Mercedes,1:14.121,1:13.076,1:12.812
2016,7,2,Nico Rosberg,Mercedes,1:13.714,1:13.094,1:12.874
2016,7,3,Sebastian Vettel,Ferrari,1:13.925,1:13.857,1:12.990
2016,7,4,Daniel Ricciardo,Red Bull,1:14.030,1:13.540,1:13.166
2016,7,5,Max Verstappen,Red Bull,1:14.601,1:13.793,1:13.414
2016,7,6,Kimi Räikkönen,Ferrari,1:14.477,1:13.849,1:13.579
2016,7,7,Valtteri Bottas,Williams,1:14.389,1:13.791,1:13.670
2016,7,8,Felipe Massa,Williams,1:14.815,1:13.864,1:13.769
2016,7,9,Nico Hülkenberg,Force India,1:14.663,1:14.166,1:13.952
2016,7,10,Fernando Alonso,McLaren,1:15.026,1:14.260,1:14.338
2016,7,11,Sergio Pérez,Force India,1:14.814,1:14.317,
2016,7,12,Jenson Button,McLaren,1:14.755,1:14.437,
2016,7,13,Daniil Kvyat,Toro Rosso,1:14.829,1:14.457,
2016,7,14,Esteban Gutiérrez,Haas F1 Team,1:15.148,1:14.571,
2016,7,15,Romain Grosjean,Haas F1 Team,1:15.444,1:14.803,
2016,7,16,Carlos Sainz,Toro Rosso,1:14.714,1:21.956,
2016,7,17,Jolyon Palmer,Renault,1:15.459,,
2016,7,18,Pascal Wehrlein,Manor Marussia,1:15.599,,
2016,7,19,Marcus Ericsson,Sauber,1:15.635,,
2016,7,20,Felipe Nasr,Sauber,1:16.663,,
2016,7,21,Rio Haryanto,Manor Marussia,1:17.052,,
2016,8,1,Nico Rosberg,Mercedes,1:43.685,1:42.520,1:42.758
2016,8,2,Sergio Pérez,Force India,1:44.462,1:43.939,1:43.515
2016,8,3,Daniel Ricciardo,Red Bull,1:44.570,1:44.141,1:43.966
2016,8,4,Sebastian Vettel,Ferrari,1:45.062,1:44.461,1:43.966
2016,8,5,Kimi Räikkönen,Ferrari,1:44.936,1:44.533,1:44.269
2016,8,6,Felipe Massa,Williams,1:45.494,1:44.696,1:44.483
2016,8,7,Daniil Kvyat,Toro Rosso,1:44.694,1:44.687,1:44.717
2016,8,8,Valtteri Bottas,Williams,1:44.706,1:44.477,1:45.246
2016,8,9,Max Verstappen,Red Bull,1:44.939,1:44.387,1:45.570
2016,8,10,Lewis Hamilton,Mercedes,1:44.259,1:43.526,2:01.954
2016,8,11,Romain Grosjean,Haas F1 Team,1:45.507,1:44.755,
2016,8,12,Nico Hülkenberg,Force India,1:44.860,1:44.824,
2016,8,13,Carlos Sainz,Toro Rosso,1:44.827,1:45.000,
2016,8,14,Fernando Alonso,McLaren,1:45.525,1:45.270,
2016,8,15,Esteban Gutiérrez,Haas F1 Team,1:45.300,1:45.349,
2016,8,16,Felipe Nasr,Sauber,1:45.549,1:46.048,
2016,8,17,Rio Haryanto,Manor Marussia,1:45.665,,
2016,8,18,Pascal Wehrlein,Manor Marussia,1:45.750,,
2016,8,19,Jenson Button,McLaren,1:45.804,,
2016,8,20,Marcus Ericsson,Sauber,1:46.231,,
2016,8,21,Kevin Magnussen,Renault,1:46.348,,
2016,8,22,Jolyon Palmer,Renault,1:46.394,,
2016,9,1,Lewis Hamilton,Mercedes,1:06.947,1:06.228,1:07.922
2016,9,2,Nico Rosberg,Mercedes,1:06.516,1:06.403,1:08.465
2016,9,3,Nico Hülkenberg,Force India,1:07.385,1:07.257,1:09.285
2016,9,4,Sebastian Vettel,Ferrari,1:06.761,1:06.602,1:09.781
2016,9,5,Jenson Button,McLaren,1:07.653,1:07.572,1:09.900
2016,9,6,Kimi Räikkönen,Ferrari,1:07.240,1:06.940,1:09.901
2016,9,7,Daniel Ricciardo,Red Bull,1:07.500,1:06.840,1:09.980
2016,9,8,Valtteri Bottas,Williams,1:07.148,1:06.911,1:10.440
2016,9,9,Max Verstappen,Red Bull,1:07.131,1:06.866,1:11.153
2016,9,10,Felipe Massa,Williams,1:07.419,1:07.145,1:11.977
2016,9,11,Esteban Gutiérrez,Haas F1 Team,1:07.660,1:07.578,
2016,9,12,Pascal Wehrlein,Manor Marussia,1:07.565,1:07.700,
2016,9,13,Romain Grosjean,Haas F1 Team,1:07.662,1:07.850,
2016,9,14,Fernando Alonso,McLaren,1:07.671,1:08.154,
2016,9,15,Carlos Sainz,Toro Rosso,1:07.618,,
2016,9,16,Sergio Pérez,Force India,1:07.657,,
2016,9,17,Kevin Magnussen,Renault,1:07.941,,
2016,9,18,Jolyon Palmer,Renault,1:07.965,,
2016,9,19,Rio Haryanto,Manor Marussia,1:08.026,,
2016,9,20,Daniil Kvyat,Toro Rosso,1:08.409,,
2016,9,21,Marcus Ericsson,Sauber,1:08.418,,
2016,9,22,Felipe Nasr,Sauber,1:08.446,,
2016,10,1,Lewis Hamilton,Mercedes,1:30.739,1:29.243,1:29.287
2016,10,2,Nico Rosberg,Mercedes,1:30.724,1:29.970,1:29.606
2016,10,3,Max Verstappen,Red Bull,1:31.305,1:30.697,1:30.313
2016,10,4,Daniel Ricciardo,Red Bull,1:31.684,1:31.319,1:30.618
2016,10,5,Kimi Räikkönen,Ferrari,1:31.326,1:31.385,1:30.881
2016,10,6,Sebastian Vettel,Ferrari,1:31.606,1:30.711,1:31.490
2016,10,7,Valtteri Bottas,Williams,1:31.913,1:31.478,1:31.557
2016,10,8,Carlos Sainz,Toro Rosso,1:32.115,1:31.708,1:31.989
2016,10,9,Nico Hülkenberg,Force India,1:32.349,1:31.770,1:32.172
2016,10,10,Fernando Alonso,McLaren,1:32.281,1:31.740,1:32.343
2016,10,11,Sergio Pérez,Force India,1:32.336,1:31.875,
2016,10,12,Felipe Massa,Williams,1:32.146,1:32.002,
2016,10,13,Romain Grosjean,Haas F1 Team,1:32.283,1:32.050,
2016,10,14,Esteban Gutiérrez,Haas F1 Team,1:32.237,1:32.241,
2016,10,15,Daniil Kvyat,Toro Rosso,1:32.553,1:32.306,
2016,10,16,Kevin Magnussen,Renault,1:32.729,1:37.060,
2016,10,17,Jenson Button,McLaren,1:32.788,,
2016,10,18,Jolyon Palmer,Renault,1:32.905,,
2016,10,19,Rio Haryanto,Manor Marussia,1:33.098,,
2016,10,20,Pascal Wehrlein,Manor Marussia,1:33.151,,
2016,10,21,Felipe Nasr,Sauber,1:33.544,,
2016,11,1,Nico Rosberg,Mercedes,1:33.302,1:22.806,1:19.965
2016,11,2,Lewis Hamilton,Mercedes,1:34.210,1:24.836,1:20.108
2016,11,3,Daniel Ricciardo,Red Bull,1:39.968,1:23.234,1:20.280
2016,11,4,Max Verstappen,Red Bull,1:40.424,1:22.660,1:20.557
2016,11,5,Sebastian Vettel,Ferrari,1:35.718,1:24.082,1:20.874
2016,11,6,Carlos Sainz,Toro Rosso,1:36.115,1:24.734,1:21.131
2016,11,7,Fernando Alonso,McLaren,1:35.165,1:23.816,1:21.211
2016,11,8,Jenson Button,McLaren,1:37.983,1:24.456,1:21.597
2016,11,9,Nico Hülkenberg,Force India,1:41.471,1:23.901,1:21.823
2016,11,10,Valtteri Bottas,Williams,1:42.758,1:24.506,1:22.182
2016,11,11,Romain Grosjean,Haas F1 Team,1:35.906,1:24.941,
2016,11,12,Daniil Kvyat,Toro Rosso,1:36.714,1:25.301,
2016,11,13,Sergio Pérez,Force India,1:41.411,1:25.416,
2016,11,14,Kimi Räikkönen,Ferrari,1:36.853,1:25.435,
2016,11,15,Esteban Gutiérrez,Haas F1 Team,1:38.959,1:26.189,
2016,11,16,Felipe Nasr,Sauber,1:37.772,1:27.063,
2016,11,17,Jolyon Palmer,Renault,1:43.965,,
2016,11,18,Felipe Massa,Williams,1:43.999,,
2016,11,19,Kevin Magnussen,Renault,1:44.543,,
2016,11,20,Marcus Ericsson,Sauber,1:46.984,,
2016,11,21,Pascal Wehrlein,Manor Marussia,1:47.343,,
2016,11,22,Rio Haryanto,Manor Marussia,1:50.189,,
2016,12,1,Nico Rosberg,Mercedes,1:15.485,1:14.839,1:14.363
2016,12,2,Lewis Hamilton,Mercedes,1:15.243,1:14.748,1:14.470
2016,12,3,Daniel Ricciardo,Red Bull,1:15.591,1:15.545,1:14.726
2016,12,4,Max Verstappen,Red Bull,1:15.875,1:15.124,1:14.834
2016,12,5,Kimi Räikkönen,Ferrari,1:15.752,1:15.242,1:15.142
2016,12,6,Sebastian Vettel,Ferrari,1:15.927,1:15.630,1:15.315
2016,12,7,Nico Hülkenberg,Force India,1:16.301,1:15.623,1:15.510
2016,12,8,Valtteri Bottas,Williams,1:15.952,1:15.490,1:15.530
2016,12,9,Sergio Pérez,Force India,1:16.169,1:15.500,1:15.537
2016,12,10,Felipe Massa,Williams,1:16.503,1:15.699,1:15.615
2016,12,11,Esteban Gutiérrez,Haas F1 Team,1:15.987,1:15.883,
2016,12,12,Jenson Button,McLaren,1:16.172,1:15.909,
2016,12,13,Carlos Sainz,Toro Rosso,1:16.317,1:15.989,
2016,12,14,Fernando Alonso,McLaren,1:16.338,1:16.041,
2016,12,15,Romain Grosjean,Haas F1 Team,1:16.328,1:16.086,
2016,12,16,Jolyon Palmer,Renault,1:16.636,1:16.665,
2016,12,17,Kevin Magnussen,Renault,1:16.716,,
2016,12,18,Pascal Wehrlein,Manor Marussia,1:16.717,,
2016,12,19,Daniil Kvyat,Toro Rosso,1:16.876,,
2016,12,20,Rio Haryanto,Manor Marussia,1:16.977,,
2016,12,21,Felipe Nasr,Sauber,1:17.123,,
2016,12,22,Marcus Ericsson,Sauber,1:17.238,,
2016,13,1,Nico Rosberg,Mercedes,1:48.019,1:46.999,1:46.744
2016,13,2,Max Verstappen,Red Bull,1:48.407,1:47.163,1:46.893
2016,13,3,Kimi Räikkönen,Ferrari,1:47.912,1:47.664,1:46.910
2016,13,4,Sebastian Vettel,Ferrari,1:47.802,1:47.944,1:47.108
2016,13,5,Daniel Ricciardo,Red Bull,1:48.407,1:48.027,1:47.216
2016,13,6,Sergio Pérez,Force India,1:48.106,1:47.485,1:47.407
2016,13,7,Nico Hülkenberg,Force India,1:48.080,1:47.317,1:47.543
2016,13,8,Valtteri Bottas,Williams,1:48.655,1:47.918,1:47.612
2016,13,9,Jenson Button,McLaren,1:48.700,1:48.051,1:48.114
2016,13,10,Felipe Massa,Williams,1:47.738,1:47.667,1:48.263
2016,13,11,Romain Grosjean,Haas F1 Team,1:48.751,1:48.316,
2016,13,12,Kevin Magnussen,Renault,1:48.800,1:48.485,
2016,13,13,Esteban Gutiérrez,Haas F1 Team,1:48.748,1:48.598,
2016,13,14,Jolyon Palmer,Renault,1:48.901,1:48.888,
2016,13,15,Carlos Sainz,Toro Rosso,1:48.876,1:49.038,
2016,13,16,Pascal Wehrlein,Manor Marussia,1:48.554,1:49.320,
2016,13,17,Felipe Nasr,Sauber,1:48.949,,
2016,13,18,Esteban Ocon,Manor Marussia,1:49.050,,
2016,13,19,Daniil Kvyat,Toro Rosso,1:49.058,,
2016,13,20,Marcus Ericsson,Sauber,1:49.071,,
2016,13,21,Lewis Hamilton,Mercedes,1:50.033,,
2016,14,1,Lewis Hamilton,Mercedes,1:21.854,1:21.498,1:21.135
2016,14,2,Nico Rosberg,Mercedes,1:22.497,1:21.809,1:21.613
2016,14,3,Sebastian Vettel,Ferrari,1:23.077,1:22.275,1:21.972
2016,14,4,Kimi Räikkönen,Ferrari,1:23.217,1:22.568,1:22.065
2016,14,5,Valtteri Bottas,Williams,1:23.264,1:22.499,1:22.388
2016,14,6,Daniel Ricciardo,Red Bull,1:23.158,1:22.638,1:22.389
2016,14,7,Max Verstappen,Red Bull,1:23.229,1:22.857,1:22.411
2016,14,8,Sergio Pérez,Force India,1:23.439,1:22.922,1:22.814
2016,14,9,Nico Hülkenberg,Force India,1:23.259,1:22.951,1:22.836
2016,14,10,Esteban Gutiérrez,Haas F1 Team,1:23.386,1:22.856,1:23.184
2016,14,11,Felipe Massa,Williams,1:23.489,1:22.967,
2016,14,12,Romain Grosjean,Haas F1 Team,1:23.421,1:23.092,
2016,14,13,Fernando Alonso,McLaren,1:23.783,1:23.273,
2016,14,14,Pascal Wehrlein,Manor Marussia,1:23.760,1:23.315,
2016,14,15,Jenson Button,McLaren,1:23.666,1:23.399,
2016,14,16,Carlos Sainz,Toro Rosso,1:23.661,1:23.496,
2016,14,17,Daniil Kvyat,Toro Rosso,1:23.825,,
2016,14,18,Felipe Nasr,Sauber,1:23.956,,
2016,14,19,Marcus Ericsson,Sauber,1:24.087,,
2016,14,20,Jolyon Palmer,Renault,1:24.230,,
2016,14,21,Kevin Magnussen,Renault,1:24.436,,
2016,15,1,Nico Rosberg,Mercedes,1:45.316,1:43.020,1:42.584
2016,15,2,Daniel Ricciardo,Red Bull,1:44.255,1:43.933,1:43.115
2016,15,3,Lewis Hamilton,Mercedes,1:45.167,1:43.471,1:43.288
2016,15,4,Max Verstappen,Red Bull,1:45.036,1:44.112,1:43.328
2016,15,5,Kimi Räikkönen,Ferrari,1:44.964,1:44.159,1:43.540
2016,15,6,Carlos Sainz,Toro Rosso,1:45.499,1:44.493,1:44.197
2016,15,7,Daniil Kvyat,Toro Rosso,1:45.291,1:44.475,1:44.469
2016,15,8,Nico Hülkenberg,Force India,1:46.081,1:44.737,1:44.479
2016,15,9,Fernando Alonso,McLaren,1:45.373,1:44.653,1:44.553
2016,15,10,Sergio Pérez,Force India,1:45.204,1:44.703,1:44.582
2016,15,11,Valtteri Bottas,Williams,1:46.086,1:44.740,
2016,15,12,Felipe Massa,Williams,1:46.056,1:44.991,
2016,15,13,Jenson Button,McLaren,1:45.262,1:45.144,
2016,15,14,Esteban Gutiérrez,Haas F1 Team,1:45.465,1:45.593,
2016,15,15,Romain Grosjean,Haas F1 Team,1:45.609,1:45.723,
2016,15,16,Marcus Ericsson,Sauber,1:46.427,1:47.827,
2016,15,17,Kevin Magnussen,Renault,1:46.825,,
2016,15,18,Felipe Nasr,Sauber,1:46.860,,
2016,15,19,Jolyon Palmer,Renault,1:46.960,,
2016,15,20,Pascal Wehrlein,Manor Marussia,1:47.667,,
2016,15,21,Esteban Ocon,Manor Marussia,1:48.296,,
2016,15,22,Sebastian Vettel,Ferrari,1:49.116,,
2016,16,1,Lewis Hamilton,Mercedes,1:34.444,1:33.046,1:32.850
2016,16,2,Nico Rosberg,Mercedes,1:34.460,1:33.609,1:33.264
2016,16,3,Max Verstappen,Red Bull,1:35.443,1:33.775,1:33.420
2016,16,4,Daniel Ricciardo,Red Bull,1:35.079,1:33.888,1:33.467
2016,16,5,Sebastian Vettel,Ferrari,1:34.557,1:33.972,1:33.584
2016,16,6,Kimi Räikkönen,Ferrari,1:34.556,1:33.903,1:33.632
2016,16,7,Sergio Pérez,Force India,1:35.068,1:34.538,1:34.319
2016,16,8,Nico Hülkenberg,Force India,1:34.827,1:34.441,1:34.489
2016,16,9,Jenson Button,McLaren,1:35.267,1:34.431,1:34.518
2016,16,10,Felipe Massa,Williams,1:35.267,1:34.422,1:34.671
2016,16,11,Valtteri Bottas,Williams,1:35.166,1:34.577,
2016,16,12,Romain Grosjean,Haas F1 Team,1:35.400,1:35.001,
2016,16,13,Esteban Gutiérrez,Haas F1 Team,1:35.658,1:35.097,
2016,16,14,Kevin Magnussen,Renault,1:35.593,1:35.277,
2016,16,15,Daniil Kvyat,Toro Rosso,1:35.695,1:35.369,
2016,16,16,Carlos Sainz,Toro Rosso,1:35.605,1:35.374,
2016,16,17,Marcus Ericsson,Sauber,1:35.816,,
2016,16,18,Felipe Nasr,Sauber,1:35.949,,
2016,16,19,Jolyon Palmer,Renault,1:35.999,,
2016,16,20,Esteban Ocon,Manor Marussia,1:36.451,,
2016,16,21,Pascal Wehrlein,Manor Marussia,1:36.587,,
2016,16,22,Fernando Alonso,McLaren,1:37.155,,
2016,17,1,Nico Rosberg,Mercedes,1:31.858,1:30.714,1:30.647
2016,17,2,Lewis Hamilton,Mercedes,1:32.218,1:31.129,1:30.660
2016,17,3,Kimi Räikkönen,Ferrari,1:31.674,1:31.406,1:30.949
2016,17,4,Sebastian Vettel,Ferrari,1:31.659,1:31.227,1:31.028
2016,17,5,Max Verstappen,Red Bull,1:32.487,1:31.489,1:31.178
2016,17,6,Daniel Ricciardo,Red Bull,1:32.538,1:31.719,1:31.240
2016,17,7,Sergio Pérez,Force India,1:32.682,1:32.237,1:31.961
2016,17,8,Romain Grosjean,Haas F1 Team,1:32.458,1:32.176,1:31.961
2016,17,9,Nico Hülkenberg,Force India,1:32.448,1:32.200,1:32.142
2016,17,10,Esteban Gutiérrez,Haas F1 Team,1:32.620,1:32.155,1:32.547
2016,17,11,Valtteri Bottas,Williams,1:32.383,1:32.315,
2016,17,12,Felipe Massa,Williams,1:32.562,1:32.380,
2016,17,13,Daniil Kvyat,Toro Rosso,1:32.645,1:32.623,
2016,17,14,Carlos Sainz,Toro Rosso,1:32.789,1:32.685,
2016,17,15,Fernando Alonso,McLaren,1:32.819,1:32.689,
2016,17,16,Jolyon Palmer,Renault,1:32.796,1:32.807,
2016,17,17,Jenson Button,McLaren,1:32.851,,
2016,17,18,Kevin Magnussen,Renault,1:33.023,,
2016,17,19,Marcus Ericsson,Sauber,1:33.222,,
2016,17,20,Felipe Nasr,Sauber,1:33.332,,
2016,17,21,Esteban Ocon,Manor Marussia,1:33.353,,
2016,17,22,Pascal Wehrlein,Manor Marussia,1:33.561,,
2016,18,1,Lewis Hamilton,Mercedes,1:36.296,1:36.450,1:34.999
2016,18,2,Nico Rosberg,Mercedes,1:36.397,1:36.351,1:35.215
2016,18,3,Daniel Ricciardo,Red Bull,1:36.759,1:36.255,1:35.509
2016,18,4,Max Verstappen,Red Bull,1:36.613,1:36.857,1:35.747
2016,18,5,Kimi Räikkönen,Ferrari,1:36.985,1:36.584,1:36.131
2016,18,6,Sebastian Vettel,Ferrari,1:37.151,1:36.462,1:36.358
2016,18,7,Nico Hülkenberg,Force India,1:36.950,1:36.626,1:36.628
2016,18,8,Valtteri Bottas,Williams,1:37.456,1:37.202,1:37.116
2016,18,9,Felipe Massa,Williams,1:37.402,1:37.214,1:37.269
2016,18,10,Carlos Sainz,Toro Rosso,1:37.744,1:37.175,1:37.326
2016,18,11,Sergio Pérez,Force India,1:37.345,1:37.353,
2016,18,12,Fernando Alonso,McLaren,1:37.913,1:37.417,
2016,18,13,Daniil Kvyat,Toro Rosso,1:37.844,1:37.480,
2016,18,14,Esteban Gutiérrez,Haas F1 Team,1:38.053,1:37.773,
2016,18,15,Jolyon Palmer,Renault,1:38.084,1:37.935,
2016,18,16,Marcus Ericsson,Sauber,1:38.040,1:39.356,
2016,18,17,Romain Grosjean,Haas F1 Team,1:38.308,,
2016,18,18,Kevin Magnussen,Renault,1:38.317,,
2016,18,19,Jenson Button,McLaren,1:38.327,,
2016,18,20,Pascal Wehrlein,Manor Marussia,1:38.548,,
2016,18,21,Felipe Nasr,Sauber,1:38.583,,
2016,18,22,Esteban Ocon,Manor Marussia,1:38.806,,
2016,19,1,Lewis Hamilton,Mercedes,1:19.447,1:19.137,1:18.704
2016,19,2,Nico Rosberg,Mercedes,1:19.996,1:19.761,1:18.958
2016,19,3,Max Verstappen,Red Bull,1:19.874,1:18.972,1:19.054
2016,19,4,Daniel Ricciardo,Red Bull,1:19.713,1:19.553,1:19.133
2016,19,5,Nico Hülkenberg,Force India,1:20.599,1:19.769,1:19.330
2016,19,6,Kimi Räikkönen,Ferrari,1:19.554,1:19.936,1:19.376
2016,19,7,Sebastian Vettel,Ferrari,1:19.865,1:19.385,1:19.381
2016,19,8,Valtteri Bottas,Williams,1:20.338,1:19.958,1:19.551
2016,19,9,Felipe Massa,Williams,1:20.423,1:20.151,1:20.032
2016,19,10,Carlos Sainz,Toro Rosso,1:20.457,1:20.169,1:20.378
2016,19,11,Fernando Alonso,McLaren,1:20.552,1:20.282,
2016,19,12,Sergio Pérez,Force India,1:20.308,1:20.287,
2016,19,13,Jenson Button,McLaren,1:21.333,1:20.673,
2016,19,14,Kevin Magnussen,Renault,1:21.254,1:21.131,
2016,19,15,Marcus Ericsson,Sauber,1:21.062,1:21.536,
2016,19,16,Pascal Wehrlein,Manor Marussia,1:21.363,1:21.785,
2016,19,17,Esteban Gutiérrez,Haas F1 Team,1:21.401,,
2016,19,18,Daniil Kvyat,Toro Rosso,1:21.454,,
2016,19,19,Felipe Nasr,Sauber,1:21.692,,
2016,19,20,Esteban Ocon,Manor Marussia,1:21.881,,
2016,19,21,Romain Grosjean,Haas F1 Team,1:21.916,,
2016,20,1,Lewis Hamilton,Mercedes,1:11.511,1:11.238,1:10.736
2016,20,2,Nico Rosberg,Mercedes,1:11.815,1:11.373,1:10.838
2016,20,3,Kimi Räikkönen,Ferrari,1:12.100,1:12.301,1:11.404
2016,20,4,Max Verstappen,Red Bull,1:11.957,1:11.834,1:11.485
2016,20,5,Sebastian Vettel,Ferrari,1:12.159,1:12.010,1:11.495
2016,20,6,Daniel Ricciardo,Red Bull,1:12.409,1:12.047,1:11.540
2016,20,7,Romain Grosjean,Haas F1 Team,1:12.893,1:12.343,1:11.937
2016,20,8,Nico Hülkenberg,Force India,1:12.428,1:12.360,1:12.104
2016,20,9,Sergio Pérez,Force India,1:12.684,1:12.331,1:12.165
2016,20,10,Fernando Alonso,McLaren,1:12.700,1:12.312,1:12.266
2016,20,11,Valtteri Bottas,Williams,1:12.680,1:12.420,
2016,20,12,Esteban Gutiérrez,Haas F1 Team,1:13.052,1:12.431,
2016,20,13,Felipe Massa,Williams,1:12.432,1:12.521,
2016,20,14,Daniil Kvyat,Toro Rosso,1:13.071,1:12.726,
2016,20,15,Carlos Sainz,Toro Rosso,1:12.950,1:12.920,
2016,20,16,Jolyon Palmer,Renault,1:13.259,1:13.258,
2016,20,17,Jenson Button,McLaren,1:13.276,,
2016,20,18,Kevin Magnussen,Renault,1:13.410,,
2016,20,19,Pascal Wehrlein,Manor Marussia,1:13.427,,
2016,20,20,Esteban Ocon,Manor Marussia,1:13.432,,
2016,20,21,Marcus Ericsson,Sauber,1:13.623,,
2016,20,22,Felipe Nasr,Sauber,1:13.681,,
2016,21,1,Lewis Hamilton,Mercedes,1:39.487,1:39.382,1:38.755
2016,21,2,Nico Rosberg,Mercedes,1:40.511,1:39.490,1:39.058
2016,21,3,Daniel Ricciardo,Red Bull,1:41.002,1:40.429,1:39.589
2016,21,4,Kimi Räikkönen,Ferrari,1:40.338,1:39.629,1:39.604
2016,21,5,Sebastian Vettel,Ferrari,1:40.341,1:40.034,1:39.661
2016,21,6,Max Verstappen,Red Bull,1:40.424,1:39.903,1:39.818
2016,21,7,Nico Hülkenberg,Force India,1:41.000,1:40.709,1:40.501
2016,21,8,Sergio Pérez,Force India,1:40.864,1:40.743,1:40.519
2016,21,9,Fernando Alonso,McLaren,1:41.616,1:41.044,1:41.106
2016,21,10,Felipe Massa,Williams,1:41.157,1:40.858,1:41.213
2016,21,11,Valtteri Bottas,Williams,1:41.192,1:41.084,
2016,21,12,Jenson Button,McLaren,1:41.158,1:41.272,
2016,21,13,Esteban Gutiérrez,Haas F1 Team,1:41.639,1:41.480,
2016,21,14,Romain Grosjean,Haas F1 Team,1:41.467,1:41.564,
2016,21,15,Jolyon Palmer,Renault,1:41.775,1:41.820,
2016,21,16,Pascal Wehrlein,Manor Marussia,1:41.886,1:41.995,
2016,21,17,Daniil Kvyat,Toro Rosso,1:42.003,,
2016,21,18,Kevin Magnussen,Renault,1:42.142,,
2016,21,19,Felipe Nasr,Sauber,1:42.247,,
2016,21,20,Esteban Ocon,Manor Marussia,1:42.286,,
2016,21,21,Carlos Sainz,Toro Rosso,1:42.393,,
2016,21,22,Marcus Ericsson,Sauber,1:42.637,,
2017,1,1,Lewis Hamilton,Mercedes,1:24.191,1:23.251,1:22.188
2017,1,2,Sebastian Vettel,Ferrari,1:25.210,1:23.401,1:22.456
2017,1,3,Valtteri Bottas,Mercedes,1:24.514,1:23.215,1:22.481
2017,1,4,Kimi Räikkönen,Ferrari,1:24.352,1:23.376,1:23.033
2017,1,5,Max Verstappen,Red Bull,1:24.482,1:24.092,1:23.485
2017,1,6,Romain Grosjean,Haas F1 Team,1:25.419,1:24.718,1:24.074
2017,1,7,Felipe Massa,Williams,1:25.099,1:24.597,1:24.443
2017,1,8,Carlos Sainz,Toro Rosso,1:25.542,1:24.997,1:24.487
2017,1,9,Daniil Kvyat,Toro Rosso,1:25.970,1:24.864,1:24.512
2017,1,10,Daniel Ricciardo,Red Bull,1:25.383,1:23.989,
2017,1,11,Sergio Pérez,Force India,1:25.064,1:25.081,
2017,1,12,Nico Hülkenberg,Renault,1:24.975,1:25.091,
2017,1,13,Fernando Alonso,McLaren,1:25.872,1:25.425,
2017,1,14,Esteban Ocon,Force India,1:26.009,1:25.568,
2017,1,15,Marcus Ericsson,Sauber,1:26.236,1:26.465,
2017,1,16,Antonio Giovinazzi,Sauber,1:26.419,,
2017,1,17,Kevin Magnussen,Haas F1 Team,1:26.847,,
2017,1,18,Stoffel Vandoorne,McLaren,1:26.858,,
2017,1,19,Lance Stroll,Williams,1:27.143,,
2017,1,20,Jolyon Palmer,Renault,1:28.244,,
2017,2,1,Lewis Hamilton,Mercedes,1:33.333,1:32.406,1:31.678
2017,2,2,Sebastian Vettel,Ferrari,1:33.078,1:32.391,1:31.864
2017,2,3,Valtteri Bottas,Mercedes,1:33.684,1:32.552,1:31.865
2017,2,4,Kimi Räikkönen,Ferrari,1:33.341,1:32.181,1:32.140
2017,2,5,Daniel Ricciardo,Red Bull,1:34.041,1:33.546,1:33.033
2017,2,6,Felipe Massa,Williams,1:34.205,1:33.759,1:33.507
2017,2,7,Nico Hülkenberg,Renault,1:34.453,1:33.636,1:33.580
2017,2,8,Sergio Pérez,Force India,1:34.657,1:33.920,1:33.706
2017,2,9,Daniil Kvyat,Toro Rosso,1:34.440,1:34.034,1:33.719
2017,2,10,Lance Stroll,Williams,1:33.986,1:34.090,1:34.220
2017,2,11,Carlos Sainz,Toro Rosso,1:34.567,1:34.150,
2017,2,12,Kevin Magnussen,Haas F1 Team,1:34.942,1:34.164,
2017,2,13,Fernando Alonso,McLaren,1:34.499,1:34.372,
2017,2,14,Marcus Ericsson,Sauber,1:34.892,1:35.046,
2017,2,15,Antonio Giovinazzi,Sauber,1:34.963,,
2017,2,16,Stoffel Vandoorne,McLaren,1:35.023,,
2017,2,17,Romain Grosjean,Haas F1 Team,1:35.223,,
2017,2,18,Jolyon Palmer,Renault,1:35.279,,
2017,2,19,Max Verstappen,Red Bull,1:35.433,,
2017,2,20,Esteban Ocon,Force India,1:35.496,,
2017,3,1,Valtteri Bottas,Mercedes,1:31.041,1:29.555,1:28.769
2017,3,2,Lewis Hamilton,Mercedes,1:30.814,1:29.535,1:28.792
2017,3,3,Sebastian Vettel,Ferrari,1:31.037,1:29.596,1:29.247
2017,3,4,Daniel Ricciardo,Red Bull,1:31.667,1:30.497,1:29.545
2017,3,5,Kimi Räikkönen,Ferrari,1:30.988,1:29.843,1:29.567
2017,3,6,Max Verstappen,Red Bull,1:30.904,1:30.307,1:29.687
2017,3,7,Nico Hülkenberg,Renault,1:31.057,1:30.169,1:29.842
2017,3,8,Felipe Massa,Williams,1:31.373,1:30.677,1:30.074
2017,3,9,Romain Grosjean,Haas F1 Team,1:31.691,1:30.857,1:30.763
2017,3,10,Jolyon Palmer,Renault,1:31.458,1:30.899,1:31.074
2017,3,11,Daniil Kvyat,Toro Rosso,1:31.531,1:30.923,
2017,3,12,Lance Stroll,Williams,1:31.748,1:31.168,
2017,3,13,Pascal Wehrlein,Sauber,1:31.995,1:31.414,
2017,3,14,Esteban Ocon,Force India,1:31.774,1:31.684,
2017,3,15,Fernando Alonso,McLaren,1:32.054,,
2017,3,16,Carlos Sainz,Toro Rosso,1:32.118,,
2017,3,17,Stoffel Vandoorne,McLaren,1:32.313,,
2017,3,18,Sergio Pérez,Force India,1:32.318,,
2017,3,19,Marcus Ericsson,Sauber,1:32.543,,
2017,3,20,Kevin Magnussen,Haas F1 Team,1:32.900,,
2017,4,1,Sebastian Vettel,Ferrari,1:34.493,1:34.038,1:33.194
2017,4,2,Kimi Räikkönen,Ferrari,1:34.953,1:33.663,1:33.253
2017,4,3,Valtteri Bottas,Mercedes,1:34.041,1:33.264,1:33.289
2017,4,4,Lewis Hamilton,Mercedes,1:34.409,1:33.760,1:33.767
2017,4,5,Daniel Ricciardo,Red Bull,1:35.560,1:35.483,1:34.905
2017,4,6,Felipe Massa,Williams,1:35.828,1:35.049,1:35.110
2017,4,7,Max Verstappen,Red Bull,1:35.301,1:35.221,1:35.161
2017,4,8,Nico Hülkenberg,Renault,1:35.507,1:35.328,1:35.285
2017,4,9,Sergio Pérez,Force India,1:36.185,1:35.513,1:35.337
2017,4,10,Esteban Ocon,Force India,1:35.372,1:35.729,1:35.430
2017,4,11,Carlos Sainz,Toro Rosso,1:35.827,1:35.948,
2017,4,12,Lance Stroll,Williams,1:36.279,1:35.964,
2017,4,13,Daniil Kvyat,Toro Rosso,1:35.984,1:35.968,
2017,4,14,Kevin Magnussen,Haas F1 Team,1:36.408,1:36.017,
2017,4,15,Fernando Alonso,McLaren,1:36.353,1:36.660,
2017,4,16,Jolyon Palmer,Renault,1:36.462,,
2017,4,17,Stoffel Vandoorne,McLaren,1:37.070,,
2017,4,18,Pascal Wehrlein,Sauber,1:37.332,,
2017,4,19,Marcus Ericsson,Sauber,1:37.507,,
2017,4,20,Romain Grosjean,Haas F1 Team,1:37.620,,
2017,5,1,Lewis Hamilton,Mercedes,1:20.511,1:20.210,1:19.149
2017,5,2,Sebastian Vettel,Ferrari,1:20.939,1:20.295,1:19.200
2017,5,3,Valtteri Bottas,Mercedes,1:20.991,1:20.300,1:19.373
2017,5,4,Kimi Räikkönen,Ferrari,1:20.742,1:20.621,1:19.439
2017,5,5,Max Verstappen,Red Bull,1:21.430,1:20.722,1:19.706
2017,5,6,Daniel Ricciardo,Red Bull,1:21.704,1:20.855,1:20.175
2017,5,7,Fernando Alonso,McLaren,1:22.015,1:21.251,1:21.048
2017,5,8,Sergio Pérez,Force India,1:21.998,1:21.239,1:21.070
2017,5,9,Felipe Massa,Williams,1:22.138,1:21.222,1:21.232
2017,5,10,Esteban Ocon,Force India,1:21.901,1:21.148,1:21.272
2017,5,11,Kevin Magnussen,Haas F1 Team,1:21.945,1:21.329,
2017,5,12,Carlos Sainz,Toro Rosso,1:21.941,1:21.371,
2017,5,13,Nico Hülkenberg,Renault,1:22.091,1:21.397,
2017,5,14,Romain Grosjean,Haas F1 Team,1:21.822,1:21.517,
2017,5,15,Pascal Wehrlein,Sauber,1:22.327,1:21.803,
2017,5,16,Marcus Ericsson,Sauber,1:22.332,,
2017,5,17,Jolyon Palmer,Renault,1:22.401,,
2017,5,18,Lance Stroll,Williams,1:22.411,,
2017,5,19,Stoffel Vandoorne,McLaren,1:22.532,,
2017,5,20,Daniil Kvyat,Toro Rosso,1:22.746,,
2017,6,1,Kimi Räikkönen,Ferrari,1:13.117,1:12.231,1:12.178
2017,6,2,Sebastian Vettel,Ferrari,1:13.090,1:12.449,1:12.221
2017,6,3,Valtteri Bottas,Mercedes,1:13.325,1:12.901,1:12.223
2017,6,4,Max Verstappen,Red Bull,1:13.078,1:12.697,1:12.496
2017,6,5,Daniel Ricciardo,Red Bull,1:13.219,1:13.011,1:12.998
2017,6,6,Carlos Sainz,Toro Rosso,1:13.526,1:13.397,1:13.162
2017,6,7,Sergio Pérez,Force India,1:13.530,1:13.430,1:13.329
2017,6,8,Romain Grosjean,Haas F1 Team,1:13.786,1:13.203,1:13.349
2017,6,9,Jenson Button,McLaren,1:13.723,1:13.453,1:13.613
2017,6,10,Stoffel Vandoorne,McLaren,1:13.476,1:13.249,
2017,6,11,Daniil Kvyat,Toro Rosso,1:13.899,1:13.516,
2017,6,12,Nico Hülkenberg,Renault,1:13.787,1:13.628,
2017,6,13,Kevin Magnussen,Haas F1 Team,1:13.531,1:13.959,
2017,6,14,Lewis Hamilton,Mercedes,1:13.640,1:14.106,
2017,6,15,Felipe Massa,Williams,1:13.796,1:20.529,
2017,6,16,Esteban Ocon,Force India,1:14.101,,
2017,6,17,Jolyon Palmer,Renault,1:14.696,,
2017,6,18,Lance Stroll,Williams,1:14.893,,
2017,6,19,Pascal Wehrlein,Sauber,1:15.159,,
2017,6,20,Marcus Ericsson,Sauber,1:15.276,,
2017,7,1,Lewis Hamilton,Mercedes,1:12.692,1:12.496,1:11.459
2017,7,2,Sebastian Vettel,Ferrari,1:13.046,1:12.749,1:11.789
2017,7,3,Valtteri Bottas,Mercedes,1:12.685,1:12.563,1:12.177
2017,7,4,Kimi Räikkönen,Ferrari,1:13.548,1:12.580,1:12.252
2017,7,5,Max Verstappen,Red Bull,1:13.177,1:12.751,1:12.403
2017,7,6,Daniel Ricciardo,Red Bull,1:13.543,1:12.810,1:12.557
2017,7,7,Felipe Massa,Williams,1:13.435,1:13.012,1:12.858
2017,7,8,Sergio Pérez,Force India,1:13.470,1:13.262,1:13.018
2017,7,9,Esteban Ocon,Force India,1:13.520,1:13.320,1:13.135
2017,7,10,Nico Hülkenberg,Renault,1:13.804,1:13.406,1:13.271
2017,7,11,Daniil Kvyat,Toro Rosso,1:13.802,1:13.690,
2017,7,12,Fernando Alonso,McLaren,1:13.669,1:13.693,
2017,7,13,Carlos Sainz,Toro Rosso,1:14.051,1:13.756,
2017,7,14,Romain Grosjean,Haas F1 Team,1:13.780,1:13.839,
2017,7,15,Jolyon Palmer,Renault,1:13.990,1:14.293,
2017,7,16,Stoffel Vandoorne,McLaren,1:14.182,,
2017,7,17,Lance Stroll,Williams,1:14.209,,
2017,7,18,Kevin Magnussen,Haas F1 Team,1:14.318,,
2017,7,19,Marcus Ericsson,Sauber,1:14.495,,
2017,7,20,Pascal Wehrlein,Sauber,1:14.810,,
2017,8,1,Lewis Hamilton,Mercedes,1:41.983,1:41.275,1:40.593
2017,8,2,Valtteri Bottas,Mercedes,1:43.026,1:41.502,1:41.027
2017,8,3,Kimi Räikkönen,Ferrari,1:42.678,1:42.090,1:41.693
2017,8,4,Sebastian Vettel,Ferrari,1:42.952,1:41.911,1:41.841
2017,8,5,Max Verstappen,Red Bull,1:42.544,1:41.961,1:41.879
2017,8,6,Sergio Pérez,Force India,1:43.162,1:42.467,1:42.111
2017,8,7,Esteban Ocon,Force India,1:43.051,1:42.751,1:42.186
2017,8,8,Lance Stroll,Williams,1:43.613,1:42.284,1:42.753
2017,8,9,Felipe Massa,Williams,1:43.165,1:42.735,1:42.798
2017,8,10,Daniel Ricciardo,Red Bull,1:42.857,1:42.215,1:43.414
2017,8,11,Daniil Kvyat,Toro Rosso,1:42.927,1:43.186,
2017,8,12,Carlos Sainz,Toro Rosso,1:43.489,1:43.347,
2017,8,13,Kevin Magnussen,Haas F1 Team,1:44.029,1:43.796,
2017,8,14,Nico Hülkenberg,Renault,1:43.930,1:44.267,
2017,8,15,Pascal Wehrlein,Sauber,1:44.317,1:44.603,
2017,8,16,Fernando Alonso,McLaren,1:44.334,,
2017,8,17,Romain Grosjean,Haas F1 Team,1:44.468,,
2017,8,18,Marcus Ericsson,Sauber,1:44.795,,
2017,8,19,Stoffel Vandoorne,McLaren,1:45.030,,
2017,9,1,Valtteri Bottas,Mercedes,1:05.760,1:04.316,1:04.251
2017,9,2,Sebastian Vettel,Ferrari,1:05.585,1:04.772,1:04.293
2017,9,3,Lewis Hamilton,Mercedes,1:05.064,1:04.800,1:04.424
2017,9,4,Kimi Räikkönen,Ferrari,1:05.148,1:05.004,1:04.779
2017,9,5,Daniel Ricciardo,Red Bull,1:05.854,1:05.161,1:04.896
2017,9,6,Max Verstappen,Red Bull,1:05.779,1:04.948,1:04.983
2017,9,7,Romain Grosjean,Haas F1 Team,1:05.902,1:05.319,1:05.480
2017,9,8,Sergio Pérez,Force India,1:05.975,1:05.435,1:05.605
2017,9,9,Esteban Ocon,Force India,1:06.033,1:05.550,1:05.674
2017,9,10,Carlos Sainz,Toro Rosso,1:05.675,1:05.544,1:05.726
2017,9,11,Nico Hülkenberg,Renault,1:06.174,1:05.597,
2017,9,12,Fernando Alonso,McLaren,1:06.158,1:05.602,
2017,9,13,Stoffel Vandoorne,McLaren,1:06.316,1:05.741,
2017,9,14,Daniil Kvyat,Toro Rosso,1:05.990,1:05.884,
2017,9,15,Kevin Magnussen,Haas F1 Team,1:06.143,,
2017,9,16,Jolyon Palmer,Renault,1:06.345,,
2017,9,17,Felipe Massa,Williams,1:06.534,,
2017,9,18,Lance Stroll,Williams,1:06.608,,
2017,9,19,Marcus Ericsson,Sauber,1:06.857,,
2017,9,20,Pascal Wehrlein,Sauber,1:07.011,,
2017,10,1,Lewis Hamilton,Mercedes,1:39.069,1:27.893,1:26.600
2017,10,2,Kimi Räikkönen,Ferrari,1:40.455,1:28.992,1:27.147
2017,10,3,Sebastian Vettel,Ferrari,1:39.962,1:28.978,1:27.356
2017,10,4,Valtteri Bottas,Mercedes,1:39.698,1:28.732,1:27.376
2017,10,5,Max Verstappen,Red Bull,1:38.912,1:29.431,1:28.130
2017,10,6,Nico Hülkenberg,Renault,1:39.201,1:29.340,1:28.856
2017,10,7,Sergio Pérez,Force India,1:42.009,1:29.824,1:28.902
2017,10,8,Esteban Ocon,Force India,1:39.738,1:29.701,1:29.074
2017,10,9,Stoffel Vandoorne,McLaren,1:40.011,1:30.105,1:29.418
2017,10,10,Romain Grosjean,Haas F1 Team,1:42.042,1:29.966,1:29.549
2017,10,11,Jolyon Palmer,Renault,1:41.404,1:30.193,
2017,10,12,Daniil Kvyat,Toro Rosso,1:41.726,1:30.355,
2017,10,13,Fernando Alonso,McLaren,1:37.598,1:30.600,
2017,10,14,Carlos Sainz,Toro Rosso,1:41.114,1:31.368,
2017,10,15,Felipe Massa,Williams,1:41.874,1:31.482,
2017,10,16,Lance Stroll,Williams,1:42.573,,
2017,10,17,Kevin Magnussen,Haas F1 Team,1:42.577,,
2017,10,18,Pascal Wehrlein,Sauber,1:42.593,,
2017,10,19,Marcus Ericsson,Sauber,1:42.633,,
2017,10,20,Daniel Ricciardo,Red Bull,1:42.966,,
2017,11,1,Sebastian Vettel,Ferrari,1:17.244,1:16.802,1:16.276
2017,11,2,Kimi Räikkönen,Ferrari,1:17.364,1:17.207,1:16.444
2017,11,3,Valtteri Bottas,Mercedes,1:18.058,1:17.362,1:16.530
2017,11,4,Lewis Hamilton,Mercedes,1:17.492,1:16.693,1:16.707
2017,11,5,Max Verstappen,Red Bull,1:17.266,1:17.028,1:16.797
2017,11,6,Daniel Ricciardo,Red Bull,1:17.702,1:17.698,1:16.818
2017,11,7,Nico Hülkenberg,Renault,1:18.137,1:17.655,1:17.468
2017,11,8,Fernando Alonso,McLaren,1:18.395,1:17.919,1:17.549
2017,11,9,Stoffel Vandoorne,McLaren,1:18.479,1:18.000,1:17.894
2017,11,10,Carlos Sainz,Toro Rosso,1:18.948,1:18.311,1:18.912
2017,11,11,Jolyon Palmer,Renault,1:18.699,1:18.415,
2017,11,12,Esteban Ocon,Force India,1:18.843,1:18.495,
2017,11,13,Daniil Kvyat,Toro Rosso,1:18.702,1:18.538,
2017,11,14,Sergio Pérez,Force India,1:19.095,1:18.639,
2017,11,15,Romain Grosjean,Haas F1 Team,1:19.085,1:18.771,
2017,11,16,Kevin Magnussen,Haas F1 Team,1:19.095,,
2017,11,17,Lance Stroll,Williams,1:19.102,,
2017,11,18,Pascal Wehrlein,Sauber,1:19.839,,
2017,11,19,Paul di Resta,Williams,1:19.868,,
2017,11,20,Marcus Ericsson,Sauber,1:19.972,,
2017,12,1,Lewis Hamilton,Mercedes,1:44.184,1:42.927,1:42.553
2017,12,2,Sebastian Vettel,Ferrari,1:44.275,1:43.987,1:42.795
2017,12,3,Valtteri Bottas,Mercedes,1:44.773,1:43.249,1:43.094
2017,12,4,Kimi Räikkönen,Ferrari,1:44.729,1:43.700,1:43.270
2017,12,5,Max Verstappen,Red Bull,1:44.535,1:43.940,1:43.380
2017,12,6,Daniel Ricciardo,Red Bull,1:45.114,1:44.224,1:43.863
2017,12,7,Nico Hülkenberg,Renault,1:45.280,1:44.988,1:44.982
2017,12,8,Sergio Pérez,Force India,1:45.591,1:44.894,1:45.244
2017,12,9,Esteban Ocon,Force India,1:45.277,1:45.006,1:45.369
2017,12,10,Jolyon Palmer,Renault,1:45.447,1:44.685,
2017,12,11,Fernando Alonso,McLaren,1:45.668,1:45.090,
2017,12,12,Romain Grosjean,Haas F1 Team,1:45.728,1:45.133,
2017,12,13,Kevin Magnussen,Haas F1 Team,1:45.535,1:45.400,
2017,12,14,Carlos Sainz,Toro Rosso,1:45.374,1:45.439,
2017,12,15,Stoffel Vandoorne,McLaren,1:45.441,,
2017,12,16,Felipe Massa,Williams,1:45.823,,
2017,12,17,Daniil Kvyat,Toro Rosso,1:46.028,,
2017,12,18,Lance Stroll,Williams,1:46.915,,
2017,12,19,Marcus Ericsson,Sauber,1:47.214,,
2017,12,20,Pascal Wehrlein,Sauber,1:47.679,,
2017,13,1,Lewis Hamilton,Mercedes,1:36.009,1:34.660,1:35.554
2017,13,2,Max Verstappen,Red Bull,1:37.344,1:36.113,1:36.702
2017,13,3,Daniel Ricciardo,Red Bull,1:38.304,1:37.313,1:36.841
2017,13,4,Lance Stroll,Williams,1:37.653,1:37.002,1:37.032
2017,13,5,Esteban Ocon,Force India,1:38.775,1:37.580,1:37.719
2017,13,6,Valtteri Bottas,Mercedes,1:35.716,1:35.396,1:37.833
2017,13,7,Kimi Räikkönen,Ferrari,1:38.235,1:37.031,1:37.987
2017,13,8,Sebastian Vettel,Ferrari,1:37.198,1:36.223,1:38.064
2017,13,9,Felipe Massa,Williams,1:38.338,1:37.456,1:38.251
2017,13,10,Stoffel Vandoorne,McLaren,1:38.767,1:37.471,1:39.157
2017,13,11,Sergio Pérez,Force India,1:38.511,1:37.582,
2017,13,12,Nico Hülkenberg,Renault,1:39.242,1:38.059,
2017,13,13,Fernando Alonso,McLaren,1:39.134,1:38.202,
2017,13,14,Daniil Kvyat,Toro Rosso,1:39.183,1:38.245,
2017,13,15,Carlos Sainz,Toro Rosso,1:39.788,1:38.526,
2017,13,16,Kevin Magnussen,Haas F1 Team,1:40.489,,
2017,13,17,Jolyon Palmer,Renault,1:40.646,,
2017,13,18,Marcus Ericsson,Sauber,1:41.732,,
2017,13,19,Pascal Wehrlein,Sauber,1:41.875,,
2017,13,20,Romain Grosjean,Haas F1 Team,1:43.355,,
2017,14,1,Sebastian Vettel,Ferrari,1:43.336,1:40.529,1:39.491
2017,14,2,Max Verstappen,Red Bull,1:42.010,1:40.332,1:39.814
2017,14,3,Daniel Ricciardo,Red Bull,1:42.063,1:40.385,1:39.840
2017,14,4,Kimi Räikkönen,Ferrari,1:43.328,1:40.525,1:40.069
2017,14,5,Lewis Hamilton,Mercedes,1:42.455,1:40.577,1:40.126
2017,14,6,Valtteri Bottas,Mercedes,1:43.137,1:41.409,1:40.810
2017,14,7,Nico Hülkenberg,Renault,1:42.586,1:41.277,1:41.013
2017,14,8,Fernando Alonso,McLaren,1:42.086,1:41.442,1:41.179
2017,14,9,Stoffel Vandoorne,McLaren,1:42.222,1:41.227,1:41.398
2017,14,10,Carlos Sainz,Toro Rosso,1:42.176,1:41.826,1:42.056
2017,14,11,Jolyon Palmer,Renault,1:42.472,1:42.107,
2017,14,12,Sergio Pérez,Force India,1:43.594,1:42.246,
2017,14,13,Daniil Kvyat,Toro Rosso,1:42.544,1:42.338,
2017,14,14,Esteban Ocon,Force India,1:43.626,1:42.760,
2017,14,15,Romain Grosjean,Haas F1 Team,1:43.627,1:43.883,
2017,14,16,Kevin Magnussen,Haas F1 Team,1:43.756,,
2017,14,17,Felipe Massa,Williams,1:44.014,,
2017,14,18,Lance Stroll,Williams,1:44.728,,
2017,14,19,Pascal Wehrlein,Sauber,1:45.059,,
2017,14,20,Marcus Ericsson,Sauber,1:45.570,,
2017,15,1,Lewis Hamilton,Mercedes,1:31.605,1:30.977,1:30.076
2017,15,2,Kimi Räikkönen,Ferrari,1:32.259,1:30.926,1:30.121
2017,15,3,Max Verstappen,Red Bull,1:31.920,1:30.931,1:30.541
2017,15,4,Daniel Ricciardo,Red Bull,1:32.416,1:31.061,1:30.595
2017,15,5,Valtteri Bottas,Mercedes,1:32.254,1:30.803,1:30.758
2017,15,6,Esteban Ocon,Force India,1:32.527,1:31.651,1:31.478
2017,15,7,Stoffel Vandoorne,McLaren,1:32.838,1:31.848,1:31.582
2017,15,8,Nico Hülkenberg,Renault,1:32.586,1:31.778,1:31.607
2017,15,9,Sergio Pérez,Force India,1:32.768,1:31.484,1:31.658
2017,15,10,Fernando Alonso,McLaren,1:33.049,1:32.010,1:31.704
2017,15,11,Felipe Massa,Williams,1:32.267,1:32.034,
2017,15,12,Jolyon Palmer,Renault,1:32.576,1:32.100,
2017,15,13,Lance Stroll,Williams,1:33.000,1:32.307,
2017,15,14,Carlos Sainz,Toro Rosso,1:32.650,1:32.402,
2017,15,15,Pierre Gasly,Toro Rosso,1:32.547,1:32.558,
2017,15,16,Romain Grosjean,Haas F1 Team,1:33.308,,
2017,15,17,Kevin Magnussen,Haas F1 Team,1:33.434,,
2017,15,18,Pascal Wehrlein,Sauber,1:33.483,,
2017,15,19,Marcus Ericsson,Sauber,1:33.970,,
2017,15,20,Sebastian Vettel,Ferrari,,,
2017,16,1,Lewis Hamilton,Mercedes,1:29.047,1:27.819,1:27.319
2017,16,2,Valtteri Bottas,Mercedes,1:29.332,1:28.543,1:27.651
2017,16,3,Sebastian Vettel,Ferrari,1:29.352,1:28.225,1:27.791
2017,16,4,Daniel Ricciardo,Red Bull,1:29.475,1:28.935,1:28.306
2017,16,5,Max Verstappen,Red Bull,1:29.181,1:28.747,1:28.332
2017,16,6,Kimi Räikkönen,Ferrari,1:29.163,1:29.079,1:28.498
2017,16,7,Esteban Ocon,Force India,1:30.115,1:29.199,1:29.111
2017,16,8,Sergio Pérez,Force India,1:29.696,1:29.343,1:29.260
2017,16,9,Felipe Massa,Williams,1:30.352,1:29.687,1:29.480
2017,16,10,Fernando Alonso,McLaren,1:30.525,1:29.749,1:30.687
2017,16,11,Stoffel Vandoorne,McLaren,1:30.654,1:29.778,
2017,16,12,Nico Hülkenberg,Renault,1:30.252,1:29.879,
2017,16,13,Kevin Magnussen,Haas F1 Team,1:30.774,1:29.972,
2017,16,14,Jolyon Palmer,Renault,1:30.516,1:30.022,
2017,16,15,Carlos Sainz,Toro Rosso,1:30.565,1:30.413,
2017,16,16,Romain Grosjean,Haas F1 Team,1:30.849,,
2017,16,17,Pierre Gasly,Toro Rosso,1:31.317,,
2017,16,18,Lance Stroll,Williams,1:31.409,,
2017,16,19,Marcus Ericsson,Sauber,1:31.597,,
2017,16,20,Pascal Wehrlein,Sauber,1:31.885,,
2017,17,1,Lewis Hamilton,Mercedes,1:34.822,1:33.437,1:33.108
2017,17,2,Sebastian Vettel,Ferrari,1:35.420,1:34.103,1:33.347
2017,17,3,Valtteri Bottas,Mercedes,1:35.309,1:33.769,1:33.568
2017,17,4,Daniel Ricciardo,Red Bull,1:35.991,1:34.495,1:33.577
2017,17,5,Kimi Räikkönen,Ferrari,1:35.649,1:33.840,1:33.577
2017,17,6,Max Verstappen,Red Bull,1:34.899,1:34.716,1:33.658
2017,17,7,Esteban Ocon,Force India,1:35.849,1:35.113,1:34.647
2017,17,8,Carlos Sainz,Renault,1:35.517,1:34.899,1:34.852
2017,17,9,Fernando Alonso,McLaren,1:35.712,1:35.046,1:35.007
2017,17,10,Sergio Pérez,Force India,1:36.358,1:34.789,1:35.148
2017,17,11,Felipe Massa,Williams,1:35.603,1:35.155,
2017,17,12,Daniil Kvyat,Toro Rosso,1:36.073,1:35.529,
2017,17,13,Stoffel Vandoorne,McLaren,1:36.286,1:35.641,
2017,17,14,Romain Grosjean,Haas F1 Team,1:36.835,1:35.870,
2017,17,15,Nico Hülkenberg,Renault,1:35.740,,
2017,17,16,Marcus Ericsson,Sauber,1:36.842,,
2017,17,17,Lance Stroll,Williams,1:36.868,,
2017,17,18,Brendon Hartley,Toro Rosso,1:36.889,,
2017,17,19,Pascal Wehrlein,Sauber,1:37.179,,
2017,17,20,Kevin Magnussen,Haas F1 Team,1:37.394,,
2017,18,1,Sebastian Vettel,Ferrari,1:17.665,1:16.870,1:16.488
2017,18,2,Max Verstappen,Red Bull,1:17.630,1:16.524,1:16.574
2017,18,3,Lewis Hamilton,Mercedes,1:17.518,1:17.035,1:16.934
2017,18,4,Valtteri Bottas,Mercedes,1:17.578,1:17.161,1:16.958
2017,18,5,Kimi Räikkönen,Ferrari,1:18.148,1:17.534,1:17.238
2017,18,6,Esteban Ocon,Force India,1:18.336,1:17.827,1:17.437
2017,18,7,Daniel Ricciardo,Red Bull,1:18.208,1:17.631,1:17.447
2017,18,8,Nico Hülkenberg,Renault,1:18.322,1:17.792,1:17.466
2017,18,9,Carlos Sainz,Renault,1:18.405,1:17.753,1:17.794
2017,18,10,Sergio Pérez,Force India,1:18.020,1:17.868,1:17.807
2017,18,11,Felipe Massa,Williams,1:18.570,1:18.099,
2017,18,12,Lance Stroll,Williams,1:18.902,1:19.159,
2017,18,13,Brendon Hartley,Toro Rosso,1:18.683,,
2017,18,14,Fernando Alonso,McLaren,1:17.710,,
2017,18,15,Stoffel Vandoorne,McLaren,1:18.578,,
2017,18,16,Marcus Ericsson,Sauber,1:19.176,,
2017,18,17,Pascal Wehrlein,Sauber,1:19.333,,
2017,18,18,Kevin Magnussen,Haas F1 Team,1:19.443,,
2017,18,19,Romain Grosjean,Haas F1 Team,1:19.473,,
2017,19,1,Valtteri Bottas,Mercedes,1:09.452,1:08.638,1:08.322
2017,19,2,Sebastian Vettel,Ferrari,1:09.643,1:08.494,1:08.360
2017,19,3,Kimi Räikkönen,Ferrari,1:09.405,1:09.116,1:08.538
2017,19,4,Max Verstappen,Red Bull,1:09.820,1:09.050,1:08.925
2017,19,5,Daniel Ricciardo,Red Bull,1:09.828,1:09.533,1:09.330
2017,19,6,Sergio Pérez,Force India,1:10.145,1:09.760,1:09.598
2017,19,7,Fernando Alonso,McLaren,1:10.172,1:09.593,1:09.617
2017,19,8,Nico Hülkenberg,Renault,1:10.078,1:09.726,1:09.703
2017,19,9,Carlos Sainz,Renault,1:10.227,1:09.768,1:09.805
2017,19,10,Felipe Massa,Williams,1:09.789,1:09.612,1:09.841
2017,19,11,Esteban Ocon,Force India,1:10.168,1:09.830,
2017,19,12,Romain Grosjean,Haas F1 Team,1:10.148,1:09.879,
2017,19,13,Stoffel Vandoorne,McLaren,1:10.286,1:10.116,
2017,19,14,Kevin Magnussen,Haas F1 Team,1:10.521,1:10.154,
2017,19,15,Brendon Hartley,Toro Rosso,1:10.625,,
2017,19,16,Pascal Wehrlein,Sauber,1:10.678,,
2017,19,17,Pierre Gasly,Toro Rosso,1:10.686,,
2017,19,18,Lance Stroll,Williams,1:10.776,,
2017,19,19,Marcus Ericsson,Sauber,1:10.875,,
2017,19,20,Lewis Hamilton,Mercedes,,,
2017,20,1,Valtteri Bottas,Mercedes,1:37.356,1:36.822,1:36.231
2017,20,2,Lewis Hamilton,Mercedes,1:37.391,1:36.742,1:36.403
2017,20,3,Sebastian Vettel,Ferrari,1:37.817,1:37.023,1:36.777
2017,20,4,Daniel Ricciardo,Red Bull,1:38.016,1:37.583,1:36.959
2017,20,5,Kimi Räikkönen,Ferrari,1:37.453,1:37.302,1:36.985
2017,20,6,Max Verstappen,Red Bull,1:38.021,1:37.777,1:37.328
2017,20,7,Nico Hülkenberg,Renault,1:38.781,1:38.138,1:38.282
2017,20,8,Sergio Pérez,Force India,1:38.601,1:38.359,1:38.374
2017,20,9,Esteban Ocon,Force India,1:38.896,1:38.392,1:38.397
2017,20,10,Felipe Massa,Williams,1:38.629,1:38.565,1:38.550
2017,20,11,Fernando Alonso,McLaren,1:38.820,1:38.636,
2017,20,12,Carlos Sainz,Renault,1:38.810,1:38.725,
2017,20,13,Stoffel Vandoorne,McLaren,1:38.777,1:38.808,
2017,20,14,Kevin Magnussen,Haas F1 Team,1:39.395,1:39.298,
2017,20,15,Lance Stroll,Williams,1:39.503,1:39.646,
2017,20,16,Romain Grosjean,Haas F1 Team,1:39.516,,
2017,20,17,Pierre Gasly,Toro Rosso,1:39.724,,
2017,20,18,Pascal Wehrlein,Sauber,1:39.930,,
2017,20,19,Marcus Ericsson,Sauber,1:39.994,,
2017,20,20,Brendon Hartley,Toro Rosso,1:40.471,,
2018,1,1,Lewis Hamilton,Mercedes,1:22.824,1:22.051,1:21.164
2018,1,2,Kimi Räikkönen,Ferrari,1:23.096,1:22.507,1:21.828
2018,1,3,Sebastian Vettel,Ferrari,1:23.348,1:21.944,1:21.838
2018,1,4,Max Verstappen,Red Bull,1:23.483,1:22.416,1:21.879
2018,1,5,Daniel Ricciardo,Red Bull,1:23.494,1:22.897,1:22.152
2018,1,6,Kevin Magnussen,Haas F1 Team,1:23.909,1:23.300,1:23.187
2018,1,7,Romain Grosjean,Haas F1 Team,1:23.671,1:23.468,1:23.339
2018,1,8,Nico Hülkenberg,Renault,1:23.782,1:23.544,1:23.532
2018,1,9,Carlos Sainz,Renault,1:23.529,1:23.061,1:23.577
2018,1,10,Valtteri Bottas,Mercedes,1:23.686,1:22.089,
2018,1,11,Fernando Alonso,McLaren,1:23.597,1:23.692,
2018,1,12,Stoffel Vandoorne,McLaren,1:24.073,1:23.853,
2018,1,13,Sergio Pérez,Force India,1:24.344,1:24.005,
2018,1,14,Lance Stroll,Williams,1:24.464,1:24.230,
2018,1,15,Esteban Ocon,Force India,1:24.503,1:24.786,
2018,1,16,Brendon Hartley,Toro Rosso,1:24.532,,
2018,1,17,Marcus Ericsson,Sauber,1:24.556,,
2018,1,18,Charles Leclerc,Sauber,1:24.636,,
2018,1,19,Sergey Sirotkin,Williams,1:24.922,,
2018,1,20,Pierre Gasly,Toro Rosso,1:25.295,,
2018,2,1,Sebastian Vettel,Ferrari,1:29.060,1:28.341,1:27.958
2018,2,2,Kimi Räikkönen,Ferrari,1:28.951,1:28.515,1:28.101
2018,2,3,Valtteri Bottas,Mercedes,1:29.275,1:28.794,1:28.124
2018,2,4,Lewis Hamilton,Mercedes,1:29.396,1:28.458,1:28.220
2018,2,5,Daniel Ricciardo,Red Bull,1:29.552,1:28.962,1:28.398
2018,2,6,Pierre Gasly,Toro Rosso,1:30.121,1:29.836,1:29.329
2018,2,7,Kevin Magnussen,Haas F1 Team,1:29.594,1:29.623,1:29.358
2018,2,8,Nico Hülkenberg,Renault,1:30.260,1:29.187,1:29.570
2018,2,9,Esteban Ocon,Force India,1:30.338,1:30.009,1:29.874
2018,2,10,Carlos Sainz,Renault,1:29.893,1:29.802,1:29.986
2018,2,11,Brendon Hartley,Toro Rosso,1:30.412,1:30.105,
2018,2,12,Sergio Pérez,Force India,1:30.218,1:30.156,
2018,2,13,Fernando Alonso,McLaren,1:30.530,1:30.212,
2018,2,14,Stoffel Vandoorne,McLaren,1:30.479,1:30.525,
2018,2,15,Max Verstappen,Red Bull,1:29.374,,
2018,2,16,Romain Grosjean,Haas F1 Team,1:30.530,,
2018,2,17,Marcus Ericsson,Sauber,1:31.063,,
2018,2,18,Sergey Sirotkin,Williams,1:31.414,,
2018,2,19,Charles Leclerc,Sauber,1:31.420,,
2018,2,20,Lance Stroll,Williams,1:31.503,,
2018,3,1,Sebastian Vettel,Ferrari,1:32.171,1:32.385,1:31.095
2018,3,2,Kimi Räikkönen,Ferrari,1:32.474,1:32.286,1:31.182
2018,3,3,Valtteri Bottas,Mercedes,1:32.921,1:32.063,1:31.625
2018,3,4,Lewis Hamilton,Mercedes,1:33.283,1:31.914,1:31.675
2018,3,5,Max Verstappen,Red Bull,1:32.932,1:32.809,1:31.796
2018,3,6,Daniel Ricciardo,Red Bull,1:33.877,1:32.688,1:31.948
2018,3,7,Nico Hülkenberg,Renault,1:33.545,1:32.494,1:32.532
2018,3,8,Sergio Pérez,Force India,1:33.464,1:32.931,1:32.758
2018,3,9,Carlos Sainz,Renault,1:33.315,1:32.970,1:32.819
2018,3,10,Romain Grosjean,Haas F1 Team,1:33.238,1:32.524,1:32.855
2018,3,11,Kevin Magnussen,Haas F1 Team,1:33.359,1:32.986,
2018,3,12,Esteban Ocon,Force India,1:33.585,1:33.057,
2018,3,13,Fernando Alonso,McLaren,1:33.428,1:33.232,
2018,3,14,Stoffel Vandoorne,McLaren,1:33.824,1:33.505,
2018,3,15,Brendon Hartley,Toro Rosso,1:34.013,1:33.795,
2018,3,16,Sergey Sirotkin,Williams,1:34.062,,
2018,3,17,Pierre Gasly,Toro Rosso,1:34.101,,
2018,3,18,Lance Stroll,Williams,1:34.285,,
2018,3,19,Charles Leclerc,Sauber,1:34.454,,
2018,3,20,Marcus Ericsson,Sauber,1:34.914,,
2018,4,1,Sebastian Vettel,Ferrari,1:42.762,1:43.015,1:41.498
2018,4,2,Lewis Hamilton,Mercedes,1:42.693,1:42.676,1:41.677
2018,4,3,Valtteri Bottas,Mercedes,1:43.355,1:42.679,1:41.837
2018,4,4,Daniel Ricciardo,Red Bull,1:42.857,1:43.482,1:41.911
2018,4,5,Max Verstappen,Red Bull,1:42.642,1:42.901,1:41.994
2018,4,6,Kimi Räikkönen,Ferrari,1:42.538,1:42.510,1:42.490
2018,4,7,Esteban Ocon,Force India,1:43.021,1:42.967,1:42.523
2018,4,8,Sergio Pérez,Force India,1:43.992,1:43.366,1:42.547
2018,4,9,Nico Hülkenberg,Renault,1:43.746,1:43.232,1:43.066
2018,4,10,Carlos Sainz,Renault,1:43.426,1:43.464,1:43.351
2018,4,11,Lance Stroll,Williams,1:44.359,1:43.585,
2018,4,12,Sergey Sirotkin,Williams,1:44.261,1:43.886,
2018,4,13,Fernando Alonso,McLaren,1:44.010,1:44.019,
2018,4,14,Charles Leclerc,Sauber,1:43.752,1:44.074,
2018,4,15,Kevin Magnussen,Haas F1 Team,1:43.674,1:44.759,
2018,4,16,Stoffel Vandoorne,McLaren,1:44.489,,
2018,4,17,Pierre Gasly,Toro Rosso,1:44.496,,
2018,4,18,Marcus Ericsson,Sauber,1:45.541,,
2018,4,19,Brendon Hartley,Toro Rosso,1:57.354,,
2018,4,20,Romain Grosjean,Haas F1 Team,,,
2018,5,1,Lewis Hamilton,Mercedes,1:17.633,1:17.166,1:16.173
2018,5,2,Valtteri Bottas,Mercedes,1:17.674,1:17.111,1:16.213
2018,5,3,Sebastian Vettel,Ferrari,1:17.031,1:16.802,1:16.305
2018,5,4,Kimi Räikkönen,Ferrari,1:17.483,1:17.071,1:16.612
2018,5,5,Max Verstappen,Red Bull,1:17.411,1:17.266,1:16.816
2018,5,6,Daniel Ricciardo,Red Bull,1:17.623,1:17.638,1:16.818
2018,5,7,Kevin Magnussen,Haas F1 Team,1:18.169,1:17.618,1:17.676
2018,5,8,Fernando Alonso,McLaren,1:18.276,1:18.100,1:17.721
2018,5,9,Carlos Sainz,Renault,1:18.480,1:17.803,1:17.790
2018,5,10,Romain Grosjean,Haas F1 Team,1:18.305,1:17.699,1:17.835
2018,5,11,Stoffel Vandoorne,McLaren,1:18.885,1:18.323,
2018,5,12,Pierre Gasly,Toro Rosso,1:18.550,1:18.463,
2018,5,13,Esteban Ocon,Force India,1:18.813,1:18.696,
2018,5,14,Charles Leclerc,Sauber,1:18.661,1:18.910,
2018,5,15,Sergio Pérez,Force India,1:18.740,1:19.098,
2018,5,16,Nico Hülkenberg,Renault,1:18.923,,
2018,5,17,Marcus Ericsson,Sauber,1:19.493,,
2018,5,18,Sergey Sirotkin,Williams,1:19.695,,
2018,5,19,Lance Stroll,Williams,1:20.225,,
2018,5,20,Brendon Hartley,Toro Rosso,,,
2018,6,1,Daniel Ricciardo,Red Bull,1:12.013,1:11.278,1:10.810
2018,6,2,Sebastian Vettel,Ferrari,1:12.415,1:11.518,1:11.039
2018,6,3,Lewis Hamilton,Mercedes,1:12.460,1:11.584,1:11.232
2018,6,4,Kimi Räikkönen,Ferrari,1:12.639,1:11.391,1:11.266
2018,6,5,Valtteri Bottas,Mercedes,1:12.434,1:12.002,1:11.441
2018,6,6,Esteban Ocon,Force India,1:13.028,1:12.188,1:12.061
2018,6,7,Fernando Alonso,McLaren,1:12.657,1:12.269,1:12.110
2018,6,8,Carlos Sainz,Renault,1:12.950,1:12.286,1:12.130
2018,6,9,Sergio Pérez,Force India,1:12.848,1:12.194,1:12.154
2018,6,10,Pierre Gasly,Toro Rosso,1:12.941,1:12.313,1:12.221
2018,6,11,Nico Hülkenberg,Renault,1:13.065,1:12.411,
2018,6,12,Stoffel Vandoorne,McLaren,1:12.463,1:12.440,
2018,6,13,Sergey Sirotkin,Williams,1:12.706,1:12.521,
2018,6,14,Charles Leclerc,Sauber,1:12.829,1:12.714,
2018,6,15,Romain Grosjean,Haas F1 Team,1:12.930,1:12.728,
2018,6,16,Brendon Hartley,Toro Rosso,1:13.179,,
2018,6,17,Marcus Ericsson,Sauber,1:13.265,,
2018,6,18,Lance Stroll,Williams,1:13.323,,
2018,6,19,Kevin Magnussen,Haas F1 Team,1:13.393,,
2018,6,20,Max Verstappen,Red Bull,,,
2018,7,1,Sebastian Vettel,Ferrari,1:11.710,1:11.524,1:10.764
2018,7,2,Valtteri Bottas,Mercedes,1:11.950,1:11.514,1:10.857
2018,7,3,Max Verstappen,Red Bull,1:12.008,1:11.472,1:10.937
2018,7,4,Lewis Hamilton,Mercedes,1:11.835,1:11.740,1:10.996
2018,7,5,Kimi Räikkönen,Ferrari,1:11.725,1:11.620,1:11.095
2018,7,6,Daniel Ricciardo,Red Bull,1:12.459,1:11.434,1:11.116
2018,7,7,Nico Hülkenberg,Renault,1:12.795,1:11.916,1:11.973
2018,7,8,Esteban Ocon,Force India,1:12.577,1:12.141,1:12.084
2018,7,9,Carlos Sainz,Renault,1:12.689,1:12.097,1:12.168
2018,7,10,Sergio Pérez,Force India,1:12.702,1:12.395,1:12.671
2018,7,11,Kevin Magnussen,Haas F1 Team,1:12.680,1:12.606,
2018,7,12,Brendon Hartley,Toro Rosso,1:12.587,1:12.635,
2018,7,13,Charles Leclerc,Sauber,1:12.945,1:12.661,
2018,7,14,Fernando Alonso,McLaren,1:12.979,1:12.856,
2018,7,15,Stoffel Vandoorne,McLaren,1:12.998,1:12.865,
2018,7,16,Pierre Gasly,Toro Rosso,1:13.047,,
2018,7,17,Lance Stroll,Williams,1:13.590,,
2018,7,18,Sergey Sirotkin,Williams,1:13.643,,
2018,7,19,Marcus Ericsson,Sauber,1:14.593,,
2018,7,20,Romain Grosjean,Haas F1 Team,,,
2018,8,1,Lewis Hamilton,Mercedes,1:31.271,1:30.645,1:30.029
2018,8,2,Valtteri Bottas,Mercedes,1:31.776,1:31.227,1:30.147
2018,8,3,Sebastian Vettel,Ferrari,1:31.820,1:30.751,1:30.400
2018,8,4,Max Verstappen,Red Bull,1:31.531,1:30.818,1:30.705
2018,8,5,Daniel Ricciardo,Red Bull,1:31.910,1:31.538,1:30.895
2018,8,6,Kimi Räikkönen,Ferrari,1:31.567,1:30.772,1:31.057
2018,8,7,Carlos Sainz,Renault,1:32.394,1:32.016,1:32.126
2018,8,8,Charles Leclerc,Sauber,1:32.538,1:32.055,1:32.635
2018,8,9,Kevin Magnussen,Haas F1 Team,1:32.169,1:31.510,1:32.930
2018,8,10,Romain Grosjean,Haas F1 Team,1:32.083,1:31.472,
2018,8,11,Esteban Ocon,Force India,1:32.786,1:32.075,
2018,8,12,Nico Hülkenberg,Renault,1:32.949,1:32.115,
2018,8,13,Sergio Pérez,Force India,1:32.692,1:32.454,
2018,8,14,Pierre Gasly,Toro Rosso,1:32.447,1:32.460,
2018,8,15,Marcus Ericsson,Sauber,1:32.804,1:32.820,
2018,8,16,Fernando Alonso,McLaren,1:32.976,,
2018,8,17,Brendon Hartley,Toro Rosso,1:33.025,,
2018,8,18,Stoffel Vandoorne,McLaren,1:33.162,,
2018,8,19,Sergey Sirotkin,Williams,1:33.636,,
2018,8,20,Lance Stroll,Williams,1:33.729,,
2018,9,1,Valtteri Bottas,Mercedes,1:04.175,1:03.756,1:03.130
2018,9,2,Lewis Hamilton,Mercedes,1:04.080,1:03.577,1:03.149
2018,9,3,Sebastian Vettel,Ferrari,1:04.347,1:03.544,1:03.464
2018,9,4,Kimi Räikkönen,Ferrari,1:04.234,1:03.975,1:03.660
2018,9,5,Max Verstappen,Red Bull,1:04.273,1:04.001,1:03.840
2018,9,6,Romain Grosjean,Haas F1 Team,1:04.242,1:04.059,1:03.892
2018,9,7,Daniel Ricciardo,Red Bull,1:04.723,1:04.403,1:03.996
2018,9,8,Kevin Magnussen,Haas F1 Team,1:04.460,1:04.291,1:04.051
2018,9,9,Carlos Sainz,Renault,1:04.948,1:04.561,1:04.725
2018,9,10,Nico Hülkenberg,Renault,1:04.864,1:04.676,1:05.019
2018,9,11,Esteban Ocon,Force India,1:05.148,1:04.845,
2018,9,12,Pierre Gasly,Toro Rosso,1:05.011,1:04.874,
2018,9,13,Charles Leclerc,Sauber,1:04.967,1:04.979,
2018,9,14,Fernando Alonso,McLaren,1:04.965,1:05.058,
2018,9,15,Lance Stroll,Williams,1:05.264,1:05.286,
2018,9,16,Stoffel Vandoorne,McLaren,1:05.271,,
2018,9,17,Sergio Pérez,Force India,1:05.279,,
2018,9,18,Sergey Sirotkin,Williams,1:05.322,,
2018,9,19,Brendon Hartley,Toro Rosso,1:05.366,,
2018,9,20,Marcus Ericsson,Sauber,1:05.479,,
2018,10,1,Lewis Hamilton,Mercedes,1:26.818,1:26.256,1:25.892
2018,10,2,Sebastian Vettel,Ferrari,1:26.585,1:26.372,1:25.936
2018,10,3,Kimi Räikkönen,Ferrari,1:27.549,1:26.483,1:25.990
2018,10,4,Valtteri Bottas,Mercedes,1:27.025,1:26.413,1:26.217
2018,10,5,Max Verstappen,Red Bull,1:27.309,1:27.013,1:26.602
2018,10,6,Daniel Ricciardo,Red Bull,1:27.979,1:27.369,1:27.099
2018,10,7,Kevin Magnussen,Haas F1 Team,1:28.143,1:27.730,1:27.244
2018,10,8,Romain Grosjean,Haas F1 Team,1:28.086,1:27.522,1:27.455
2018,10,9,Charles Leclerc,Sauber,1:27.962,1:27.790,1:27.879
2018,10,10,Esteban Ocon,Force India,1:28.279,1:27.843,1:28.194
2018,10,11,Nico Hülkenberg,Renault,1:28.017,1:27.901,
2018,10,12,Sergio Pérez,Force India,1:28.210,1:27.928,
2018,10,13,Fernando Alonso,McLaren,1:28.187,1:28.139,
2018,10,14,Pierre Gasly,Toro Rosso,1:28.399,1:28.343,
2018,10,15,Marcus Ericsson,Sauber,1:28.249,1:28.391,
2018,10,16,Carlos Sainz,Renault,1:28.456,,
2018,10,17,Stoffel Vandoorne,McLaren,1:29.096,,
2018,10,18,Sergey Sirotkin,Williams,1:29.252,,
2018,10,19,Lance Stroll,Williams,,,
2018,10,20,Brendon Hartley,Toro Rosso,,,
2018,11,1,Sebastian Vettel,Ferrari,1:12.538,1:12.505,1:11.212
2018,11,2,Valtteri Bottas,Mercedes,1:12.962,1:12.152,1:11.416
2018,11,3,Kimi Räikkönen,Ferrari,1:12.505,1:12.336,1:11.547
2018,11,4,Max Verstappen,Red Bull,1:13.127,1:12.188,1:11.822
2018,11,5,Kevin Magnussen,Haas F1 Team,1:13.105,1:12.523,1:12.200
2018,11,6,Romain Grosjean,Haas F1 Team,1:12.986,1:12.722,1:12.544
2018,11,7,Nico Hülkenberg,Renault,1:13.479,1:12.946,1:12.560
2018,11,8,Carlos Sainz,Renault,1:13.324,1:13.032,1:12.692
2018,11,9,Charles Leclerc,Sauber,1:13.077,1:12.995,1:12.717
2018,11,10,Sergio Pérez,Force India,1:13.427,1:13.072,1:12.774
2018,11,11,Fernando Alonso,McLaren,1:13.614,1:13.657,
2018,11,12,Sergey Sirotkin,Williams,1:13.708,1:13.702,
2018,11,13,Marcus Ericsson,Sauber,1:13.562,1:13.736,
2018,11,14,Lewis Hamilton,Mercedes,1:13.012,,
2018,11,15,Daniel Ricciardo,Red Bull,1:13.318,,
2018,11,16,Esteban Ocon,Force India,1:13.720,,
2018,11,17,Pierre Gasly,Toro Rosso,1:13.749,,
2018,11,18,Brendon Hartley,Toro Rosso,1:14.045,,
2018,11,19,Lance Stroll,Williams,1:14.206,,
2018,11,20,Stoffel Vandoorne,McLaren,1:14.401,,
2018,12,1,Lewis Hamilton,Mercedes,1:17.419,1:31.242,1:35.658
2018,12,2,Valtteri Bottas,Mercedes,1:17.123,1:32.081,1:35.918
2018,12,3,Kimi Räikkönen,Ferrari,1:17.526,1:32.762,1:36.186
2018,12,4,Sebastian Vettel,Ferrari,1:16.666,1:28.636,1:36.210
2018,12,5,Carlos Sainz,Renault,1:17.829,1:30.771,1:36.743
2018,12,6,Pierre Gasly,Toro Rosso,1:18.577,1:31.286,1:37.591
2018,12,7,Max Verstappen,Red Bull,1:16.940,1:31.178,1:38.032
2018,12,8,Brendon Hartley,Toro Rosso,1:18.429,1:32.590,1:38.128
2018,12,9,Kevin Magnussen,Haas F1 Team,1:18.314,1:32.968,1:39.858
2018,12,10,Romain Grosjean,Haas F1 Team,1:17.901,1:33.650,1:40.593
2018,12,11,Fernando Alonso,McLaren,1:18.208,1:35.214,
2018,12,12,Daniel Ricciardo,Red Bull,1:18.540,1:36.442,
2018,12,13,Nico Hülkenberg,Renault,1:17.905,1:36.506,
2018,12,14,Marcus Ericsson,Sauber,1:18.641,1:37.075,
2018,12,15,Lance Stroll,Williams,1:18.560,,
2018,12,16,Stoffel Vandoorne,McLaren,1:18.782,,
2018,12,17,Charles Leclerc,Sauber,1:18.817,,
2018,12,18,Esteban Ocon,Force India,1:19.142,,
2018,12,19,Sergio Pérez,Force India,1:19.200,,
2018,12,20,Sergey Sirotkin,Williams,1:19.301,,
2018,13,1,Lewis Hamilton,Mercedes,1:42.977,1:41.553,1:58.179
2018,13,2,Sebastian Vettel,Ferrari,1:43.035,1:41.501,1:58.905
2018,13,3,Esteban Ocon,Force India,1:44.003,1:43.302,2:01.851
2018,13,4,Sergio Pérez,Force India,1:44.004,1:43.014,2:01.894
2018,13,5,Romain Grosjean,Haas F1 Team,1:43.597,1:43.042,2:02.122
2018,13,6,Kimi Räikkönen,Ferrari,1:42.585,1:41.533,2:02.671
2018,13,7,Max Verstappen,Red Bull,1:43.199,1:42.554,2:02.769
2018,13,8,Daniel Ricciardo,Red Bull,1:43.604,1:43.126,2:02.939
2018,13,9,Kevin Magnussen,Haas F1 Team,1:43.834,1:43.320,2:04.933
2018,13,10,Valtteri Bottas,Mercedes,1:42.805,1:42.191,
2018,13,11,Pierre Gasly,Toro Rosso,1:44.221,1:43.844,
2018,13,12,Brendon Hartley,Toro Rosso,1:44.153,1:43.865,
2018,13,13,Charles Leclerc,Sauber,1:43.654,1:44.062,
2018,13,14,Marcus Ericsson,Sauber,1:43.846,1:44.301,
2018,13,15,Nico Hülkenberg,Renault,1:44.145,,
2018,13,16,Carlos Sainz,Renault,1:44.489,,
2018,13,17,Fernando Alonso,McLaren,1:44.917,,
2018,13,18,Sergey Sirotkin,Williams,1:44.998,,
2018,13,19,Lance Stroll,Williams,1:45.134,,
2018,13,20,Stoffel Vandoorne,McLaren,1:45.307,,
2018,14,1,Kimi Räikkönen,Ferrari,1:20.722,1:19.846,1:19.119
2018,14,2,Sebastian Vettel,Ferrari,1:20.542,1:19.629,1:19.280
2018,14,3,Lewis Hamilton,Mercedes,1:20.810,1:19.798,1:19.294
2018,14,4,Valtteri Bottas,Mercedes,1:21.381,1:20.427,1:19.656
2018,14,5,Max Verstappen,Red Bull,1:21.381,1:20.333,1:20.615
2018,14,6,Romain Grosjean,Haas F1 Team,1:21.887,1:21.239,1:20.936
2018,14,7,Carlos Sainz,Renault,1:21.732,1:21.552,1:21.041
2018,14,8,Esteban Ocon,Force India,1:21.570,1:21.315,1:21.099
2018,14,9,Pierre Gasly,Toro Rosso,1:21.834,1:21.667,1:21.350
2018,14,10,Lance Stroll,Williams,1:21.838,1:21.494,1:21.627
2018,14,11,Kevin Magnussen,Haas F1 Team,1:21.783,1:21.669,
2018,14,12,Sergey Sirotkin,Williams,1:21.813,1:21.732,
2018,14,13,Fernando Alonso,McLaren,1:21.850,1:22.568,
2018,14,14,Nico Hülkenberg,Renault,1:21.801,,
2018,14,15,Daniel Ricciardo,Red Bull,1:21.280,,
2018,14,16,Sergio Pérez,Force India,1:21.888,,
2018,14,17,Charles Leclerc,Sauber,1:21.889,,
2018,14,18,Brendon Hartley,Toro Rosso,1:21.934,,
2018,14,19,Marcus Ericsson,Sauber,1:22.048,,
2018,14,20,Stoffel Vandoorne,McLaren,1:22.085,,
2018,15,1,Lewis Hamilton,Mercedes,1:39.403,1:37.344,1:36.015
2018,15,2,Max Verstappen,Red Bull,1:38.751,1:37.214,1:36.334
2018,15,3,Sebastian Vettel,Ferrari,1:38.218,1:37.876,1:36.628
2018,15,4,Valtteri Bottas,Mercedes,1:39.291,1:37.254,1:36.702
2018,15,5,Kimi Räikkönen,Ferrari,1:38.534,1:37.194,1:36.794
2018,15,6,Daniel Ricciardo,Red Bull,1:38.153,1:37.406,1:36.996
2018,15,7,Sergio Pérez,Force India,1:38.814,1:38.342,1:37.985
2018,15,8,Romain Grosjean,Haas F1 Team,1:38.685,1:38.367,1:38.320
2018,15,9,Esteban Ocon,Force India,1:38.912,1:38.534,1:38.365
2018,15,10,Nico Hülkenberg,Renault,1:38.932,1:38.450,1:38.588
2018,15,11,Fernando Alonso,McLaren,1:39.022,1:38.641,
2018,15,12,Carlos Sainz,Renault,1:39.103,1:38.716,
2018,15,13,Charles Leclerc,Sauber,1:39.206,1:38.747,
2018,15,14,Marcus Ericsson,Sauber,1:39.366,1:39.453,
2018,15,15,Pierre Gasly,Toro Rosso,1:39.614,1:39.691,
2018,15,16,Kevin Magnussen,Haas F1 Team,1:39.644,,
2018,15,17,Brendon Hartley,Toro Rosso,1:39.809,,
2018,15,18,Stoffel Vandoorne,McLaren,1:39.864,,
2018,15,19,Sergey Sirotkin,Williams,1:41.263,,
2018,15,20,Lance Stroll,Williams,1:41.334,,
2018,16,1,Valtteri Bottas,Mercedes,1:32.964,1:32.744,1:31.387
2018,16,2,Lewis Hamilton,Mercedes,1:32.410,1:32.595,1:31.532
2018,16,3,Sebastian Vettel,Ferrari,1:33.476,1:33.045,1:31.943
2018,16,4,Kimi Räikkönen,Ferrari,1:33.341,1:33.065,1:32.237
2018,16,5,Kevin Magnussen,Haas F1 Team,1:34.078,1:33.747,1:33.181
2018,16,6,Esteban Ocon,Force India,1:34.290,1:33.596,1:33.413
2018,16,7,Charles Leclerc,Sauber,1:33.924,1:33.488,1:33.419
2018,16,8,Sergio Pérez,Force India,1:34.084,1:33.923,1:33.563
2018,16,9,Romain Grosjean,Haas F1 Team,1:34.022,1:33.517,1:33.704
2018,16,10,Marcus Ericsson,Sauber,1:34.170,1:33.995,1:35.196
2018,16,11,Max Verstappen,Red Bull,1:33.048,,
2018,16,12,Daniel Ricciardo,Red Bull,1:33.247,,
2018,16,13,Pierre Gasly,Toro Rosso,1:34.383,,
2018,16,14,Carlos Sainz,Renault,1:34.626,,
2018,16,15,Nico Hülkenberg,Renault,1:34.655,,
2018,16,16,Brendon Hartley,Toro Rosso,1:35.037,,
2018,16,17,Fernando Alonso,McLaren,1:35.504,,
2018,16,18,Sergey Sirotkin,Williams,1:35.612,,
2018,16,19,Stoffel Vandoorne,McLaren,1:35.977,,
2018,16,20,Lance Stroll,Williams,1:36.437,,
2018,17,1,Lewis Hamilton,Mercedes,1:28.702,1:28.017,1:27.760
2018,17,2,Valtteri Bottas,Mercedes,1:29.297,1:27.987,1:28.059
2018,17,3,Max Verstappen,Red Bull,1:29.480,1:28.849,1:29.057
2018,17,4,Kimi Räikkönen,Ferrari,1:29.631,1:28.595,1:29.521
2018,17,5,Romain Grosjean,Haas F1 Team,1:29.724,1:29.678,1:29.761
2018,17,6,Brendon Hartley,Toro Rosso,1:30.248,1:29.848,1:30.023
2018,17,7,Pierre Gasly,Toro Rosso,1:30.137,1:29.810,1:30.093
2018,17,8,Esteban Ocon,Force India,1:29.899,1:29.538,1:30.126
2018,17,9,Sebastian Vettel,Ferrari,1:29.049,1:28.279,1:32.192
2018,17,10,Sergio Pérez,Force India,1:30.247,1:29.567,1:37.229
2018,17,11,Charles Leclerc,Sauber,1:29.706,1:29.864,
2018,17,12,Kevin Magnussen,Haas F1 Team,1:30.219,1:30.226,
2018,17,13,Carlos Sainz,Renault,1:30.236,1:30.490,
2018,17,14,Lance Stroll,Williams,1:30.317,1:30.714,
2018,17,15,Daniel Ricciardo,Red Bull,1:29.806,,
2018,17,16,Nico Hülkenberg,Renault,1:30.361,,
2018,17,17,Sergey Sirotkin,Williams,1:30.372,,
2018,17,18,Fernando Alonso,McLaren,1:30.573,,
2018,17,19,Stoffel Vandoorne,McLaren,1:31.041,,
2018,17,20,Marcus Ericsson,Sauber,1:31.213,,
2018,18,1,Lewis Hamilton,Mercedes,1:34.130,1:33.480,1:32.237
2018,18,2,Sebastian Vettel,Ferrari,1:34.569,1:33.079,1:32.298
2018,18,3,Kimi Räikkönen,Ferrari,1:34.703,1:32.884,1:32.307
2018,18,4,Valtteri Bottas,Mercedes,1:34.518,1:33.702,1:32.616
2018,18,5,Daniel Ricciardo,Red Bull,1:34.755,1:34.185,1:33.494
2018,18,6,Esteban Ocon,Force India,1:34.876,1:34.522,1:34.145
2018,18,7,Nico Hülkenberg,Renault,1:34.932,1:34.564,1:34.215
2018,18,8,Romain Grosjean,Haas F1 Team,1:34.892,1:34.419,1:34.250
2018,18,9,Charles Leclerc,Sauber,1:35.069,1:34.255,1:34.420
2018,18,10,Sergio Pérez,Force India,1:35.193,1:34.525,1:34.594
2018,18,11,Carlos Sainz,Renault,1:34.891,1:34.566,
2018,18,12,Kevin Magnussen,Haas F1 Team,1:34.972,1:34.732,
2018,18,13,Pierre Gasly,Toro Rosso,1:34.850,,
2018,18,14,Brendon Hartley,Toro Rosso,1:35.206,,
2018,18,15,Max Verstappen,Red Bull,1:34.766,,
2018,18,16,Fernando Alonso,McLaren,1:35.294,,
2018,18,17,Sergey Sirotkin,Williams,1:35.362,,
2018,18,18,Lance Stroll,Williams,1:35.480,,
2018,18,19,Marcus Ericsson,Sauber,1:35.536,,
2018,18,20,Stoffel Vandoorne,McLaren,1:35.735,,
2018,19,1,Daniel Ricciardo,Red Bull,1:15.866,1:15.845,1:14.759
2018,19,2,Max Verstappen,Red Bull,1:15.756,1:15.640,1:14.785
2018,19,3,Lewis Hamilton,Mercedes,1:15.673,1:15.644,1:14.894
2018,19,4,Sebastian Vettel,Ferrari,1:16.089,1:15.715,1:14.970
2018,19,5,Valtteri Bottas,Mercedes,1:15.580,1:15.923,1:15.160
2018,19,6,Kimi Räikkönen,Ferrari,1:16.446,1:15.996,1:15.330
2018,19,7,Nico Hülkenberg,Renault,1:16.498,1:16.126,1:15.827
2018,19,8,Carlos Sainz,Renault,1:16.813,1:16.188,1:16.084
2018,19,9,Charles Leclerc,Sauber,1:16.862,1:16.320,1:16.189
2018,19,10,Marcus Ericsson,Sauber,1:16.701,1:16.633,1:16.513
2018,19,11,Esteban Ocon,Force India,1:16.252,1:16.844,
2018,19,12,Fernando Alonso,McLaren,1:16.857,1:16.871,
2018,19,13,Sergio Pérez,Force India,1:16.242,1:17.167,
2018,19,14,Brendon Hartley,Toro Rosso,1:16.682,1:17.184,
2018,19,15,Pierre Gasly,Toro Rosso,1:16.828,,
2018,19,16,Romain Grosjean,Haas F1 Team,1:16.911,,
2018,19,17,Stoffel Vandoorne,McLaren,1:16.966,,
2018,19,18,Kevin Magnussen,Haas F1 Team,1:17.599,,
2018,19,19,Lance Stroll,Williams,1:17.689,,
2018,19,20,Sergey Sirotkin,Williams,1:17.886,,
2018,20,1,Lewis Hamilton,Mercedes,1:08.464,1:07.795,1:07.281
2018,20,2,Sebastian Vettel,Ferrari,1:08.452,1:07.776,1:07.374
2018,20,3,Valtteri Bottas,Mercedes,1:08.492,1:07.727,1:07.441
2018,20,4,Kimi Räikkönen,Ferrari,1:08.452,1:08.028,1:07.456
2018,20,5,Max Verstappen,Red Bull,1:08.205,1:08.017,1:07.778
2018,20,6,Daniel Ricciardo,Red Bull,1:08.544,1:08.055,1:07.780
2018,20,7,Marcus Ericsson,Sauber,1:08.754,1:08.579,1:08.296
2018,20,8,Charles Leclerc,Sauber,1:08.667,1:08.335,1:08.492
2018,20,9,Romain Grosjean,Haas F1 Team,1:08.735,1:08.239,1:08.517
2018,20,10,Pierre Gasly,Toro Rosso,1:09.046,1:08.616,1:09.029
2018,20,11,Kevin Magnussen,Haas F1 Team,1:08.474,1:08.659,
2018,20,12,Sergio Pérez,Force India,1:09.217,1:08.741,
2018,20,13,Esteban Ocon,Force India,1:09.264,1:08.770,
2018,20,14,Nico Hülkenberg,Renault,1:09.009,1:08.834,
2018,20,15,Sergey Sirotkin,Williams,1:09.259,1:10.381,
2018,20,16,Carlos Sainz,Renault,1:09.269,,
2018,20,17,Brendon Hartley,Toro Rosso,1:09.280,,
2018,20,18,Fernando Alonso,McLaren,1:09.402,,
2018,20,19,Lance Stroll,Williams,1:09.441,,
2018,20,20,Stoffel Vandoorne,McLaren,1:09.601,,
2018,21,1,Lewis Hamilton,Mercedes,1:36.828,1:35.693,1:34.794
2018,21,2,Valtteri Bottas,Mercedes,1:36.789,1:36.392,1:34.956
2018,21,3,Sebastian Vettel,Ferrari,1:36.775,1:36.345,1:35.125
2018,21,4,Kimi Räikkönen,Ferrari,1:37.010,1:36.735,1:35.365
2018,21,5,Daniel Ricciardo,Red Bull,1:37.117,1:36.964,1:35.401
2018,21,6,Max Verstappen,Red Bull,1:37.195,1:36.144,1:35.589
2018,21,7,Romain Grosjean,Haas F1 Team,1:37.575,1:36.732,1:36.192
2018,21,8,Charles Leclerc,Sauber,1:37.124,1:36.580,1:36.237
2018,21,9,Esteban Ocon,Force India,1:36.936,1:36.814,1:36.540
2018,21,10,Nico Hülkenberg,Renault,1:37.569,1:36.630,1:36.542
2018,21,11,Carlos Sainz,Renault,1:37.757,1:36.982,
2018,21,12,Marcus Ericsson,Sauber,1:37.619,1:37.132,
2018,21,13,Kevin Magnussen,Haas F1 Team,1:37.934,1:37.309,
2018,21,14,Sergio Pérez,Force India,1:37.255,1:37.541,
2018,21,15,Fernando Alonso,McLaren,1:37.890,1:37.743,
2018,21,16,Brendon Hartley,Toro Rosso,1:37.994,,
2018,21,17,Pierre Gasly,Toro Rosso,1:38.166,,
2018,21,18,Stoffel Vandoorne,McLaren,1:38.577,,
2018,21,19,Sergey Sirotkin,Williams,1:38.635,,
2018,21,20,Lance Stroll,Williams,1:38.682,,
2019,1,1,Lewis Hamilton,Mercedes,1:22.043,1:21.014,1:20.486
2019,1,2,Valtteri Bottas,Mercedes,1:22.367,1:21.193,1:20.598
2019,1,3,Sebastian Vettel,Ferrari,1:22.885,1:21.912,1:21.190
2019,1,4,Max Verstappen,Red Bull,1:22.876,1:21.678,1:21.320
2019,1,5,Charles Leclerc,Ferrari,1:22.017,1:21.739,1:21.442
2019,1,6,Romain Grosjean,Haas F1 Team,1:22.959,1:21.870,1:21.826
2019,1,7,Kevin Magnussen,Haas F1 Team,1:22.519,1:22.221,1:22.099
2019,1,8,Lando Norris,McLaren,1:22.702,1:22.423,1:22.304
2019,1,9,Kimi Räikkönen,Alfa Romeo,1:22.966,1:22.349,1:22.314
2019,1,10,Sergio Pérez,Racing Point,1:22.908,1:22.532,1:22.781
2019,1,11,Nico Hülkenberg,Renault,1:22.540,1:22.562,
2019,1,12,Daniel Ricciardo,Renault,1:22.921,1:22.570,
2019,1,13,Alexander Albon,Toro Rosso,1:22.757,1:22.636,
2019,1,14,Antonio Giovinazzi,Alfa Romeo,1:22.431,1:22.714,
2019,1,15,Daniil Kvyat,Toro Rosso,1:22.511,1:22.774,
2019,1,16,Lance Stroll,Racing Point,1:23.017,,
2019,1,17,Pierre Gasly,Red Bull,1:23.020,,
2019,1,18,Carlos Sainz,McLaren,1:23.084,,
2019,1,19,George Russell,Williams,1:24.360,,
2019,1,20,Robert Kubica,Williams,1:26.067,,
2019,2,1,Charles Leclerc,Ferrari,1:28.495,1:28.046,1:27.866
2019,2,2,Sebastian Vettel,Ferrari,1:28.733,1:28.356,1:28.160
2019,2,3,Lewis Hamilton,Mercedes,1:29.262,1:28.578,1:28.190
2019,2,4,Valtteri Bottas,Mercedes,1:29.498,1:28.830,1:28.256
2019,2,5,Max Verstappen,Red Bull,1:29.579,1:29.109,1:28.752
2019,2,6,Kevin Magnussen,Haas F1 Team,1:29.532,1:29.017,1:28.757
2019,2,7,Carlos Sainz,McLaren,1:29.528,1:29.055,1:28.813
2019,2,8,Romain Grosjean,Haas F1 Team,1:29.688,1:29.249,1:29.015
2019,2,9,Kimi Räikkönen,Alfa Romeo,1:29.959,1:29.471,1:29.022
2019,2,10,Lando Norris,McLaren,1:29.381,1:29.258,1:29.043
2019,2,11,Daniel Ricciardo,Renault,1:29.859,1:29.488,
2019,2,12,Alexander Albon,Toro Rosso,1:29.514,1:29.513,
2019,2,13,Pierre Gasly,Red Bull,1:29.900,1:29.526,
2019,2,14,Sergio Pérez,Racing Point,1:29.893,1:29.756,
2019,2,15,Daniil Kvyat,Toro Rosso,1:29.876,1:29.854,
2019,2,16,Antonio Giovinazzi,Alfa Romeo,1:30.026,,
2019,2,17,Nico Hülkenberg,Renault,1:30.034,,
2019,2,18,Lance Stroll,Racing Point,1:30.217,,
2019,2,19,George Russell,Williams,1:31.759,,
2019,2,20,Robert Kubica,Williams,1:31.799,,
2019,3,1,Valtteri Bottas,Mercedes,1:32.658,1:31.728,1:31.547
2019,3,2,Lewis Hamilton,Mercedes,1:33.115,1:31.637,1:31.570
2019,3,3,Sebastian Vettel,Ferrari,1:33.557,1:32.232,1:31.848
2019,3,4,Charles Leclerc,Ferrari,1:32.712,1:32.324,1:31.865
2019,3,5,Max Verstappen,Red Bull,1:33.274,1:32.369,1:32.089
2019,3,6,Pierre Gasly,Red Bull,1:33.863,1:32.948,1:32.930
2019,3,7,Daniel Ricciardo,Renault,1:33.709,1:33.214,1:32.958
2019,3,8,Nico Hülkenberg,Renault,1:33.644,1:33.968,1:32.962
2019,3,9,Kevin Magnussen,Haas F1 Team,1:34.036,1:33.150,
2019,3,10,Romain Grosjean,Haas F1 Team,1:33.752,1:33.156,
2019,3,11,Daniil Kvyat,Toro Rosso,1:33.783,1:33.236,
2019,3,12,Sergio Pérez,Racing Point,1:34.026,1:33.299,
2019,3,13,Kimi Räikkönen,Alfa Romeo,1:34.125,1:33.419,
2019,3,14,Carlos Sainz,McLaren,1:33.686,1:33.523,
2019,3,15,Lando Norris,McLaren,1:34.148,1:33.967,
2019,3,16,Lance Stroll,Racing Point,1:34.292,,
2019,3,17,George Russell,Williams,1:35.253,,
2019,3,18,Robert Kubica,Williams,1:35.281,,
2019,4,1,Valtteri Bottas,Mercedes,1:42.026,1:41.500,1:40.495
2019,4,2,Lewis Hamilton,Mercedes,1:41.614,1:41.580,1:40.554
2019,4,3,Sebastian Vettel,Ferrari,1:42.042,1:41.889,1:40.797
2019,4,4,Max Verstappen,Red Bull,1:41.727,1:41.388,1:41.069
2019,4,5,Sergio Pérez,Racing Point,1:42.249,1:41.870,1:41.593
2019,4,6,Daniil Kvyat,Toro Rosso,1:42.324,1:42.221,1:41.681
2019,4,7,Lando Norris,McLaren,1:42.371,1:42.084,1:41.886
2019,4,8,Antonio Giovinazzi,Alfa Romeo,1:42.140,1:42.381,1:42.424
2019,4,9,Charles Leclerc,Ferrari,1:41.426,1:41.995,
2019,4,10,Carlos Sainz,McLaren,1:41.936,1:42.398,
2019,4,11,Daniel Ricciardo,Renault,1:42.486,1:42.477,
2019,4,12,Alexander Albon,Toro Rosso,1:42.154,1:42.494,
2019,4,13,Kevin Magnussen,Haas F1 Team,1:42.382,1:42.699,
2019,4,14,Lance Stroll,Racing Point,1:42.630,,
2019,4,15,Romain Grosjean,Haas F1 Team,1:43.407,,
2019,4,16,Nico Hülkenberg,Renault,1:43.427,,
2019,4,17,George Russell,Williams,1:45.062,,
2019,4,18,Robert Kubica,Williams,1:45.455,,
2019,4,19,Kimi Räikkönen,Alfa Romeo,,,
2019,4,20,Pierre Gasly,Red Bull,,,
2019,5,1,Valtteri Bottas,Mercedes,1:16.979,1:15.924,1:15.406
2019,5,2,Lewis Hamilton,Mercedes,1:17.292,1:16.038,1:16.040
2019,5,3,Sebastian Vettel,Ferrari,1:17.425,1:16.667,1:16.272
2019,5,4,Max Verstappen,Red Bull,1:17.244,1:16.726,1:16.357
2019,5,5,Charles Leclerc,Ferrari,1:17.388,1:16.714,1:16.588
2019,5,6,Pierre Gasly,Red Bull,1:17.862,1:16.932,1:16.708
2019,5,7,Romain Grosjean,Haas F1 Team,1:18.042,1:17.066,1:16.911
2019,5,8,Kevin Magnussen,Haas F1 Team,1:17.669,1:17.272,1:16.922
2019,5,9,Daniil Kvyat,Toro Rosso,1:17.914,1:17.243,1:17.573
2019,5,10,Daniel Ricciardo,Renault,1:18.385,1:17.299,1:18.106
2019,5,11,Lando Norris,McLaren,1:17.611,1:17.338,
2019,5,12,Alexander Albon,Toro Rosso,1:17.796,1:17.445,
2019,5,13,Carlos Sainz,McLaren,1:17.760,1:17.599,
2019,5,14,Kimi Räikkönen,Alfa Romeo,1:18.132,1:17.788,
2019,5,15,Sergio Pérez,Racing Point,1:18.286,1:17.886,
2019,5,16,Nico Hülkenberg,Renault,1:18.404,,
2019,5,17,Lance Stroll,Racing Point,1:18.471,,
2019,5,18,Antonio Giovinazzi,Alfa Romeo,1:18.664,,
2019,5,19,George Russell,Williams,1:19.072,,
2019,5,20,Robert Kubica,Williams,1:20.254,,
2019,6,1,Lewis Hamilton,Mercedes,1:11.542,1:10.835,1:10.166
2019,6,2,Valtteri Bottas,Mercedes,1:11.562,1:10.701,1:10.252
2019,6,3,Max Verstappen,Red Bull,1:11.597,1:10.618,1:10.641
2019,6,4,Sebastian Vettel,Ferrari,1:11.434,1:11.227,1:10.947
2019,6,5,Pierre Gasly,Red Bull,1:11.740,1:11.457,1:11.041
2019,6,6,Kevin Magnussen,Haas F1 Team,1:11.865,1:11.363,1:11.109
2019,6,7,Daniel Ricciardo,Renault,1:11.767,1:11.543,1:11.218
2019,6,8,Daniil Kvyat,Toro Rosso,1:11.602,1:11.412,1:11.271
2019,6,9,Carlos Sainz,McLaren,1:11.872,1:11.608,1:11.417
2019,6,10,Alexander Albon,Toro Rosso,1:12.007,1:11.429,1:11.653
2019,6,11,Nico Hülkenberg,Renault,1:12.097,1:11.670,
2019,6,12,Lando Norris,McLaren,1:11.845,1:11.724,
2019,6,13,Romain Grosjean,Haas F1 Team,1:11.837,1:12.027,
2019,6,14,Kimi Räikkönen,Alfa Romeo,1:11.993,1:12.115,
2019,6,15,Antonio Giovinazzi,Alfa Romeo,1:11.976,1:12.185,
2019,6,16,Charles Leclerc,Ferrari,1:12.149,,
2019,6,17,Sergio Pérez,Racing Point,1:12.233,,
2019,6,18,Lance Stroll,Racing Point,1:12.846,,
2019,6,19,George Russell,Williams,1:13.477,,
2019,6,20,Robert Kubica,Williams,1:13.751,,
2019,7,1,Sebastian Vettel,Ferrari,1:11.200,1:11.142,1:10.240
2019,7,2,Lewis Hamilton,Mercedes,1:11.518,1:11.010,1:10.446
2019,7,3,Charles Leclerc,Ferrari,1:11.214,1:11.205,1:10.920
2019,7,4,Daniel Ricciardo,Renault,1:11.837,1:11.532,1:11.071
2019,7,5,Pierre Gasly,Red Bull,1:12.023,1:11.196,1:11.079
2019,7,6,Valtteri Bottas,Mercedes,1:11.229,1:11.095,1:11.101
2019,7,7,Nico Hülkenberg,Renault,1:11.720,1:11.553,1:11.324
2019,7,8,Lando Norris,McLaren,1:11.780,1:11.735,1:11.863
2019,7,9,Carlos Sainz,McLaren,1:11.750,1:11.572,1:13.981
2019,7,10,Kevin Magnussen,Haas F1 Team,1:12.107,1:11.786,
2019,7,11,Max Verstappen,Red Bull,1:11.619,1:11.800,
2019,7,12,Daniil Kvyat,Toro Rosso,1:11.965,1:11.921,
2019,7,13,Antonio Giovinazzi,Alfa Romeo,1:12.122,1:12.136,
2019,7,14,Alexander Albon,Toro Rosso,1:12.020,1:12.193,
2019,7,15,Romain Grosjean,Haas F1 Team,1:12.109,,
2019,7,16,Sergio Pérez,Racing Point,1:12.197,,
2019,7,17,Kimi Räikkönen,Alfa Romeo,1:12.230,,
2019,7,18,Lance Stroll,Racing Point,1:12.266,,
2019,7,19,George Russell,Williams,1:13.617,,
2019,7,20,Robert Kubica,Williams,1:14.393,,
2019,8,1,Lewis Hamilton,Mercedes,1:30.609,1:29.520,1:28.319
2019,8,2,Valtteri Bottas,Mercedes,1:30.550,1:29.437,1:28.605
2019,8,3,Charles Leclerc,Ferrari,1:30.647,1:29.699,1:28.965
2019,8,4,Max Verstappen,Red Bull,1:31.327,1:30.099,1:29.409
2019,8,5,Lando Norris,McLaren,1:30.989,1:30.019,1:29.418
2019,8,6,Carlos Sainz,McLaren,1:31.073,1:30.319,1:29.522
2019,8,7,Sebastian Vettel,Ferrari,1:31.075,1:29.506,1:29.799
2019,8,8,Daniel Ricciardo,Renault,1:30.954,1:30.369,1:29.918
2019,8,9,Pierre Gasly,Red Bull,1:31.152,1:30.421,1:30.184
2019,8,10,Antonio Giovinazzi,Alfa Romeo,1:31.180,1:30.408,1:33.420
2019,8,11,Alexander Albon,Toro Rosso,1:31.445,1:30.461,
2019,8,12,Kimi Räikkönen,Alfa Romeo,1:30.972,1:30.533,
2019,8,13,Nico Hülkenberg,Renault,1:30.865,1:30.544,
2019,8,14,Sergio Pérez,Racing Point,1:30.964,1:30.738,
2019,8,15,Kevin Magnussen,Haas F1 Team,1:31.166,1:31.440,
2019,8,16,Daniil Kvyat,Toro Rosso,1:31.564,,
2019,8,17,Romain Grosjean,Haas F1 Team,1:31.626,,
2019,8,18,Lance Stroll,Racing Point,1:31.726,,
2019,8,19,George Russell,Williams,1:32.789,,
2019,8,20,Robert Kubica,Williams,1:33.205,,
2019,9,1,Charles Leclerc,Ferrari,1:04.138,1:03.378,1:03.003
2019,9,2,Lewis Hamilton,Mercedes,1:03.818,1:03.803,1:03.262
2019,9,3,Max Verstappen,Red Bull,1:03.807,1:03.835,1:03.439
2019,9,4,Valtteri Bottas,Mercedes,1:04.084,1:03.863,1:03.537
2019,9,5,Kevin Magnussen,Haas F1 Team,1:04.778,1:04.466,1:04.072
2019,9,6,Lando Norris,McLaren,1:04.361,1:04.211,1:04.099
2019,9,7,Kimi Räikkönen,Alfa Romeo,1:04.615,1:04.056,1:04.166
2019,9,8,Antonio Giovinazzi,Alfa Romeo,1:04.450,1:04.194,1:04.179
2019,9,9,Pierre Gasly,Red Bull,1:04.412,1:03.988,1:04.199
2019,9,10,Sebastian Vettel,Ferrari,1:04.430,1:03.667,
2019,9,11,Romain Grosjean,Haas F1 Team,1:04.552,1:04.490,
2019,9,12,Nico Hülkenberg,Renault,1:04.733,1:04.516,
2019,9,13,Alexander Albon,Toro Rosso,1:04.708,1:04.665,
2019,9,14,Daniel Ricciardo,Renault,1:04.647,1:04.790,
2019,9,15,Carlos Sainz,McLaren,1:04.453,1:13.601,
2019,9,16,Sergio Pérez,Racing Point,1:04.789,,
2019,9,17,Lance Stroll,Racing Point,1:04.832,,
2019,9,18,Daniil Kvyat,Toro Rosso,1:05.324,,
2019,9,19,George Russell,Williams,1:05.904,,
2019,9,20,Robert Kubica,Williams,1:06.206,,
2019,10,1,Valtteri Bottas,Mercedes,1:25.750,1:25.672,1:25.093
2019,10,2,Lewis Hamilton,Mercedes,1:25.513,1:25.840,1:25.099
2019,10,3,Charles Leclerc,Ferrari,1:25.533,1:25.546,1:25.172
2019,10,4,Max Verstappen,Red Bull,1:25.700,1:25.848,1:25.276
2019,10,5,Pierre Gasly,Red Bull,1:26.273,1:26.038,1:25.590
2019,10,6,Sebastian Vettel,Ferrari,1:25.898,1:26.023,1:25.787
2019,10,7,Daniel Ricciardo,Renault,1:26.428,1:26.283,1:26.182
2019,10,8,Lando Norris,McLaren,1:26.079,1:26.385,1:26.224
2019,10,9,Alexander Albon,Toro Rosso,1:26.482,1:26.403,1:26.345
2019,10,10,Nico Hülkenberg,Renault,1:26.568,1:26.397,1:26.386
2019,10,11,Antonio Giovinazzi,Alfa Romeo,1:26.449,1:26.519,
2019,10,12,Kimi Räikkönen,Alfa Romeo,1:26.558,1:26.546,
2019,10,13,Carlos Sainz,McLaren,1:26.203,1:26.578,
2019,10,14,Romain Grosjean,Haas F1 Team,1:26.347,1:26.757,
2019,10,15,Sergio Pérez,Racing Point,1:26.649,1:26.928,
2019,10,16,Kevin Magnussen,Haas F1 Team,1:26.662,,
2019,10,17,Daniil Kvyat,Toro Rosso,1:26.721,,
2019,10,18,Lance Stroll,Racing Point,1:26.762,,
2019,10,19,George Russell,Williams,1:27.789,,
2019,10,20,Robert Kubica,Williams,1:28.257,,
2019,11,1,Lewis Hamilton,Mercedes,1:12.852,1:12.149,1:11.767
2019,11,2,Max Verstappen,Red Bull,1:12.593,1:12.427,1:12.113
2019,11,3,Valtteri Bottas,Mercedes,1:13.075,1:12.424,1:12.129
2019,11,4,Pierre Gasly,Red Bull,1:12.991,1:12.385,1:12.522
2019,11,5,Kimi Räikkönen,Alfa Romeo,1:13.066,1:12.519,1:12.538
2019,11,6,Romain Grosjean,Haas F1 Team,1:13.146,1:12.769,1:12.851
2019,11,7,Carlos Sainz,McLaren,1:13.221,1:12.632,1:12.897
2019,11,8,Sergio Pérez,Racing Point,1:13.194,1:12.776,1:13.065
2019,11,9,Nico Hülkenberg,Renault,1:13.186,1:12.766,1:13.126
2019,11,10,Charles Leclerc,Ferrari,1:12.229,1:12.344,
2019,11,11,Antonio Giovinazzi,Alfa Romeo,1:13.170,1:12.786,
2019,11,12,Kevin Magnussen,Haas F1 Team,1:13.103,1:12.789,
2019,11,13,Daniel Ricciardo,Renault,1:13.131,1:12.799,
2019,11,14,Daniil Kvyat,Toro Rosso,1:13.278,1:13.135,
2019,11,15,Lance Stroll,Racing Point,1:13.256,1:13.450,
2019,11,16,Lando Norris,McLaren,1:13.333,,
2019,11,17,Alexander Albon,Toro Rosso,1:13.461,,
2019,11,18,George Russell,Williams,1:14.721,,
2019,11,19,Robert Kubica,Williams,1:14.839,,
2019,11,20,Sebastian Vettel,Ferrari,,,
2019,12,1,Max Verstappen,Red Bull,1:15.817,1:15.573,1:14.572
2019,12,2,Valtteri Bottas,Mercedes,1:16.078,1:15.669,1:14.590
2019,12,3,Lewis Hamilton,Mercedes,1:16.068,1:15.548,1:14.769
2019,12,4,Charles Leclerc,Ferrari,1:16.337,1:15.792,1:15.043
2019,12,5,Sebastian Vettel,Ferrari,1:16.452,1:15.885,1:15.071
2019,12,6,Pierre Gasly,Red Bull,1:16.716,1:16.393,1:15.450
2019,12,7,Lando Norris,McLaren,1:16.697,1:16.060,1:15.800
2019,12,8,Carlos Sainz,McLaren,1:16.493,1:16.308,1:15.852
2019,12,9,Romain Grosjean,Haas F1 Team,1:16.978,1:16.319,1:16.013
2019,12,10,Kimi Räikkönen,Alfa Romeo,1:16.506,1:16.518,1:16.041
2019,12,11,Nico Hülkenberg,Renault,1:16.790,1:16.565,
2019,12,12,Alexander Albon,Toro Rosso,1:16.912,1:16.687,
2019,12,13,Daniil Kvyat,Toro Rosso,1:16.750,1:16.692,
2019,12,14,Antonio Giovinazzi,Alfa Romeo,1:16.894,1:16.804,
2019,12,15,Kevin Magnussen,Haas F1 Team,1:16.122,1:17.081,
2019,12,16,George Russell,Williams,1:17.031,,
2019,12,17,Sergio Pérez,Racing Point,1:17.109,,
2019,12,18,Daniel Ricciardo,Renault,1:17.257,,
2019,12,19,Lance Stroll,Racing Point,1:17.542,,
2019,12,20,Robert Kubica,Williams,1:18.324,,
2019,13,1,Charles Leclerc,Ferrari,1:43.587,1:42.938,1:42.519
2019,13,2,Sebastian Vettel,Ferrari,1:44.109,1:43.037,1:43.267
2019,13,3,Lewis Hamilton,Mercedes,1:45.260,1:43.592,1:43.282
2019,13,4,Valtteri Bottas,Mercedes,1:45.141,1:43.980,1:43.415
2019,13,5,Max Verstappen,Red Bull,1:44.622,1:44.132,1:43.690
2019,13,6,Daniel Ricciardo,Renault,1:45.560,1:44.103,1:44.257
2019,13,7,Nico Hülkenberg,Renault,1:45.899,1:44.549,1:44.542
2019,13,8,Kimi Räikkönen,Alfa Romeo,1:45.842,1:44.140,1:44.557
2019,13,9,Sergio Pérez,Racing Point,1:45.732,1:44.707,1:44.706
2019,13,10,Kevin Magnussen,Haas F1 Team,1:45.839,1:44.738,1:45.086
2019,13,11,Romain Grosjean,Haas F1 Team,1:45.694,1:44.797,
2019,13,12,Lando Norris,McLaren,1:46.154,1:44.847,
2019,13,13,Lance Stroll,Racing Point,1:46.000,1:45.047,
2019,13,14,Alexander Albon,Red Bull,1:45.528,1:45.799,
2019,13,15,Antonio Giovinazzi,Alfa Romeo,1:45.637,,
2019,13,16,Pierre Gasly,Toro Rosso,1:46.435,,
2019,13,17,Carlos Sainz,McLaren,1:46.507,,
2019,13,18,Daniil Kvyat,Toro Rosso,1:46.518,,
2019,13,19,George Russell,Williams,1:47.548,,
2019,13,20,Robert Kubica,Williams,,,
2019,14,1,Charles Leclerc,Ferrari,1:20.126,1:19.553,1:19.307
2019,14,2,Lewis Hamilton,Mercedes,1:20.272,1:19.464,1:19.346
2019,14,3,Valtteri Bottas,Mercedes,1:20.156,1:20.018,1:19.354
2019,14,4,Sebastian Vettel,Ferrari,1:20.378,1:19.715,1:19.457
2019,14,5,Daniel Ricciardo,Renault,1:20.374,1:19.833,1:19.839
2019,14,6,Nico Hülkenberg,Renault,1:20.155,1:20.275,1:20.049
2019,14,7,Carlos Sainz,McLaren,1:20.413,1:20.202,1:20.455
2019,14,8,Alexander Albon,Red Bull,1:20.382,1:20.021,
2019,14,9,Lance Stroll,Racing Point,1:20.643,1:20.498,
2019,14,10,Kimi Räikkönen,Alfa Romeo,1:20.634,1:20.515,
2019,14,11,Antonio Giovinazzi,Alfa Romeo,1:20.657,1:20.517,
2019,14,12,Kevin Magnussen,Haas F1 Team,1:20.616,1:20.615,
2019,14,13,Daniil Kvyat,Toro Rosso,1:20.723,1:20.630,
2019,14,14,Lando Norris,McLaren,1:20.646,1:21.068,
2019,14,15,Pierre Gasly,Toro Rosso,1:20.508,1:21.125,
2019,14,16,Romain Grosjean,Haas F1 Team,1:20.784,,
2019,14,17,Sergio Pérez,Racing Point,1:21.291,,
2019,14,18,George Russell,Williams,1:21.800,,
2019,14,19,Robert Kubica,Williams,1:22.356,,
2019,14,20,Max Verstappen,Red Bull,,,
2019,15,1,Charles Leclerc,Ferrari,1:38.014,1:36.650,1:36.217
2019,15,2,Lewis Hamilton,Mercedes,1:37.565,1:36.933,1:36.408
2019,15,3,Sebastian Vettel,Ferrari,1:38.374,1:36.720,1:36.437
2019,15,4,Max Verstappen,Red Bull,1:38.540,1:37.089,1:36.813
2019,15,5,Valtteri Bottas,Mercedes,1:37.317,1:37.142,1:37.146
2019,15,6,Alexander Albon,Red Bull,1:39.106,1:37.865,1:37.411
2019,15,7,Carlos Sainz,McLaren,1:38.882,1:37.982,1:37.818
2019,15,8,Nico Hülkenberg,Renault,1:39.001,1:38.580,1:38.264
2019,15,9,Lando Norris,McLaren,1:38.606,1:37.572,1:38.329
2019,15,10,Sergio Pérez,Racing Point,1:39.909,1:38.520,
2019,15,11,Antonio Giovinazzi,Alfa Romeo,1:39.272,1:38.697,
2019,15,12,Pierre Gasly,Toro Rosso,1:39.085,1:38.699,
2019,15,13,Kimi Räikkönen,Alfa Romeo,1:39.454,1:38.858,
2019,15,14,Kevin Magnussen,Haas F1 Team,1:39.942,1:39.650,
2019,15,15,Daniil Kvyat,Toro Rosso,1:39.957,,
2019,15,16,Lance Stroll,Racing Point,1:39.979,,
2019,15,17,Romain Grosjean,Haas F1 Team,1:40.277,,
2019,15,18,George Russell,Williams,1:40.867,,
2019,15,19,Robert Kubica,Williams,1:41.186,,
2019,15,20,Daniel Ricciardo,Renault,,,
2019,16,1,Charles Leclerc,Ferrari,1:33.613,1:32.434,1:31.628
2019,16,2,Lewis Hamilton,Mercedes,1:33.230,1:33.134,1:32.030
2019,16,3,Sebastian Vettel,Ferrari,1:33.032,1:32.536,1:32.053
2019,16,4,Max Verstappen,Red Bull,1:33.368,1:32.634,1:32.310
2019,16,5,Valtteri Bottas,Mercedes,1:33.413,1:33.281,1:32.632
2019,16,6,Carlos Sainz,McLaren,1:34.184,1:33.807,1:33.222
2019,16,7,Nico Hülkenberg,Renault,1:34.236,1:33.898,1:33.289
2019,16,8,Lando Norris,McLaren,1:34.201,1:33.725,1:33.301
2019,16,9,Romain Grosjean,Haas F1 Team,1:34.283,1:33.643,1:33.517
2019,16,10,Daniel Ricciardo,Renault,1:34.138,1:33.862,1:33.661
2019,16,11,Pierre Gasly,Toro Rosso,1:34.456,1:33.950,
2019,16,12,Sergio Pérez,Racing Point,1:34.336,1:33.958,
2019,16,13,Antonio Giovinazzi,Alfa Romeo,1:34.755,1:34.037,
2019,16,14,Kevin Magnussen,Haas F1 Team,1:33.889,1:34.082,
2019,16,15,Lance Stroll,Racing Point,1:34.287,1:34.233,
2019,16,16,Kimi Räikkönen,Alfa Romeo,1:34.840,,
2019,16,17,George Russell,Williams,1:35.356,,
2019,16,18,Robert Kubica,Williams,1:36.474,,
2019,16,19,Alexander Albon,Red Bull,1:39.197,,
2019,16,20,Daniil Kvyat,Toro Rosso,1:39.544,,
2019,17,1,Sebastian Vettel,Ferrari,1:28.988,1:28.174,1:27.064
2019,17,2,Charles Leclerc,Ferrari,1:28.405,1:28.179,1:27.253
2019,17,3,Valtteri Bottas,Mercedes,1:28.896,1:27.688,1:27.293
2019,17,4,Lewis Hamilton,Mercedes,1:28.735,1:27.826,1:27.302
2019,17,5,Max Verstappen,Red Bull,1:28.754,1:28.499,1:27.851
2019,17,6,Alexander Albon,Red Bull,1:29.351,1:28.156,1:27.851
2019,17,7,Carlos Sainz,McLaren,1:29.018,1:28.577,1:28.304
2019,17,8,Lando Norris,McLaren,1:28.873,1:28.571,1:28.464
2019,17,9,Pierre Gasly,Toro Rosso,1:29.411,1:28.779,1:28.836
2019,17,10,Romain Grosjean,Haas F1 Team,1:29.572,1:29.144,1:29.341
2019,17,11,Antonio Giovinazzi,Alfa Romeo,1:29.604,1:29.254,
2019,17,12,Lance Stroll,Racing Point,1:29.594,1:29.345,
2019,17,13,Kimi Räikkönen,Alfa Romeo,1:29.636,1:29.358,
2019,17,14,Daniil Kvyat,Toro Rosso,1:29.723,1:29.563,
2019,17,15,Nico Hülkenberg,Renault,1:29.619,1:30.112,
2019,17,16,Daniel Ricciardo,Renault,1:29.822,,
2019,17,17,Sergio Pérez,Racing Point,1:30.344,,
2019,17,18,George Russell,Williams,1:30.364,,
2019,17,19,Kevin Magnussen,Haas F1 Team,,,
2019,17,20,Robert Kubica,Williams,,,
2019,18,1,Max Verstappen,Red Bull,1:15.949,1:16.136,1:14.758
2019,18,2,Charles Leclerc,Ferrari,1:16.364,1:16.219,1:15.024
2019,18,3,Sebastian Vettel,Ferrari,1:16.696,1:15.914,1:15.170
2019,18,4,Lewis Hamilton,Mercedes,1:16.424,1:15.721,1:15.262
2019,18,5,Alexander Albon,Red Bull,1:16.175,1:16.574,1:15.336
2019,18,6,Valtteri Bottas,Mercedes,1:17.062,1:15.852,1:15.338
2019,18,7,Carlos Sainz,McLaren,1:17.044,1:16.267,1:16.014
2019,18,8,Lando Norris,McLaren,1:17.092,1:16.447,1:16.322
2019,18,9,Daniil Kvyat,Toro Rosso,1:17.041,1:16.657,1:16.469
2019,18,10,Pierre Gasly,Toro Rosso,1:17.065,1:16.679,1:16.586
2019,18,11,Sergio Pérez,Racing Point,1:17.465,1:16.687,
2019,18,12,Nico Hülkenberg,Renault,1:17.608,1:16.885,
2019,18,13,Daniel Ricciardo,Renault,1:17.270,1:16.933,
2019,18,14,Kimi Räikkönen,Alfa Romeo,1:17.225,1:16.967,
2019,18,15,Antonio Giovinazzi,Alfa Romeo,1:17.794,1:17.269,
2019,18,16,Lance Stroll,Racing Point,1:18.065,,
2019,18,17,Kevin Magnussen,Haas F1 Team,1:18.436,,
2019,18,18,Romain Grosjean,Haas F1 Team,1:18.599,,
2019,18,19,George Russell,Williams,1:18.823,,
2019,18,20,Robert Kubica,Williams,1:20.179,,
2019,19,1,Valtteri Bottas,Mercedes,1:33.750,1:33.160,1:32.029
2019,19,2,Sebastian Vettel,Ferrari,1:33.766,1:33.782,1:32.041
2019,19,3,Max Verstappen,Red Bull,1:33.549,1:33.120,1:32.096
2019,19,4,Charles Leclerc,Ferrari,1:33.988,1:32.760,1:32.137
2019,19,5,Lewis Hamilton,Mercedes,1:33.454,1:33.045,1:32.321
2019,19,6,Alexander Albon,Red Bull,1:33.984,1:32.898,1:32.548
2019,19,7,Carlos Sainz,McLaren,1:33.916,1:33.422,1:32.847
2019,19,8,Lando Norris,McLaren,1:33.353,1:33.316,1:33.175
2019,19,9,Daniel Ricciardo,Renault,1:33.835,1:33.608,1:33.488
2019,19,10,Pierre Gasly,Toro Rosso,1:33.556,1:33.715,1:33.601
2019,19,11,Nico Hülkenberg,Renault,1:34.092,1:33.815,
2019,19,12,Kevin Magnussen,Haas F1 Team,1:33.812,1:33.979,
2019,19,13,Daniil Kvyat,Toro Rosso,1:34.138,1:33.989,
2019,19,14,Lance Stroll,Racing Point,1:33.921,1:34.100,
2019,19,15,Romain Grosjean,Haas F1 Team,1:34.161,1:34.158,
2019,19,16,Antonio Giovinazzi,Alfa Romeo,1:34.226,,
2019,19,17,Kimi Räikkönen,Alfa Romeo,1:34.369,,
2019,19,18,George Russell,Williams,1:35.372,,
2019,19,19,Sergio Pérez,Racing Point,1:35.808,,
2019,19,20,Robert Kubica,Williams,1:35.889,,
2019,20,1,Max Verstappen,Red Bull,1:08.242,1:07.503,1:07.508
2019,20,2,Sebastian Vettel,Ferrari,1:08.556,1:08.050,1:07.631
2019,20,3,Lewis Hamilton,Mercedes,1:08.614,1:08.088,1:07.699
2019,20,4,Charles Leclerc,Ferrari,1:08.496,1:07.888,1:07.728
2019,20,5,Valtteri Bottas,Mercedes,1:08.545,1:08.232,1:07.874
2019,20,6,Alexander Albon,Red Bull,1:08.503,1:08.117,1:07.935
2019,20,7,Pierre Gasly,Toro Rosso,1:08.909,1:08.770,1:08.837
2019,20,8,Romain Grosjean,Haas F1 Team,1:09.197,1:08.705,1:08.854
2019,20,9,Kimi Räikkönen,Alfa Romeo,1:09.276,1:08.858,1:08.984
2019,20,10,Kevin Magnussen,Haas F1 Team,1:08.875,1:08.803,1:09.037
2019,20,11,Lando Norris,McLaren,1:08.891,1:08.868,
2019,20,12,Daniel Ricciardo,Renault,1:09.086,1:08.903,
2019,20,13,Antonio Giovinazzi,Alfa Romeo,1:09.175,1:08.919,
2019,20,14,Nico Hülkenberg,Renault,1:09.050,1:08.921,
2019,20,15,Sergio Pérez,Racing Point,1:09.288,1:09.035,
2019,20,16,Daniil Kvyat,Toro Rosso,1:09.320,,
2019,20,17,Lance Stroll,Racing Point,1:09.536,,
2019,20,18,George Russell,Williams,1:10.126,,
2019,20,19,Robert Kubica,Williams,1:10.614,,
2019,20,20,Carlos Sainz,McLaren,,,
2019,21,1,Lewis Hamilton,Mercedes,1:35.851,1:35.634,1:34.779
2019,21,2,Valtteri Bottas,Mercedes,1:36.200,1:35.674,1:34.973
2019,21,3,Max Verstappen,Red Bull,1:36.390,1:36.275,1:35.139
2019,21,4,Charles Leclerc,Ferrari,1:36.478,1:35.543,1:35.219
2019,21,5,Sebastian Vettel,Ferrari,1:36.963,1:35.786,1:35.339
2019,21,6,Alexander Albon,Red Bull,1:36.102,1:36.718,1:35.682
2019,21,7,Lando Norris,McLaren,1:37.545,1:36.764,1:36.436
2019,21,8,Daniel Ricciardo,Renault,1:37.106,1:36.785,1:36.456
2019,21,9,Carlos Sainz,McLaren,1:37.358,1:36.308,1:36.459
2019,21,10,Nico Hülkenberg,Renault,1:37.506,1:36.859,1:36.710
2019,21,11,Sergio Pérez,Racing Point,1:36.961,1:37.055,
2019,21,12,Pierre Gasly,Toro Rosso,1:37.198,1:37.089,
2019,21,13,Lance Stroll,Racing Point,1:37.528,1:37.103,
2019,21,14,Daniil Kvyat,Toro Rosso,1:37.683,1:37.141,
2019,21,15,Kevin Magnussen,Haas F1 Team,1:37.710,1:37.254,
2019,21,16,Romain Grosjean,Haas F1 Team,1:38.051,,
2019,21,17,Antonio Giovinazzi,Alfa Romeo,1:38.114,,
2019,21,18,Kimi Räikkönen,Alfa Romeo,1:38.383,,
2019,21,19,George Russell,Williams,1:38.717,,
2019,21,20,Robert Kubica,Williams,1:39.236,,
2020,1,1,Valtteri Bottas,Mercedes,1:04.111,1:03.015,1:02.939
2020,1,2,Lewis Hamilton,Mercedes,1:04.198,1:03.096,1:02.951
2020,1,3,Max Verstappen,Red Bull,1:04.024,1:04.000,1:03.477
2020,1,4,Lando Norris,McLaren,1:04.606,1:03.819,1:03.626
2020,1,5,Alexander Albon,Red Bull,1:04.661,1:03.746,1:03.868
2020,1,6,Sergio Pérez,Racing Point,1:04.543,1:03.860,1:03.868
2020,1,7,Charles Leclerc,Ferrari,1:04.500,1:04.041,1:03.923
2020,1,8,Carlos Sainz,McLaren,1:04.537,1:03.971,1:03.971
2020,1,9,Lance Stroll,Racing Point,1:04.309,1:03.955,1:04.029
2020,1,10,Daniel Ricciardo,Renault,1:04.556,1:04.023,1:04.239
2020,1,11,Sebastian Vettel,Ferrari,1:04.554,1:04.206,
2020,1,12,Pierre Gasly,AlphaTauri,1:04.603,1:04.305,
2020,1,13,Daniil Kvyat,AlphaTauri,1:05.031,1:04.431,
2020,1,14,Esteban Ocon,Renault,1:04.933,1:04.643,
2020,1,15,Romain Grosjean,Haas F1 Team,1:05.094,1:04.691,
2020,1,16,Kevin Magnussen,Haas F1 Team,1:05.164,,
2020,1,17,George Russell,Williams,1:05.167,,
2020,1,18,Antonio Giovinazzi,Alfa Romeo,1:05.175,,
2020,1,19,Kimi Räikkönen,Alfa Romeo,1:05.224,,
2020,1,20,Nicholas Latifi,Williams,1:05.757,,
2020,2,1,Lewis Hamilton,Mercedes,1:18.188,1:17.825,1:19.273
2020,2,2,Max Verstappen,Red Bull,1:18.297,1:17.938,1:20.489
2020,2,3,Carlos Sainz,McLaren,1:18.590,1:18.836,1:20.671
2020,2,4,Valtteri Bottas,Mercedes,1:18.791,1:18.657,1:20.701
2020,2,5,Esteban Ocon,Renault,1:19.687,1:18.764,1:20.922
2020,2,6,Lando Norris,McLaren,1:18.504,1:18.448,1:20.925
2020,2,7,Alexander Albon,Red Bull,1:20.882,1:19.014,1:21.011
2020,2,8,Pierre Gasly,AlphaTauri,1:20.192,1:18.744,1:21.028
2020,2,9,Daniel Ricciardo,Renault,1:19.662,1:19.229,1:21.192
2020,2,10,Sebastian Vettel,Ferrari,1:20.243,1:19.545,1:21.651
2020,2,11,Charles Leclerc,Ferrari,1:20.871,1:19.628,
2020,2,12,George Russell,Williams,1:20.382,1:19.636,
2020,2,13,Lance Stroll,Racing Point,1:19.697,1:19.645,
2020,2,14,Daniil Kvyat,AlphaTauri,1:19.824,1:19.717,
2020,2,15,Kevin Magnussen,Haas F1 Team,1:21.140,1:20.211,
2020,2,16,Kimi Räikkönen,Alfa Romeo,1:21.140,,
2020,2,17,Sergio Pérez,Racing Point,1:21.607,,
2020,2,18,Nicholas Latifi,Williams,1:21.759,,
2020,2,19,Antonio Giovinazzi,Alfa Romeo,1:21.831,,
2020,2,20,Romain Grosjean,Haas F1 Team,,,
2020,3,1,Lewis Hamilton,Mercedes,1:14.907,1:14.261,1:13.447
2020,3,2,Valtteri Bottas,Mercedes,1:15.474,1:14.530,1:13.554
2020,3,3,Lance Stroll,Racing Point,1:14.895,1:15.176,1:14.377
2020,3,4,Sergio Pérez,Racing Point,1:14.681,1:15.394,1:14.545
2020,3,5,Sebastian Vettel,Ferrari,1:15.455,1:15.131,1:14.774
2020,3,6,Charles Leclerc,Ferrari,1:15.793,1:15.006,1:14.817
2020,3,7,Max Verstappen,Red Bull,1:15.495,1:14.976,1:14.849
2020,3,8,Lando Norris,McLaren,1:15.444,1:15.085,1:14.966
2020,3,9,Carlos Sainz,McLaren,1:15.281,1:15.267,1:15.027
2020,3,10,Pierre Gasly,AlphaTauri,1:15.767,1:15.508,
2020,3,11,Daniel Ricciardo,Renault,1:15.848,1:15.661,
2020,3,12,George Russell,Williams,1:15.585,1:15.698,
2020,3,13,Alexander Albon,Red Bull,1:15.722,1:15.715,
2020,3,14,Esteban Ocon,Renault,1:15.719,1:15.742,
2020,3,15,Nicholas Latifi,Williams,1:16.105,1:16.544,
2020,3,16,Kevin Magnussen,Haas F1 Team,1:16.152,,
2020,3,17,Daniil Kvyat,AlphaTauri,1:16.204,,
2020,3,18,Romain Grosjean,Haas F1 Team,1:16.407,,
2020,3,19,Antonio Giovinazzi,Alfa Romeo,1:16.506,,
2020,3,20,Kimi Räikkönen,Alfa Romeo,1:16.614,,
2020,4,1,Lewis Hamilton,Mercedes,1:25.900,1:25.347,1:24.303
2020,4,2,Valtteri Bottas,Mercedes,1:25.801,1:25.015,1:24.616
2020,4,3,Max Verstappen,Red Bull,1:26.115,1:26.144,1:25.325
2020,4,4,Charles Leclerc,Ferrari,1:26.550,1:26.203,1:25.427
2020,4,5,Lando Norris,McLaren,1:26.855,1:26.420,1:25.782
2020,4,6,Lance Stroll,Racing Point,1:26.243,1:26.501,1:25.839
2020,4,7,Carlos Sainz,McLaren,1:26.715,1:26.149,1:25.965
2020,4,8,Daniel Ricciardo,Renault,1:26.677,1:26.339,1:26.009
2020,4,9,Esteban Ocon,Renault,1:26.396,1:26.252,1:26.209
2020,4,10,Sebastian Vettel,Ferrari,1:26.469,1:26.455,1:26.339
2020,4,11,Pierre Gasly,AlphaTauri,1:26.343,1:26.501,
2020,4,12,Alexander Albon,Red Bull,1:26.565,1:26.545,
2020,4,13,Nico Hülkenberg,Racing Point,1:26.327,1:26.566,
2020,4,14,Daniil Kvyat,AlphaTauri,1:26.774,1:26.744,
2020,4,15,George Russell,Williams,1:26.732,1:27.092,
2020,4,16,Kevin Magnussen,Haas F1 Team,1:27.158,,
2020,4,17,Antonio Giovinazzi,Alfa Romeo,1:27.164,,
2020,4,18,Kimi Räikkönen,Alfa Romeo,1:27.366,,
2020,4,19,Romain Grosjean,Haas F1 Team,1:27.643,,
2020,4,20,Nicholas Latifi,Williams,1:27.705,,
2020,5,1,Valtteri Bottas,Mercedes,1:26.738,1:25.785,1:25.154
2020,5,2,Lewis Hamilton,Mercedes,1:26.818,1:26.266,1:25.217
2020,5,3,Nico Hülkenberg,Racing Point,1:27.279,1:26.261,1:26.082
2020,5,4,Max Verstappen,Red Bull,1:27.154,1:26.779,1:26.176
2020,5,5,Daniel Ricciardo,Renault,1:27.442,1:26.636,1:26.297
2020,5,6,Lance Stroll,Racing Point,1:27.187,1:26.674,1:26.428
2020,5,7,Pierre Gasly,AlphaTauri,1:27.154,1:26.523,1:26.534
2020,5,8,Charles Leclerc,Ferrari,1:27.427,1:26.709,1:26.614
2020,5,9,Alexander Albon,Red Bull,1:27.153,1:26.642,1:26.669
2020,5,10,Lando Norris,McLaren,1:27.217,1:26.885,1:26.778
2020,5,11,Esteban Ocon,Renault,1:27.278,1:27.011,
2020,5,12,Sebastian Vettel,Ferrari,1:27.612,1:27.078,
2020,5,13,Carlos Sainz,McLaren,1:27.450,1:27.083,
2020,5,14,Romain Grosjean,Haas F1 Team,1:27.519,1:27.254,
2020,5,15,George Russell,Williams,1:27.757,1:27.455,
2020,5,16,Daniil Kvyat,AlphaTauri,1:27.882,,
2020,5,17,Kevin Magnussen,Haas F1 Team,1:28.236,,
2020,5,18,Nicholas Latifi,Williams,1:28.430,,
2020,5,19,Antonio Giovinazzi,Alfa Romeo,1:28.433,,
2020,5,20,Kimi Räikkönen,Alfa Romeo,1:28.493,,
2020,6,1,Lewis Hamilton,Mercedes,1:16.872,1:16.013,1:15.584
2020,6,2,Valtteri Bottas,Mercedes,1:17.243,1:16.152,1:15.643
2020,6,3,Max Verstappen,Red Bull,1:17.213,1:16.518,1:16.292
2020,6,4,Sergio Pérez,Racing Point,1:17.117,1:16.936,1:16.482
2020,6,5,Lance Stroll,Racing Point,1:17.316,1:16.666,1:16.589
2020,6,6,Alexander Albon,Red Bull,1:17.419,1:17.163,1:17.029
2020,6,7,Carlos Sainz,McLaren,1:17.438,1:16.876,1:17.044
2020,6,8,Lando Norris,McLaren,1:17.577,1:17.166,1:17.084
2020,6,9,Charles Leclerc,Ferrari,1:17.256,1:16.953,1:17.087
2020,6,10,Pierre Gasly,AlphaTauri,1:17.356,1:16.800,1:17.136
2020,6,11,Sebastian Vettel,Ferrari,1:17.573,1:17.168,
2020,6,12,Daniil Kvyat,AlphaTauri,1:17.676,1:17.192,
2020,6,13,Daniel Ricciardo,Renault,1:17.667,1:17.198,
2020,6,14,Kimi Räikkönen,Alfa Romeo,1:17.797,1:17.386,
2020,6,15,Esteban Ocon,Renault,1:17.765,1:17.567,
2020,6,16,Kevin Magnussen,Haas F1 Team,1:17.908,,
2020,6,17,Romain Grosjean,Haas F1 Team,1:18.089,,
2020,6,18,George Russell,Williams,1:18.099,,
2020,6,19,Nicholas Latifi,Williams,1:18.532,,
2020,6,20,Antonio Giovinazzi,Alfa Romeo,1:18.697,,
2020,7,1,Lewis Hamilton,Mercedes,1:42.323,1:42.014,1:41.252
2020,7,2,Valtteri Bottas,Mercedes,1:42.534,1:42.126,1:41.763
2020,7,3,Max Verstappen,Red Bull,1:43.197,1:42.473,1:41.778
2020,7,4,Daniel Ricciardo,Renault,1:43.309,1:42.487,1:42.061
2020,7,5,Alexander Albon,Red Bull,1:43.418,1:42.193,1:42.264
2020,7,6,Esteban Ocon,Renault,1:43.505,1:42.534,1:42.396
2020,7,7,Carlos Sainz,McLaren,1:43.322,1:42.478,1:42.438
2020,7,8,Sergio Pérez,Racing Point,1:43.349,1:42.670,1:42.532
2020,7,9,Lance Stroll,Racing Point,1:43.265,1:42.491,1:42.603
2020,7,10,Lando Norris,McLaren,1:43.514,1:42.722,1:42.657
2020,7,11,Daniil Kvyat,AlphaTauri,1:43.267,1:42.730,
2020,7,12,Pierre Gasly,AlphaTauri,1:43.262,1:42.745,
2020,7,13,Charles Leclerc,Ferrari,1:43.656,1:42.996,
2020,7,14,Sebastian Vettel,Ferrari,1:43.567,1:43.261,
2020,7,15,George Russell,Williams,1:43.630,1:43.468,
2020,7,16,Kimi Räikkönen,Alfa Romeo,1:43.743,,
2020,7,17,Romain Grosjean,Haas F1 Team,1:43.838,,
2020,7,18,Antonio Giovinazzi,Alfa Romeo,1:43.950,,
2020,7,19,Nicholas Latifi,Williams,1:44.138,,
2020,7,20,Kevin Magnussen,Haas F1 Team,1:44.314,,
2020,8,1,Lewis Hamilton,Mercedes,1:19.514,1:19.092,1:18.887
2020,8,2,Valtteri Bottas,Mercedes,1:19.786,1:18.952,1:18.956
2020,8,3,Carlos Sainz,McLaren,1:20.099,1:19.705,1:19.695
2020,8,4,Sergio Pérez,Racing Point,1:20.048,1:19.718,1:19.720
2020,8,5,Max Verstappen,Red Bull,1:20.193,1:19.780,1:19.795
2020,8,6,Lando Norris,McLaren,1:20.344,1:19.962,1:19.820
2020,8,7,Daniel Ricciardo,Renault,1:20.548,1:20.031,1:19.864
2020,8,8,Lance Stroll,Racing Point,1:20.400,1:19.924,1:20.049
2020,8,9,Alexander Albon,Red Bull,1:21.104,1:20.064,1:20.090
2020,8,10,Pierre Gasly,AlphaTauri,1:20.145,1:19.909,1:20.177
2020,8,11,Daniil Kvyat,AlphaTauri,1:20.307,1:20.169,
2020,8,12,Esteban Ocon,Renault,1:20.747,1:20.234,
2020,8,13,Charles Leclerc,Ferrari,1:20.443,1:20.273,
2020,8,14,Kimi Räikkönen,Alfa Romeo,1:21.010,1:20.926,
2020,8,15,Kevin Magnussen,Haas F1 Team,1:20.869,1:21.573,
2020,8,16,Romain Grosjean,Haas F1 Team,1:21.139,,
2020,8,17,Sebastian Vettel,Ferrari,1:21.151,,
2020,8,18,Antonio Giovinazzi,Alfa Romeo,1:21.206,,
2020,8,19,George Russell,Williams,1:21.587,,
2020,8,20,Nicholas Latifi,Williams,1:21.717,,
2020,9,1,Lewis Hamilton,Mercedes,1:15.778,1:15.309,1:15.144
2020,9,2,Valtteri Bottas,Mercedes,1:15.749,1:15.322,1:15.203
2020,9,3,Max Verstappen,Red Bull,1:16.335,1:15.471,1:15.509
2020,9,4,Alexander Albon,Red Bull,1:16.527,1:15.914,1:15.954
2020,9,5,Charles Leclerc,Ferrari,1:16.698,1:16.324,1:16.270
2020,9,6,Sergio Pérez,Racing Point,1:16.596,1:16.489,1:16.311
2020,9,7,Lance Stroll,Racing Point,1:16.701,1:16.271,1:16.356
2020,9,8,Daniel Ricciardo,Renault,1:16.981,1:16.243,1:16.543
2020,9,9,Carlos Sainz,McLaren,1:16.993,1:16.522,1:17.870
2020,9,10,Esteban Ocon,Renault,1:16.825,1:16.297,
2020,9,11,Lando Norris,McLaren,1:16.895,1:16.640,
2020,9,12,Daniil Kvyat,AlphaTauri,1:16.928,1:16.854,
2020,9,13,Kimi Räikkönen,Alfa Romeo,1:17.059,1:16.854,
2020,9,14,Sebastian Vettel,Ferrari,1:17.072,1:16.858,
2020,9,15,Romain Grosjean,Haas F1 Team,1:17.069,1:17.254,
2020,9,16,Pierre Gasly,AlphaTauri,1:17.125,,
2020,9,17,Antonio Giovinazzi,Alfa Romeo,1:17.220,,
2020,9,18,George Russell,Williams,1:17.232,,
2020,9,19,Nicholas Latifi,Williams,1:17.320,,
2020,9,20,Kevin Magnussen,Haas F1 Team,1:17.348,,
2020,10,1,Lewis Hamilton,Mercedes,1:32.983,1:32.835,1:31.304
2020,10,2,Max Verstappen,Red Bull,1:33.630,1:33.157,1:31.867
2020,10,3,Valtteri Bottas,Mercedes,1:32.656,1:32.405,1:31.956
2020,10,4,Sergio Pérez,Racing Point,1:33.704,1:33.038,1:32.317
2020,10,5,Daniel Ricciardo,Renault,1:33.650,1:32.218,1:32.364
2020,10,6,Carlos Sainz,McLaren,1:33.967,1:32.757,1:32.550
2020,10,7,Esteban Ocon,Renault,1:33.557,1:33.196,1:32.624
2020,10,8,Lando Norris,McLaren,1:33.804,1:33.081,1:32.847
2020,10,9,Pierre Gasly,AlphaTauri,1:33.734,1:33.139,1:33.000
2020,10,10,Alexander Albon,Red Bull,1:33.919,1:33.153,1:33.008
2020,10,11,Charles Leclerc,Ferrari,1:34.071,1:33.239,
2020,10,12,Daniil Kvyat,AlphaTauri,1:33.511,1:33.249,
2020,10,13,Lance Stroll,Racing Point,1:33.852,1:33.364,
2020,10,14,George Russell,Williams,1:34.020,1:33.583,
2020,10,15,Sebastian Vettel,Ferrari,1:34.134,1:33.609,
2020,10,16,Romain Grosjean,Haas F1 Team,1:34.592,,
2020,10,17,Antonio Giovinazzi,Alfa Romeo,1:34.594,,
2020,10,18,Kevin Magnussen,Haas F1 Team,1:34.681,,
2020,10,19,Nicholas Latifi,Williams,1:35.066,,
2020,10,20,Kimi Räikkönen,Alfa Romeo,1:35.267,,
2020,11,1,Valtteri Bottas,Mercedes,1:26.573,1:25.971,1:25.269
2020,11,2,Lewis Hamilton,Mercedes,1:26.620,1:25.390,1:25.525
2020,11,3,Max Verstappen,Red Bull,1:26.319,1:25.467,1:25.562
2020,11,4,Charles Leclerc,Ferrari,1:26.857,1:26.240,1:26.035
2020,11,5,Alexander Albon,Red Bull,1:27.126,1:26.285,1:26.047
2020,11,6,Daniel Ricciardo,Renault,1:26.836,1:26.096,1:26.223
2020,11,7,Esteban Ocon,Renault,1:27.086,1:26.364,1:26.242
2020,11,8,Lando Norris,McLaren,1:26.829,1:26.316,1:26.458
2020,11,9,Sergio Pérez,Racing Point,1:27.120,1:26.330,1:26.704
2020,11,10,Carlos Sainz,McLaren,1:27.378,1:26.361,1:26.709
2020,11,11,Sebastian Vettel,Ferrari,1:27.107,1:26.738,
2020,11,12,Pierre Gasly,AlphaTauri,1:27.072,1:26.776,
2020,11,13,Daniil Kvyat,AlphaTauri,1:27.285,1:26.848,
2020,11,14,Antonio Giovinazzi,Alfa Romeo,1:27.532,1:26.936,
2020,11,15,Kevin Magnussen,Haas F1 Team,1:27.231,1:27.125,
2020,11,16,Romain Grosjean,Haas F1 Team,1:27.552,,
2020,11,17,George Russell,Williams,1:27.564,,
2020,11,18,Nicholas Latifi,Williams,1:27.812,,
2020,11,19,Kimi Räikkönen,Alfa Romeo,1:27.817,,
2020,11,20,Nico Hülkenberg,Racing Point,1:28.021,,
2020,12,1,Lewis Hamilton,Mercedes,1:16.828,1:16.824,1:16.652
2020,12,2,Valtteri Bottas,Mercedes,1:16.945,1:16.466,1:16.754
2020,12,3,Max Verstappen,Red Bull,1:16.879,1:17.038,1:16.904
2020,12,4,Charles Leclerc,Ferrari,1:17.421,1:17.367,1:17.090
2020,12,5,Sergio Pérez,Racing Point,1:17.370,1:17.129,1:17.223
2020,12,6,Alexander Albon,Red Bull,1:17.435,1:17.411,1:17.437
2020,12,7,Carlos Sainz,McLaren,1:17.627,1:17.183,1:17.520
2020,12,8,Lando Norris,McLaren,1:17.547,1:17.321,1:17.525
2020,12,9,Pierre Gasly,AlphaTauri,1:17.209,1:17.367,1:17.803
2020,12,10,Daniel Ricciardo,Renault,1:17.621,1:17.481,
2020,12,11,Esteban Ocon,Renault,1:17.775,1:17.614,
2020,12,12,Lance Stroll,Racing Point,1:17.667,1:17.626,
2020,12,13,Daniil Kvyat,AlphaTauri,1:17.841,1:17.728,
2020,12,14,George Russell,Williams,1:17.931,1:17.788,
2020,12,15,Sebastian Vettel,Ferrari,1:17.446,1:17.919,
2020,12,16,Kimi Räikkönen,Alfa Romeo,1:18.201,,
2020,12,17,Antonio Giovinazzi,Alfa Romeo,1:18.323,,
2020,12,18,Romain Grosjean,Haas F1 Team,1:18.364,,
2020,12,19,Kevin Magnussen,Haas F1 Team,1:18.508,,
2020,12,20,Nicholas Latifi,Williams,1:18.777,,
2020,13,1,Valtteri Bottas,Mercedes,1:14.221,1:14.585,1:13.609
2020,13,2,Lewis Hamilton,Mercedes,1:14.229,1:14.643,1:13.706
2020,13,3,Max Verstappen,Red Bull,1:15.034,1:14.974,1:14.176
2020,13,4,Pierre Gasly,AlphaTauri,1:15.183,1:14.681,1:14.502
2020,13,5,Daniel Ricciardo,Renault,1:15.474,1:14.953,1:14.520
2020,13,6,Alexander Albon,Red Bull,1:15.402,1:14.745,1:14.572
2020,13,7,Charles Leclerc,Ferrari,1:15.123,1:15.017,1:14.616
2020,13,8,Daniil Kvyat,AlphaTauri,1:15.412,1:15.022,1:14.696
2020,13,9,Lando Norris,McLaren,1:15.274,1:15.051,1:14.814
2020,13,10,Carlos Sainz,McLaren,1:15.528,1:15.027,1:14.911
2020,13,11,Sergio Pérez,Racing Point,1:15.407,1:15.061,
2020,13,12,Esteban Ocon,Renault,1:15.352,1:15.201,
2020,13,13,George Russell,Williams,1:15.760,1:15.323,
2020,13,14,Sebastian Vettel,Ferrari,1:15.571,1:15.385,
2020,13,15,Lance Stroll,Racing Point,1:15.822,1:15.494,
2020,13,16,Romain Grosjean,Haas F1 Team,1:15.918,,
2020,13,17,Kevin Magnussen,Haas F1 Team,1:15.939,,
2020,13,18,Kimi Räikkönen,Alfa Romeo,1:15.953,,
2020,13,19,Nicholas Latifi,Williams,1:15.987,,
2020,13,20,Antonio Giovinazzi,Alfa Romeo,1:16.208,,
2020,14,1,Lance Stroll,Racing Point,2:07.467,1:53.372,1:47.765
2020,14,2,Max Verstappen,Red Bull,1:57.485,1:50.293,1:48.055
2020,14,3,Sergio Pérez,Racing Point,2:07.614,1:54.097,1:49.321
2020,14,4,Alexander Albon,Red Bull,1:59.431,1:52.282,1:50.448
2020,14,5,Daniel Ricciardo,Renault,2:05.598,1:54.278,1:51.595
2020,14,6,Lewis Hamilton,Mercedes,2:07.599,1:52.709,1:52.560
2020,14,7,Esteban Ocon,Renault,2:06.115,1:53.657,1:52.622
2020,14,8,Kimi Räikkönen,Alfa Romeo,2:01.249,1:53.793,1:52.745
2020,14,9,Valtteri Bottas,Mercedes,2:07.001,1:53.767,1:53.258
2020,14,10,Antonio Giovinazzi,Alfa Romeo,2:07.341,1:53.431,1:57.226
2020,14,11,Lando Norris,McLaren,2:07.167,1:54.945,
2020,14,12,Sebastian Vettel,Ferrari,2:03.356,1:55.169,
2020,14,13,Carlos Sainz,McLaren,2:07.489,1:55.410,
2020,14,14,Charles Leclerc,Ferrari,2:04.464,1:56.696,
2020,14,15,Pierre Gasly,AlphaTauri,2:05.579,1:58.556,
2020,14,16,Kevin Magnussen,Haas F1 Team,2:08.007,,
2020,14,17,Daniil Kvyat,AlphaTauri,2:09.070,,
2020,14,18,George Russell,Williams,2:10.017,,
2020,14,19,Romain Grosjean,Haas F1 Team,2:12.909,,
2020,14,20,Nicholas Latifi,Williams,2:21.611,,
2020,15,1,Lewis Hamilton,Mercedes,1:28.343,1:27.586,1:27.264
2020,15,2,Valtteri Bottas,Mercedes,1:28.767,1:28.063,1:27.553
2020,15,3,Max Verstappen,Red Bull,1:28.885,1:28.025,1:27.678
2020,15,4,Alexander Albon,Red Bull,1:28.732,1:28.749,1:28.274
2020,15,5,Sergio Pérez,Racing Point,1:29.178,1:28.894,1:28.322
2020,15,6,Daniel Ricciardo,Renault,1:29.005,1:28.648,1:28.417
2020,15,7,Esteban Ocon,Renault,1:29.203,1:28.937,1:28.419
2020,15,8,Pierre Gasly,AlphaTauri,1:28.971,1:29.008,1:28.448
2020,15,9,Lando Norris,McLaren,1:29.464,1:28.877,1:28.542
2020,15,10,Daniil Kvyat,AlphaTauri,1:29.158,1:28.944,1:28.618
2020,15,11,Sebastian Vettel,Ferrari,1:29.142,1:29.149,
2020,15,12,Charles Leclerc,Ferrari,1:29.137,1:29.165,
2020,15,13,Lance Stroll,Racing Point,1:28.679,1:29.557,
2020,15,14,George Russell,Williams,1:29.294,1:31.218,
2020,15,15,Carlos Sainz,McLaren,1:28.975,,
2020,15,16,Antonio Giovinazzi,Alfa Romeo,1:29.491,,
2020,15,17,Kimi Räikkönen,Alfa Romeo,1:29.810,,
2020,15,18,Kevin Magnussen,Haas F1 Team,1:30.111,,
2020,15,19,Romain Grosjean,Haas F1 Team,1:30.138,,
2020,15,20,Nicholas Latifi,Williams,1:30.182,,
2020,16,1,Valtteri Bottas,Mercedes,53.904,53.803,53.377
2020,16,2,George Russell,Mercedes,54.160,53.819,53.403
2020,16,3,Max Verstappen,Red Bull,54.037,53.647,53.433
2020,16,4,Charles Leclerc,Ferrari,54.249,53.825,53.613
2020,16,5,Sergio Pérez,Racing Point,54.236,53.787,53.790
2020,16,6,Daniil Kvyat,AlphaTauri,54.346,53.856,53.906
2020,16,7,Daniel Ricciardo,Renault,54.388,53.871,53.957
2020,16,8,Carlos Sainz,McLaren,54.450,53.818,54.010
2020,16,9,Pierre Gasly,AlphaTauri,54.207,53.941,54.154
2020,16,10,Lance Stroll,Racing Point,54.595,53.840,54.200
2020,16,11,Esteban Ocon,Renault,54.309,53.995,
2020,16,12,Alexander Albon,Red Bull,54.620,54.026,
2020,16,13,Sebastian Vettel,Ferrari,54.301,54.175,
2020,16,14,Antonio Giovinazzi,Alfa Romeo,54.523,54.377,
2020,16,15,Lando Norris,McLaren,54.194,54.693,
2020,16,16,Kevin Magnussen,Haas F1 Team,54.705,,
2020,16,17,Nicholas Latifi,Williams,54.796,,
2020,16,18,Jack Aitken,Williams,54.892,,
2020,16,19,Kimi Räikkönen,Alfa Romeo,54.963,,
2020,16,20,Pietro Fittipaldi,Haas F1 Team,55.426,,
2020,17,1,Max Verstappen,Red Bull,1:35.993,1:35.641,1:35.246
2020,17,2,Valtteri Bottas,Mercedes,1:35.699,1:35.527,1:35.271
2020,17,3,Lewis Hamilton,Mercedes,1:35.528,1:35.466,1:35.332
2020,17,4,Lando Norris,McLaren,1:36.016,1:35.849,1:35.497
2020,17,5,Alexander Albon,Red Bull,1:36.106,1:35.654,1:35.571
2020,17,6,Carlos Sainz,McLaren,1:36.517,1:36.192,1:35.815
2020,17,7,Daniil Kvyat,AlphaTauri,1:36.459,1:36.214,1:35.963
2020,17,8,Lance Stroll,Racing Point,1:36.502,1:36.143,1:36.046
2020,17,9,Charles Leclerc,Ferrari,1:35.881,1:35.932,1:36.065
2020,17,10,Pierre Gasly,AlphaTauri,1:36.545,1:36.282,1:36.242
2020,17,11,Esteban Ocon,Renault,1:36.783,1:36.359,
2020,17,12,Daniel Ricciardo,Renault,1:36.704,1:36.406,
2020,17,13,Sebastian Vettel,Ferrari,1:36.655,1:36.631,
2020,17,14,Antonio Giovinazzi,Alfa Romeo,1:37.075,1:38.248,
2020,17,15,Sergio Pérez,Racing Point,1:36.034,,
2020,17,16,Kimi Räikkönen,Alfa Romeo,1:37.555,,
2020,17,17,Kevin Magnussen,Haas F1 Team,1:37.863,,
2020,17,18,George Russell,Williams,1:38.045,,
2020,17,19,Pietro Fittipaldi,Haas F1 Team,1:38.173,,
2020,17,20,Nicholas Latifi,Williams,1:38.443,,
2021,1,1,Max Verstappen,Red Bull,1:30.499,1:30.318,1:28.997
2021,1,2,Lewis Hamilton,Mercedes,1:30.617,1:30.085,1:29.385
2021,1,3,Valtteri Bottas,Mercedes,1:31.200,1:30.186,1:29.586
2021,1,4,Charles Leclerc,Ferrari,1:30.691,1:30.010,1:29.678
2021,1,5,Pierre Gasly,AlphaTauri,1:30.848,1:30.513,1:29.809
2021,1,6,Daniel Ricciardo,McLaren,1:30.795,1:30.222,1:29.927
2021,1,7,Lando Norris,McLaren,1:30.902,1:30.099,1:29.974
2021,1,8,Carlos Sainz,Ferrari,1:31.653,1:30.009,1:30.215
2021,1,9,Fernando Alonso,Alpine F1 Team,1:30.863,1:30.595,1:30.249
2021,1,10,Lance Stroll,Aston Martin,1:31.261,1:30.624,1:30.601
2021,1,11,Sergio Pérez,Red Bull,1:31.165,1:30.659,
2021,1,12,Antonio Giovinazzi,Alfa Romeo,1:30.998,1:30.708,
2021,1,13,Yuki Tsunoda,AlphaTauri,1:30.607,1:31.203,
2021,1,14,Kimi Räikkönen,Alfa Romeo,1:31.547,1:31.238,
2021,1,15,George Russell,Williams,1:31.316,1:33.430,
2021,1,16,Esteban Ocon,Alpine F1 Team,1:31.724,,
2021,1,17,Nicholas Latifi,Williams,1:31.936,,
2021,1,18,Sebastian Vettel,Aston Martin,1:32.056,,
2021,1,19,Mick Schumacher,Haas F1 Team,1:32.449,,
2021,1,20,Nikita Mazepin,Haas F1 Team,1:33.273,,
2021,2,1,Lewis Hamilton,Mercedes,1:14.823,1:14.817,1:14.411
2021,2,2,Sergio Pérez,Red Bull,1:15.395,1:14.716,1:14.446
2021,2,3,Max Verstappen,Red Bull,1:15.109,1:14.884,1:14.498
2021,2,4,Charles Leclerc,Ferrari,1:15.413,1:14.808,1:14.740
2021,2,5,Pierre Gasly,AlphaTauri,1:15.548,1:14.927,1:14.790
2021,2,6,Daniel Ricciardo,McLaren,1:15.669,1:15.033,1:14.826
2021,2,7,Lando Norris,McLaren,1:15.009,1:14.718,1:14.875
2021,2,8,Valtteri Bottas,Mercedes,1:14.672,1:14.905,1:14.898
2021,2,9,Esteban Ocon,Alpine F1 Team,1:15.385,1:15.117,1:15.210
2021,2,10,Lance Stroll,Aston Martin,1:15.522,1:15.138,
2021,2,11,Carlos Sainz,Ferrari,1:15.406,1:15.199,
2021,2,12,George Russell,Williams,1:15.826,1:15.261,
2021,2,13,Sebastian Vettel,Aston Martin,1:15.459,1:15.394,
2021,2,14,Nicholas Latifi,Williams,1:15.653,1:15.593,
2021,2,15,Fernando Alonso,Alpine F1 Team,1:15.832,1:15.593,
2021,2,16,Kimi Räikkönen,Alfa Romeo,1:15.974,,
2021,2,17,Antonio Giovinazzi,Alfa Romeo,1:16.122,,
2021,2,18,Mick Schumacher,Haas F1 Team,1:16.279,,
2021,2,19,Nikita Mazepin,Haas F1 Team,1:16.797,,
2021,2,20,Yuki Tsunoda,AlphaTauri,,,
2021,3,1,Valtteri Bottas,Mercedes,1:18.722,1:18.458,1:18.348
2021,3,2,Lewis Hamilton,Mercedes,1:18.857,1:17.968,1:18.355
2021,3,3,Max Verstappen,Red Bull,1:19.485,1:18.650,1:18.746
2021,3,4,Sergio Pérez,Red Bull,1:19.337,1:18.845,1:18.890
2021,3,5,Carlos Sainz,Ferrari,1:19.309,1:18.813,1:19.039
2021,3,6,Esteban Ocon,Alpine F1 Team,1:19.092,1:18.586,1:19.042
2021,3,7,Lando Norris,McLaren,1:18.794,1:18.481,1:19.116
2021,3,8,Charles Leclerc,Ferrari,1:19.373,1:18.769,1:19.306
2021,3,9,Pierre Gasly,AlphaTauri,1:19.464,1:19.052,1:19.475
2021,3,10,Sebastian Vettel,Aston Martin,1:19.403,1:18.970,1:19.659
2021,3,11,George Russell,Williams,1:19.797,1:19.109,
2021,3,12,Antonio Giovinazzi,Alfa Romeo,1:19.410,1:19.216,
2021,3,13,Fernando Alonso,Alpine F1 Team,1:19.728,1:19.456,
2021,3,14,Yuki Tsunoda,AlphaTauri,1:19.684,1:19.463,
2021,3,15,Kimi Räikkönen,Alfa Romeo,1:19.748,1:19.812,
2021,3,16,Daniel Ricciardo,McLaren,1:19.839,,
2021,3,17,Lance Stroll,Aston Martin,1:19.913,,
2021,3,18,Nicholas Latifi,Williams,1:20.285,,
2021,3,19,Mick Schumacher,Haas F1 Team,1:20.452,,
2021,3,20,Nikita Mazepin,Haas F1 Team,1:20.912,,
2021,4,1,Lewis Hamilton,Mercedes,1:18.245,1:17.166,1:16.741
2021,4,2,Max Verstappen,Red Bull,1:18.090,1:16.922,1:16.777
2021,4,3,Valtteri Bottas,Mercedes,1:18.005,1:17.142,1:16.873
2021,4,4,Charles Leclerc,Ferrari,1:18.041,1:17.717,1:17.510
2021,4,5,Esteban Ocon,Alpine F1 Team,1:18.281,1:17.743,1:17.580
2021,4,6,Carlos Sainz,Ferrari,1:18.205,1:17.656,1:17.620
2021,4,7,Daniel Ricciardo,McLaren,1:18.264,1:17.719,1:17.622
2021,4,8,Sergio Pérez,Red Bull,1:18.203,1:17.669,1:17.701
2021,4,9,Lando Norris,McLaren,1:17.821,1:17.696,1:18.010
2021,4,10,Fernando Alonso,Alpine F1 Team,1:18.281,1:17.966,1:18.147
2021,4,11,Lance Stroll,Aston Martin,1:18.241,1:17.974,
2021,4,12,Pierre Gasly,AlphaTauri,1:18.190,1:17.982,
2021,4,13,Sebastian Vettel,Aston Martin,1:18.289,1:18.079,
2021,4,14,Antonio Giovinazzi,Alfa Romeo,1:18.549,1:18.356,
2021,4,15,George Russell,Williams,1:18.445,1:19.154,
2021,4,16,Yuki Tsunoda,AlphaTauri,1:18.556,,
2021,4,17,Kimi Räikkönen,Alfa Romeo,1:18.917,,
2021,4,18,Mick Schumacher,Haas F1 Team,1:19.117,,
2021,4,19,Nicholas Latifi,Williams,1:19.219,,
2021,4,20,Nikita Mazepin,Haas F1 Team,1:19.807,,
2021,5,1,Charles Leclerc,Ferrari,1:11.113,1:10.597,1:10.346
2021,5,2,Max Verstappen,Red Bull,1:11.124,1:10.650,1:10.576
2021,5,3,Valtteri Bottas,Mercedes,1:10.938,1:10.695,1:10.601
2021,5,4,Carlos Sainz,Ferrari,1:11.324,1:10.806,1:10.611
2021,5,5,Lando Norris,McLaren,1:11.321,1:11.031,1:10.620
2021,5,6,Pierre Gasly,AlphaTauri,1:11.560,1:11.179,1:10.900
2021,5,7,Lewis Hamilton,Mercedes,1:11.622,1:11.116,1:11.095
2021,5,8,Sebastian Vettel,Aston Martin,1:12.078,1:11.309,1:11.419
2021,5,9,Sergio Pérez,Red Bull,1:11.644,1:11.019,1:11.573
2021,5,10,Antonio Giovinazzi,Alfa Romeo,1:11.658,1:11.409,1:11.779
2021,5,11,Esteban Ocon,Alpine F1 Team,1:11.740,1:11.486,
2021,5,12,Daniel Ricciardo,McLaren,1:11.747,1:11.598,
2021,5,13,Lance Stroll,Aston Martin,1:11.979,1:11.600,
2021,5,14,Kimi Räikkönen,Alfa Romeo,1:11.899,1:11.642,
2021,5,15,George Russell,Williams,1:12.016,1:11.830,
2021,5,16,Yuki Tsunoda,AlphaTauri,1:12.096,,
2021,5,17,Fernando Alonso,Alpine F1 Team,1:12.205,,
2021,5,18,Nicholas Latifi,Williams,1:12.366,,
2021,5,19,Nikita Mazepin,Haas F1 Team,1:12.958,,
2021,6,1,Charles Leclerc,Ferrari,1:42.241,1:41.659,1:41.218
2021,6,2,Lewis Hamilton,Mercedes,1:41.545,1:41.634,1:41.450
2021,6,3,Max Verstappen,Red Bull,1:41.760,1:41.625,1:41.563
2021,6,4,Pierre Gasly,AlphaTauri,1:42.288,1:41.932,1:41.565
2021,6,5,Carlos Sainz,Ferrari,1:42.121,1:41.740,1:41.576
2021,6,6,Lando Norris,McLaren,1:42.167,1:41.813,1:41.747
2021,6,7,Sergio Pérez,Red Bull,1:41.968,1:41.630,1:41.917
2021,6,8,Yuki Tsunoda,AlphaTauri,1:42.521,1:41.654,1:42.211
2021,6,9,Fernando Alonso,Alpine F1 Team,1:42.934,1:42.195,1:42.327
2021,6,10,Valtteri Bottas,Mercedes,1:42.701,1:42.106,1:42.659
2021,6,11,Sebastian Vettel,Aston Martin,1:42.460,1:42.224,
2021,6,12,Esteban Ocon,Alpine F1 Team,1:42.426,1:42.273,
2021,6,13,Daniel Ricciardo,McLaren,1:42.304,1:42.558,
2021,6,14,Kimi Räikkönen,Alfa Romeo,1:42.923,1:42.587,
2021,6,15,George Russell,Williams,1:42.728,1:42.758,
2021,6,16,Nicholas Latifi,Williams,1:43.128,,
2021,6,17,Mick Schumacher,Haas F1 Team,1:44.158,,
2021,6,18,Nikita Mazepin,Haas F1 Team,1:44.238,,
2021,6,19,Lance Stroll,Aston Martin,,,
2021,6,20,Antonio Giovinazzi,Alfa Romeo,,,
2021,7,1,Max Verstappen,Red Bull,1:31.001,1:31.080,1:29.990
2021,7,2,Lewis Hamilton,Mercedes,1:31.237,1:30.788,1:30.248
2021,7,3,Valtteri Bottas,Mercedes,1:31.669,1:30.735,1:30.376
2021,7,4,Sergio Pérez,Red Bull,1:31.560,1:30.971,1:30.445
2021,7,5,Carlos Sainz,Ferrari,1:32.079,1:31.146,1:30.840
2021,7,6,Pierre Gasly,AlphaTauri,1:31.898,1:31.353,1:30.868
2021,7,7,Charles Leclerc,Ferrari,1:32.209,1:31.567,1:30.987
2021,7,8,Lando Norris,McLaren,1:31.733,1:31.542,1:31.252
2021,7,9,Fernando Alonso,Alpine F1 Team,1:32.158,1:31.549,1:31.340
2021,7,10,Daniel Ricciardo,McLaren,1:32.181,1:31.615,1:31.382
2021,7,11,Esteban Ocon,Alpine F1 Team,1:32.139,1:31.736,
2021,7,12,Sebastian Vettel,Aston Martin,1:32.132,1:31.767,
2021,7,13,Antonio Giovinazzi,Alfa Romeo,1:32.722,1:31.813,
2021,7,14,George Russell,Williams,1:33.060,1:32.065,
2021,7,15,Mick Schumacher,Haas F1 Team,1:32.942,,
2021,7,16,Nicholas Latifi,Williams,1:33.062,,
2021,7,17,Kimi Räikkönen,Alfa Romeo,1:33.354,,
2021,7,18,Nikita Mazepin,Haas F1 Team,1:33.554,,
2021,7,19,Lance Stroll,Aston Martin,,,
2021,7,20,Yuki Tsunoda,AlphaTauri,,,
2021,8,1,Max Verstappen,Red Bull,1:04.489,1:04.433,1:03.841
2021,8,2,Valtteri Bottas,Mercedes,1:04.537,1:04.443,1:04.035
2021,8,3,Lewis Hamilton,Mercedes,1:04.672,1:04.512,1:04.067
2021,8,4,Lando Norris,McLaren,1:04.584,1:04.298,1:04.120
2021,8,5,Sergio Pérez,Red Bull,1:04.638,1:04.197,1:04.168
2021,8,6,Pierre Gasly,AlphaTauri,1:04.765,1:04.429,1:04.236
2021,8,7,Charles Leclerc,Ferrari,1:04.745,1:04.646,1:04.472
2021,8,8,Yuki Tsunoda,AlphaTauri,1:04.608,1:04.631,1:04.514
2021,8,9,Fernando Alonso,Alpine F1 Team,1:04.971,1:04.582,1:04.574
2021,8,10,Lance Stroll,Aston Martin,1:04.821,1:04.663,1:04.708
2021,8,11,George Russell,Williams,1:05.033,1:04.671,
2021,8,12,Carlos Sainz,Ferrari,1:04.859,1:04.800,
2021,8,13,Daniel Ricciardo,McLaren,1:05.142,1:04.808,
2021,8,14,Sebastian Vettel,Aston Martin,1:05.051,1:04.875,
2021,8,15,Antonio Giovinazzi,Alfa Romeo,1:05.092,1:04.913,
2021,8,16,Nicholas Latifi,Williams,1:05.175,,
2021,8,17,Esteban Ocon,Alpine F1 Team,1:05.217,,
2021,8,18,Kimi Räikkönen,Alfa Romeo,1:05.429,,
2021,8,19,Mick Schumacher,Haas F1 Team,1:06.041,,
2021,8,20,Nikita Mazepin,Haas F1 Team,1:06.192,,
2021,9,1,Max Verstappen,Red Bull,1:04.249,1:03.927,1:03.720
2021,9,2,Lando Norris,McLaren,1:04.345,1:04.415,1:03.768
2021,9,3,Sergio Pérez,Red Bull,1:04.833,1:04.483,1:03.990
2021,9,4,Lewis Hamilton,Mercedes,1:04.506,1:04.258,1:04.014
2021,9,5,Valtteri Bottas,Mercedes,1:04.563,1:04.376,1:04.049
2021,9,6,Pierre Gasly,AlphaTauri,1:04.841,1:04.412,1:04.107
2021,9,7,Yuki Tsunoda,AlphaTauri,1:04.967,1:04.518,1:04.273
2021,9,8,Sebastian Vettel,Aston Martin,1:04.846,1:04.493,1:04.570
2021,9,9,George Russell,Williams,1:04.907,1:04.553,1:04.591
2021,9,10,Lance Stroll,Aston Martin,1:04.927,1:04.547,1:04.618
2021,9,11,Carlos Sainz,Ferrari,1:04.596,1:04.559,
2021,9,12,Charles Leclerc,Ferrari,1:04.906,1:04.600,
2021,9,13,Daniel Ricciardo,McLaren,1:04.977,1:04.719,
2021,9,14,Fernando Alonso,Alpine F1 Team,1:04.472,1:04.856,
2021,9,15,Antonio Giovinazzi,Alfa Romeo,1:04.782,1:05.083,
2021,9,16,Kimi Räikkönen,Alfa Romeo,1:05.009,,
2021,9,17,Esteban Ocon,Alpine F1 Team,1:05.051,,
2021,9,18,Nicholas Latifi,Williams,1:05.195,,
2021,9,19,Mick Schumacher,Haas F1 Team,1:05.427,,
2021,9,20,Nikita Mazepin,Haas F1 Team,1:05.951,,
2021,10,1,Lewis Hamilton,Mercedes,1:26.786,1:26.023,1:26.134
2021,10,2,Max Verstappen,Red Bull,1:26.751,1:26.315,1:26.209
2021,10,3,Valtteri Bottas,Mercedes,1:27.487,1:26.764,1:26.328
2021,10,4,Charles Leclerc,Ferrari,1:27.051,1:26.919,1:26.828
2021,10,5,Sergio Pérez,Red Bull,1:27.121,1:27.073,1:26.844
2021,10,6,Lando Norris,McLaren,1:27.444,1:27.220,1:26.897
2021,10,7,Daniel Ricciardo,McLaren,1:27.323,1:27.125,1:26.899
2021,10,8,George Russell,Williams,1:27.671,1:27.080,1:26.971
2021,10,9,Carlos Sainz,Ferrari,1:27.337,1:26.848,1:27.007
2021,10,10,Sebastian Vettel,Aston Martin,1:27.493,1:27.103,1:27.179
2021,10,11,Fernando Alonso,Alpine F1 Team,1:27.580,1:27.245,
2021,10,12,Pierre Gasly,AlphaTauri,1:27.600,1:27.273,
2021,10,13,Esteban Ocon,Alpine F1 Team,1:27.415,1:27.340,
2021,10,14,Antonio Giovinazzi,Alfa Romeo,1:27.595,1:27.617,
2021,10,15,Lance Stroll,Aston Martin,1:28.017,1:27.665,
2021,10,16,Yuki Tsunoda,AlphaTauri,1:28.043,,
2021,10,17,Kimi Räikkönen,Alfa Romeo,1:28.062,,
2021,10,18,Nicholas Latifi,Williams,1:28.254,,
2021,10,19,Mick Schumacher,Haas F1 Team,1:28.738,,
2021,10,20,Nikita Mazepin,Haas F1 Team,1:29.051,,
2021,11,1,Lewis Hamilton,Mercedes,1:16.424,1:16.553,1:15.419
2021,11,2,Valtteri Bottas,Mercedes,1:16.569,1:16.702,1:15.734
2021,11,3,Max Verstappen,Red Bull,1:16.214,1:15.650,1:15.840
2021,11,4,Sergio Pérez,Red Bull,1:17.233,1:16.443,1:16.421
2021,11,5,Pierre Gasly,AlphaTauri,1:16.874,1:16.394,1:16.483
2021,11,6,Lando Norris,McLaren,1:17.081,1:16.385,1:16.489
2021,11,7,Charles Leclerc,Ferrari,1:17.084,1:16.574,1:16.496
2021,11,8,Esteban Ocon,Alpine F1 Team,1:17.367,1:16.766,1:16.653
2021,11,9,Fernando Alonso,Alpine F1 Team,1:17.123,1:16.541,1:16.715
2021,11,10,Sebastian Vettel,Aston Martin,1:17.105,1:16.794,1:16.750
2021,11,11,Daniel Ricciardo,McLaren,1:17.664,1:16.871,
2021,11,12,Lance Stroll,Aston Martin,1:17.038,1:16.893,
2021,11,13,Kimi Räikkönen,Alfa Romeo,1:17.553,1:17.564,
2021,11,14,Antonio Giovinazzi,Alfa Romeo,1:17.776,1:17.583,
2021,11,15,Carlos Sainz,Ferrari,1:16.649,,
2021,11,16,Yuki Tsunoda,AlphaTauri,1:17.919,,
2021,11,17,George Russell,Williams,1:17.944,,
2021,11,18,Nicholas Latifi,Williams,1:18.036,,
2021,11,19,Nikita Mazepin,Haas F1 Team,1:18.922,,
2021,11,20,Mick Schumacher,Haas F1 Team,,,
2021,12,1,Max Verstappen,Red Bull,1:58.717,1:56.559,1:59.765
2021,12,2,George Russell,Williams,1:59.864,1:56.950,2:00.086
2021,12,3,Lewis Hamilton,Mercedes,1:59.218,1:56.229,2:00.099
2021,12,4,Daniel Ricciardo,McLaren,2:01.583,1:57.127,2:00.864
2021,12,5,Sebastian Vettel,Aston Martin,2:00.175,1:56.814,2:00.935
2021,12,6,Pierre Gasly,AlphaTauri,2:00.387,1:56.440,2:01.164
2021,12,7,Sergio Pérez,Red Bull,1:59.334,1:56.886,2:02.112
2021,12,8,Valtteri Bottas,Mercedes,1:59.870,1:56.295,2:02.502
2021,12,9,Esteban Ocon,Alpine F1 Team,2:01.824,1:57.354,2:03.513
2021,12,10,Lando Norris,McLaren,1:58.301,1:56.025,
2021,12,11,Charles Leclerc,Ferrari,2:00.728,1:57.721,
2021,12,12,Nicholas Latifi,Williams,2:00.966,1:58.056,
2021,12,13,Carlos Sainz,Ferrari,2:01.184,1:58.137,
2021,12,14,Fernando Alonso,Alpine F1 Team,2:01.653,1:58.205,
2021,12,15,Lance Stroll,Aston Martin,2:01.597,1:58.231,
2021,12,16,Antonio Giovinazzi,Alfa Romeo,2:02.306,,
2021,12,17,Yuki Tsunoda,AlphaTauri,2:02.413,,
2021,12,18,Mick Schumacher,Haas F1 Team,2:03.973,,
2021,12,19,Kimi Räikkönen,Alfa Romeo,2:04.452,,
2021,12,20,Nikita Mazepin,Haas F1 Team,2:04.939,,
2021,13,1,Max Verstappen,Red Bull,1:10.036,1:09.071,1:08.885
2021,13,2,Lewis Hamilton,Mercedes,1:10.114,1:09.726,1:08.923
2021,13,3,Valtteri Bottas,Mercedes,1:10.219,1:09.769,1:09.222
2021,13,4,Pierre Gasly,AlphaTauri,1:10.274,1:09.541,1:09.478
2021,13,5,Charles Leclerc,Ferrari,1:09.829,1:09.437,1:09.527
2021,13,6,Carlos Sainz,Ferrari,1:10.022,1:09.870,1:09.537
2021,13,7,Antonio Giovinazzi,Alfa Romeo,1:10.050,1:10.033,1:09.590
2021,13,8,Esteban Ocon,Alpine F1 Team,1:10.179,1:09.919,1:09.933
2021,13,9,Fernando Alonso,Alpine F1 Team,1:10.435,1:10.020,1:09.956
2021,13,10,Daniel Ricciardo,McLaren,1:10.255,1:09.865,1:10.166
2021,13,11,George Russell,Williams,1:10.382,1:10.332,
2021,13,12,Lance Stroll,Aston Martin,1:10.438,1:10.367,
2021,13,13,Lando Norris,McLaren,1:10.489,1:10.406,
2021,13,14,Nicholas Latifi,Williams,1:10.093,1:11.161,
2021,13,15,Yuki Tsunoda,AlphaTauri,1:10.462,1:11.314,
2021,13,16,Sergio Pérez,Red Bull,1:10.530,,
2021,13,17,Sebastian Vettel,Aston Martin,1:10.731,,
2021,13,18,Robert Kubica,Alfa Romeo,1:11.301,,
2021,13,19,Mick Schumacher,Haas F1 Team,1:11.387,,
2021,13,20,Nikita Mazepin,Haas F1 Team,1:11.875,,
2021,14,1,Valtteri Bottas,Mercedes,1:20.685,1:20.032,1:19.555
2021,14,2,Lewis Hamilton,Mercedes,1:20.543,1:19.936,1:19.651
2021,14,3,Max Verstappen,Red Bull,1:21.035,1:20.229,1:19.966
2021,14,4,Lando Norris,McLaren,1:20.916,1:20.059,1:19.989
2021,14,5,Daniel Ricciardo,McLaren,1:21.292,1:20.435,1:19.995
2021,14,6,Pierre Gasly,AlphaTauri,1:21.440,1:20.556,1:20.260
2021,14,7,Carlos Sainz,Ferrari,1:21.118,1:20.750,1:20.462
2021,14,8,Charles Leclerc,Ferrari,1:21.219,1:20.767,1:20.510
2021,14,9,Sergio Pérez,Red Bull,1:21.308,1:20.882,1:20.611
2021,14,10,Antonio Giovinazzi,Alfa Romeo,1:21.197,1:20.726,1:20.808
2021,14,11,Sebastian Vettel,Aston Martin,1:21.394,1:20.913,
2021,14,12,Lance Stroll,Aston Martin,1:21.415,1:21.020,
2021,14,13,Fernando Alonso,Alpine F1 Team,1:21.487,1:21.069,
2021,14,14,Esteban Ocon,Alpine F1 Team,1:21.500,1:21.103,
2021,14,15,George Russell,Williams,1:21.890,1:21.392,
2021,14,16,Nicholas Latifi,Williams,1:21.925,,
2021,14,17,Yuki Tsunoda,AlphaTauri,1:21.973,,
2021,14,18,Mick Schumacher,Haas F1 Team,1:22.248,,
2021,14,19,Robert Kubica,Alfa Romeo,1:22.530,,
2021,14,20,Nikita Mazepin,Haas F1 Team,1:22.716,,
2021,15,1,Lando Norris,McLaren,1:47.238,1:45.827,1:41.993
2021,15,2,Carlos Sainz,Ferrari,1:47.924,1:46.521,1:42.510
2021,15,3,George Russell,Williams,1:48.303,1:46.435,1:42.983
2021,15,4,Lewis Hamilton,Mercedes,1:45.992,1:45.129,1:44.050
2021,15,5,Daniel Ricciardo,McLaren,1:48.345,1:46.361,1:44.156
2021,15,6,Fernando Alonso,Alpine F1 Team,1:47.877,1:45.514,1:44.204
2021,15,7,Valtteri Bottas,Mercedes,1:46.396,1:45.306,1:44.710
2021,15,8,Lance Stroll,Aston Martin,1:48.322,1:46.360,1:44.956
2021,15,9,Sergio Pérez,Red Bull,1:46.455,1:45.834,1:45.337
2021,15,10,Esteban Ocon,Alpine F1 Team,1:48.099,1:46.070,1:45.865
2021,15,11,Sebastian Vettel,Aston Martin,1:47.205,1:46.573,
2021,15,12,Pierre Gasly,AlphaTauri,1:47.828,1:46.641,
2021,15,13,Yuki Tsunoda,AlphaTauri,1:48.854,1:46.751,
2021,15,14,Nicholas Latifi,Williams,1:48.252,,
2021,15,15,Charles Leclerc,Ferrari,1:48.470,,
2021,15,16,Kimi Räikkönen,Alfa Romeo,1:49.586,,
2021,15,17,Mick Schumacher,Haas F1 Team,1:49.830,,
2021,15,18,Antonio Giovinazzi,Alfa Romeo,1:51.023,,
2021,15,19,Nikita Mazepin,Haas F1 Team,1:53.764,,
2021,15,20,Max Verstappen,Red Bull,,,
2021,16,1,Lewis Hamilton,Mercedes,1:24.585,1:23.082,1:22.868
2021,16,2,Valtteri Bottas,Mercedes,1:25.047,1:23.579,1:22.998
2021,16,3,Max Verstappen,Red Bull,1:24.592,1:23.732,1:23.196
2021,16,4,Charles Leclerc,Ferrari,1:24.869,1:24.015,1:23.265
2021,16,5,Pierre Gasly,AlphaTauri,1:24.704,1:23.817,1:23.326
2021,16,6,Fernando Alonso,Alpine F1 Team,1:25.174,1:23.914,1:23.477
2021,16,7,Sergio Pérez,Red Bull,1:24.963,1:23.961,1:23.706
2021,16,8,Lando Norris,McLaren,1:25.138,1:24.642,1:23.954
2021,16,9,Lance Stroll,Aston Martin,1:25.511,1:24.601,1:24.305
2021,16,10,Yuki Tsunoda,AlphaTauri,1:25.409,1:24.054,1:24.368
2021,16,11,Sebastian Vettel,Aston Martin,1:25.787,1:24.795,
2021,16,12,Esteban Ocon,Alpine F1 Team,1:25.422,1:24.842,
2021,16,13,George Russell,Williams,1:25.417,1:25.007,
2021,16,14,Mick Schumacher,Haas F1 Team,1:25.555,1:25.200,
2021,16,15,Carlos Sainz,Ferrari,1:25.177,,
2021,16,16,Daniel Ricciardo,McLaren,1:25.881,,
2021,16,17,Nicholas Latifi,Williams,1:26.086,,
2021,16,18,Antonio Giovinazzi,Alfa Romeo,1:26.430,,
2021,16,19,Kimi Räikkönen,Alfa Romeo,1:27.525,,
2021,16,20,Nikita Mazepin,Haas F1 Team,1:28.449,,
2021,17,1,Max Verstappen,Red Bull,1:34.352,1:33.464,1:32.910
2021,17,2,Lewis Hamilton,Mercedes,1:34.579,1:33.797,1:33.119
2021,17,3,Sergio Pérez,Red Bull,1:34.369,1:34.178,1:33.134
2021,17,4,Valtteri Bottas,Mercedes,1:34.590,1:33.959,1:33.475
2021,17,5,Charles Leclerc,Ferrari,1:34.153,1:33.928,1:33.606
2021,17,6,Carlos Sainz,Ferrari,1:34.558,1:34.126,1:33.792
2021,17,7,Daniel Ricciardo,McLaren,1:34.407,1:34.643,1:33.808
2021,17,8,Lando Norris,McLaren,1:34.551,1:33.880,1:33.887
2021,17,9,Pierre Gasly,AlphaTauri,1:34.567,1:34.583,1:34.118
2021,17,10,Yuki Tsunoda,AlphaTauri,1:35.360,1:35.137,1:34.918
2021,17,11,Esteban Ocon,Alpine F1 Team,1:35.747,1:35.377,
2021,17,12,Sebastian Vettel,Aston Martin,1:35.281,1:35.500,
2021,17,13,Antonio Giovinazzi,Alfa Romeo,1:35.920,1:35.794,
2021,17,14,Fernando Alonso,Alpine F1 Team,1:35.756,1:44.549,
2021,17,15,George Russell,Williams,1:35.746,,
2021,17,16,Lance Stroll,Aston Martin,1:35.983,,
2021,17,17,Nicholas Latifi,Williams,1:35.995,,
2021,17,18,Kimi Räikkönen,Alfa Romeo,1:36.311,,
2021,17,19,Mick Schumacher,Haas F1 Team,1:36.499,,
2021,17,20,Nikita Mazepin,Haas F1 Team,1:36.796,,
2021,18,1,Valtteri Bottas,Mercedes,1:16.727,1:16.864,1:15.875
2021,18,2,Lewis Hamilton,Mercedes,1:17.207,1:16.474,1:16.020
2021,18,3,Max Verstappen,Red Bull,1:16.788,1:16.483,1:16.225
2021,18,4,Sergio Pérez,Red Bull,1:17.003,1:17.055,1:16.342
2021,18,5,Pierre Gasly,AlphaTauri,1:16.908,1:16.955,1:16.456
2021,18,6,Carlos Sainz,Ferrari,1:17.517,1:17.248,1:16.761
2021,18,7,Daniel Ricciardo,McLaren,1:17.719,1:17.092,1:16.763
2021,18,8,Charles Leclerc,Ferrari,1:16.748,1:17.034,1:16.837
2021,18,9,Yuki Tsunoda,AlphaTauri,1:17.330,1:16.701,1:17.158
2021,18,10,Lando Norris,McLaren,1:17.569,1:17.473,1:36.830
2021,18,11,Sebastian Vettel,Aston Martin,1:17.502,1:17.746,
2021,18,12,Kimi Räikkönen,Alfa Romeo,1:17.606,1:17.958,
2021,18,13,George Russell,Williams,1:17.958,1:18.172,
2021,18,14,Antonio Giovinazzi,Alfa Romeo,1:17.897,1:18.290,
2021,18,15,Esteban Ocon,Alpine F1 Team,1:18.126,1:18.405,
2021,18,16,Fernando Alonso,Alpine F1 Team,1:18.452,,
2021,18,17,Nicholas Latifi,Williams,1:18.756,,
2021,18,18,Mick Schumacher,Haas F1 Team,1:18.858,,
2021,18,19,Nikita Mazepin,Haas F1 Team,1:19.303,,
2021,18,20,Lance Stroll,Aston Martin,1:20.873,,
2021,19,1,Lewis Hamilton,Mercedes,1:08.733,1:08.068,1:07.934
2021,19,2,Max Verstappen,Red Bull,1:09.329,1:08.499,1:08.372
2021,19,3,Valtteri Bottas,Mercedes,1:09.040,1:08.426,1:08.469
2021,19,4,Sergio Pérez,Red Bull,1:09.172,1:08.973,1:08.483
2021,19,5,Pierre Gasly,AlphaTauri,1:09.347,1:08.903,1:08.777
2021,19,6,Carlos Sainz,Ferrari,1:09.046,1:09.031,1:08.826
2021,19,7,Charles Leclerc,Ferrari,1:09.155,1:08.859,1:08.960
2021,19,8,Lando Norris,McLaren,1:09.365,1:09.030,1:08.980
2021,19,9,Daniel Ricciardo,McLaren,1:09.374,1:09.093,1:09.039
2021,19,10,Fernando Alonso,Alpine F1 Team,1:09.391,1:09.137,1:09.113
2021,19,11,Esteban Ocon,Alpine F1 Team,1:09.430,1:09.189,
2021,19,12,Sebastian Vettel,Aston Martin,1:09.451,1:09.399,
2021,19,13,Yuki Tsunoda,AlphaTauri,1:09.350,1:09.483,
2021,19,14,Kimi Räikkönen,Alfa Romeo,1:09.598,1:09.503,
2021,19,15,Antonio Giovinazzi,Alfa Romeo,1:09.342,1:10.227,
2021,19,16,Lance Stroll,Aston Martin,1:09.663,,
2021,19,17,Nicholas Latifi,Williams,1:09.897,,
2021,19,18,George Russell,Williams,1:09.953,,
2021,19,19,Mick Schumacher,Haas F1 Team,1:10.329,,
2021,19,20,Nikita Mazepin,Haas F1 Team,1:10.589,,
2021,20,1,Lewis Hamilton,Mercedes,1:21.901,1:21.682,1:20.827
2021,20,2,Max Verstappen,Red Bull,1:21.996,1:21.984,1:21.282
2021,20,3,Valtteri Bottas,Mercedes,1:22.016,1:21.991,1:21.478
2021,20,4,Pierre Gasly,AlphaTauri,1:22.535,1:21.728,1:21.640
2021,20,5,Fernando Alonso,Alpine F1 Team,1:22.422,1:21.894,1:21.670
2021,20,6,Lando Norris,McLaren,1:22.839,1:22.216,1:21.731
2021,20,7,Carlos Sainz,Ferrari,1:22.304,1:22.241,1:21.840
2021,20,8,Yuki Tsunoda,AlphaTauri,1:22.458,1:22.058,1:21.881
2021,20,9,Esteban Ocon,Alpine F1 Team,1:22.565,1:22.012,1:22.028
2021,20,10,Sebastian Vettel,Aston Martin,1:22.549,1:22.146,1:22.785
2021,20,11,Sergio Pérez,Red Bull,1:22.398,1:22.346,
2021,20,12,Lance Stroll,Aston Martin,1:22.551,1:22.460,
2021,20,13,Charles Leclerc,Ferrari,1:22.742,1:22.463,
2021,20,14,Daniel Ricciardo,McLaren,1:22.688,1:22.597,
2021,20,15,George Russell,Williams,1:22.863,1:22.756,
2021,20,16,Kimi Räikkönen,Alfa Romeo,1:23.156,,
2021,20,17,Nicholas Latifi,Williams,1:23.213,,
2021,20,18,Antonio Giovinazzi,Alfa Romeo,1:23.262,,
2021,20,19,Mick Schumacher,Haas F1 Team,1:23.407,,
2021,20,20,Nikita Mazepin,Haas F1 Team,1:25.859,,
2021,21,1,Lewis Hamilton,Mercedes,1:28.466,1:27.712,1:27.511
2021,21,2,Valtteri Bottas,Mercedes,1:28.057,1:28.054,1:27.622
2021,21,3,Max Verstappen,Red Bull,1:28.285,1:27.953,1:27.653
2021,21,4,Charles Leclerc,Ferrari,1:28.310,1:28.459,1:28.054
2021,21,5,Sergio Pérez,Red Bull,1:28.021,1:27.946,1:28.123
2021,21,6,Pierre Gasly,AlphaTauri,1:28.401,1:28.314,1:28.125
2021,21,7,Lando Norris,McLaren,1:28.338,1:28.344,1:28.180
2021,21,8,Yuki Tsunoda,AlphaTauri,1:28.503,1:28.222,1:28.442
2021,21,9,Esteban Ocon,Alpine F1 Team,1:28.752,1:28.574,1:28.647
2021,21,10,Antonio Giovinazzi,Alfa Romeo,1:28.899,1:28.616,1:28.754
2021,21,11,Daniel Ricciardo,McLaren,1:28.216,1:28.668,
2021,21,12,Kimi Räikkönen,Alfa Romeo,1:28.856,1:28.885,
2021,21,13,Fernando Alonso,Alpine F1 Team,1:28.944,1:28.920,
2021,21,14,George Russell,Williams,1:28.926,1:29.054,
2021,21,15,Carlos Sainz,Ferrari,1:28.237,1:53.652,
2021,21,16,Nicholas Latifi,Williams,1:29.177,,
2021,21,17,Sebastian Vettel,Aston Martin,1:29.198,,
2021,21,18,Lance Stroll,Aston Martin,1:29.368,,
2021,21,19,Mick Schumacher,Haas F1 Team,1:29.464,,
2021,21,20,Nikita Mazepin,Haas F1 Team,1:30.473,,
2021,22,1,Max Verstappen,Red Bull,1:23.322,1:22.800,1:22.109
2021,22,2,Lewis Hamilton,Mercedes,1:22.845,1:23.145,1:22.480
2021,22,3,Lando Norris,McLaren,1:23.553,1:23.256,1:22.931
2021,22,4,Sergio Pérez,Red Bull,1:23.350,1:23.135,1:22.947
2021,22,5,Carlos Sainz,Ferrari,1:23.624,1:23.174,1:22.992
2021,22,6,Valtteri Bottas,Mercedes,1:23.117,1:23.246,1:23.036
2021,22,7,Charles Leclerc,Ferrari,1:23.467,1:23.202,1:23.122
2021,22,8,Yuki Tsunoda,AlphaTauri,1:23.428,1:23.404,1:23.220
2021,22,9,Esteban Ocon,Alpine F1 Team,1:23.764,1:23.420,1:23.389
2021,22,10,Daniel Ricciardo,McLaren,1:23.829,1:23.448,1:23.409
2021,22,11,Fernando Alonso,Alpine F1 Team,1:23.846,1:23.460,
2021,22,12,Pierre Gasly,AlphaTauri,1:23.489,1:24.043,
2021,22,13,Lance Stroll,Aston Martin,1:24.061,1:24.066,
2021,22,14,Antonio Giovinazzi,Alfa Romeo,1:24.118,1:24.251,
2021,22,15,Sebastian Vettel,Aston Martin,1:24.225,1:24.305,
2021,22,16,Nicholas Latifi,Williams,1:24.338,,
2021,22,17,George Russell,Williams,1:24.423,,
2021,22,18,Kimi Räikkönen,Alfa Romeo,1:24.779,,
2021,22,19,Mick Schumacher,Haas F1 Team,1:24.906,,
2021,22,20,Nikita Mazepin,Haas F1 Team,1:25.685,,
2022,1,1,Charles Leclerc,Ferrari,1:31.471,1:30.932,1:30.558
2022,1,2,Max Verstappen,Red Bull,1:31.785,1:30.757,1:30.681
2022,1,3,Carlos Sainz,Ferrari,1:31.567,1:30.787,1:30.687
2022,1,4,Sergio Pérez,Red Bull,1:32.311,1:31.008,1:30.921
2022,1,5,Lewis Hamilton,Mercedes,1:32.285,1:31.048,1:31.238
2022,1,6,Valtteri Bottas,Alfa Romeo,1:31.919,1:31.717,1:31.560
2022,1,7,Kevin Magnussen,Haas F1 Team,1:31.955,1:31.461,1:31.808
2022,1,8,Fernando Alonso,Alpine F1 Team,1:32.346,1:31.621,1:32.195
2022,1,9,George Russell,Mercedes,1:32.269,1:31.252,1:32.216
2022,1,10,Pierre Gasly,AlphaTauri,1:32.096,1:31.635,1:32.338
2022,1,11,Esteban Ocon,Alpine F1 Team,1:32.041,1:31.782,
2022,1,12,Mick Schumacher,Haas F1 Team,1:32.380,1:31.998,
2022,1,13,Lando Norris,McLaren,1:32.239,1:32.008,
2022,1,14,Alexander Albon,Williams,1:32.726,1:32.664,
2022,1,15,Guanyu Zhou,Alfa Romeo,1:32.493,1:33.543,
2022,1,16,Yuki Tsunoda,AlphaTauri,1:32.750,,
2022,1,17,Nico Hülkenberg,Aston Martin,1:32.777,,
2022,1,18,Daniel Ricciardo,McLaren,1:32.945,,
2022,1,19,Lance Stroll,Aston Martin,1:33.032,,
2022,1,20,Nicholas Latifi,Williams,1:33.634,,
2022,2,1,Sergio Pérez,Red Bull,1:29.705,1:28.924,1:28.200
2022,2,2,Charles Leclerc,Ferrari,1:29.039,1:28.780,1:28.225
2022,2,3,Carlos Sainz,Ferrari,1:28.855,1:28.686,1:28.402
2022,2,4,Max Verstappen,Red Bull,1:28.928,1:28.945,1:28.461
2022,2,5,Esteban Ocon,Alpine F1 Team,1:30.093,1:29.584,1:29.068
2022,2,6,George Russell,Mercedes,1:29.680,1:29.618,1:29.104
2022,2,7,Fernando Alonso,Alpine F1 Team,1:29.978,1:29.295,1:29.147
2022,2,8,Valtteri Bottas,Alfa Romeo,1:29.683,1:29.404,1:29.183
2022,2,9,Pierre Gasly,AlphaTauri,1:29.891,1:29.418,1:29.254
2022,2,10,Kevin Magnussen,Haas F1 Team,1:29.831,1:29.546,1:29.588
2022,2,11,Lando Norris,McLaren,1:29.957,1:29.651,
2022,2,12,Daniel Ricciardo,McLaren,1:30.009,1:29.773,
2022,2,13,Guanyu Zhou,Alfa Romeo,1:29.978,1:29.819,
2022,2,14,Mick Schumacher,Haas F1 Team,1:30.167,1:29.920,
2022,2,15,Lance Stroll,Aston Martin,1:30.256,1:31.009,
2022,2,16,Lewis Hamilton,Mercedes,1:30.343,,
2022,2,17,Alexander Albon,Williams,1:30.492,,
2022,2,18,Nico Hülkenberg,Aston Martin,1:30.543,,
2022,2,19,Nicholas Latifi,Williams,1:31.817,,
2022,2,20,Yuki Tsunoda,AlphaTauri,,,
2022,3,1,Charles Leclerc,Ferrari,1:18.881,1:18.606,1:17.868
2022,3,2,Max Verstappen,Red Bull,1:18.580,1:18.611,1:18.154
2022,3,3,Sergio Pérez,Red Bull,1:18.834,1:18.340,1:18.240
2022,3,4,Lando Norris,McLaren,1:19.280,1:19.066,1:18.703
2022,3,5,Lewis Hamilton,Mercedes,1:19.401,1:19.106,1:18.825
2022,3,6,George Russell,Mercedes,1:19.405,1:19.076,1:18.933
2022,3,7,Daniel Ricciardo,McLaren,1:19.665,1:19.130,1:19.032
2022,3,8,Esteban Ocon,Alpine F1 Team,1:19.605,1:19.136,1:19.061
2022,3,9,Carlos Sainz,Ferrari,1:18.983,1:18.469,1:19.408
2022,3,10,Fernando Alonso,Alpine F1 Team,1:19.192,1:18.815,
2022,3,11,Pierre Gasly,AlphaTauri,1:19.580,1:19.226,
2022,3,12,Valtteri Bottas,Alfa Romeo,1:19.251,1:19.410,
2022,3,13,Yuki Tsunoda,AlphaTauri,1:19.742,1:19.424,
2022,3,14,Guanyu Zhou,Alfa Romeo,1:19.910,1:20.155,
2022,3,15,Mick Schumacher,Haas F1 Team,1:20.104,1:20.465,
2022,3,16,Alexander Albon,Williams,1:20.135,,
2022,3,17,Kevin Magnussen,Haas F1 Team,1:20.254,,
2022,3,18,Sebastian Vettel,Aston Martin,1:21.149,,
2022,3,19,Nicholas Latifi,Williams,1:21.372,,
2022,3,20,Lance Stroll,Aston Martin,,,
2022,4,1,Max Verstappen,Red Bull,1:19.295,1:18.793,1:27.999
2022,4,2,Charles Leclerc,Ferrari,1:18.796,1:19.584,1:28.778
2022,4,3,Lando Norris,McLaren,1:20.168,1:19.294,1:29.131
2022,4,4,Kevin Magnussen,Haas F1 Team,1:20.147,1:19.902,1:29.164
2022,4,5,Fernando Alonso,Alpine F1 Team,1:20.198,1:19.595,1:29.202
2022,4,6,Daniel Ricciardo,McLaren,1:19.980,1:20.031,1:29.742
2022,4,7,Sergio Pérez,Red Bull,1:19.773,1:19.296,1:29.808
2022,4,8,Valtteri Bottas,Alfa Romeo,1:20.419,1:20.192,1:30.439
2022,4,9,Sebastian Vettel,Aston Martin,1:20.364,1:19.957,1:31.062
2022,4,10,Carlos Sainz,Ferrari,1:19.305,1:18.990,
2022,4,11,George Russell,Mercedes,1:20.383,1:20.757,
2022,4,12,Mick Schumacher,Haas F1 Team,1:20.422,1:20.916,
2022,4,13,Lewis Hamilton,Mercedes,1:20.470,1:21.138,
2022,4,14,Guanyu Zhou,Alfa Romeo,1:19.730,1:21.434,
2022,4,15,Lance Stroll,Aston Martin,1:20.342,1:28.119,
2022,4,16,Yuki Tsunoda,AlphaTauri,1:20.474,,
2022,4,17,Pierre Gasly,AlphaTauri,1:20.732,,
2022,4,18,Nicholas Latifi,Williams,1:21.971,,
2022,4,19,Esteban Ocon,Alpine F1 Team,1:22.338,,
2022,4,20,Alexander Albon,Williams,,,
2022,5,1,Charles Leclerc,Ferrari,1:29.474,1:29.130,1:28.796
2022,5,2,Carlos Sainz,Ferrari,1:30.079,1:29.729,1:28.986
2022,5,3,Max Verstappen,Red Bull,1:29.836,1:29.202,1:28.991
2022,5,4,Sergio Pérez,Red Bull,1:30.055,1:29.673,1:29.036
2022,5,5,Valtteri Bottas,Alfa Romeo,1:30.845,1:29.751,1:29.475
2022,5,6,Lewis Hamilton,Mercedes,1:30.388,1:29.797,1:29.625
2022,5,7,Pierre Gasly,AlphaTauri,1:30.779,1:30.128,1:29.690
2022,5,8,Lando Norris,McLaren,1:30.761,1:29.634,1:29.750
2022,5,9,Yuki Tsunoda,AlphaTauri,1:30.485,1:30.031,1:29.932
2022,5,10,Lance Stroll,Aston Martin,1:30.441,1:29.996,1:30.676
2022,5,11,Fernando Alonso,Alpine F1 Team,1:30.407,1:30.160,
2022,5,12,George Russell,Mercedes,1:30.490,1:30.173,
2022,5,13,Sebastian Vettel,Aston Martin,1:30.677,1:30.214,
2022,5,14,Daniel Ricciardo,McLaren,1:30.583,1:30.310,
2022,5,15,Mick Schumacher,Haas F1 Team,1:30.645,1:30.423,
2022,5,16,Kevin Magnussen,Haas F1 Team,1:30.975,,
2022,5,17,Guanyu Zhou,Alfa Romeo,1:31.020,,
2022,5,18,Alexander Albon,Williams,1:31.266,,
2022,5,19,Nicholas Latifi,Williams,1:31.325,,
2022,5,20,Esteban Ocon,Alpine F1 Team,,,
2022,6,1,Charles Leclerc,Ferrari,1:19.861,1:19.969,1:18.750
2022,6,2,Max Verstappen,Red Bull,1:20.091,1:19.219,1:19.073
2022,6,3,Carlos Sainz,Ferrari,1:19.892,1:19.453,1:19.166
2022,6,4,George Russell,Mercedes,1:20.218,1:19.470,1:19.393
2022,6,5,Sergio Pérez,Red Bull,1:20.447,1:19.830,1:19.420
2022,6,6,Lewis Hamilton,Mercedes,1:20.252,1:19.794,1:19.512
2022,6,7,Valtteri Bottas,Alfa Romeo,1:20.355,1:20.053,1:19.608
2022,6,8,Kevin Magnussen,Haas F1 Team,1:20.227,1:19.810,1:19.682
2022,6,9,Daniel Ricciardo,McLaren,1:20.549,1:20.287,1:20.297
2022,6,10,Mick Schumacher,Haas F1 Team,1:20.683,1:20.436,1:20.368
2022,6,11,Lando Norris,McLaren,1:20.838,1:20.471,
2022,6,12,Esteban Ocon,Alpine F1 Team,1:20.880,1:20.638,
2022,6,13,Yuki Tsunoda,AlphaTauri,1:20.707,1:20.639,
2022,6,14,Pierre Gasly,AlphaTauri,1:20.719,1:20.861,
2022,6,15,Guanyu Zhou,Alfa Romeo,1:20.476,1:21.094,
2022,6,16,Sebastian Vettel,Aston Martin,1:20.954,,
2022,6,17,Fernando Alonso,Alpine F1 Team,1:21.043,,
2022,6,18,Lance Stroll,Aston Martin,1:21.418,,
2022,6,19,Alexander Albon,Williams,1:21.645,,
2022,6,20,Nicholas Latifi,Williams,1:21.915,,
2022,7,1,Charles Leclerc,Ferrari,1:12.569,1:11.864,1:11.376
2022,7,2,Carlos Sainz,Ferrari,1:12.616,1:12.074,1:11.601
2022,7,3,Sergio Pérez,Red Bull,1:13.004,1:11.954,1:11.629
2022,7,4,Max Verstappen,Red Bull,1:12.993,1:12.117,1:11.666
2022,7,5,Lando Norris,McLaren,1:12.927,1:12.266,1:11.849
2022,7,6,George Russell,Mercedes,1:12.787,1:12.617,1:12.112
2022,7,7,Fernando Alonso,Alpine F1 Team,1:13.394,1:12.688,1:12.247
2022,7,8,Lewis Hamilton,Mercedes,1:13.444,1:12.595,1:12.560
2022,7,9,Sebastian Vettel,Aston Martin,1:13.313,1:12.613,1:12.732
2022,7,10,Esteban Ocon,Alpine F1 Team,1:12.848,1:12.528,1:13.047
2022,7,11,Yuki Tsunoda,AlphaTauri,1:13.110,1:12.797,
2022,7,12,Valtteri Bottas,Alfa Romeo,1:13.541,1:12.909,
2022,7,13,Kevin Magnussen,Haas F1 Team,1:13.069,1:12.921,
2022,7,14,Daniel Ricciardo,McLaren,1:13.338,1:12.964,
2022,7,15,Mick Schumacher,Haas F1 Team,1:13.469,1:13.081,
2022,7,16,Alexander Albon,Williams,1:13.611,,
2022,7,17,Pierre Gasly,AlphaTauri,1:13.660,,
2022,7,18,Lance Stroll,Aston Martin,1:13.678,,
2022,7,19,Nicholas Latifi,Williams,1:14.403,,
2022,7,20,Guanyu Zhou,Alfa Romeo,1:15.606,,
2022,8,1,Charles Leclerc,Ferrari,1:42.865,1:42.046,1:41.359
2022,8,2,Sergio Pérez,Red Bull,1:42.733,1:41.955,1:41.641
2022,8,3,Max Verstappen,Red Bull,1:42.722,1:42.227,1:41.706
2022,8,4,Carlos Sainz,Ferrari,1:42.957,1:42.088,1:41.814
2022,8,5,George Russell,Mercedes,1:43.754,1:43.281,1:42.712
2022,8,6,Pierre Gasly,AlphaTauri,1:43.268,1:43.129,1:42.845
2022,8,7,Lewis Hamilton,Mercedes,1:43.939,1:43.182,1:42.924
2022,8,8,Yuki Tsunoda,AlphaTauri,1:43.595,1:43.376,1:43.056
2022,8,9,Sebastian Vettel,Aston Martin,1:43.279,1:43.268,1:43.091
2022,8,10,Fernando Alonso,Alpine F1 Team,1:44.083,1:43.360,1:43.173
2022,8,11,Lando Norris,McLaren,1:44.237,1:43.398,
2022,8,12,Daniel Ricciardo,McLaren,1:44.437,1:43.574,
2022,8,13,Esteban Ocon,Alpine F1 Team,1:43.903,1:43.585,
2022,8,14,Guanyu Zhou,Alfa Romeo,1:43.777,1:43.790,
2022,8,15,Valtteri Bottas,Alfa Romeo,1:44.478,1:44.444,
2022,8,16,Kevin Magnussen,Haas F1 Team,1:44.643,,
2022,8,17,Alexander Albon,Williams,1:44.719,,
2022,8,18,Nicholas Latifi,Williams,1:45.367,,
2022,8,19,Lance Stroll,Aston Martin,1:45.371,,
2022,8,20,Mick Schumacher,Haas F1 Team,1:45.775,,
2022,9,1,Max Verstappen,Red Bull,1:32.219,1:23.746,1:21.299
2022,9,2,Fernando Alonso,Alpine F1 Team,1:32.277,1:24.848,1:21.944
2022,9,3,Carlos Sainz,Ferrari,1:32.781,1:25.197,1:22.096
2022,9,4,Lewis Hamilton,Mercedes,1:33.841,1:25.543,1:22.891
2022,9,5,Kevin Magnussen,Haas F1 Team,1:32.957,1:26.254,1:22.960
2022,9,6,Mick Schumacher,Haas F1 Team,1:33.707,1:25.684,1:23.356
2022,9,7,Esteban Ocon,Alpine F1 Team,1:33.012,1:26.135,1:23.529
2022,9,8,George Russell,Mercedes,1:33.160,1:24.950,1:23.557
2022,9,9,Daniel Ricciardo,McLaren,1:33.636,1:26.375,1:23.749
2022,9,10,Guanyu Zhou,Alfa Romeo,1:33.692,1:26.116,1:24.030
2022,9,11,Valtteri Bottas,Alfa Romeo,1:33.689,1:26.788,
2022,9,12,Alexander Albon,Williams,1:34.047,1:26.858,
2022,9,13,Sergio Pérez,Red Bull,1:33.929,1:33.127,
2022,9,14,Lando Norris,McLaren,1:34.066,,
2022,9,15,Charles Leclerc,Ferrari,1:33.008,,
2022,9,16,Pierre Gasly,AlphaTauri,1:34.492,,
2022,9,17,Sebastian Vettel,Aston Martin,1:34.512,,
2022,9,18,Lance Stroll,Aston Martin,1:35.532,,
2022,9,19,Nicholas Latifi,Williams,1:35.660,,
2022,9,20,Yuki Tsunoda,AlphaTauri,1:36.575,,
2022,10,1,Carlos Sainz,Ferrari,1:40.190,1:41.602,1:40.983
2022,10,2,Max Verstappen,Red Bull,1:39.129,1:40.655,1:41.055
2022,10,3,Charles Leclerc,Ferrari,1:39.846,1:41.247,1:41.298
2022,10,4,Sergio Pérez,Red Bull,1:40.521,1:42.513,1:41.616
2022,10,5,Lewis Hamilton,Mercedes,1:40.428,1:41.062,1:41.995
2022,10,6,Lando Norris,McLaren,1:41.515,1:41.821,1:42.084
2022,10,7,Fernando Alonso,Alpine F1 Team,1:41.598,1:42.209,1:42.116
2022,10,8,George Russell,Mercedes,1:40.028,1:41.725,1:42.161
2022,10,9,Guanyu Zhou,Alfa Romeo,1:40.791,1:42.640,1:42.719
2022,10,10,Nicholas Latifi,Williams,1:41.998,1:43.273,2:03.095
2022,10,11,Pierre Gasly,AlphaTauri,1:41.680,1:43.702,
2022,10,12,Valtteri Bottas,Alfa Romeo,1:41.396,1:44.232,
2022,10,13,Yuki Tsunoda,AlphaTauri,1:41.893,1:44.311,
2022,10,14,Daniel Ricciardo,McLaren,1:41.933,1:44.355,
2022,10,15,Esteban Ocon,Alpine F1 Team,1:41.730,1:45.190,
2022,10,16,Alexander Albon,Williams,1:42.078,,
2022,10,17,Kevin Magnussen,Haas F1 Team,1:42.159,,
2022,10,18,Sebastian Vettel,Aston Martin,1:42.666,,
2022,10,19,Mick Schumacher,Haas F1 Team,1:42.708,,
2022,10,20,Lance Stroll,Aston Martin,1:43.430,,
2022,11,1,Max Verstappen,Red Bull,1:05.852,1:05.374,1:04.984
2022,11,2,Charles Leclerc,Ferrari,1:05.419,1:05.287,1:05.013
2022,11,3,Carlos Sainz,Ferrari,1:05.660,1:05.576,1:05.066
2022,11,4,George Russell,Mercedes,1:06.235,1:05.697,1:05.431
2022,11,5,Esteban Ocon,Alpine F1 Team,1:06.468,1:05.993,1:05.726
2022,11,6,Kevin Magnussen,Haas F1 Team,1:06.366,1:05.894,1:05.879
2022,11,7,Mick Schumacher,Haas F1 Team,1:06.405,1:06.151,1:06.011
2022,11,8,Fernando Alonso,Alpine F1 Team,1:06.016,1:06.082,1:06.103
2022,11,9,Lewis Hamilton,Mercedes,1:06.079,1:05.475,1:13.151
2022,11,10,Pierre Gasly,AlphaTauri,1:06.589,1:06.160,
2022,11,11,Alexander Albon,Williams,1:06.516,1:06.230,
2022,11,12,Valtteri Bottas,Alfa Romeo,1:06.442,1:06.319,
2022,11,13,Sergio Pérez,Red Bull,1:06.143,1:06.458,
2022,11,14,Yuki Tsunoda,AlphaTauri,1:06.463,1:06.851,
2022,11,15,Lando Norris,McLaren,1:06.330,1:25.847,
2022,11,16,Daniel Ricciardo,McLaren,1:06.613,,
2022,11,17,Lance Stroll,Aston Martin,1:06.847,,
2022,11,18,Guanyu Zhou,Alfa Romeo,1:06.901,,
2022,11,19,Nicholas Latifi,Williams,1:07.003,,
2022,11,20,Sebastian Vettel,Aston Martin,1:07.083,,
2022,12,1,Charles Leclerc,Ferrari,1:31.727,1:31.216,1:30.872
2022,12,2,Max Verstappen,Red Bull,1:31.891,1:31.990,1:31.176
2022,12,3,Sergio Pérez,Red Bull,1:32.354,1:32.120,1:31.335
2022,12,4,Lewis Hamilton,Mercedes,1:33.041,1:32.274,1:31.765
2022,12,5,Lando Norris,McLaren,1:32.672,1:32.777,1:32.032
2022,12,6,George Russell,Mercedes,1:33.109,1:32.633,1:32.131
2022,12,7,Fernando Alonso,Alpine F1 Team,1:32.819,1:32.631,1:32.552
2022,12,8,Yuki Tsunoda,AlphaTauri,1:33.394,1:32.836,1:32.780
2022,12,9,Carlos Sainz,Ferrari,1:32.297,1:31.081,
2022,12,10,Kevin Magnussen,Haas F1 Team,1:32.756,1:32.649,
2022,12,11,Daniel Ricciardo,McLaren,1:33.404,1:32.922,
2022,12,12,Esteban Ocon,Alpine F1 Team,1:33.346,1:33.048,
2022,12,13,Valtteri Bottas,Alfa Romeo,1:33.034,1:33.052,
2022,12,14,Sebastian Vettel,Aston Martin,1:33.285,1:33.276,
2022,12,15,Alexander Albon,Williams,1:33.423,1:33.307,
2022,12,16,Pierre Gasly,AlphaTauri,1:33.439,,
2022,12,17,Lance Stroll,Aston Martin,1:33.439,,
2022,12,18,Guanyu Zhou,Alfa Romeo,1:33.674,,
2022,12,19,Mick Schumacher,Haas F1 Team,1:33.701,,
2022,12,20,Nicholas Latifi,Williams,1:33.794,,
2022,13,1,George Russell,Mercedes,1:18.407,1:18.154,1:17.377
2022,13,2,Carlos Sainz,Ferrari,1:18.434,1:17.946,1:17.421
2022,13,3,Charles Leclerc,Ferrari,1:18.806,1:17.768,1:17.567
2022,13,4,Lando Norris,McLaren,1:18.653,1:18.121,1:17.769
2022,13,5,Esteban Ocon,Alpine F1 Team,1:18.866,1:18.216,1:18.018
2022,13,6,Fernando Alonso,Alpine F1 Team,1:18.716,1:17.904,1:18.078
2022,13,7,Lewis Hamilton,Mercedes,1:18.374,1:18.035,1:18.142
2022,13,8,Valtteri Bottas,Alfa Romeo,1:18.935,1:18.445,1:18.157
2022,13,9,Daniel Ricciardo,McLaren,1:18.775,1:18.198,1:18.379
2022,13,10,Max Verstappen,Red Bull,1:18.509,1:17.703,1:18.823
2022,13,11,Sergio Pérez,Red Bull,1:19.118,1:18.516,
2022,13,12,Guanyu Zhou,Alfa Romeo,1:18.973,1:18.573,
2022,13,13,Kevin Magnussen,Haas F1 Team,1:18.993,1:18.825,
2022,13,14,Lance Stroll,Aston Martin,1:19.205,1:19.137,
2022,13,15,Mick Schumacher,Haas F1 Team,1:19.164,1:19.202,
2022,13,16,Yuki Tsunoda,AlphaTauri,1:19.240,,
2022,13,17,Alexander Albon,Williams,1:19.256,,
2022,13,18,Sebastian Vettel,Aston Martin,1:19.273,,
2022,13,19,Pierre Gasly,AlphaTauri,1:19.527,,
2022,13,20,Nicholas Latifi,Williams,1:19.570,,
2022,14,1,Max Verstappen,Red Bull,1:44.581,1:44.723,1:43.665
2022,14,2,Carlos Sainz,Ferrari,1:45.050,1:45.418,1:44.297
2022,14,3,Sergio Pérez,Red Bull,1:45.377,1:44.794,1:44.462
2022,14,4,Charles Leclerc,Ferrari,1:45.572,1:44.551,1:44.553
2022,14,5,Esteban Ocon,Alpine F1 Team,1:46.039,1:45.475,1:45.180
2022,14,6,Fernando Alonso,Alpine F1 Team,1:46.075,1:45.552,1:45.368
2022,14,7,Lewis Hamilton,Mercedes,1:45.736,1:45.420,1:45.503
2022,14,8,George Russell,Mercedes,1:45.650,1:45.461,1:45.776
2022,14,9,Alexander Albon,Williams,1:45.672,1:45.675,1:45.837
2022,14,10,Lando Norris,McLaren,1:45.745,1:45.603,1:46.178
2022,14,11,Daniel Ricciardo,McLaren,1:46.212,1:45.767,
2022,14,12,Pierre Gasly,AlphaTauri,1:46.183,1:45.827,
2022,14,13,Guanyu Zhou,Alfa Romeo,1:46.178,1:46.085,
2022,14,14,Lance Stroll,Aston Martin,1:46.256,1:46.611,
2022,14,15,Mick Schumacher,Haas F1 Team,1:46.342,1:47.718,
2022,14,16,Sebastian Vettel,Aston Martin,1:46.344,,
2022,14,17,Nicholas Latifi,Williams,1:46.401,,
2022,14,18,Kevin Magnussen,Haas F1 Team,1:46.557,,
2022,14,19,Yuki Tsunoda,AlphaTauri,1:46.692,,
2022,14,20,Valtteri Bottas,Alfa Romeo,1:47.866,,
2022,15,1,Max Verstappen,Red Bull,1:11.317,1:10.927,1:10.342
2022,15,2,Charles Leclerc,Ferrari,1:11.443,1:10.988,1:10.363
2022,15,3,Carlos Sainz,Ferrari,1:11.767,1:10.814,1:10.434
2022,15,4,Lewis Hamilton,Mercedes,1:11.331,1:11.075,1:10.648
2022,15,5,Sergio Pérez,Red Bull,1:11.641,1:11.314,1:11.077
2022,15,6,George Russell,Mercedes,1:11.561,1:10.824,1:11.147
2022,15,7,Lando Norris,McLaren,1:11.556,1:11.116,1:11.174
2022,15,8,Mick Schumacher,Haas F1 Team,1:11.741,1:11.420,1:11.442
2022,15,9,Yuki Tsunoda,AlphaTauri,1:11.427,1:11.428,1:12.556
2022,15,10,Lance Stroll,Aston Martin,1:11.568,1:11.416,
2022,15,11,Pierre Gasly,AlphaTauri,1:11.705,1:11.512,
2022,15,12,Esteban Ocon,Alpine F1 Team,1:11.748,1:11.605,
2022,15,13,Fernando Alonso,Alpine F1 Team,1:11.667,1:11.613,
2022,15,14,Guanyu Zhou,Alfa Romeo,1:11.826,1:11.704,
2022,15,15,Alexander Albon,Williams,1:11.695,1:11.802,
2022,15,16,Valtteri Bottas,Alfa Romeo,1:11.961,,
2022,15,17,Daniel Ricciardo,McLaren,1:12.081,,
2022,15,18,Kevin Magnussen,Haas F1 Team,1:12.319,,
2022,15,19,Sebastian Vettel,Aston Martin,1:12.391,,
2022,15,20,Nicholas Latifi,Williams,1:13.353,,
2022,16,1,Charles Leclerc,Ferrari,1:21.280,1:21.208,1:20.161
2022,16,2,Max Verstappen,Red Bull,1:20.922,1:21.265,1:20.306
2022,16,3,Carlos Sainz,Ferrari,1:21.348,1:20.878,1:20.429
2022,16,4,Sergio Pérez,Red Bull,1:21.495,1:21.358,1:21.206
2022,16,5,Lewis Hamilton,Mercedes,1:22.048,1:21.708,1:21.524
2022,16,6,George Russell,Mercedes,1:21.785,1:21.747,1:21.542
2022,16,7,Lando Norris,McLaren,1:22.130,1:21.831,1:21.584
2022,16,8,Daniel Ricciardo,McLaren,1:22.139,1:21.855,1:21.925
2022,16,9,Pierre Gasly,AlphaTauri,1:22.010,1:22.062,1:22.648
2022,16,10,Fernando Alonso,Alpine F1 Team,1:22.089,1:21.861,
2022,16,11,Esteban Ocon,Alpine F1 Team,1:22.166,1:22.130,
2022,16,12,Valtteri Bottas,Alfa Romeo,1:22.254,1:22.235,
2022,16,13,Nyck de Vries,Williams,1:22.567,1:22.471,
2022,16,14,Guanyu Zhou,Alfa Romeo,1:22.003,1:22.577,
2022,16,15,Yuki Tsunoda,AlphaTauri,1:22.020,,
2022,16,16,Nicholas Latifi,Williams,1:22.587,,
2022,16,17,Sebastian Vettel,Aston Martin,1:22.636,,
2022,16,18,Lance Stroll,Aston Martin,1:22.748,,
2022,16,19,Kevin Magnussen,Haas F1 Team,1:22.908,,
2022,16,20,Mick Schumacher,Haas F1 Team,1:23.005,,
2022,17,1,Charles Leclerc,Ferrari,1:54.129,1:52.343,1:49.412
2022,17,2,Sergio Pérez,Red Bull,1:54.404,1:52.818,1:49.434
2022,17,3,Lewis Hamilton,Mercedes,1:53.161,1:52.691,1:49.466
2022,17,4,Carlos Sainz,Ferrari,1:54.559,1:53.219,1:49.583
2022,17,5,Fernando Alonso,Alpine F1 Team,1:55.360,1:53.127,1:49.966
2022,17,6,Lando Norris,McLaren,1:55.914,1:53.942,1:50.584
2022,17,7,Pierre Gasly,AlphaTauri,1:55.606,1:53.546,1:51.211
2022,17,8,Max Verstappen,Red Bull,1:53.057,1:52.723,1:51.395
2022,17,9,Kevin Magnussen,Haas F1 Team,1:55.103,1:54.006,1:51.573
2022,17,10,Yuki Tsunoda,AlphaTauri,1:55.314,1:53.848,1:51.983
2022,17,11,George Russell,Mercedes,1:54.633,1:54.012,
2022,17,12,Lance Stroll,Aston Martin,1:55.629,1:54.211,
2022,17,13,Mick Schumacher,Haas F1 Team,1:55.736,1:54.370,
2022,17,14,Sebastian Vettel,Aston Martin,1:55.602,1:54.380,
2022,17,15,Guanyu Zhou,Alfa Romeo,1:55.375,1:55.518,
2022,17,16,Valtteri Bottas,Alfa Romeo,1:56.083,,
2022,17,17,Daniel Ricciardo,McLaren,1:56.226,,
2022,17,18,Esteban Ocon,Alpine F1 Team,1:56.337,,
2022,17,19,Alexander Albon,Williams,1:56.985,,
2022,17,20,Nicholas Latifi,Williams,1:57.532,,
2022,18,1,Max Verstappen,Red Bull,1:30.224,1:30.346,1:29.304
2022,18,2,Charles Leclerc,Ferrari,1:30.402,1:30.486,1:29.314
2022,18,3,Carlos Sainz,Ferrari,1:30.336,1:30.444,1:29.361
2022,18,4,Sergio Pérez,Red Bull,1:30.622,1:29.925,1:29.709
2022,18,5,Esteban Ocon,Alpine F1 Team,1:30.696,1:30.357,1:30.165
2022,18,6,Lewis Hamilton,Mercedes,1:30.906,1:30.443,1:30.261
2022,18,7,Fernando Alonso,Alpine F1 Team,1:30.603,1:30.343,1:30.322
2022,18,8,George Russell,Mercedes,1:30.865,1:30.465,1:30.389
2022,18,9,Sebastian Vettel,Aston Martin,1:31.256,1:30.656,1:30.554
2022,18,10,Lando Norris,McLaren,1:30.881,1:30.473,1:31.003
2022,18,11,Daniel Ricciardo,McLaren,1:30.880,1:30.659,
2022,18,12,Valtteri Bottas,Alfa Romeo,1:31.226,1:30.709,
2022,18,13,Yuki Tsunoda,AlphaTauri,1:31.130,1:30.808,
2022,18,14,Guanyu Zhou,Alfa Romeo,1:30.894,1:30.953,
2022,18,15,Mick Schumacher,Haas F1 Team,1:31.152,1:31.439,
2022,18,16,Alexander Albon,Williams,1:31.311,,
2022,18,17,Pierre Gasly,AlphaTauri,1:31.322,,
2022,18,18,Kevin Magnussen,Haas F1 Team,1:31.352,,
2022,18,19,Lance Stroll,Aston Martin,1:31.419,,
2022,18,20,Nicholas Latifi,Williams,1:31.511,,
2022,19,1,Carlos Sainz,Ferrari,1:35.297,1:35.590,1:34.356
2022,19,2,Charles Leclerc,Ferrari,1:35.795,1:35.246,1:34.421
2022,19,3,Max Verstappen,Red Bull,1:35.864,1:35.294,1:34.448
2022,19,4,Sergio Pérez,Red Bull,1:36.163,1:35.864,1:34.645
2022,19,5,Lewis Hamilton,Mercedes,1:36.148,1:35.732,1:34.947
2022,19,6,George Russell,Mercedes,1:36.195,1:35.692,1:34.988
2022,19,7,Lance Stroll,Aston Martin,1:36.860,1:36.032,1:35.598
2022,19,8,Lando Norris,McLaren,1:36.465,1:36.341,1:35.690
2022,19,9,Fernando Alonso,Alpine F1 Team,1:36.446,1:35.988,1:35.876
2022,19,10,Valtteri Bottas,Alfa Romeo,1:36.746,1:36.321,1:36.319
2022,19,11,Alexander Albon,Williams,1:36.932,1:36.368,
2022,19,12,Sebastian Vettel,Aston Martin,1:36.695,1:36.398,
2022,19,13,Pierre Gasly,AlphaTauri,1:36.577,1:36.740,
2022,19,14,Guanyu Zhou,Alfa Romeo,1:36.656,1:36.970,
2022,19,15,Yuki Tsunoda,AlphaTauri,1:36.808,1:37.147,
2022,19,16,Kevin Magnussen,Haas F1 Team,1:36.949,,
2022,19,17,Daniel Ricciardo,McLaren,1:37.046,,
2022,19,18,Esteban Ocon,Alpine F1 Team,1:37.068,,
2022,19,19,Mick Schumacher,Haas F1 Team,1:37.111,,
2022,19,20,Nicholas Latifi,Williams,1:37.244,,
2022,20,1,Max Verstappen,Red Bull,1:19.222,1:18.566,1:17.775
2022,20,2,George Russell,Mercedes,1:19.583,1:18.565,1:18.079
2022,20,3,Lewis Hamilton,Mercedes,1:19.169,1:18.552,1:18.084
2022,20,4,Sergio Pérez,Red Bull,1:19.706,1:18.615,1:18.128
2022,20,5,Carlos Sainz,Ferrari,1:19.566,1:18.560,1:18.351
2022,20,6,Valtteri Bottas,Alfa Romeo,1:19.523,1:18.762,1:18.401
2022,20,7,Charles Leclerc,Ferrari,1:19.505,1:19.109,1:18.555
2022,20,8,Lando Norris,McLaren,1:19.857,1:19.119,1:18.721
2022,20,9,Fernando Alonso,Alpine F1 Team,1:20.006,1:19.272,1:18.939
2022,20,10,Esteban Ocon,Alpine F1 Team,1:19.945,1:19.081,1:19.010
2022,20,11,Daniel Ricciardo,McLaren,1:20.279,1:19.325,
2022,20,12,Guanyu Zhou,Alfa Romeo,1:20.283,1:19.476,
2022,20,13,Yuki Tsunoda,AlphaTauri,1:19.907,1:19.589,
2022,20,14,Pierre Gasly,AlphaTauri,1:20.256,1:19.672,
2022,20,15,Kevin Magnussen,Haas F1 Team,1:20.293,1:19.833,
2022,20,16,Mick Schumacher,Haas F1 Team,1:20.419,,
2022,20,17,Sebastian Vettel,Aston Martin,1:20.419,,
2022,20,18,Lance Stroll,Aston Martin,1:20.520,,
2022,20,19,Alexander Albon,Williams,1:20.859,,
2022,20,20,Nicholas Latifi,Williams,1:21.167,,
2022,21,1,Kevin Magnussen,Haas F1 Team,1:13.954,1:11.410,1:11.674
2022,21,2,Max Verstappen,Red Bull,1:13.625,1:10.881,1:11.877
2022,21,3,George Russell,Mercedes,1:14.427,1:11.318,1:12.059
2022,21,4,Lando Norris,McLaren,1:13.106,1:11.377,1:12.263
2022,21,5,Carlos Sainz,Ferrari,1:14.680,1:10.890,1:12.357
2022,21,6,Esteban Ocon,Alpine F1 Team,1:14.663,1:11.587,1:12.425
2022,21,7,Fernando Alonso,Alpine F1 Team,1:13.542,1:11.394,1:12.504
2022,21,8,Lewis Hamilton,Mercedes,1:13.403,1:11.539,1:12.611
2022,21,9,Sergio Pérez,Red Bull,1:13.613,1:11.456,1:15.601
2022,21,10,Charles Leclerc,Ferrari,1:14.486,1:10.950,
2022,21,11,Alexander Albon,Williams,1:14.324,1:11.631,
2022,21,12,Pierre Gasly,AlphaTauri,1:14.371,1:11.675,
2022,21,13,Sebastian Vettel,Aston Martin,1:13.597,1:11.678,
2022,21,14,Daniel Ricciardo,McLaren,1:14.931,1:12.140,
2022,21,15,Lance Stroll,Aston Martin,1:14.398,1:12.210,
2022,21,16,Nicholas Latifi,Williams,1:15.095,,
2022,21,17,Guanyu Zhou,Alfa Romeo,1:15.197,,
2022,21,18,Valtteri Bottas,Alfa Romeo,1:15.486,,
2022,21,19,Yuki Tsunoda,AlphaTauri,1:16.264,,
2022,21,20,Mick Schumacher,Haas F1 Team,1:16.361,,
2022,22,1,Max Verstappen,Red Bull,1:24.754,1:24.622,1:23.824
2022,22,2,Sergio Pérez,Red Bull,1:24.820,1:24.419,1:24.052
2022,22,3,Charles Leclerc,Ferrari,1:25.211,1:24.517,1:24.092
2022,22,4,Carlos Sainz,Ferrari,1:25.090,1:24.521,1:24.242
2022,22,5,Lewis Hamilton,Mercedes,1:25.594,1:24.774,1:24.508
2022,22,6,George Russell,Mercedes,1:25.545,1:24.940,1:24.511
2022,22,7,Lando Norris,McLaren,1:25.387,1:24.903,1:24.769
2022,22,8,Esteban Ocon,Alpine F1 Team,1:25.735,1:25.007,1:24.830
2022,22,9,Sebastian Vettel,Aston Martin,1:25.523,1:24.974,1:24.961
2022,22,10,Daniel Ricciardo,McLaren,1:25.766,1:25.068,1:25.045
2022,22,11,Fernando Alonso,Alpine F1 Team,1:25.782,1:25.096,
2022,22,12,Yuki Tsunoda,AlphaTauri,1:25.630,1:25.219,
2022,22,13,Mick Schumacher,Haas F1 Team,1:25.711,1:25.225,
2022,22,14,Lance Stroll,Aston Martin,1:25.741,1:25.359,
2022,22,15,Guanyu Zhou,Alfa Romeo,1:25.594,1:25.408,
2022,22,16,Kevin Magnussen,Haas F1 Team,1:25.834,,
2022,22,17,Pierre Gasly,AlphaTauri,1:25.859,,
2022,22,18,Valtteri Bottas,Alfa Romeo,1:25.892,,
2022,22,19,Alexander Albon,Williams,1:26.028,,
2022,22,20,Nicholas Latifi,Williams,1:26.054,,
2023,1,1,Max Verstappen,Red Bull,1:31.295,1:30.503,1:29.708
2023,1,2,Sergio Pérez,Red Bull,1:31.479,1:30.746,1:29.846
2023,1,3,Charles Leclerc,Ferrari,1:31.094,1:30.282,1:30.000
2023,1,4,Carlos Sainz,Ferrari,1:30.993,1:30.515,1:30.154
2023,1,5,Fernando Alonso,Aston Martin,1:31.158,1:30.645,1:30.336
2023,1,6,George Russell,Mercedes,1:31.057,1:30.507,1:30.340
2023,1,7,Lewis Hamilton,Mercedes,1:31.543,1:30.513,1:30.384
2023,1,8,Lance Stroll,Aston Martin,1:31.184,1:31.127,1:30.836
2023,1,9,Esteban Ocon,Alpine F1 Team,1:31.508,1:30.914,1:30.984
2023,1,10,Nico Hülkenberg,Haas F1 Team,1:31.204,1:30.809,
2023,1,11,Lando Norris,McLaren,1:31.652,1:31.381,
2023,1,12,Valtteri Bottas,Alfa Romeo,1:31.504,1:31.443,
2023,1,13,Guanyu Zhou,Alfa Romeo,1:31.615,1:31.473,
2023,1,14,Yuki Tsunoda,AlphaTauri,1:31.400,1:32.510,
2023,1,15,Alexander Albon,Williams,1:31.461,,
2023,1,16,Logan Sargeant,Williams,1:31.652,,
2023,1,17,Kevin Magnussen,Haas F1 Team,1:31.892,,
2023,1,18,Oscar Piastri,McLaren,1:32.101,,
2023,1,19,Nyck de Vries,AlphaTauri,1:32.121,,
2023,1,20,Pierre Gasly,Alpine F1 Team,1:32.181,,
2023,2,1,Sergio Pérez,Red Bull,1:29.244,1:28.635,1:28.265
2023,2,2,Charles Leclerc,Ferrari,1:29.376,1:28.903,1:28.420
2023,2,3,Fernando Alonso,Aston Martin,1:29.298,1:28.757,1:28.730
2023,2,4,George Russell,Mercedes,1:29.592,1:29.132,1:28.857
2023,2,5,Carlos Sainz,Ferrari,1:29.411,1:28.957,1:28.931
2023,2,6,Lance Stroll,Aston Martin,1:29.335,1:28.962,1:28.945
2023,2,7,Esteban Ocon,Alpine F1 Team,1:29.707,1:29.255,1:29.078
2023,2,8,Lewis Hamilton,Mercedes,1:29.689,1:29.374,1:29.223
2023,2,9,Oscar Piastri,McLaren,1:29.706,1:29.378,1:29.243
2023,2,10,Pierre Gasly,Alpine F1 Team,1:29.890,1:29.411,1:29.357
2023,2,11,Nico Hülkenberg,Haas F1 Team,1:29.547,1:29.451,
2023,2,12,Guanyu Zhou,Alfa Romeo,1:29.654,1:29.461,
2023,2,13,Kevin Magnussen,Haas F1 Team,1:29.744,1:29.634,
2023,2,14,Valtteri Bottas,Alfa Romeo,1:29.929,1:29.668,
2023,2,15,Max Verstappen,Red Bull,1:28.761,1:49.953,
2023,2,16,Yuki Tsunoda,AlphaTauri,1:29.939,,
2023,2,17,Alexander Albon,Williams,1:29.994,,
2023,2,18,Nyck de Vries,AlphaTauri,1:30.244,,
2023,2,19,Lando Norris,McLaren,1:30.447,,
2023,2,20,Logan Sargeant,Williams,2:08.510,,
2023,3,1,Max Verstappen,Red Bull,1:17.384,1:17.056,1:16.732
2023,3,2,George Russell,Mercedes,1:17.654,1:17.513,1:16.968
2023,3,3,Lewis Hamilton,Mercedes,1:17.689,1:17.551,1:17.104
2023,3,4,Fernando Alonso,Aston Martin,1:17.832,1:17.283,1:17.139
2023,3,5,Carlos Sainz,Ferrari,1:17.928,1:17.349,1:17.270
2023,3,6,Lance Stroll,Aston Martin,1:17.873,1:17.616,1:17.308
2023,3,7,Charles Leclerc,Ferrari,1:18.218,1:17.390,1:17.369
2023,3,8,Alexander Albon,Williams,1:17.962,1:17.761,1:17.609
2023,3,9,Pierre Gasly,Alpine F1 Team,1:18.312,1:17.574,1:17.675
2023,3,10,Nico Hülkenberg,Haas F1 Team,1:18.029,1:17.412,1:17.735
2023,3,11,Esteban Ocon,Alpine F1 Team,1:17.770,1:17.768,
2023,3,12,Yuki Tsunoda,AlphaTauri,1:18.471,1:18.099,
2023,3,13,Lando Norris,McLaren,1:18.243,1:18.119,
2023,3,14,Kevin Magnussen,Haas F1 Team,1:18.159,1:18.129,
2023,3,15,Nyck de Vries,AlphaTauri,1:18.450,1:18.335,
2023,3,16,Oscar Piastri,McLaren,1:18.517,,
2023,3,17,Guanyu Zhou,Alfa Romeo,1:18.540,,
2023,3,18,Logan Sargeant,Williams,1:18.557,,
2023,3,19,Valtteri Bottas,Alfa Romeo,1:18.714,,
2023,3,20,Sergio Pérez,Red Bull,,,
2023,4,1,Charles Leclerc,Ferrari,1:41.269,1:41.037,1:40.203
2023,4,2,Max Verstappen,Red Bull,1:41.398,1:40.822,1:40.391
2023,4,3,Sergio Pérez,Red Bull,1:41.756,1:41.131,1:40.495
2023,4,4,Carlos Sainz,Ferrari,1:42.197,1:41.369,1:41.016
2023,4,5,Lewis Hamilton,Mercedes,1:42.113,1:41.650,1:41.177
2023,4,6,Fernando Alonso,Aston Martin,1:41.720,1:41.370,1:41.253
2023,4,7,Lando Norris,McLaren,1:42.154,1:41.485,1:41.281
2023,4,8,Yuki Tsunoda,AlphaTauri,1:42.234,1:41.569,1:41.581
2023,4,9,Lance Stroll,Aston Martin,1:42.524,1:41.576,1:41.611
2023,4,10,Oscar Piastri,McLaren,1:42.455,1:41.636,1:41.611
2023,4,11,George Russell,Mercedes,1:42.073,1:41.654,
2023,4,12,Esteban Ocon,Alpine F1 Team,1:42.622,1:41.798,
2023,4,13,Alexander Albon,Williams,1:42.171,1:41.818,
2023,4,14,Valtteri Bottas,Alfa Romeo,1:42.582,1:42.259,
2023,4,15,Logan Sargeant,Williams,1:42.242,1:42.395,
2023,4,16,Guanyu Zhou,Alfa Romeo,1:42.642,,
2023,4,17,Nico Hülkenberg,Haas F1 Team,1:42.755,,
2023,4,18,Kevin Magnussen,Haas F1 Team,1:43.417,,
2023,4,19,Pierre Gasly,Alpine F1 Team,1:44.853,,
2023,4,20,Nyck de Vries,AlphaTauri,1:55.282,,
2023,5,1,Sergio Pérez,Red Bull,1:27.713,1:27.328,1:26.841
2023,5,2,Fernando Alonso,Aston Martin,1:28.179,1:27.097,1:27.202
2023,5,3,Carlos Sainz,Ferrari,1:27.686,1:27.148,1:27.349
2023,5,4,Kevin Magnussen,Haas F1 Team,1:27.809,1:27.673,1:27.767
2023,5,5,Pierre Gasly,Alpine F1 Team,1:28.061,1:27.612,1:27.786
2023,5,6,George Russell,Mercedes,1:28.086,1:27.743,1:27.804
2023,5,7,Charles Leclerc,Ferrari,1:27.713,1:26.964,1:27.861
2023,5,8,Esteban Ocon,Alpine F1 Team,1:27.872,1:27.444,1:27.935
2023,5,9,Max Verstappen,Red Bull,1:27.363,1:26.814,
2023,5,10,Valtteri Bottas,Alfa Romeo,1:27.864,1:27.564,
2023,5,11,Alexander Albon,Williams,1:28.234,1:27.795,
2023,5,12,Nico Hülkenberg,Haas F1 Team,1:27.945,1:27.903,
2023,5,13,Lewis Hamilton,Mercedes,1:27.846,1:27.975,
2023,5,14,Guanyu Zhou,Alfa Romeo,1:28.180,1:28.091,
2023,5,15,Nyck de Vries,AlphaTauri,1:28.325,1:28.395,
2023,5,16,Lando Norris,McLaren,1:28.394,,
2023,5,17,Yuki Tsunoda,AlphaTauri,1:28.429,,
2023,5,18,Lance Stroll,Aston Martin,1:28.476,,
2023,5,19,Oscar Piastri,McLaren,1:28.484,,
2023,5,20,Logan Sargeant,Williams,1:28.577,,
2023,6,1,Max Verstappen,Red Bull,1:12.386,1:11.908,1:11.365
2023,6,2,Fernando Alonso,Aston Martin,1:12.886,1:12.107,1:11.449
2023,6,3,Charles Leclerc,Ferrari,1:12.912,1:12.103,1:11.471
2023,6,4,Esteban Ocon,Alpine F1 Team,1:12.967,1:12.248,1:11.553
2023,6,5,Carlos Sainz,Ferrari,1:12.717,1:12.210,1:11.630
2023,6,6,Lewis Hamilton,Mercedes,1:12.872,1:12.156,1:11.725
2023,6,7,Pierre Gasly,Alpine F1 Team,1:13.033,1:12.169,1:11.933
2023,6,8,George Russell,Mercedes,1:12.769,1:12.151,1:11.964
2023,6,9,Yuki Tsunoda,AlphaTauri,1:12.642,1:12.249,1:12.082
2023,6,10,Lando Norris,McLaren,1:12.877,1:12.377,1:12.254
2023,6,11,Oscar Piastri,McLaren,1:13.006,1:12.395,
2023,6,12,Nyck de Vries,AlphaTauri,1:13.054,1:12.428,
2023,6,13,Alexander Albon,Williams,1:12.706,1:12.527,
2023,6,14,Lance Stroll,Aston Martin,1:12.722,1:12.623,
2023,6,15,Valtteri Bottas,Alfa Romeo,1:13.038,1:12.625,
2023,6,16,Logan Sargeant,Williams,1:13.113,,
2023,6,17,Kevin Magnussen,Haas F1 Team,1:13.270,,
2023,6,18,Nico Hülkenberg,Haas F1 Team,1:13.279,,
2023,6,19,Guanyu Zhou,Alfa Romeo,1:13.523,,
2023,6,20,Sergio Pérez,Red Bull,1:13.850,,
2023,7,1,Max Verstappen,Red Bull,1:13.615,1:12.760,1:12.272
2023,7,2,Carlos Sainz,Ferrari,1:13.411,1:12.790,1:12.734
2023,7,3,Lando Norris,McLaren,1:13.295,1:12.776,1:12.792
2023,7,4,Pierre Gasly,Alpine F1 Team,1:13.471,1:13.186,1:12.816
2023,7,5,Lewis Hamilton,Mercedes,1:12.937,1:12.999,1:12.818
2023,7,6,Lance Stroll,Aston Martin,1:13.766,1:13.082,1:12.994
2023,7,7,Esteban Ocon,Alpine F1 Team,1:13.433,1:13.001,1:13.083
2023,7,8,Nico Hülkenberg,Haas F1 Team,1:13.420,1:13.283,1:13.229
2023,7,9,Fernando Alonso,Aston Martin,1:13.747,1:13.098,1:13.507
2023,7,10,Oscar Piastri,McLaren,1:13.691,1:13.059,1:13.682
2023,7,11,Sergio Pérez,Red Bull,1:13.874,1:13.334,
2023,7,12,George Russell,Mercedes,1:13.326,1:13.447,
2023,7,13,Guanyu Zhou,Alfa Romeo,1:13.677,1:13.521,
2023,7,14,Nyck de Vries,AlphaTauri,1:13.581,1:14.083,
2023,7,15,Yuki Tsunoda,AlphaTauri,1:13.862,1:14.477,
2023,7,16,Valtteri Bottas,Alfa Romeo,1:13.977,,
2023,7,17,Kevin Magnussen,Haas F1 Team,1:14.042,,
2023,7,18,Alexander Albon,Williams,1:14.063,,
2023,7,19,Charles Leclerc,Ferrari,1:14.079,,
2023,7,20,Logan Sargeant,Williams,1:14.699,,
2023,8,1,Max Verstappen,Red Bull,1:20.851,1:19.092,1:25.858
2023,8,2,Nico Hülkenberg,Haas F1 Team,1:22.730,1:20.305,1:27.102
2023,8,3,Fernando Alonso,Aston Martin,1:21.481,1:19.776,1:27.286
2023,8,4,Lewis Hamilton,Mercedes,1:21.554,1:20.426,1:27.627
2023,8,5,George Russell,Mercedes,1:21.798,1:20.098,1:27.893
2023,8,6,Esteban Ocon,Alpine F1 Team,1:22.114,1:20.406,1:27.945
2023,8,7,Lando Norris,McLaren,1:21.998,1:19.347,1:28.046
2023,8,8,Carlos Sainz,Ferrari,1:22.248,1:19.856,1:29.294
2023,8,9,Oscar Piastri,McLaren,1:22.190,1:19.659,1:31.349
2023,8,10,Alexander Albon,Williams,1:21.938,1:18.725,
2023,8,11,Charles Leclerc,Ferrari,1:21.843,1:20.615,
2023,8,12,Sergio Pérez,Red Bull,1:22.151,1:20.959,
2023,8,13,Lance Stroll,Aston Martin,1:22.677,1:21.484,
2023,8,14,Kevin Magnussen,Haas F1 Team,1:22.351,1:21.678,
2023,8,15,Valtteri Bottas,Alfa Romeo,1:22.332,1:21.821,
2023,8,16,Yuki Tsunoda,AlphaTauri,1:22.746,,
2023,8,17,Pierre Gasly,Alpine F1 Team,1:22.886,,
2023,8,18,Nyck de Vries,AlphaTauri,1:23.137,,
2023,8,19,Logan Sargeant,Williams,1:23.337,,
2023,8,20,Guanyu Zhou,Alfa Romeo,1:23.342,,
2023,9,1,Max Verstappen,Red Bull,1:05.116,1:04.951,1:04.391
2023,9,2,Charles Leclerc,Ferrari,1:05.577,1:05.087,1:04.439
2023,9,3,Carlos Sainz,Ferrari,1:05.339,1:04.975,1:04.581
2023,9,4,Lando Norris,McLaren,1:05.617,1:05.038,1:04.658
2023,9,5,Lewis Hamilton,Mercedes,1:05.673,1:05.188,1:04.819
2023,9,6,Lance Stroll,Aston Martin,1:05.710,1:05.121,1:04.893
2023,9,7,Fernando Alonso,Aston Martin,1:05.655,1:05.181,1:04.911
2023,9,8,Nico Hülkenberg,Haas F1 Team,1:05.740,1:05.362,1:05.090
2023,9,9,Pierre Gasly,Alpine F1 Team,1:05.515,1:05.308,1:05.170
2023,9,10,Alexander Albon,Williams,1:05.673,1:05.387,1:05.823
2023,9,11,George Russell,Mercedes,1:05.686,1:05.428,
2023,9,12,Esteban Ocon,Alpine F1 Team,1:05.729,1:05.453,
2023,9,13,Oscar Piastri,McLaren,1:05.683,1:05.605,
2023,9,14,Valtteri Bottas,Alfa Romeo,1:05.763,1:05.680,
2023,9,15,Sergio Pérez,Red Bull,1:05.177,2:06.688,
2023,9,16,Yuki Tsunoda,AlphaTauri,1:05.784,,
2023,9,17,Guanyu Zhou,Alfa Romeo,1:05.818,,
2023,9,18,Logan Sargeant,Williams,1:05.948,,
2023,9,19,Kevin Magnussen,Haas F1 Team,1:05.971,,
2023,9,20,Nyck de Vries,AlphaTauri,1:05.974,,
2023,10,1,Max Verstappen,Red Bull,1:29.428,1:27.702,1:26.720
2023,10,2,Lando Norris,McLaren,1:28.917,1:28.042,1:26.961
2023,10,3,Oscar Piastri,McLaren,1:29.874,1:27.845,1:27.092
2023,10,4,Charles Leclerc,Ferrari,1:29.143,1:28.361,1:27.136
2023,10,5,Carlos Sainz,Ferrari,1:29.865,1:28.265,1:27.148
2023,10,6,George Russell,Mercedes,1:29.412,1:28.782,1:27.155
2023,10,7,Lewis Hamilton,Mercedes,1:29.415,1:28.545,1:27.211
2023,10,8,Alexander Albon,Williams,1:29.466,1:28.067,1:27.530
2023,10,9,Fernando Alonso,Aston Martin,1:29.949,1:28.368,1:27.659
2023,10,10,Pierre Gasly,Alpine F1 Team,1:29.533,1:28.751,1:27.689
2023,10,11,Nico Hülkenberg,Haas F1 Team,1:29.603,1:28.896,
2023,10,12,Lance Stroll,Aston Martin,1:29.448,1:28.935,
2023,10,13,Esteban Ocon,Alpine F1 Team,1:29.700,1:28.956,
2023,10,14,Logan Sargeant,Williams,1:29.873,1:29.031,
2023,10,15,Sergio Pérez,Red Bull,1:29.968,,
2023,10,15,Valtteri Bottas,Alfa Romeo,1:29.798,,
2023,10,16,Yuki Tsunoda,AlphaTauri,1:30.025,,
2023,10,17,Guanyu Zhou,Alfa Romeo,1:30.123,,
2023,10,18,Nyck de Vries,AlphaTauri,1:30.513,,
2023,10,19,Kevin Magnussen,Haas F1 Team,1:32.378,,
2023,11,1,Lewis Hamilton,Mercedes,1:18.577,1:17.427,1:16.609
2023,11,2,Max Verstappen,Red Bull,1:18.318,1:17.547,1:16.612
2023,11,3,Lando Norris,McLaren,1:18.697,1:17.328,1:16.694
2023,11,4,Oscar Piastri,McLaren,1:18.464,1:17.571,1:16.905
2023,11,5,Guanyu Zhou,Alfa Romeo,1:18.143,1:17.700,1:16.971
2023,11,6,Charles Leclerc,Ferrari,1:18.440,1:17.580,1:16.992
2023,11,7,Valtteri Bottas,Alfa Romeo,1:18.775,1:17.563,1:17.034
2023,11,8,Fernando Alonso,Aston Martin,1:18.580,1:17.701,1:17.035
2023,11,9,Sergio Pérez,Red Bull,1:18.360,1:17.675,1:17.045
2023,11,10,Nico Hülkenberg,Haas F1 Team,1:18.695,1:17.652,1:17.186
2023,11,11,Carlos Sainz,Ferrari,1:18.393,1:17.703,
2023,11,12,Esteban Ocon,Alpine F1 Team,1:18.854,1:17.841,
2023,11,13,Daniel Ricciardo,AlphaTauri,1:18.906,1:18.002,
2023,11,14,Lance Stroll,Aston Martin,1:18.782,1:18.144,
2023,11,15,Pierre Gasly,Alpine F1 Team,1:18.743,1:18.217,
2023,11,16,Alexander Albon,Williams,1:18.917,,
2023,11,17,Yuki Tsunoda,AlphaTauri,1:18.919,,
2023,11,18,George Russell,Mercedes,1:19.027,,
2023,11,19,Kevin Magnussen,Haas F1 Team,1:19.206,,
2023,11,20,Logan Sargeant,Williams,1:19.248,,
2023,12,1,Max Verstappen,Red Bull,1:58.515,1:52.784,1:46.168
2023,12,2,Charles Leclerc,Ferrari,1:58.300,1:52.017,1:46.988
2023,12,3,Sergio Pérez,Red Bull,1:58.899,1:52.353,1:47.045
2023,12,4,Lewis Hamilton,Mercedes,1:58.563,1:52.345,1:47.087
2023,12,5,Carlos Sainz,Ferrari,1:58.688,1:51.711,1:47.152
2023,12,6,Oscar Piastri,McLaren,1:58.872,1:51.534,1:47.365
2023,12,7,Lando Norris,McLaren,1:59.981,1:52.252,1:47.669
2023,12,8,George Russell,Mercedes,1:59.035,1:52.605,1:47.805
2023,12,9,Fernando Alonso,Aston Martin,1:58.834,1:52.751,1:47.843
2023,12,10,Lance Stroll,Aston Martin,1:59.663,1:52.193,1:48.841
2023,12,11,Yuki Tsunoda,AlphaTauri,1:59.044,1:53.148,
2023,12,12,Pierre Gasly,Alpine F1 Team,1:59.511,1:53.671,
2023,12,13,Kevin Magnussen,Haas F1 Team,2:00.020,1:54.160,
2023,12,14,Valtteri Bottas,Alfa Romeo,1:59.484,1:54.694,
2023,12,15,Esteban Ocon,Alpine F1 Team,1:59.634,1:56.372,
2023,12,16,Alexander Albon,Williams,2:00.314,,
2023,12,17,Guanyu Zhou,Alfa Romeo,2:00.832,,
2023,12,18,Logan Sargeant,Williams,2:01.535,,
2023,12,19,Daniel Ricciardo,AlphaTauri,2:02.159,,
2023,12,20,Nico Hülkenberg,Haas F1 Team,2:03.166,,
2023,13,1,Max Verstappen,Red Bull,1:20.965,1:18.856,1:10.567
2023,13,2,Lando Norris,McLaren,1:21.276,1:19.769,1:11.104
2023,13,3,George Russell,Mercedes,1:21.345,1:19.620,1:11.294
2023,13,4,Alexander Albon,Williams,1:20.939,1:19.399,1:11.419
2023,13,5,Fernando Alonso,Aston Martin,1:21.840,1:19.429,1:11.506
2023,13,6,Carlos Sainz,Ferrari,1:21.321,1:19.929,1:11.754
2023,13,7,Sergio Pérez,Red Bull,1:21.972,1:19.856,1:11.880
2023,13,8,Oscar Piastri,McLaren,1:21.231,1:19.392,1:11.938
2023,13,9,Charles Leclerc,Ferrari,1:22.019,1:19.600,1:12.665
2023,13,10,Logan Sargeant,Williams,1:22.036,1:20.067,1:16.748
2023,13,11,Lance Stroll,Aston Martin,1:21.570,1:20.121,
2023,13,12,Pierre Gasly,Alpine F1 Team,1:21.735,1:20.128,
2023,13,13,Lewis Hamilton,Mercedes,1:21.919,1:20.151,
2023,13,14,Yuki Tsunoda,AlphaTauri,1:21.781,1:20.230,
2023,13,15,Nico Hülkenberg,Haas F1 Team,1:21.891,1:20.250,
2023,13,16,Guanyu Zhou,Alfa Romeo,1:22.067,,
2023,13,17,Esteban Ocon,Alpine F1 Team,1:22.110,,
2023,13,18,Kevin Magnussen,Haas F1 Team,1:22.192,,
2023,13,19,Valtteri Bottas,Alfa Romeo,1:22.260,,
2023,13,20,Liam Lawson,AlphaTauri,1:23.420,,
2023,14,1,Carlos Sainz,Ferrari,1:21.965,1:20.991,1:20.294
2023,14,2,Max Verstappen,Red Bull,1:21.573,1:20.937,1:20.307
2023,14,3,Charles Leclerc,Ferrari,1:21.788,1:20.977,1:20.361
2023,14,4,George Russell,Mercedes,1:22.148,1:21.382,1:20.671
2023,14,5,Sergio Pérez,Red Bull,1:21.911,1:21.240,1:20.688
2023,14,6,Alexander Albon,Williams,1:21.661,1:21.272,1:20.760
2023,14,7,Oscar Piastri,McLaren,1:22.106,1:21.527,1:20.785
2023,14,8,Lewis Hamilton,Mercedes,1:21.977,1:21.369,1:20.820
2023,14,9,Lando Norris,McLaren,1:21.995,1:21.581,1:20.979
2023,14,10,Fernando Alonso,Aston Martin,1:22.043,1:21.543,1:21.417
2023,14,11,Yuki Tsunoda,AlphaTauri,1:21.852,1:21.594,
2023,14,12,Liam Lawson,AlphaTauri,1:22.112,1:21.758,
2023,14,13,Nico Hülkenberg,Haas F1 Team,1:22.343,1:21.776,
2023,14,14,Valtteri Bottas,Alfa Romeo,1:22.249,1:21.940,
2023,14,15,Logan Sargeant,Williams,1:21.930,1:21.944,
2023,14,16,Guanyu Zhou,Alfa Romeo,1:22.390,,
2023,14,17,Pierre Gasly,Alpine F1 Team,1:22.545,,
2023,14,18,Esteban Ocon,Alpine F1 Team,1:22.548,,
2023,14,19,Kevin Magnussen,Haas F1 Team,1:22.592,,
2023,14,20,Lance Stroll,Aston Martin,1:22.860,,
2023,15,1,Carlos Sainz,Ferrari,1:32.339,1:31.439,1:30.984
2023,15,2,George Russell,Mercedes,1:32.331,1:31.743,1:31.056
2023,15,3,Charles Leclerc,Ferrari,1:32.406,1:32.012,1:31.063
2023,15,4,Lando Norris,McLaren,1:32.483,1:31.951,1:31.270
2023,15,5,Lewis Hamilton,Mercedes,1:32.651,1:32.019,1:31.485
2023,15,6,Kevin Magnussen,Haas F1 Team,1:32.242,1:31.892,1:31.575
2023,15,7,Fernando Alonso,Aston Martin,1:32.584,1:31.835,1:31.615
2023,15,8,Esteban Ocon,Alpine F1 Team,1:32.369,1:32.089,1:31.673
2023,15,9,Nico Hülkenberg,Haas F1 Team,1:32.100,1:31.994,1:31.808
2023,15,10,Liam Lawson,AlphaTauri,1:32.215,1:32.166,1:32.268
2023,15,11,Max Verstappen,Red Bull,1:32.398,1:32.173,
2023,15,12,Pierre Gasly,Alpine F1 Team,1:32.452,1:32.274,
2023,15,13,Sergio Pérez,Red Bull,1:32.099,1:32.310,
2023,15,14,Alexander Albon,Williams,1:32.668,1:33.719,
2023,15,15,Yuki Tsunoda,AlphaTauri,1:31.991,,
2023,15,16,Valtteri Bottas,Alfa Romeo,1:32.809,,
2023,15,17,Oscar Piastri,McLaren,1:32.902,,
2023,15,18,Logan Sargeant,Williams,1:33.252,,
2023,15,19,Guanyu Zhou,Alfa Romeo,1:33.258,,
2023,15,20,Lance Stroll,Aston Martin,1:33.397,,
2023,16,1,Max Verstappen,Red Bull,1:29.878,1:29.964,1:28.877
2023,16,2,Oscar Piastri,McLaren,1:30.439,1:30.122,1:29.458
2023,16,3,Lando Norris,McLaren,1:30.063,1:30.296,1:29.493
2023,16,4,Charles Leclerc,Ferrari,1:30.393,1:29.940,1:29.542
2023,16,5,Sergio Pérez,Red Bull,1:30.652,1:29.965,1:29.650
2023,16,6,Carlos Sainz,Ferrari,1:30.651,1:30.067,1:29.850
2023,16,7,Lewis Hamilton,Mercedes,1:30.811,1:30.040,1:29.908
2023,16,8,George Russell,Mercedes,1:30.811,1:30.268,1:30.219
2023,16,9,Yuki Tsunoda,AlphaTauri,1:30.733,1:30.204,1:30.303
2023,16,10,Fernando Alonso,Aston Martin,1:30.971,1:30.465,1:30.560
2023,16,11,Liam Lawson,AlphaTauri,1:30.425,1:30.508,
2023,16,12,Pierre Gasly,Alpine F1 Team,1:30.843,1:30.509,
2023,16,13,Alexander Albon,Williams,1:30.941,1:30.537,
2023,16,14,Esteban Ocon,Alpine F1 Team,1:30.960,1:30.586,
2023,16,15,Kevin Magnussen,Haas F1 Team,1:30.976,1:30.665,
2023,16,16,Valtteri Bottas,Alfa Romeo,1:31.049,,
2023,16,17,Lance Stroll,Aston Martin,1:31.181,,
2023,16,18,Nico Hülkenberg,Haas F1 Team,1:31.299,,
2023,16,19,Guanyu Zhou,Alfa Romeo,1:31.398,,
2023,16,20,Logan Sargeant,Williams,,,
2023,17,1,Max Verstappen,Red Bull,1:25.007,1:24.483,1:23.778
2023,17,2,George Russell,Mercedes,1:25.334,1:24.827,1:24.219
2023,17,3,Lewis Hamilton,Mercedes,1:26.076,1:24.381,1:24.305
2023,17,4,Fernando Alonso,Aston Martin,1:25.223,1:25.241,1:24.369
2023,17,5,Charles Leclerc,Ferrari,1:25.452,1:25.079,1:24.424
2023,17,6,Oscar Piastri,McLaren,1:25.266,1:24.724,1:24.540
2023,17,7,Pierre Gasly,Alpine F1 Team,1:25.566,1:24.918,1:24.553
2023,17,8,Esteban Ocon,Alpine F1 Team,1:25.711,1:24.928,1:24.763
2023,17,9,Valtteri Bottas,Alfa Romeo,1:26.038,1:25.297,1:25.058
2023,17,10,Lando Norris,McLaren,1:25.131,1:24.685,
2023,17,11,Yuki Tsunoda,AlphaTauri,1:26.058,1:25.301,
2023,17,12,Carlos Sainz,Ferrari,1:25.808,1:25.328,
2023,17,13,Sergio Pérez,Red Bull,1:25.991,1:25.462,
2023,17,14,Alexander Albon,Williams,1:26.118,1:25.707,
2023,17,15,Nico Hülkenberg,Haas F1 Team,1:25.904,1:25.783,
2023,17,16,Logan Sargeant,Williams,1:26.210,,
2023,17,17,Lance Stroll,Aston Martin,1:26.345,,
2023,17,18,Liam Lawson,AlphaTauri,1:26.635,,
2023,17,19,Kevin Magnussen,Haas F1 Team,1:27.046,,
2023,17,20,Guanyu Zhou,Alfa Romeo,1:27.432,,
2023,18,1,Charles Leclerc,Ferrari,1:36.061,1:35.004,1:34.723
2023,18,2,Lando Norris,McLaren,1:35.110,1:35.441,1:34.853
2023,18,3,Lewis Hamilton,Mercedes,1:35.091,1:35.240,1:34.862
2023,18,4,Carlos Sainz,Ferrari,1:35.824,1:35.302,1:34.945
2023,18,5,George Russell,Mercedes,1:36.165,1:35.606,1:35.079
2023,18,6,Max Verstappen,Red Bull,1:35.346,1:35.008,1:35.081
2023,18,7,Pierre Gasly,Alpine F1 Team,1:36.158,1:35.496,1:35.089
2023,18,8,Esteban Ocon,Alpine F1 Team,1:36.131,1:35.413,1:35.154
2023,18,9,Sergio Pérez,Red Bull,1:35.989,1:35.679,1:35.173
2023,18,10,Oscar Piastri,McLaren,1:36.064,1:35.576,1:35.467
2023,18,11,Yuki Tsunoda,AlphaTauri,1:35.913,1:35.697,
2023,18,12,Guanyu Zhou,Alfa Romeo,1:36.052,1:35.698,
2023,18,13,Valtteri Bottas,Alfa Romeo,1:36.082,1:35.858,
2023,18,14,Kevin Magnussen,Haas F1 Team,1:36.009,1:35.880,
2023,18,15,Daniel Ricciardo,AlphaTauri,1:36.213,1:35.974,
2023,18,16,Nico Hülkenberg,Haas F1 Team,1:36.235,,
2023,18,17,Fernando Alonso,Aston Martin,1:36.268,,
2023,18,18,Alexander Albon,Williams,1:36.315,,
2023,18,19,Lance Stroll,Aston Martin,1:36.589,,
2023,18,20,Logan Sargeant,Williams,1:36.827,,
2023,19,1,Charles Leclerc,Ferrari,1:18.401,1:17.901,1:17.166
2023,19,2,Carlos Sainz,Ferrari,1:18.755,1:18.382,1:17.233
2023,19,3,Max Verstappen,Red Bull,1:18.099,1:17.625,1:17.263
2023,19,4,Daniel Ricciardo,AlphaTauri,1:18.341,1:17.706,1:17.382
2023,19,5,Sergio Pérez,Red Bull,1:18.553,1:18.124,1:17.423
2023,19,6,Lewis Hamilton,Mercedes,1:18.677,1:17.571,1:17.454
2023,19,7,Oscar Piastri,McLaren,1:18.241,1:17.874,1:17.623
2023,19,8,George Russell,Mercedes,1:18.893,1:17.673,1:17.674
2023,19,9,Valtteri Bottas,Alfa Romeo,1:18.429,1:18.016,1:18.032
2023,19,10,Guanyu Zhou,Alfa Romeo,1:19.016,1:18.440,1:18.050
2023,19,11,Pierre Gasly,Alpine F1 Team,1:18.945,1:18.521,
2023,19,12,Nico Hülkenberg,Haas F1 Team,1:18.969,1:18.524,
2023,19,13,Fernando Alonso,Aston Martin,1:18.848,1:18.738,
2023,19,14,Alexander Albon,Williams,1:18.828,1:19.147,
2023,19,15,Yuki Tsunoda,AlphaTauri,1:18.890,,
2023,19,16,Esteban Ocon,Alpine F1 Team,1:19.080,,
2023,19,17,Kevin Magnussen,Haas F1 Team,1:19.163,,
2023,19,18,Lance Stroll,Aston Martin,1:19.227,,
2023,19,19,Lando Norris,McLaren,1:21.554,,
2023,19,20,Logan Sargeant,Williams,,,
2023,20,1,Max Verstappen,Red Bull,1:10.436,1:10.162,1:10.727
2023,20,2,Charles Leclerc,Ferrari,1:10.472,1:10.303,1:11.021
2023,20,3,Lance Stroll,Aston Martin,1:10.551,1:10.375,1:11.344
2023,20,4,Fernando Alonso,Aston Martin,1:10.557,1:10.237,1:11.387
2023,20,5,Lewis Hamilton,Mercedes,1:10.604,1:10.266,1:11.469
2023,20,6,George Russell,Mercedes,1:10.340,1:10.316,1:11.590
2023,20,7,Lando Norris,McLaren,1:10.623,1:10.021,1:11.987
2023,20,8,Carlos Sainz,Ferrari,1:10.624,1:10.254,1:11.989
2023,20,9,Sergio Pérez,Red Bull,1:10.668,1:10.219,1:12.321
2023,20,10,Oscar Piastri,McLaren,1:10.519,1:10.330,
2023,20,11,Nico Hülkenberg,Haas F1 Team,1:10.475,1:10.547,
2023,20,12,Esteban Ocon,Alpine F1 Team,1:10.763,1:10.562,
2023,20,13,Pierre Gasly,Alpine F1 Team,1:10.793,1:10.567,
2023,20,14,Kevin Magnussen,Haas F1 Team,1:10.602,1:10.723,
2023,20,15,Alexander Albon,Williams,1:10.621,1:10.840,
2023,20,16,Yuki Tsunoda,AlphaTauri,1:10.837,,
2023,20,17,Daniel Ricciardo,AlphaTauri,1:10.843,,
2023,20,18,Valtteri Bottas,Alfa Romeo,1:10.955,,
2023,20,19,Logan Sargeant,Williams,1:11.035,,
2023,20,20,Guanyu Zhou,Alfa Romeo,1:11.275,,
2023,21,1,Charles Leclerc,Ferrari,1:33.617,1:32.775,1:32.726
2023,21,2,Carlos Sainz,Ferrari,1:33.851,1:33.338,1:32.770
2023,21,3,Max Verstappen,Red Bull,1:34.190,1:33.572,1:33.104
2023,21,4,George Russell,Mercedes,1:34.137,1:33.351,1:33.112
2023,21,5,Pierre Gasly,Alpine F1 Team,1:34.272,1:33.494,1:33.239
2023,21,6,Alexander Albon,Williams,1:34.634,1:33.588,1:33.323
2023,21,7,Logan Sargeant,Williams,1:34.525,1:33.733,1:33.513
2023,21,8,Valtteri Bottas,Alfa Romeo,1:34.305,1:33.809,1:33.525
2023,21,9,Kevin Magnussen,Haas F1 Team,1:34.337,1:33.664,1:33.537
2023,21,10,Fernando Alonso,Aston Martin,1:34.422,1:33.617,1:33.555
2023,21,11,Lewis Hamilton,Mercedes,1:34.307,1:33.837,
2023,21,12,Sergio Pérez,Red Bull,1:34.574,1:33.855,
2023,21,13,Nico Hülkenberg,Haas F1 Team,1:34.265,1:33.979,
2023,21,14,Lance Stroll,Aston Martin,1:34.504,1:34.199,
2023,21,15,Daniel Ricciardo,AlphaTauri,1:34.683,1:34.308,
2023,21,16,Lando Norris,McLaren,1:34.703,,
2023,21,17,Esteban Ocon,Alpine F1 Team,1:34.834,,
2023,21,18,Guanyu Zhou,Alfa Romeo,1:34.849,,
2023,21,19,Oscar Piastri,McLaren,1:34.850,,
2023,21,20,Yuki Tsunoda,AlphaTauri,1:36.447,,
2023,22,1,Max Verstappen,Red Bull,1:24.160,1:23.740,1:23.445
2023,22,2,Charles Leclerc,Ferrari,1:24.459,1:23.969,1:23.584
2023,22,3,Oscar Piastri,McLaren,1:24.487,1:24.278,1:23.782
2023,22,4,George Russell,Mercedes,1:24.337,1:24.013,1:23.788
2023,22,5,Lando Norris,McLaren,1:24.368,1:23.920,1:23.816
2023,22,6,Yuki Tsunoda,AlphaTauri,1:24.286,1:24.207,1:23.968
2023,22,7,Fernando Alonso,Aston Martin,1:24.501,1:24.131,1:24.084
2023,22,8,Nico Hülkenberg,Haas F1 Team,1:24.425,1:24.213,1:24.108
2023,22,9,Sergio Pérez,Red Bull,1:24.209,1:24.116,1:24.171
2023,22,10,Pierre Gasly,Alpine F1 Team,1:24.600,1:24.078,1:24.548
2023,22,11,Lewis Hamilton,Mercedes,1:24.437,1:24.359,
2023,22,12,Esteban Ocon,Alpine F1 Team,1:24.565,1:24.391,
2023,22,13,Lance Stroll,Aston Martin,1:24.405,1:24.422,
2023,22,14,Alexander Albon,Williams,1:24.298,1:24.439,
2023,22,15,Daniel Ricciardo,AlphaTauri,1:24.461,1:24.442,
2023,22,16,Carlos Sainz,Ferrari,1:24.738,,
2023,22,17,Kevin Magnussen,Haas F1 Team,1:24.764,,
2023,22,18,Valtteri Bottas,Alfa Romeo,1:24.788,,
2023,22,19,Guanyu Zhou,Alfa Romeo,1:25.159,,
2023,22,20,Logan Sargeant,Williams,,,
2024,1,1,Max Verstappen,Red Bull,1:30.031,1:29.374,1:29.179
2024,1,2,Charles Leclerc,Ferrari,1:30.243,1:29.165,1:29.407
2024,1,3,George Russell,Mercedes,1:30.350,1:29.922,1:29.485
2024,1,4,Carlos Sainz,Ferrari,1:29.909,1:29.573,1:29.507
2024,1,5,Sergio Pérez,Red Bull,1:30.221,1:29.932,1:29.537
2024,1,6,Fernando Alonso,Aston Martin,1:30.179,1:29.801,1:29.542
2024,1,7,Lando Norris,McLaren,1:30.143,1:29.941,1:29.614
2024,1,8,Oscar Piastri,McLaren,1:30.531,1:30.122,1:29.683
2024,1,9,Lewis Hamilton,Mercedes,1:30.451,1:29.718,1:29.710
2024,1,10,Nico Hülkenberg,Haas F1 Team,1:30.566,1:29.851,1:30.502
2024,1,11,Yuki Tsunoda,RB F1 Team,1:30.481,1:30.129,
2024,1,12,Lance Stroll,Aston Martin,1:29.965,1:30.200,
2024,1,13,Alexander Albon,Williams,1:30.397,1:30.221,
2024,1,14,Daniel Ricciardo,RB F1 Team,1:30.562,1:30.278,
2024,1,15,Kevin Magnussen,Haas F1 Team,1:30.646,1:30.529,
2024,1,16,Valtteri Bottas,Sauber,1:30.756,,
2024,1,17,Guanyu Zhou,Sauber,1:30.757,,
2024,1,18,Logan Sargeant,Williams,1:30.770,,
2024,1,19,Esteban Ocon,Alpine F1 Team,1:30.793,,
2024,1,20,Pierre Gasly,Alpine F1 Team,1:30.948,,
2024,2,1,Max Verstappen,Red Bull,1:28.171,1:28.033,1:27.472
2024,2,2,Charles Leclerc,Ferrari,1:28.318,1:28.112,1:27.791
2024,2,3,Sergio Pérez,Red Bull,1:28.638,1:28.467,1:27.807
2024,2,4,Fernando Alonso,Aston Martin,1:28.706,1:28.122,1:27.846
2024,2,5,Oscar Piastri,McLaren,1:28.755,1:28.343,1:28.089
2024,2,6,Lando Norris,McLaren,1:28.805,1:28.479,1:28.132
2024,2,7,George Russell,Mercedes,1:28.749,1:28.448,1:28.316
2024,2,8,Lewis Hamilton,Mercedes,1:28.994,1:28.606,1:28.460
2024,2,9,Yuki Tsunoda,RB F1 Team,1:28.988,1:28.564,1:28.547
2024,2,10,Lance Stroll,Aston Martin,1:28.250,1:28.578,1:28.572
2024,2,11,Oliver Bearman,Ferrari,1:28.984,1:28.642,
2024,2,12,Alexander Albon,Williams,1:29.107,1:28.980,
2024,2,13,Kevin Magnussen,Haas F1 Team,1:29.069,1:29.020,
2024,2,14,Daniel Ricciardo,RB F1 Team,1:29.065,1:29.025,
2024,2,15,Nico Hülkenberg,Haas F1 Team,1:29.055,,
2024,2,16,Valtteri Bottas,Sauber,1:29.179,,
2024,2,17,Esteban Ocon,Alpine F1 Team,1:29.475,,
2024,2,18,Pierre Gasly,Alpine F1 Team,1:29.479,,
2024,2,19,Logan Sargeant,Williams,1:29.526,,
2024,2,20,Guanyu Zhou,Sauber,,,
2024,3,1,Max Verstappen,Red Bull,1:16.819,1:16.387,1:15.915
2024,3,2,Carlos Sainz,Ferrari,1:16.731,1:16.189,1:16.185
2024,3,3,Sergio Pérez,Red Bull,1:16.805,1:16.631,1:16.274
2024,3,4,Lando Norris,McLaren,1:17.430,1:16.750,1:16.315
2024,3,5,Charles Leclerc,Ferrari,1:16.984,1:16.304,1:16.435
2024,3,6,Oscar Piastri,McLaren,1:17.369,1:16.601,1:16.572
2024,3,7,George Russell,Mercedes,1:17.062,1:16.901,1:16.724
2024,3,8,Yuki Tsunoda,RB F1 Team,1:17.356,1:16.791,1:16.788
2024,3,9,Lance Stroll,Aston Martin,1:17.376,1:16.780,1:17.072
2024,3,10,Fernando Alonso,Aston Martin,1:16.991,1:16.710,1:17.552
2024,3,11,Lewis Hamilton,Mercedes,1:17.499,1:16.960,
2024,3,12,Alexander Albon,Williams,1:17.130,1:17.167,
2024,3,13,Valtteri Bottas,Sauber,1:17.543,1:17.340,
2024,3,14,Kevin Magnussen,Haas F1 Team,1:17.709,1:17.427,
2024,3,15,Esteban Ocon,Alpine F1 Team,1:17.617,1:17.697,
2024,3,16,Nico Hülkenberg,Haas F1 Team,1:17.976,,
2024,3,17,Pierre Gasly,Alpine F1 Team,1:17.982,,
2024,3,18,Daniel Ricciardo,RB F1 Team,1:18.085,,
2024,3,19,Guanyu Zhou,Sauber,1:18.188,,
2024,4,1,Max Verstappen,Red Bull,1:28.866,1:28.740,1:28.197
2024,4,2,Sergio Pérez,Red Bull,1:29.303,1:28.752,1:28.263
2024,4,3,Lando Norris,McLaren,1:29.536,1:28.940,1:28.489
2024,4,4,Carlos Sainz,Ferrari,1:29.513,1:29.099,1:28.682
2024,4,5,Fernando Alonso,Aston Martin,1:29.254,1:29.082,1:28.686
2024,4,6,Oscar Piastri,McLaren,1:29.425,1:29.148,1:28.760
2024,4,7,Lewis Hamilton,Mercedes,1:29.661,1:28.887,1:28.766
2024,4,8,Charles Leclerc,Ferrari,1:29.338,1:29.196,1:28.786
2024,4,9,George Russell,Mercedes,1:29.799,1:29.140,1:29.008
2024,4,10,Yuki Tsunoda,RB F1 Team,1:29.775,1:29.417,1:29.413
2024,4,11,Daniel Ricciardo,RB F1 Team,1:29.727,1:29.472,
2024,4,12,Nico Hülkenberg,Haas F1 Team,1:29.821,1:29.494,
2024,4,13,Valtteri Bottas,Sauber,1:29.602,1:29.593,
2024,4,14,Alexander Albon,Williams,1:29.963,1:29.714,
2024,4,15,Esteban Ocon,Alpine F1 Team,1:29.811,1:29.816,
2024,4,16,Lance Stroll,Aston Martin,1:30.024,,
2024,4,17,Pierre Gasly,Alpine F1 Team,1:30.119,,
2024,4,18,Kevin Magnussen,Haas F1 Team,1:30.131,,
2024,4,19,Logan Sargeant,Williams,1:30.139,,
2024,4,20,Guanyu Zhou,Sauber,1:30.143,,
2024,5,1,Max Verstappen,Red Bull,1:34.742,1:33.794,1:33.660
2024,5,2,Sergio Pérez,Red Bull,1:35.457,1:34.026,1:33.982
2024,5,3,Fernando Alonso,Aston Martin,1:35.116,1:34.652,1:34.148
2024,5,4,Lando Norris,McLaren,1:34.842,1:34.460,1:34.165
2024,5,5,Oscar Piastri,McLaren,1:35.014,1:34.659,1:34.273
2024,5,6,Charles Leclerc,Ferrari,1:34.797,1:34.399,1:34.289
2024,5,7,Carlos Sainz,Ferrari,1:34.970,1:34.368,1:34.297
2024,5,8,George Russell,Mercedes,1:35.084,1:34.609,1:34.433
2024,5,9,Nico Hülkenberg,Haas F1 Team,1:35.068,1:34.667,1:34.604
2024,5,10,Valtteri Bottas,Sauber,1:35.169,1:34.769,1:34.665
2024,5,11,Lance Stroll,Aston Martin,1:35.334,1:34.838,
2024,5,12,Daniel Ricciardo,RB F1 Team,1:35.443,1:34.934,
2024,5,13,Esteban Ocon,Alpine F1 Team,1:35.356,1:35.223,
2024,5,14,Alexander Albon,Williams,1:35.384,1:35.241,
2024,5,15,Pierre Gasly,Alpine F1 Team,1:35.287,1:35.463,
2024,5,16,Guanyu Zhou,Sauber,1:35.505,,
2024,5,17,Kevin Magnussen,Haas F1 Team,1:35.516,,
2024,5,18,Lewis Hamilton,Mercedes,1:35.573,,
2024,5,19,Yuki Tsunoda,RB F1 Team,1:35.746,,
2024,5,20,Logan Sargeant,Williams,1:36.358,,
2024,6,1,Max Verstappen,Red Bull,1:27.689,1:27.566,1:27.241
2024,6,2,Charles Leclerc,Ferrari,1:28.081,1:27.533,1:27.382
2024,6,3,Carlos Sainz,Ferrari,1:27.937,1:27.941,1:27.455
2024,6,4,Sergio Pérez,Red Bull,1:27.772,1:27.839,1:27.460
2024,6,5,Lando Norris,McLaren,1:27.913,1:27.871,1:27.594
2024,6,6,Oscar Piastri,McLaren,1:28.032,1:27.721,1:27.675
2024,6,7,George Russell,Mercedes,1:28.159,1:28.095,1:28.067
2024,6,8,Lewis Hamilton,Mercedes,1:28.167,1:27.697,1:28.107
2024,6,9,Nico Hülkenberg,Haas F1 Team,1:28.383,1:28.200,1:28.146
2024,6,10,Yuki Tsunoda,RB F1 Team,1:28.324,1:28.167,1:28.192
2024,6,11,Lance Stroll,Aston Martin,1:28.177,1:28.222,
2024,6,12,Pierre Gasly,Alpine F1 Team,1:27.976,1:28.324,
2024,6,13,Esteban Ocon,Alpine F1 Team,1:28.209,1:28.371,
2024,6,14,Alexander Albon,Williams,1:28.343,1:28.413,
2024,6,15,Fernando Alonso,Aston Martin,1:28.453,1:28.427,
2024,6,16,Valtteri Bottas,Sauber,1:28.463,,
2024,6,17,Logan Sargeant,Williams,1:28.487,,
2024,6,18,Daniel Ricciardo,RB F1 Team,1:28.617,,
2024,6,19,Kevin Magnussen,Haas F1 Team,1:28.619,,
2024,6,20,Guanyu Zhou,Sauber,1:28.824,,
2024,7,1,Max Verstappen,Red Bull,1:15.762,1:15.176,1:14.746
2024,7,2,Oscar Piastri,McLaren,1:15.940,1:15.407,1:14.820
2024,7,3,Lando Norris,McLaren,1:15.915,1:15.371,1:14.837
2024,7,4,Charles Leclerc,Ferrari,1:15.823,1:15.328,1:14.970
2024,7,5,Carlos Sainz,Ferrari,1:16.015,1:15.512,1:15.233
2024,7,6,George Russell,Mercedes,1:16.107,1:15.671,1:15.234
2024,7,7,Yuki Tsunoda,RB F1 Team,1:15.894,1:15.358,1:15.465
2024,7,8,Lewis Hamilton,Mercedes,1:16.604,1:15.677,1:15.504
2024,7,9,Daniel Ricciardo,RB F1 Team,1:16.060,1:15.691,1:15.674
2024,7,10,Nico Hülkenberg,Haas F1 Team,1:15.841,1:15.569,1:15.980
2024,7,11,Sergio Pérez,Red Bull,1:16.404,1:15.706,
2024,7,12,Esteban Ocon,Alpine F1 Team,1:16.361,1:15.906,
2024,7,13,Lance Stroll,Aston Martin,1:16.458,1:15.992,
2024,7,14,Alexander Albon,Williams,1:16.524,1:16.200,
2024,7,15,Pierre Gasly,Alpine F1 Team,1:16.015,1:16.381,
2024,7,16,Valtteri Bottas,Sauber,1:16.626,,
2024,7,17,Guanyu Zhou,Sauber,1:16.834,,
2024,7,18,Kevin Magnussen,Haas F1 Team,1:16.854,,
2024,7,19,Fernando Alonso,Aston Martin,1:16.917,,
2024,7,20,Logan Sargeant,Williams,,,
2024,8,1,Charles Leclerc,Ferrari,1:11.584,1:10.825,1:10.270
2024,8,2,Oscar Piastri,McLaren,1:11.500,1:10.756,1:10.424
2024,8,3,Carlos Sainz,Ferrari,1:11.543,1:11.075,1:10.518
2024,8,4,Lando Norris,McLaren,1:11.760,1:10.732,1:10.542
2024,8,5,George Russell,Mercedes,1:11.492,1:10.929,1:10.543
2024,8,6,Max Verstappen,Red Bull,1:11.711,1:10.745,1:10.567
2024,8,7,Lewis Hamilton,Mercedes,1:11.528,1:11.056,1:10.621
2024,8,8,Yuki Tsunoda,RB F1 Team,1:11.852,1:11.106,1:10.858
2024,8,9,Alexander Albon,Williams,1:11.623,1:11.216,1:10.948
2024,8,10,Pierre Gasly,Alpine F1 Team,1:11.714,1:10.896,1:11.311
2024,8,11,Esteban Ocon,Alpine F1 Team,1:11.887,1:11.285,
2024,8,12,Daniel Ricciardo,RB F1 Team,1:11.785,1:11.482,
2024,8,13,Lance Stroll,Aston Martin,1:11.728,1:11.563,
2024,8,14,Fernando Alonso,Aston Martin,1:12.019,,
2024,8,14,Nico Hülkenberg,Haas F1 Team,1:11.876,1:11.440,
2024,8,15,Logan Sargeant,Williams,1:12.020,,
2024,8,15,Kevin Magnussen,Haas F1 Team,1:11.832,1:11.725,
2024,8,16,Sergio Pérez,Red Bull,1:12.060,,
2024,8,17,Valtteri Bottas,Sauber,1:12.512,,
2024,8,18,Guanyu Zhou,Sauber,1:13.028,,
2024,9,1,George Russell,Mercedes,1:13.013,1:11.742,1:12.000
2024,9,2,Max Verstappen,Red Bull,1:12.360,1:12.549,1:12.000
2024,9,3,Lando Norris,McLaren,1:12.959,1:12.201,1:12.021
2024,9,4,Oscar Piastri,McLaren,1:12.907,1:12.462,1:12.103
2024,9,5,Daniel Ricciardo,RB F1 Team,1:13.240,1:12.572,1:12.178
2024,9,6,Fernando Alonso,Aston Martin,1:13.117,1:12.635,1:12.228
2024,9,7,Lewis Hamilton,Mercedes,1:12.851,1:11.979,1:12.280
2024,9,8,Yuki Tsunoda,RB F1 Team,1:12.748,1:12.303,1:12.414
2024,9,9,Lance Stroll,Aston Martin,1:13.088,1:12.659,1:12.701
2024,9,10,Alexander Albon,Williams,1:12.896,1:12.485,1:12.796
2024,9,11,Charles Leclerc,Ferrari,1:13.107,1:12.691,
2024,9,12,Carlos Sainz,Ferrari,1:13.038,1:12.728,
2024,9,13,Logan Sargeant,Williams,1:13.063,1:12.736,
2024,9,14,Kevin Magnussen,Haas F1 Team,1:13.217,1:12.916,
2024,9,15,Pierre Gasly,Alpine F1 Team,1:13.289,1:12.940,
2024,9,16,Sergio Pérez,Red Bull,1:13.326,,
2024,9,17,Valtteri Bottas,Sauber,1:13.366,,
2024,9,18,Esteban Ocon,Alpine F1 Team,1:13.435,,
2024,9,19,Nico Hülkenberg,Haas F1 Team,1:13.978,,
2024,9,20,Guanyu Zhou,Sauber,1:14.292,,
2024,10,1,Lando Norris,McLaren,1:12.386,1:11.872,1:11.383
2024,10,2,Max Verstappen,Red Bull,1:12.306,1:11.653,1:11.403
2024,10,3,Lewis Hamilton,Mercedes,1:12.143,1:11.792,1:11.701
2024,10,4,George Russell,Mercedes,1:12.456,1:11.812,1:11.703
2024,10,5,Charles Leclerc,Ferrari,1:12.257,1:12.038,1:11.731
2024,10,6,Carlos Sainz,Ferrari,1:12.403,1:11.874,1:11.736
2024,10,7,Pierre Gasly,Alpine F1 Team,1:12.651,1:12.079,1:11.857
2024,10,8,Sergio Pérez,Red Bull,1:12.477,1:12.054,1:12.061
2024,10,9,Esteban Ocon,Alpine F1 Team,1:12.691,1:12.109,1:12.125
2024,10,10,Oscar Piastri,McLaren,1:12.460,1:12.011,
2024,10,11,Fernando Alonso,Aston Martin,1:12.505,1:12.128,
2024,10,12,Valtteri Bottas,Sauber,1:12.758,1:12.227,
2024,10,13,Nico Hülkenberg,Haas F1 Team,1:12.708,1:12.310,
2024,10,14,Lance Stroll,Aston Martin,1:12.881,1:12.372,
2024,10,15,Guanyu Zhou,Sauber,1:12.880,1:12.738,
2024,10,16,Kevin Magnussen,Haas F1 Team,1:12.937,,
2024,10,17,Yuki Tsunoda,RB F1 Team,1:12.985,,
2024,10,18,Daniel Ricciardo,RB F1 Team,1:13.075,,
2024,10,19,Alexander Albon,Williams,1:13.153,,
2024,10,20,Logan Sargeant,Williams,1:13.509,,
2024,11,1,Max Verstappen,Red Bull,1:05.336,1:04.469,1:04.314
2024,11,2,Lando Norris,McLaren,1:05.450,1:05.103,1:04.718
2024,11,3,George Russell,Mercedes,1:05.585,1:05.016,1:04.840
2024,11,4,Carlos Sainz,Ferrari,1:05.263,1:05.016,1:04.851
2024,11,5,Lewis Hamilton,Mercedes,1:05.541,1:05.053,1:04.903
2024,11,6,Charles Leclerc,Ferrari,1:05.509,1:05.104,1:05.044
2024,11,7,Oscar Piastri,McLaren,1:05.311,1:05.070,1:05.048
2024,11,8,Sergio Pérez,Red Bull,1:05.587,1:05.144,1:05.202
2024,11,9,Nico Hülkenberg,Haas F1 Team,1:05.596,1:05.262,1:05.385
2024,11,10,Esteban Ocon,Alpine F1 Team,1:05.574,1:05.274,1:05.883
2024,11,11,Daniel Ricciardo,RB F1 Team,1:05.569,1:05.289,
2024,11,12,Kevin Magnussen,Haas F1 Team,1:05.508,1:05.347,
2024,11,13,Pierre Gasly,Alpine F1 Team,1:05.598,1:05.359,
2024,11,14,Yuki Tsunoda,RB F1 Team,1:05.563,1:05.412,
2024,11,15,Fernando Alonso,Aston Martin,1:05.656,1:05.639,
2024,11,16,Alexander Albon,Williams,1:05.736,,
2024,11,17,Lance Stroll,Aston Martin,1:05.819,,
2024,11,18,Valtteri Bottas,Sauber,1:05.847,,
2024,11,19,Logan Sargeant,Williams,1:05.856,,
2024,11,20,Guanyu Zhou,Sauber,1:06.061,,
2024,12,1,George Russell,Mercedes,1:30.106,1:26.723,1:25.819
2024,12,2,Lewis Hamilton,Mercedes,1:29.547,1:26.770,1:25.990
2024,12,3,Lando Norris,McLaren,1:31.596,1:26.559,1:26.030
2024,12,4,Max Verstappen,Red Bull,1:31.342,1:26.796,1:26.203
2024,12,5,Oscar Piastri,McLaren,1:30.895,1:26.733,1:26.237
2024,12,6,Nico Hülkenberg,Haas F1 Team,1:31.929,1:26.847,1:26.338
2024,12,7,Carlos Sainz,Ferrari,1:30.557,1:26.843,1:26.509
2024,12,8,Lance Stroll,Aston Martin,1:31.410,1:26.938,1:26.585
2024,12,9,Alexander Albon,Williams,1:31.135,1:26.933,1:26.640
2024,12,10,Fernando Alonso,Aston Martin,1:31.264,1:26.730,1:26.917
2024,12,11,Charles Leclerc,Ferrari,1:30.496,1:27.097,
2024,12,12,Logan Sargeant,Williams,1:31.608,1:27.175,
2024,12,13,Yuki Tsunoda,RB F1 Team,1:30.994,1:27.269,
2024,12,14,Guanyu Zhou,Sauber,1:31.190,1:27.867,
2024,12,15,Daniel Ricciardo,RB F1 Team,1:31.291,1:27.949,
2024,12,16,Valtteri Bottas,Sauber,1:32.431,,
2024,12,17,Kevin Magnussen,Haas F1 Team,1:32.905,,
2024,12,18,Esteban Ocon,Alpine F1 Team,1:34.557,,
2024,12,19,Sergio Pérez,Red Bull,1:38.348,,
2024,12,20,Pierre Gasly,Alpine F1 Team,1:39.804,,
2024,13,1,Lando Norris,McLaren,1:17.755,1:15.540,1:15.227
2024,13,2,Oscar Piastri,McLaren,1:17.504,1:15.785,1:15.249
2024,13,3,Max Verstappen,Red Bull,1:17.087,1:15.770,1:15.273
2024,13,4,Carlos Sainz,Ferrari,1:17.244,1:15.885,1:15.696
2024,13,5,Lewis Hamilton,Mercedes,1:17.087,1:16.307,1:15.854
2024,13,6,Charles Leclerc,Ferrari,1:17.437,1:15.891,1:15.905
2024,13,7,Fernando Alonso,Aston Martin,1:17.624,1:16.117,1:16.043
2024,13,8,Lance Stroll,Aston Martin,1:17.405,1:16.075,1:16.244
2024,13,9,Daniel Ricciardo,RB F1 Team,1:17.050,1:16.202,1:16.447
2024,13,10,Yuki Tsunoda,RB F1 Team,1:17.436,1:16.121,1:16.477
2024,13,11,Nico Hülkenberg,Haas F1 Team,1:17.362,1:16.317,
2024,13,12,Valtteri Bottas,Sauber,1:17.487,1:16.384,
2024,13,13,Alexander Albon,Williams,1:17.280,1:16.429,
2024,13,14,Logan Sargeant,Williams,1:17.770,1:16.543,
2024,13,15,Kevin Magnussen,Haas F1 Team,1:17.851,1:16.548,
2024,13,16,Sergio Pérez,Red Bull,1:17.886,,
2024,13,17,George Russell,Mercedes,1:17.968,,
2024,13,18,Guanyu Zhou,Sauber,1:18.037,,
2024,13,19,Esteban Ocon,Alpine F1 Team,1:18.049,,
2024,13,20,Pierre Gasly,Alpine F1 Team,1:18.166,,
2024,14,1,Max Verstappen,Red Bull,1:54.938,1:53.837,1:53.159
2024,14,2,Charles Leclerc,Ferrari,1:55.349,1:54.193,1:53.754
2024,14,3,Sergio Pérez,Red Bull,1:55.139,1:54.470,1:53.765
2024,14,4,Lewis Hamilton,Mercedes,1:55.692,1:54.037,1:53.835
2024,14,5,Lando Norris,McLaren,1:55.582,1:54.358,1:53.981
2024,14,6,Oscar Piastri,McLaren,1:54.835,1:54.136,1:54.027
2024,14,7,George Russell,Mercedes,1:55.353,1:54.095,1:54.184
2024,14,8,Carlos Sainz,Ferrari,1:55.169,1:54.112,1:54.477
2024,14,9,Fernando Alonso,Aston Martin,1:55.489,1:54.258,1:54.765
2024,14,10,Esteban Ocon,Alpine F1 Team,1:55.417,1:54.460,1:54.810
2024,14,11,Alexander Albon,Williams,1:55.722,1:54.473,
2024,14,12,Pierre Gasly,Alpine F1 Team,1:54.911,1:54.635,
2024,14,13,Daniel Ricciardo,RB F1 Team,1:55.451,1:54.682,
2024,14,14,Valtteri Bottas,Sauber,1:55.531,1:54.764,
2024,14,15,Lance Stroll,Aston Martin,1:56.072,1:55.716,
2024,14,16,Nico Hülkenberg,Haas F1 Team,1:56.308,,
2024,14,17,Kevin Magnussen,Haas F1 Team,1:56.500,,
2024,14,18,Yuki Tsunoda,RB F1 Team,1:56.593,,
2024,14,19,Logan Sargeant,Williams,1:57.230,,
2024,14,20,Guanyu Zhou,Sauber,1:57.775,,
2024,15,1,Lando Norris,McLaren,1:11.377,1:10.496,1:09.673
2024,15,2,Max Verstappen,Red Bull,1:11.393,1:10.811,1:10.029
2024,15,3,Oscar Piastri,McLaren,1:11.541,1:10.505,1:10.172
2024,15,4,George Russell,Mercedes,1:11.049,1:10.552,1:10.244
2024,15,5,Sergio Pérez,Red Bull,1:11.006,1:10.678,1:10.416
2024,15,6,Charles Leclerc,Ferrari,1:11.370,1:10.689,1:10.582
2024,15,7,Fernando Alonso,Aston Martin,1:11.493,1:10.845,1:10.633
2024,15,8,Lance Stroll,Aston Martin,1:11.518,1:10.661,1:10.857
2024,15,9,Pierre Gasly,Alpine F1 Team,1:11.718,1:10.815,1:10.977
2024,15,10,Carlos Sainz,Ferrari,1:11.327,1:10.914,
2024,15,10,Alexander Albon,Williams,,1:10.768,1:10.653
2024,15,11,Lewis Hamilton,Mercedes,1:11.375,1:10.948,
2024,15,12,Yuki Tsunoda,RB F1 Team,1:11.603,1:10.955,
2024,15,13,Nico Hülkenberg,Haas F1 Team,1:11.832,1:11.215,
2024,15,14,Kevin Magnussen,Haas F1 Team,1:11.630,1:11.295,
2024,15,15,Daniel Ricciardo,RB F1 Team,1:11.943,,
2024,15,16,Esteban Ocon,Alpine F1 Team,1:11.995,,
2024,15,17,Valtteri Bottas,Sauber,1:12.168,,
2024,15,18,Guanyu Zhou,Sauber,1:13.261,,
2024,15,20,Logan Sargeant,Williams,,,
2024,16,1,Lando Norris,McLaren,1:19.911,1:19.727,1:19.327
2024,16,2,Oscar Piastri,McLaren,1:20.076,1:19.808,1:19.436
2024,16,3,George Russell,Mercedes,1:20.169,1:19.877,1:19.440
2024,16,4,Charles Leclerc,Ferrari,1:20.074,1:20.007,1:19.461
2024,16,5,Carlos Sainz,Ferrari,1:20.149,1:19.799,1:19.467
2024,16,6,Lewis Hamilton,Mercedes,1:20.477,1:19.641,1:19.513
2024,16,7,Max Verstappen,Red Bull,1:20.226,1:19.662,1:20.022
2024,16,8,Sergio Pérez,Red Bull,1:20.598,1:20.216,1:20.062
2024,16,9,Alexander Albon,Williams,1:20.542,1:20.314,1:20.299
2024,16,10,Nico Hülkenberg,Haas F1 Team,1:20.781,1:20.411,1:20.339
2024,16,11,Fernando Alonso,Aston Martin,1:20.617,1:20.421,
2024,16,12,Daniel Ricciardo,RB F1 Team,1:20.901,1:20.479,
2024,16,13,Kevin Magnussen,Haas F1 Team,1:20.856,1:20.698,
2024,16,14,Pierre Gasly,Alpine F1 Team,1:20.748,1:20.738,
2024,16,15,Esteban Ocon,Alpine F1 Team,1:20.764,1:20.766,
2024,16,16,Yuki Tsunoda,RB F1 Team,1:20.945,,
2024,16,17,Lance Stroll,Aston Martin,1:21.013,,
2024,16,18,Franco Colapinto,Williams,1:21.061,,
2024,16,19,Valtteri Bottas,Sauber,1:21.101,,
2024,16,20,Guanyu Zhou,Sauber,1:21.445,,
2024,17,1,Charles Leclerc,Ferrari,1:42.775,1:42.056,1:41.365
2024,17,2,Oscar Piastri,McLaren,1:43.033,1:42.598,1:41.686
2024,17,3,Carlos Sainz,Ferrari,1:43.357,1:42.503,1:41.805
2024,17,4,Sergio Pérez,Red Bull,1:43.213,1:42.263,1:41.813
2024,17,5,George Russell,Mercedes,1:43.139,1:42.329,1:41.874
2024,17,6,Max Verstappen,Red Bull,1:43.097,1:42.042,1:42.023
2024,17,7,Lewis Hamilton,Mercedes,1:43.089,1:42.765,1:42.289
2024,17,8,Fernando Alonso,Aston Martin,1:43.472,1:42.426,1:42.369
2024,17,9,Franco Colapinto,Williams,1:43.138,1:42.473,1:42.530
2024,17,10,Alexander Albon,Williams,1:42.899,1:42.840,1:42.859
2024,17,11,Oliver Bearman,Haas F1 Team,1:43.471,1:42.968,
2024,17,12,Yuki Tsunoda,RB F1 Team,1:43.337,1:43.035,
2024,17,13,Nico Hülkenberg,Haas F1 Team,1:43.101,1:43.191,
2024,17,14,Lance Stroll,Aston Martin,1:43.370,1:43.404,
2024,17,15,Pierre Gasly,Alpine F1 Team,,1:43.179,
2024,17,15,Daniel Ricciardo,RB F1 Team,1:43.547,,
2024,17,16,Lando Norris,McLaren,1:43.609,,
2024,17,17,Valtteri Bottas,Sauber,1:43.618,,
2024,17,18,Guanyu Zhou,Sauber,1:44.246,,
2024,17,19,Esteban Ocon,Alpine F1 Team,1:44.504,,
2024,18,1,Lando Norris,McLaren,1:30.002,1:30.007,1:29.525
2024,18,2,Max Verstappen,Red Bull,1:30.157,1:29.680,1:29.728
2024,18,3,Lewis Hamilton,Mercedes,1:30.393,1:29.929,1:29.841
2024,18,4,George Russell,Mercedes,1:30.811,1:30.153,1:29.867
2024,18,5,Oscar Piastri,McLaren,1:30.258,1:29.640,1:29.953
2024,18,6,Nico Hülkenberg,Haas F1 Team,1:30.724,1:30.150,1:30.115
2024,18,7,Fernando Alonso,Aston Martin,1:30.684,1:30.450,1:30.214
2024,18,8,Yuki Tsunoda,RB F1 Team,1:30.716,1:30.289,1:30.354
2024,18,9,Charles Leclerc,Ferrari,1:30.786,1:29.747,
2024,18,10,Carlos Sainz,Ferrari,1:30.670,1:30.108,
2024,18,11,Alexander Albon,Williams,1:30.679,1:30.474,
2024,18,12,Franco Colapinto,Williams,1:30.704,1:30.481,
2024,18,13,Sergio Pérez,Red Bull,1:30.624,1:30.579,
2024,18,14,Kevin Magnussen,Haas F1 Team,1:30.829,1:30.653,
2024,18,15,Esteban Ocon,Alpine F1 Team,1:30.958,1:30.769,
2024,18,16,Daniel Ricciardo,RB F1 Team,1:31.085,,
2024,18,17,Lance Stroll,Aston Martin,1:31.094,,
2024,18,18,Pierre Gasly,Alpine F1 Team,1:31.312,,
2024,18,19,Valtteri Bottas,Sauber,1:31.572,,
2024,18,20,Guanyu Zhou,Sauber,1:32.054,,
2024,19,1,Lando Norris,McLaren,1:33.616,1:32.851,1:32.330
2024,19,2,Max Verstappen,Red Bull,1:33.046,1:32.584,1:32.361
2024,19,3,Carlos Sainz,Ferrari,1:33.556,1:32.836,1:32.652
2024,19,4,Charles Leclerc,Ferrari,1:33.241,1:32.962,1:32.740
2024,19,5,Oscar Piastri,McLaren,1:33.864,1:33.057,1:32.950
2024,19,6,George Russell,Mercedes,1:33.536,1:33.142,1:32.974
2024,19,7,Pierre Gasly,Alpine F1 Team,1:33.550,1:33.162,1:33.018
2024,19,8,Fernando Alonso,Aston Martin,1:33.973,1:33.429,1:33.309
2024,19,9,Kevin Magnussen,Haas F1 Team,1:33.564,1:33.474,1:33.481
2024,19,10,Sergio Pérez,Red Bull,1:33.611,1:33.020,
2024,19,11,Yuki Tsunoda,RB F1 Team,1:33.795,1:33.506,
2024,19,12,Nico Hülkenberg,Haas F1 Team,1:33.601,1:33.544,
2024,19,13,Esteban Ocon,Alpine F1 Team,1:33.986,1:33.597,
2024,19,14,Lance Stroll,Aston Martin,1:34.033,1:33.759,
2024,19,15,Liam Lawson,RB F1 Team,1:33.339,,
2024,19,16,Alexander Albon,Williams,1:34.051,,
2024,19,17,Franco Colapinto,Williams,1:34.062,,
2024,19,18,Valtteri Bottas,Sauber,1:34.152,,
2024,19,19,Lewis Hamilton,Mercedes,1:34.154,,
2024,19,20,Guanyu Zhou,Sauber,1:34.228,,
2024,20,1,Carlos Sainz,Ferrari,1:16.778,1:16.515,1:15.946
2024,20,2,Max Verstappen,Red Bull,1:16.803,1:16.514,1:16.171
2024,20,3,Lando Norris,McLaren,1:16.505,1:16.301,1:16.260
2024,20,4,Charles Leclerc,Ferrari,1:16.972,1:16.641,1:16.265
2024,20,5,George Russell,Mercedes,1:17.194,1:16.937,1:16.356
2024,20,6,Lewis Hamilton,Mercedes,1:17.306,1:16.973,1:16.651
2024,20,7,Kevin Magnussen,Haas F1 Team,1:17.125,1:17.003,1:16.886
2024,20,8,Pierre Gasly,Alpine F1 Team,1:17.149,1:17.048,1:16.892
2024,20,9,Alexander Albon,Williams,1:17.189,1:16.988,1:17.065
2024,20,10,Nico Hülkenberg,Haas F1 Team,1:17.186,1:16.995,1:17.365
2024,20,11,Yuki Tsunoda,RB F1 Team,1:17.182,1:17.129,
2024,20,12,Liam Lawson,RB F1 Team,1:17.380,1:17.162,
2024,20,13,Fernando Alonso,Aston Martin,1:17.307,1:17.168,
2024,20,14,Lance Stroll,Aston Martin,1:17.407,1:17.294,
2024,20,15,Valtteri Bottas,Sauber,1:17.393,1:17.817,
2024,20,16,Franco Colapinto,Williams,1:17.558,,
2024,20,17,Oscar Piastri,McLaren,1:17.597,,
2024,20,18,Sergio Pérez,Red Bull,1:17.611,,
2024,20,19,Esteban Ocon,Alpine F1 Team,1:17.617,,
2024,20,20,Guanyu Zhou,Sauber,1:18.072,,
2024,21,1,Lando Norris,McLaren,1:30.944,1:24.844,1:23.405
2024,21,2,George Russell,Mercedes,1:29.121,1:26.307,1:23.578
2024,21,3,Yuki Tsunoda,RB F1 Team,1:29.172,1:26.464,1:24.111
2024,21,4,Esteban Ocon,Alpine F1 Team,1:29.171,1:26.206,1:24.475
2024,21,5,Liam Lawson,RB F1 Team,1:30.758,1:25.654,1:24.484
2024,21,6,Charles Leclerc,Ferrari,1:29.839,1:26.097,1:24.525
2024,21,7,Alexander Albon,Williams,1:29.072,1:24.657,1:24.657
2024,21,8,Oscar Piastri,McLaren,1:30.114,1:24.686,1:24.686
2024,21,9,Fernando Alonso,Aston Martin,1:30.207,1:28.998,1:28.998
2024,21,10,Lance Stroll,Aston Martin,1:30.580,1:26.334,
2024,21,11,Valtteri Bottas,Sauber,1:30.633,1:26.472,
2024,21,12,Max Verstappen,Red Bull,1:28.522,1:27.771,
2024,21,13,Sergio Pérez,Red Bull,1:30.035,1:28.158,
2024,21,14,Carlos Sainz,Ferrari,1:30.303,1:29.406,
2024,21,15,Pierre Gasly,Alpine F1 Team,1:29.420,1:29.614,
2024,21,16,Lewis Hamilton,Mercedes,1:31.150,,
2024,21,17,Oliver Bearman,Haas F1 Team,1:31.229,,
2024,21,18,Franco Colapinto,Williams,1:31.270,,
2024,21,19,Nico Hülkenberg,Haas F1 Team,1:31.623,,
2024,21,20,Guanyu Zhou,Sauber,1:32.263,,
2024,22,1,George Russell,Mercedes,1:33.186,1:32.779,1:32.312
2024,22,2,Carlos Sainz,Ferrari,1:33.484,1:32.711,1:32.410
2024,22,3,Pierre Gasly,Alpine F1 Team,1:33.691,1:32.879,1:32.664
2024,22,4,Charles Leclerc,Ferrari,1:33.446,1:33.016,1:32.783
2024,22,5,Max Verstappen,Red Bull,1:33.299,1:33.085,1:32.797
2024,22,6,Lando Norris,McLaren,1:33.592,1:33.099,1:33.008
2024,22,7,Yuki Tsunoda,RB F1 Team,1:33.789,1:33.089,1:33.029
2024,22,8,Oscar Piastri,McLaren,1:33.450,1:33.024,1:33.033
2024,22,9,Nico Hülkenberg,Haas F1 Team,1:33.920,1:33.114,1:33.062
2024,22,10,Lewis Hamilton,Mercedes,1:33.225,1:32.567,1:48.106
2024,22,11,Esteban Ocon,Alpine F1 Team,1:33.968,1:33.221,
2024,22,12,Kevin Magnussen,Haas F1 Team,1:33.991,1:33.297,
2024,22,13,Guanyu Zhou,Sauber,1:34.079,1:33.566,
2024,22,14,Franco Colapinto,Williams,1:33.746,1:33.749,
2024,22,15,Liam Lawson,RB F1 Team,1:34.087,1:34.257,
2024,22,16,Sergio Pérez,Red Bull,1:34.155,,
2024,22,17,Fernando Alonso,Aston Martin,1:34.258,,
2024,22,18,Alexander Albon,Williams,1:34.425,,
2024,22,19,Valtteri Bottas,Sauber,1:34.430,,
2024,22,20,Lance Stroll,Aston Martin,1:34.484,,
2024,23,1,Max Verstappen,Red Bull,1:21.579,1:20.687,1:20.520
2024,23,2,George Russell,Mercedes,1:21.241,1:21.069,1:20.575
2024,23,3,Lando Norris,McLaren,1:21.578,1:20.983,1:20.772
2024,23,4,Oscar Piastri,McLaren,1:21.821,1:21.121,1:20.829
2024,23,5,Charles Leclerc,Ferrari,1:21.278,1:21.000,1:20.852
2024,23,6,Lewis Hamilton,Mercedes,1:21.637,1:21.095,1:21.011
2024,23,7,Carlos Sainz,Ferrari,1:21.447,1:21.199,1:21.041
2024,23,8,Fernando Alonso,Aston Martin,1:21.608,1:21.208,1:21.251
2024,23,9,Sergio Pérez,Red Bull,1:21.675,1:21.425,1:21.425
2024,23,10,Kevin Magnussen,Haas F1 Team,1:21.891,1:21.387,1:21.500
2024,23,11,Pierre Gasly,Alpine F1 Team,1:21.843,1:21.437,
2024,23,12,Guanyu Zhou,Sauber,1:22.103,1:21.501,
2024,23,13,Valtteri Bottas,Sauber,1:21.927,1:21.731,
2024,23,14,Yuki Tsunoda,RB F1 Team,1:22.364,1:21.771,
2024,23,15,Lance Stroll,Aston Martin,1:22.011,1:21.911,
2024,23,16,Alexander Albon,Williams,1:22.390,,
2024,23,17,Liam Lawson,RB F1 Team,1:22.411,,
2024,23,18,Nico Hülkenberg,Haas F1 Team,1:22.442,,
2024,23,19,Franco Colapinto,Williams,1:22.594,,
2024,23,20,Esteban Ocon,Alpine F1 Team,1:22.714,,
2024,24,1,Lando Norris,McLaren,1:23.682,1:23.098,1:22.595
2024,24,2,Oscar Piastri,McLaren,1:23.640,1:23.199,1:22.804
2024,24,3,Carlos Sainz,Ferrari,1:23.487,1:22.985,1:22.824
2024,24,4,Nico Hülkenberg,Haas F1 Team,1:23.722,1:23.040,1:22.886
2024,24,5,Max Verstappen,Red Bull,1:23.516,1:22.998,1:22.945
2024,24,6,Pierre Gasly,Alpine F1 Team,1:23.548,1:23.086,1:22.984
2024,24,7,George Russell,Mercedes,1:23.678,1:23.283,1:23.132
2024,24,8,Fernando Alonso,Aston Martin,1:23.794,1:23.268,1:23.196
2024,24,9,Valtteri Bottas,Sauber,1:23.481,1:23.341,1:23.204
2024,24,10,Sergio Pérez,Red Bull,1:23.559,1:23.379,1:23.264
2024,24,11,Yuki Tsunoda,RB F1 Team,1:23.735,1:23.419,
2024,24,12,Liam Lawson,RB F1 Team,1:23.733,1:23.472,
2024,24,13,Lance Stroll,Aston Martin,1:23.729,1:23.784,
2024,24,14,Charles Leclerc,Ferrari,1:23.302,1:23.833,
2024,24,15,Kevin Magnussen,Haas F1 Team,1:23.632,1:23.877,
2024,24,16,Alexander Albon,Williams,1:23.821,,
2024,24,17,Guanyu Zhou,Sauber,1:23.880,,
2024,24,18,Lewis Hamilton,Mercedes,1:23.887,,
2024,24,19,Franco Colapinto,Williams,1:23.912,,
2024,24,20,Jack Doohan,Alpine F1 Team,1:24.105,,
2025,1,1,Lando Norris,McLaren,1:15.912,1:15.415,1:15.096
2025,1,2,Oscar Piastri,McLaren,1:16.062,1:15.468,1:15.180
2025,1,3,Max Verstappen,Red Bull,1:16.018,1:15.565,1:15.481
2025,1,4,George Russell,Mercedes,1:15.971,1:15.798,1:15.546
2025,1,5,Yuki Tsunoda,RB F1 Team,1:16.225,1:16.009,1:15.670
2025,1,6,Alexander Albon,Williams,1:16.245,1:16.017,1:15.737
2025,1,7,Charles Leclerc,Ferrari,1:16.029,1:15.827,1:15.755
2025,1,8,Lewis Hamilton,Ferrari,1:16.213,1:15.919,1:15.973
2025,1,9,Pierre Gasly,Alpine F1 Team,1:16.328,1:16.112,1:15.980
2025,1,10,Carlos Sainz,Williams,1:16.360,1:15.931,1:16.062
2025,1,11,Isack Hadjar,RB F1 Team,1:16.354,1:16.175,
2025,1,12,Fernando Alonso,Aston Martin,1:16.288,1:16.453,
2025,1,13,Lance Stroll,Aston Martin,1:16.369,1:16.483,
2025,1,14,Jack Doohan,Alpine F1 Team,1:16.315,1:16.863,
2025,1,15,Gabriel Bortoleto,Sauber,1:16.516,1:17.520,
2025,1,16,Andrea Kimi Antonelli,Mercedes,1:16.525,,
2025,1,17,Nico Hülkenberg,Sauber,1:16.579,,
2025,1,18,Liam Lawson,Red Bull,1:17.094,,
2025,1,19,Esteban Ocon,Haas F1 Team,1:17.147,,
2025,1,20,Oliver Bearman,Haas F1 Team,,,
2025,2,1,Oscar Piastri,McLaren,1:31.591,1:31.200,1:30.641
2025,2,2,George Russell,Mercedes,1:31.295,1:31.307,1:30.723
2025,2,3,Lando Norris,McLaren,1:30.983,1:30.787,1:30.793
2025,2,4,Max Verstappen,Red Bull,1:31.424,1:31.142,1:30.817
2025,2,5,Lewis Hamilton,Ferrari,1:31.690,1:31.501,1:30.927
2025,2,6,Charles Leclerc,Ferrari,1:31.579,1:31.450,1:31.021
2025,2,7,Isack Hadjar,RB F1 Team,1:31.162,1:31.253,1:31.079
2025,2,8,Andrea Kimi Antonelli,Mercedes,1:31.676,1:31.590,1:31.103
2025,2,9,Yuki Tsunoda,RB F1 Team,1:31.238,1:31.260,1:31.638
2025,2,10,Alexander Albon,Williams,1:31.503,1:31.595,1:31.706
2025,2,11,Esteban Ocon,Haas F1 Team,1:31.876,1:31.625,
2025,2,12,Nico Hülkenberg,Sauber,1:31.921,1:31.632,
2025,2,13,Fernando Alonso,Aston Martin,1:31.719,1:31.688,
2025,2,14,Lance Stroll,Aston Martin,1:31.923,1:31.773,
2025,2,15,Carlos Sainz,Williams,1:31.628,1:31.840,
2025,2,16,Pierre Gasly,Alpine F1 Team,1:31.992,,
2025,2,17,Oliver Bearman,Haas F1 Team,1:32.018,,
2025,2,18,Jack Doohan,Alpine F1 Team,1:32.092,,
2025,2,19,Gabriel Bortoleto,Sauber,1:32.141,,
2025,2,20,Liam Lawson,Red Bull,1:32.174,,
2025,3,1,Max Verstappen,Red Bull,1:27.943,1:27.502,1:26.983
2025,3,2,Lando Norris,McLaren,1:27.845,1:27.146,1:26.995
2025,3,3,Oscar Piastri,McLaren,1:27.687,1:27.507,1:27.027
2025,3,4,Charles Leclerc,Ferrari,1:27.920,1:27.555,1:27.299
2025,3,5,George Russell,Mercedes,1:27.843,1:27.400,1:27.318
2025,3,6,Andrea Kimi Antonelli,Mercedes,1:27.968,1:27.639,1:27.555
2025,3,7,Isack Hadjar,RB F1 Team,1:28.278,1:27.775,1:27.569
2025,3,8,Lewis Hamilton,Ferrari,1:27.942,1:27.610,1:27.610
2025,3,9,Alexander Albon,Williams,1:28.218,1:27.783,1:27.615
2025,3,10,Oliver Bearman,Haas F1 Team,1:28.228,1:27.711,1:27.867
2025,3,11,Pierre Gasly,Alpine F1 Team,1:28.186,1:27.822,
2025,3,12,Carlos Sainz,Williams,1:28.209,1:27.836,
2025,3,13,Fernando Alonso,Aston Martin,1:28.337,1:27.897,
2025,3,14,Liam Lawson,RB F1 Team,1:28.554,1:27.906,
2025,3,15,Yuki Tsunoda,Red Bull,1:27.967,1:28.000,
2025,3,16,Nico Hülkenberg,Sauber,1:28.570,,
2025,3,17,Gabriel Bortoleto,Sauber,1:28.622,,
2025,3,18,Esteban Ocon,Haas F1 Team,1:28.696,,
2025,3,19,Jack Doohan,Alpine F1 Team,1:28.877,,
2025,3,20,Lance Stroll,Aston Martin,1:29.271,,
2025,4,1,Oscar Piastri,McLaren,1:31.392,1:30.454,1:29.841
2025,4,2,George Russell,Mercedes,1:31.494,1:30.664,1:30.009
2025,4,3,Charles Leclerc,Ferrari,1:31.454,1:30.724,1:30.175
2025,4,4,Andrea Kimi Antonelli,Mercedes,1:31.415,1:30.716,1:30.213
2025,4,5,Pierre Gasly,Alpine F1 Team,1:31.462,1:30.643,1:30.216
2025,4,6,Lando Norris,McLaren,1:31.107,1:30.560,1:30.267
2025,4,7,Max Verstappen,Red Bull,1:31.303,1:31.019,1:30.423
2025,4,8,Carlos Sainz,Williams,1:31.591,1:30.844,1:30.680
2025,4,9,Lewis Hamilton,Ferrari,1:31.219,1:31.009,1:30.772
2025,4,10,Yuki Tsunoda,Red Bull,1:31.751,1:31.228,1:31.303
2025,4,11,Jack Doohan,Alpine F1 Team,1:31.414,1:31.245,
2025,4,12,Isack Hadjar,RB F1 Team,1:31.591,1:31.271,
2025,4,13,Fernando Alonso,Aston Martin,1:31.634,1:31.886,
2025,4,14,Esteban Ocon,Haas F1 Team,1:31.594,,
2025,4,15,Alexander Albon,Williams,1:32.040,,
2025,4,16,Nico Hülkenberg,Sauber,1:32.067,,
2025,4,17,Liam Lawson,RB F1 Team,1:32.165,,
2025,4,18,Gabriel Bortoleto,Sauber,1:32.186,,
2025,4,19,Lance Stroll,Aston Martin,1:32.283,,
2025,4,20,Oliver Bearman,Haas F1 Team,1:32.373,,
2025,5,1,Max Verstappen,Red Bull,1:27.778,1:27.529,1:27.294
2025,5,2,Oscar Piastri,McLaren,1:27.901,1:27.545,1:27.304
2025,5,3,George Russell,Mercedes,1:28.282,1:27.599,1:27.407
2025,5,4,Charles Leclerc,Ferrari,1:28.552,1:27.866,1:27.670
2025,5,5,Andrea Kimi Antonelli,Mercedes,1:28.128,1:27.798,1:27.866
2025,5,6,Carlos Sainz,Williams,1:28.354,1:28.024,1:28.164
2025,5,7,Lewis Hamilton,Ferrari,1:28.372,1:28.102,1:28.201
2025,5,8,Yuki Tsunoda,Red Bull,1:28.226,1:27.990,1:28.204
2025,5,9,Pierre Gasly,Alpine F1 Team,1:28.421,1:28.025,1:28.367
2025,5,10,Lando Norris,McLaren,1:27.805,1:27.481,
2025,5,11,Alexander Albon,Williams,1:28.279,1:28.109,
2025,5,12,Liam Lawson,RB F1 Team,1:28.561,1:28.191,
2025,5,13,Fernando Alonso,Aston Martin,1:28.548,1:28.303,
2025,5,14,Isack Hadjar,RB F1 Team,1:28.571,1:28.418,
2025,5,15,Oliver Bearman,Haas F1 Team,1:28.536,1:28.648,
2025,5,16,Lance Stroll,Aston Martin,1:28.645,,
2025,5,17,Jack Doohan,Alpine F1 Team,1:28.739,,
2025,5,18,Nico Hülkenberg,Sauber,1:28.782,,
2025,5,19,Esteban Ocon,Haas F1 Team,1:29.092,,
2025,5,20,Gabriel Bortoleto,Sauber,1:29.462,,
2025,6,1,Max Verstappen,Red Bull,,,
2025,6,2,Lando Norris,McLaren,,,
2025,6,3,Andrea Kimi Antonelli,Mercedes,,,
2025,6,4,Oscar Piastri,McLaren,,,
2025,6,5,George Russell,Mercedes,,,
2025,6,6,Carlos Sainz,Williams,,,
2025,6,7,Alexander Albon,Williams,,,
2025,6,8,Charles Leclerc,Ferrari,,,
2025,6,9,Esteban Ocon,Haas F1 Team,,,
2025,6,10,Yuki Tsunoda,Red Bull,,,
2025,6,11,Isack Hadjar,RB F1 Team,,,
2025,6,12,Lewis Hamilton,Ferrari,,,
2025,6,13,Gabriel Bortoleto,Sauber,,,
2025,6,14,Jack Doohan,Alpine F1 Team,,,
2025,6,15,Liam Lawson,RB F1 Team,,,
2025,6,16,Nico Hülkenberg,Sauber,,,
2025,6,17,Fernando Alonso,Aston Martin,,,
2025,6,18,Pierre Gasly,Alpine F1 Team,,,
2025,6,19,Lance Stroll,Aston Martin,,,
2025,6,20,Oliver Bearman,Haas F1 Team,,,
2025,7,1,Oscar Piastri,McLaren,1:15.500,1:15.214,1:14.670
2025,7,2,Max Verstappen,Red Bull,1:15.175,1:15.394,1:14.704
2025,7,3,George Russell,Mercedes,1:15.852,1:15.334,1:14.807
2025,7,4,Lando Norris,McLaren,1:15.894,1:15.261,1:14.962
2025,7,5,Fernando Alonso,Aston Martin,1:15.695,1:15.442,1:15.431
2025,7,6,Carlos Sainz,Williams,1:15.987,1:15.198,1:15.432
2025,7,7,Alexander Albon,Williams,1:16.123,1:15.521,1:15.473
2025,7,8,Lance Stroll,Aston Martin,1:15.817,1:15.497,1:15.581
2025,7,9,Isack Hadjar,RB F1 Team,1:16.253,1:15.510,1:15.746
2025,7,10,Pierre Gasly,Alpine F1 Team,1:15.937,1:15.505,1:15.787
2025,7,11,Charles Leclerc,Ferrari,1:16.108,1:15.604,
2025,7,12,Lewis Hamilton,Ferrari,1:16.163,1:15.765,
2025,7,13,Andrea Kimi Antonelli,Mercedes,1:15.943,1:15.772,
2025,7,14,Gabriel Bortoleto,Sauber,1:16.340,1:16.260,
2025,7,15,Franco Colapinto,Alpine F1 Team,1:16.256,,
2025,7,16,Oliver Bearman,Haas F1 Team,1:16.918,,
2025,7,16,Liam Lawson,RB F1 Team,1:16.379,,
2025,7,17,Nico Hülkenberg,Sauber,1:16.518,,
2025,7,18,Esteban Ocon,Haas F1 Team,1:16.613,,
2025,7,20,Yuki Tsunoda,Red Bull,,,
2025,8,1,Lando Norris,McLaren,1:11.285,1:10.570,1:09.954
2025,8,2,Charles Leclerc,Ferrari,1:11.229,1:10.581,1:10.063
2025,8,3,Oscar Piastri,McLaren,1:11.308,1:10.858,1:10.129
2025,8,4,Lewis Hamilton,Ferrari,1:11.575,1:10.883,1:10.382
2025,8,5,Max Verstappen,Red Bull,1:11.431,1:10.875,1:10.669
2025,8,6,Isack Hadjar,RB F1 Team,1:11.811,1:11.040,1:10.923
2025,8,7,Fernando Alonso,Aston Martin,1:11.674,1:11.182,1:10.924
2025,8,8,Esteban Ocon,Haas F1 Team,1:11.839,1:11.262,1:10.942
2025,8,9,Liam Lawson,RB F1 Team,1:11.818,1:11.250,1:11.129
2025,8,10,Alexander Albon,Williams,1:11.629,1:10.732,1:11.213
2025,8,11,Carlos Sainz,Williams,1:11.707,1:11.362,
2025,8,12,Yuki Tsunoda,Red Bull,1:11.800,1:11.415,
2025,8,13,Nico Hülkenberg,Sauber,1:11.871,1:11.596,
2025,8,14,George Russell,Mercedes,1:11.507,,
2025,8,15,Andrea Kimi Antonelli,Mercedes,1:11.880,,
2025,8,16,Gabriel Bortoleto,Sauber,1:11.902,,
2025,8,17,Oliver Bearman,Haas F1 Team,1:11.979,,
2025,8,18,Pierre Gasly,Alpine F1 Team,1:11.994,,
2025,8,19,Lance Stroll,Aston Martin,1:12.563,,
2025,8,20,Franco Colapinto,Alpine F1 Team,1:12.597,,
2025,9,1,Oscar Piastri,McLaren,1:12.551,1:11.998,1:11.546
2025,9,2,Lando Norris,McLaren,1:12.799,1:12.056,1:11.755
2025,9,3,Max Verstappen,Red Bull,1:12.798,1:12.358,1:11.848
2025,9,4,George Russell,Mercedes,1:12.806,1:12.407,1:11.848
2025,9,5,Lewis Hamilton,Ferrari,1:13.058,1:12.447,1:12.045
2025,9,6,Andrea Kimi Antonelli,Mercedes,1:12.815,1:12.585,1:12.111
2025,9,7,Charles Leclerc,Ferrari,1:13.014,1:12.495,1:12.131
2025,9,8,Pierre Gasly,Alpine F1 Team,1:13.081,1:12.611,1:12.199
2025,9,9,Isack Hadjar,RB F1 Team,1:13.139,1:12.461,1:12.252
2025,9,10,Fernando Alonso,Aston Martin,1:13.102,1:12.523,1:12.284
2025,9,11,Alexander Albon,Williams,1:13.044,1:12.641,
2025,9,12,Gabriel Bortoleto,Sauber,1:13.045,1:12.756,
2025,9,13,Liam Lawson,RB F1 Team,1:13.039,1:12.763,
2025,9,14,Lance Stroll,Aston Martin,1:13.038,1:13.058,
2025,9,15,Oliver Bearman,Haas F1 Team,1:13.074,1:13.315,
2025,9,16,Nico Hülkenberg,Sauber,1:13.190,,
2025,9,17,Esteban Ocon,Haas F1 Team,1:13.201,,
2025,9,18,Carlos Sainz,Williams,1:13.203,,
2025,9,19,Franco Colapinto,Alpine F1 Team,1:13.334,,
2025,9,20,Yuki Tsunoda,Red Bull,1:13.385,,
2025,10,1,George Russell,Mercedes,1:12.075,1:11.570,1:10.899
2025,10,2,Max Verstappen,Red Bull,1:12.054,1:11.638,1:11.059
2025,10,3,Oscar Piastri,McLaren,1:11.939,1:11.715,1:11.120
2025,10,4,Andrea Kimi Antonelli,Mercedes,1:12.279,1:11.974,1:11.391
2025,10,5,Lewis Hamilton,Ferrari,1:11.952,1:11.885,1:11.526
2025,10,6,Fernando Alonso,Aston Martin,1:12.073,1:11.805,1:11.586
2025,10,7,Lando Norris,McLaren,1:11.826,1:11.599,1:11.625
2025,10,8,Charles Leclerc,Ferrari,1:12.038,1:11.626,1:11.682
2025,10,9,Isack Hadjar,RB F1 Team,1:12.211,1:12.003,1:11.867
2025,10,10,Alexander Albon,Williams,1:12.090,1:11.892,1:11.907
2025,10,11,Yuki Tsunoda,Red Bull,1:12.334,1:12.102,
2025,10,12,Franco Colapinto,Alpine F1 Team,1:12.234,1:12.142,
2025,10,13,Nico Hülkenberg,Sauber,1:12.323,1:12.183,
2025,10,14,Oliver Bearman,Haas F1 Team,1:12.306,1:12.340,
2025,10,15,Esteban Ocon,Haas F1 Team,1:12.378,1:12.634,
2025,10,16,Gabriel Bortoleto,Sauber,1:12.385,,
2025,10,17,Carlos Sainz,Williams,1:12.398,,
2025,10,18,Lance Stroll,Aston Martin,1:12.517,,
2025,10,19,Liam Lawson,RB F1 Team,1:12.525,,
2025,10,20,Pierre Gasly,Alpine F1 Team,1:12.667,,
2025,11,1,Lando Norris,McLaren,1:04.672,1:04.410,1:03.971
2025,11,2,Charles Leclerc,Ferrari,1:05.197,1:04.734,1:04.492
2025,11,3,Oscar Piastri,McLaren,1:04.966,1:04.556,1:04.554
2025,11,4,Lewis Hamilton,Ferrari,1:05.115,1:04.896,1:04.582
2025,11,5,George Russell,Mercedes,1:05.189,1:04.860,1:04.763
2025,11,6,Liam Lawson,RB F1 Team,1:05.017,1:05.041,1:04.926
2025,11,7,Max Verstappen,Red Bull,1:05.106,1:04.836,1:04.929
2025,11,8,Gabriel Bortoleto,Sauber,1:05.123,1:04.846,1:05.132
2025,11,9,Andrea Kimi Antonelli,Mercedes,1:05.178,1:05.052,1:05.276
2025,11,10,Pierre Gasly,Alpine F1 Team,1:05.054,1:04.846,1:05.649
2025,11,11,Fernando Alonso,Aston Martin,1:05.197,1:05.128,
2025,11,12,Alexander Albon,Williams,1:05.143,1:05.205,
2025,11,13,Isack Hadjar,RB F1 Team,1:05.063,1:05.226,
2025,11,14,Franco Colapinto,Alpine F1 Team,1:05.278,1:05.288,
2025,11,15,Oliver Bearman,Haas F1 Team,1:05.218,1:05.312,
2025,11,16,Lance Stroll,Aston Martin,1:05.329,,
2025,11,17,Esteban Ocon,Haas F1 Team,1:05.364,,
2025,11,18,Yuki Tsunoda,Red Bull,1:05.369,,
2025,11,19,Carlos Sainz,Williams,1:05.582,,
2025,11,20,Nico Hülkenberg,Sauber,1:05.606,,
2025,12,1,Max Verstappen,Red Bull,1:25.886,1:25.316,1:24.892
2025,12,2,Oscar Piastri,McLaren,1:25.963,1:25.316,1:24.995
2025,12,3,Lando Norris,McLaren,1:26.123,1:25.231,1:25.010
2025,12,4,George Russell,Mercedes,1:26.236,1:25.637,1:25.029
2025,12,5,Lewis Hamilton,Ferrari,1:26.296,1:25.084,1:25.095
2025,12,6,Charles Leclerc,Ferrari,1:26.186,1:25.133,1:25.121
2025,12,7,Andrea Kimi Antonelli,Mercedes,1:26.265,1:25.620,1:25.374
2025,12,8,Oliver Bearman,Haas F1 Team,1:26.005,1:25.534,1:25.471
2025,12,9,Fernando Alonso,Aston Martin,1:26.108,1:25.593,1:25.621
2025,12,10,Pierre Gasly,Alpine F1 Team,1:26.328,1:25.711,1:25.785
2025,12,11,Carlos Sainz,Williams,1:26.175,1:25.746,
2025,12,12,Yuki Tsunoda,Red Bull,1:26.275,1:25.826,
2025,12,13,Isack Hadjar,RB F1 Team,1:26.177,1:25.864,
2025,12,14,Alexander Albon,Williams,1:26.093,1:25.889,
2025,12,15,Esteban Ocon,Haas F1 Team,1:26.136,1:25.950,
2025,12,16,Liam Lawson,RB F1 Team,1:26.440,,
2025,12,17,Gabriel Bortoleto,Sauber,1:26.446,,
2025,12,18,Lance Stroll,Aston Martin,1:26.504,,
2025,12,19,Nico Hülkenberg,Sauber,1:26.574,,
2025,12,20,Franco Colapinto,Alpine F1 Team,1:27.060,,
2025,13,1,Lando Norris,McLaren,1:41.010,1:40.715,1:40.562
2025,13,2,Oscar Piastri,McLaren,1:41.201,1:40.626,1:40.647
2025,13,3,Charles Leclerc,Ferrari,1:41.635,1:41.084,1:40.900
2025,13,4,Max Verstappen,Red Bull,1:41.334,1:40.951,1:40.903
2025,13,5,Alexander Albon,Williams,1:41.772,1:41.505,1:41.201
2025,13,6,George Russell,Mercedes,1:41.784,1:41.254,1:41.260
2025,13,7,Yuki Tsunoda,Red Bull,1:41.840,1:41.245,1:41.284
2025,13,8,Isack Hadjar,RB F1 Team,1:41.572,1:41.281,1:41.310
2025,13,9,Liam Lawson,RB F1 Team,1:41.748,1:41.297,1:41.328
2025,13,10,Gabriel Bortoleto,Sauber,1:41.908,1:41.336,1:42.387
2025,13,11,Esteban Ocon,Haas F1 Team,1:41.884,1:41.525,
2025,13,12,Oliver Bearman,Haas F1 Team,1:41.617,1:41.617,
2025,13,13,Pierre Gasly,Alpine F1 Team,1:41.800,1:41.633,
2025,13,14,Nico Hülkenberg,Sauber,1:41.844,1:41.707,
2025,13,15,Carlos Sainz,Williams,1:41.691,1:41.758,
2025,13,16,Lewis Hamilton,Ferrari,1:41.939,,
2025,13,17,Franco Colapinto,Alpine F1 Team,1:42.022,,
2025,13,18,Andrea Kimi Antonelli,Mercedes,1:42.139,,
2025,13,19,Fernando Alonso,Aston Martin,1:42.385,,
2025,13,20,Lance Stroll,Aston Martin,1:42.502,,
2025,14,1,Charles Leclerc,Ferrari,1:15.582,1:15.455,1:15.372
2025,14,2,Oscar Piastri,McLaren,1:15.211,1:14.941,1:15.398
2025,14,3,Lando Norris,McLaren,1:15.523,1:14.890,1:15.413
2025,14,4,George Russell,Mercedes,1:15.627,1:15.201,1:15.425
2025,14,5,Fernando Alonso,Aston Martin,1:15.281,1:15.395,1:15.481
2025,14,6,Lance Stroll,Aston Martin,1:15.673,1:15.129,1:15.498
2025,14,7,Gabriel Bortoleto,Sauber,1:15.586,1:15.687,1:15.725
2025,14,8,Max Verstappen,Red Bull,1:15.736,1:15.547,1:15.728
2025,14,9,Liam Lawson,RB F1 Team,1:15.849,1:15.630,1:15.821
2025,14,10,Isack Hadjar,RB F1 Team,1:15.516,1:15.469,1:15.915
2025,14,11,Oliver Bearman,Haas F1 Team,1:15.750,1:15.694,
2025,14,12,Lewis Hamilton,Ferrari,1:15.733,1:15.702,
2025,14,13,Carlos Sainz,Williams,1:15.652,1:15.781,
2025,14,14,Franco Colapinto,Alpine F1 Team,1:15.875,1:16.159,
2025,14,15,Andrea Kimi Antonelli,Mercedes,1:15.782,1:16.386,
2025,14,16,Yuki Tsunoda,Red Bull,1:15.899,,
2025,14,17,Pierre Gasly,Alpine F1 Team,1:15.966,,
2025,14,18,Esteban Ocon,Haas F1 Team,1:16.023,,
2025,14,19,Nico Hülkenberg,Sauber,1:16.081,,
2025,14,20,Alexander Albon,Williams,1:16.223,,
2025,15,1,Oscar Piastri,McLaren,1:09.338,1:08.964,1:08.662
2025,15,2,Lando Norris,McLaren,1:09.469,1:08.874,1:08.674
2025,15,3,Max Verstappen,Red Bull,1:09.696,1:09.122,1:08.925
2025,15,4,Isack Hadjar,RB F1 Team,1:09.966,1:09.439,1:09.208
2025,15,5,George Russell,Mercedes,1:09.676,1:09.313,1:09.255
2025,15,6,Charles Leclerc,Ferrari,1:09.906,1:09.304,1:09.340
2025,15,7,Lewis Hamilton,Ferrari,1:09.900,1:09.261,1:09.390
2025,15,8,Liam Lawson,RB F1 Team,1:09.779,1:09.383,1:09.500
2025,15,9,Carlos Sainz,Williams,1:09.980,1:09.472,1:09.505
2025,15,10,Fernando Alonso,Aston Martin,1:09.950,1:09.366,1:09.630
2025,15,11,Andrea Kimi Antonelli,Mercedes,1:09.845,1:09.493,
2025,15,12,Yuki Tsunoda,Red Bull,1:09.954,1:09.622,
2025,15,13,Gabriel Bortoleto,Sauber,1:10.037,1:09.622,
2025,15,14,Pierre Gasly,Alpine F1 Team,1:09.894,1:09.637,
2025,15,15,Alexander Albon,Williams,1:09.792,1:09.652,
2025,15,16,Franco Colapinto,Alpine F1 Team,1:10.104,,
2025,15,17,Nico Hülkenberg,Sauber,1:10.195,,
2025,15,18,Esteban Ocon,Haas F1 Team,1:10.197,,
2025,15,19,Oliver Bearman,Haas F1 Team,1:10.262,,
2025,15,20,Lance Stroll,Aston Martin,,,
2025,16,1,Max Verstappen,Red Bull,1:19.455,1:19.140,1:18.792
2025,16,2,Lando Norris,McLaren,1:19.517,1:19.293,1:18.869
2025,16,3,Oscar Piastri,McLaren,1:19.711,1:19.286,1:18.982
2025,16,4,Charles Leclerc,Ferrari,1:19.689,1:19.310,1:19.007
2025,16,5,Lewis Hamilton,Ferrari,1:19.765,1:19.371,1:19.124
2025,16,6,George Russell,Mercedes,1:19.414,1:19.287,1:19.157
2025,16,7,Andrea Kimi Antonelli,Mercedes,1:19.747,1:19.245,1:19.200
2025,16,8,Gabriel Bortoleto,Sauber,1:19.688,1:19.323,1:19.390
2025,16,9,Fernando Alonso,Aston Martin,1:19.658,1:19.362,1:19.424
2025,16,10,Yuki Tsunoda,Red Bull,1:19.619,1:19.433,1:19.519
2025,16,11,Oliver Bearman,Haas F1 Team,1:19.688,1:19.446,
2025,16,12,Nico Hülkenberg,Sauber,1:19.777,1:19.498,
2025,16,13,Carlos Sainz,Williams,1:19.644,1:19.528,
2025,16,14,Alexander Albon,Williams,1:19.837,1:19.583,
2025,16,15,Esteban Ocon,Haas F1 Team,1:19.816,1:19.707,
2025,16,16,Isack Hadjar,RB F1 Team,1:19.917,,
2025,16,17,Lance Stroll,Aston Martin,1:19.948,,
2025,16,18,Franco Colapinto,Alpine F1 Team,1:19.992,,
2025,16,19,Pierre Gasly,Alpine F1 Team,1:20.103,,
2025,16,20,Liam Lawson,RB F1 Team,1:20.279,,
2025,17,1,Max Verstappen,Red Bull,1:41.331,1:41.255,1:41.117
2025,17,2,Carlos Sainz,Williams,1:42.635,1:41.675,1:41.595
2025,17,3,Liam Lawson,RB F1 Team,1:42.257,1:41.537,1:41.707
2025,17,4,Andrea Kimi Antonelli,Mercedes,1:42.247,1:41.464,1:41.717
2025,17,5,George Russell,Mercedes,1:41.646,1:41.455,1:42.070
2025,17,6,Yuki Tsunoda,Red Bull,1:42.347,1:41.788,1:42.143
2025,17,7,Lando Norris,McLaren,1:41.322,1:41.396,1:42.239
2025,17,8,Isack Hadjar,RB F1 Team,1:41.656,1:41.647,1:42.372
2025,17,9,Oscar Piastri,McLaren,1:41.839,1:41.414,
2025,17,10,Charles Leclerc,Ferrari,1:41.458,1:41.519,
2025,17,11,Fernando Alonso,Aston Martin,1:42.211,1:41.857,
2025,17,12,Lewis Hamilton,Ferrari,1:41.821,1:42.183,
2025,17,13,Gabriel Bortoleto,Sauber,1:42.511,1:42.277,
2025,17,14,Lance Stroll,Aston Martin,1:42.101,1:43.061,
2025,17,15,Oliver Bearman,Haas F1 Team,1:42.666,,
2025,17,16,Franco Colapinto,Alpine F1 Team,1:42.779,,
2025,17,17,Nico Hülkenberg,Sauber,1:42.916,,
2025,17,18,Pierre Gasly,Alpine F1 Team,1:43.139,,
2025,17,19,Alexander Albon,Williams,1:43.778,,
2025,17,20,Esteban Ocon,Haas F1 Team,,,
2025,18,1,George Russell,Mercedes,1:29.928,1:29.562,1:29.158
2025,18,2,Max Verstappen,Red Bull,1:30.028,1:29.572,1:29.340
2025,18,3,Oscar Piastri,McLaren,1:30.313,1:29.813,1:29.524
2025,18,4,Andrea Kimi Antonelli,Mercedes,1:30.036,1:29.649,1:29.537
2025,18,5,Lando Norris,McLaren,1:29.932,1:29.809,1:29.586
2025,18,6,Lewis Hamilton,Ferrari,1:29.765,1:29.936,1:29.688
2025,18,7,Charles Leclerc,Ferrari,1:30.370,1:29.914,1:29.784
2025,18,8,Isack Hadjar,RB F1 Team,1:30.214,1:30.016,1:29.846
2025,18,9,Oliver Bearman,Haas F1 Team,1:30.420,1:30.076,1:29.868
2025,18,10,Fernando Alonso,Aston Martin,1:30.745,1:30.054,1:29.955
2025,18,11,Nico Hülkenberg,Sauber,1:30.715,1:30.141,
2025,18,12,Liam Lawson,RB F1 Team,1:30.681,1:30.320,
2025,18,13,Yuki Tsunoda,Red Bull,1:30.574,1:30.353,
2025,18,14,Gabriel Bortoleto,Sauber,1:30.820,,
2025,18,15,Lance Stroll,Aston Martin,1:30.949,,
2025,18,16,Franco Colapinto,Alpine F1 Team,1:30.982,,
2025,18,17,Esteban Ocon,Haas F1 Team,1:30.989,,
2025,18,18,Pierre Gasly,Alpine F1 Team,1:31.261,,
2025,18,19,Alexander Albon,Williams,,,
2025,18,20,Carlos Sainz,Williams,,,
2025,19,1,Max Verstappen,Red Bull,1:33.207,1:32.701,1:32.510
2025,19,2,Lando Norris,McLaren,1:33.843,1:32.876,1:32.801
2025,19,3,Charles Leclerc,Ferrari,1:33.525,1:32.869,1:32.807
2025,19,4,George Russell,Mercedes,1:33.311,1:33.058,1:32.826
2025,19,5,Lewis Hamilton,Ferrari,1:33.685,1:32.914,1:32.912
2025,19,6,Oscar Piastri,McLaren,1:33.746,1:33.228,1:33.084
2025,19,7,Andrea Kimi Antonelli,Mercedes,1:33.501,1:33.044,1:33.114
2025,19,8,Oliver Bearman,Haas F1 Team,1:33.921,1:33.238,1:33.139
2025,19,9,Carlos Sainz,Williams,1:33.739,1:33.124,1:33.150
2025,19,10,Fernando Alonso,Aston Martin,1:33.741,1:33.237,1:33.160
2025,19,11,Nico Hülkenberg,Sauber,1:33.551,1:33.334,
2025,19,12,Liam Lawson,RB F1 Team,1:33.549,1:33.360,
2025,19,13,Yuki Tsunoda,Red Bull,1:33.935,1:33.466,
2025,19,14,Pierre Gasly,Alpine F1 Team,1:33.599,1:33.651,
2025,19,15,Franco Colapinto,Alpine F1 Team,1:34.039,1:34.044,
2025,19,16,Gabriel Bortoleto,Sauber,1:34.125,,
2025,19,17,Esteban Ocon,Haas F1 Team,1:34.136,,
2025,19,18,Lance Stroll,Aston Martin,1:34.540,,
2025,19,19,Alexander Albon,Williams,1:34.690,,
2025,19,20,Isack Hadjar,RB F1 Team,,,
2025,20,1,Lando Norris,McLaren,1:16.899,1:16.252,1:15.586
2025,20,2,Charles Leclerc,Ferrari,1:17.024,1:16.658,1:15.848
2025,20,3,Lewis Hamilton,Ferrari,1:16.736,1:16.458,1:15.938
2025,20,4,George Russell,Mercedes,1:16.895,1:16.537,1:16.034
2025,20,5,Max Verstappen,Red Bull,1:17.076,1:16.605,1:16.070
2025,20,6,Andrea Kimi Antonelli,Mercedes,1:17.291,1:16.773,1:16.118
2025,20,7,Carlos Sainz,Williams,1:17.171,1:16.607,1:16.172
2025,20,8,Oscar Piastri,McLaren,1:17.158,1:16.737,1:16.174
2025,20,9,Isack Hadjar,RB F1 Team,1:16.733,1:16.804,1:16.252
2025,20,10,Oliver Bearman,Haas F1 Team,1:17.040,1:16.787,1:16.460
2025,20,11,Yuki Tsunoda,Red Bull,1:17.234,1:16.816,
2025,20,12,Esteban Ocon,Haas F1 Team,1:16.948,1:16.837,
2025,20,13,Nico Hülkenberg,Sauber,1:17.251,1:17.016,
2025,20,14,Fernando Alonso,Aston Martin,1:17.232,1:17.103,
2025,20,15,Liam Lawson,RB F1 Team,1:16.961,1:18.072,
2025,20,16,Gabriel Bortoleto,Sauber,1:17.412,,
2025,20,17,Alexander Albon,Williams,1:17.490,,
2025,20,18,Pierre Gasly,Alpine F1 Team,1:17.546,,
2025,20,19,Lance Stroll,Aston Martin,1:17.606,,
2025,20,20,Franco Colapinto,Alpine F1 Team,1:17.670,,
2025,21,1,Lando Norris,McLaren,1:09.656,1:09.616,1:09.511
2025,21,2,Andrea Kimi Antonelli,Mercedes,1:10.192,1:09.774,1:09.685
2025,21,3,Charles Leclerc,Ferrari,1:09.934,1:09.801,1:09.805
2025,21,4,Oscar Piastri,McLaren,1:09.928,1:09.835,1:09.886
2025,21,5,Isack Hadjar,RB F1 Team,1:10.083,1:09.970,1:09.931
2025,21,6,George Russell,Mercedes,1:09.935,1:09.880,1:09.942
2025,21,7,Liam Lawson,RB F1 Team,1:10.108,1:09.950,1:09.962
2025,21,8,Oliver Bearman,Haas F1 Team,1:09.891,1:09.755,1:09.977
2025,21,9,Pierre Gasly,Alpine F1 Team,1:09.885,1:09.857,1:10.002
2025,21,10,Nico Hülkenberg,Sauber,1:10.337,1:09.985,1:10.039
2025,21,11,Fernando Alonso,Aston Martin,1:10.181,1:10.001,
2025,21,12,Alexander Albon,Williams,1:10.115,1:10.053,
2025,21,13,Lewis Hamilton,Ferrari,1:10.016,1:10.100,
2025,21,14,Lance Stroll,Aston Martin,1:10.041,1:10.161,
2025,21,15,Carlos Sainz,Williams,1:10.184,1:10.472,
2025,21,16,Max Verstappen,Red Bull,1:10.403,,
2025,21,17,Esteban Ocon,Haas F1 Team,1:10.438,,
2025,21,18,Franco Colapinto,Alpine F1 Team,1:10.632,,
2025,21,19,Yuki Tsunoda,Red Bull,1:10.711,,
2025,22,1,Lando Norris,McLaren,1:55.473,1:51.379,1:47.934
2025,22,2,Max Verstappen,Red Bull,1:53.458,1:51.593,1:48.257
2025,22,3,Carlos Sainz,Williams,1:54.873,1:51.144,1:48.296
2025,22,4,George Russell,Mercedes,1:53.144,1:50.935,1:48.803
2025,22,5,Oscar Piastri,McLaren,1:54.544,1:52.126,1:48.961
2025,22,6,Liam Lawson,RB F1 Team,1:54.828,1:51.621,1:49.062
2025,22,7,Fernando Alonso,Aston Martin,1:53.739,1:51.865,1:49.466
2025,22,8,Isack Hadjar,RB F1 Team,1:55.613,1:51.120,1:49.554
2025,22,9,Charles Leclerc,Ferrari,1:54.814,1:51.952,1:49.872
2025,22,10,Pierre Gasly,Alpine F1 Team,1:54.432,1:51.760,1:51.540
2025,22,11,Nico Hülkenberg,Sauber,1:54.555,1:52.781,
2025,22,12,Lance Stroll,Aston Martin,1:54.416,1:52.850,
2025,22,13,Esteban Ocon,Haas F1 Team,1:54.635,1:52.987,
2025,22,14,Oliver Bearman,Haas F1 Team,1:56.016,1:53.094,
2025,22,15,Franco Colapinto,Alpine F1 Team,1:54.847,1:53.683,
2025,22,16,Alexander Albon,Williams,1:56.220,,
2025,22,17,Andrea Kimi Antonelli,Mercedes,1:56.314,,
2025,22,18,Gabriel Bortoleto,Sauber,1:56.674,,
2025,22,19,Yuki Tsunoda,Red Bull,1:56.798,,
2025,22,20,Lewis Hamilton,Ferrari,1:57.115,,
2025,23,1,Oscar Piastri,McLaren,1:20.234,1:19.650,1:19.387
2025,23,2,Lando Norris,McLaren,1:20.157,1:19.861,1:19.495
2025,23,3,Max Verstappen,Red Bull,1:20.472,1:19.985,1:19.651
2025,23,4,George Russell,Mercedes,1:20.074,1:20.186,1:19.662
2025,23,5,Andrea Kimi Antonelli,Mercedes,1:20.576,1:20.084,1:19.846
2025,23,6,Isack Hadjar,RB F1 Team,1:20.603,1:20.350,1:20.114
2025,23,7,Carlos Sainz,Williams,1:20.520,1:20.251,1:20.287
2025,23,8,Fernando Alonso,Aston Martin,1:20.598,1:20.219,1:20.418
2025,23,9,Pierre Gasly,Alpine F1 Team,1:20.681,1:20.324,1:20.477
2025,23,10,Charles Leclerc,Ferrari,1:20.564,1:20.343,1:20.561
2025,23,11,Nico Hülkenberg,Sauber,1:20.630,1:20.353,
2025,23,12,Liam Lawson,RB F1 Team,1:20.539,1:20.433,
2025,23,13,Oliver Bearman,Haas F1 Team,1:20.548,1:20.438,
2025,23,14,Gabriel Bortoleto,Sauber,1:20.653,1:20.534,
2025,23,15,Alexander Albon,Williams,1:20.629,1:20.629,
2025,23,16,Yuki Tsunoda,Red Bull,1:20.761,,
2025,23,17,Esteban Ocon,Haas F1 Team,1:20.864,,
2025,23,18,Lewis Hamilton,Ferrari,1:20.907,,
2025,23,19,Lance Stroll,Aston Martin,1:21.058,,
2025,23,20,Franco Colapinto,Alpine F1 Team,1:21.137,,
2025,24,1,Max Verstappen,Red Bull,1:22.877,1:22.752,1:22.207
2025,24,2,Lando Norris,McLaren,1:23.178,1:22.804,1:22.408
2025,24,3,Oscar Piastri,McLaren,1:22.605,1:23.021,1:22.437
2025,24,4,George Russell,Mercedes,1:23.247,1:22.730,1:22.645
2025,24,5,Charles Leclerc,Ferrari,1:23.163,1:22.948,1:22.730
2025,24,6,Fernando Alonso,Aston Martin,1:23.071,1:22.861,1:22.902
2025,24,7,Gabriel Bortoleto,Sauber,1:23.374,1:22.874,1:22.904
2025,24,8,Esteban Ocon,Haas F1 Team,1:23.334,1:23.023,1:22.913
2025,24,9,Isack Hadjar,RB F1 Team,1:23.373,1:22.997,1:23.072
2025,24,10,Yuki Tsunoda,Red Bull,1:23.386,1:23.034,
2025,24,11,Oliver Bearman,Haas F1 Team,1:23.254,1:23.041,
2025,24,12,Carlos Sainz,Williams,1:23.187,1:23.042,
2025,24,13,Liam Lawson,RB F1 Team,1:23.265,1:23.077,
2025,24,14,Andrea Kimi Antonelli,Mercedes,1:22.894,1:23.080,
2025,24,15,Lance Stroll,Aston Martin,1:23.316,1:23.097,
2025,24,16,Lewis Hamilton,Ferrari,1:23.394,,
2025,24,17,Alexander Albon,Williams,1:23.416,,
2025,24,18,Nico Hülkenberg,Sauber,1:23.450,,
2025,24,19,Pierre Gasly,Alpine F1 Team,1:23.468,,
2025,24,20,Franco Colapinto,Alpine F1 Team,1:23.890,,
