season,round,position,position_text,classification,status,points,grid,laps
2000,1,1,1,classified,Finished,10,3,58
2000,1,2,2,classified,Finished,6,4,58
2000,1,3,3,classified,Finished,4,11,58
2000,1,4,4,classified,Finished,3,8,58
2000,1,5,5,classified,Finished,2,9,58
2000,1,6,6,classified,Finished,1,16,58
2000,1,7,7,classified,Finished,0,14,58
2000,1,8,8,classified,+1 Lap,0,18,57
2000,1,9,9,classified,+2 Laps,0,15,56
2000,1,10,D,disqualified,Disqualified,0,10,58
2000,1,11,R,retired,Engine,0,21,46
2000,1,12,R,retired,Transmission,0,19,41
2000,1,13,R,retired,Gearbox,0,22,40
2000,1,14,R,retired,Hydraulics,0,5,39
2000,1,15,R,retired,Engine,0,6,35
2000,1,16,R,retired,Hydraulics,0,17,27
2000,1,17,R,retired,Engine,0,1,18
2000,1,18,R,retired,Suspension,0,13,16
2000,1,19,R,retired,Engine,0,2,11
2000,1,20,R,retired,Suspension,0,12,6
2000,1,21,R,retired,Spun off,0,7,6
2000,1,22,R,retired,Clutch,0,20,1
2000,2,1,1,classified,Finished,10,3,71
2000,2,2,2,classified,Finished,6,5,71
2000,2,3,3,classified,Finished,4,7,71
2000,2,4,4,classified,Finished,3,12,71
2000,2,5,5,classified,+1 Lap,2,11,70
2000,2,6,6,classified,+1 Lap,1,9,70
2000,2,7,7,classified,+1 Lap,0,14,70
2000,2,8,8,classified,+1 Lap,0,16,70
2000,2,9,9,classified,+2 Laps,0,8,69
2000,2,10,10,classified,+2 Laps,0,20,69
2000,2,11,D,disqualified,Disqualified,0,2,71
2000,2,12,R,retired,Gearbox,0,17,51
2000,2,13,R,retired,Engine,0,18,31
2000,2,14,R,retired,Oil pressure,0,1,30
2000,2,15,R,retired,Hydraulics,0,4,27
2000,2,16,R,retired,Spun off,0,6,20
2000,2,17,R,retired,Gearbox,0,10,16
2000,2,18,R,retired,Electrical,0,15,11
2000,2,19,R,retired,Engine,0,19,9
2000,2,20,R,retired,Engine,0,13,6
2000,2,21,W,withdrawn,Safety concerns,0,0,0
2000,2,22,W,withdrawn,Safety concerns,0,0,0
2000,3,1,1,classified,Finished,10,2,62
2000,3,2,2,classified,Finished,6,1,62
2000,3,3,3,classified,Finished,4,3,62
2000,3,4,4,classified,Finished,3,4,62
2000,3,5,5,classified,+1 Lap,2,9,61
2000,3,6,6,classified,+1 Lap,1,12,61
2000,3,7,7,classified,+1 Lap,0,7,61
2000,3,8,8,classified,+1 Lap,0,10,61
2000,3,9,9,classified,+1 Lap,0,11,61
2000,3,10,10,classified,+1 Lap,0,17,61
2000,3,11,11,classified,+1 Lap,0,19,61
2000,3,12,12,classified,+1 Lap,0,14,61
2000,3,13,13,classified,+2 Laps,0,20,60
2000,3,14,14,classified,+3 Laps,0,16,59
2000,3,15,15,classified,Gearbox,0,8,58
2000,3,16,R,retired,Spun off,0,13,49
2000,3,17,R,retired,Fuel system,0,5,45
2000,3,18,R,retired,Hydraulics,0,15,25
2000,3,19,R,retired,Hydraulics,0,22,22
2000,3,20,R,retired,Engine,0,18,5
2000,3,21,R,retired,Spun off,0,21,5
2000,3,22,R,retired,Gearbox,0,6,4
2000,4,1,1,classified,Finished,10,4,60
2000,4,2,2,classified,Finished,6,3,60
2000,4,3,3,classified,Finished,4,5,60
2000,4,4,4,classified,Finished,3,7,60
2000,4,5,5,classified,Finished,2,6,60
2000,4,6,6,classified,Finished,1,11,60
2000,4,7,7,classified,+1 Lap,0,12,59
2000,4,8,8,classified,+1 Lap,0,18,59
2000,4,9,9,classified,+1 Lap,0,20,59
2000,4,10,10,classified,+1 Lap,0,15,59
2000,4,11,11,classified,+1 Lap,0,13,59
2000,4,12,12,classified,+1 Lap,0,14,59
2000,4,13,13,classified,+1 Lap,0,9,59
2000,4,14,14,classified,+1 Lap,0,21,59
2000,4,15,15,classified,+1 Lap,0,22,59
2000,4,16,16,classified,+4 Laps,0,10,56
2000,4,17,17,classified,+6 Laps,0,2,54
2000,4,18,R,retired,Engine,0,17,51
2000,4,19,R,retired,Spun off,0,16,36
2000,4,20,R,retired,Hydraulics,0,1,35
2000,4,21,R,retired,Electrical,0,19,26
2000,4,22,R,retired,Electrical,0,8,20
2000,5,1,1,classified,Finished,10,2,65
2000,5,2,2,classified,Finished,6,4,65
2000,5,3,3,classified,Finished,4,3,65
2000,5,4,4,classified,Finished,3,5,65
2000,5,5,5,classified,Finished,2,1,65
2000,5,6,6,classified,Finished,1,8,65
2000,5,7,7,classified,+1 Lap,0,12,64
2000,5,8,8,classified,+1 Lap,0,16,64
2000,5,9,9,classified,+1 Lap,0,13,64
2000,5,10,10,classified,+1 Lap,0,18,64
2000,5,11,11,classified,+1 Lap,0,9,64
2000,5,12,12,classified,+1 Lap,0,7,64
2000,5,13,13,classified,+1 Lap,0,14,64
2000,5,14,14,classified,+2 Laps,0,20,63
2000,5,15,15,classified,+2 Laps,0,21,63
2000,5,16,16,classified,+3 Laps,0,19,62
2000,5,17,17,classified,Engine,0,10,61
2000,5,18,R,retired,Gearbox,0,11,25
2000,5,19,R,retired,Hydraulics,0,6,21
2000,5,20,R,retired,Collision,0,17,1
2000,5,21,R,retired,Collision,0,22,1
2000,5,22,R,retired,Spun off,0,15,0
2000,6,1,1,classified,Finished,10,2,67
2000,6,2,2,classified,Finished,6,3,67
2000,6,3,3,classified,+1 Lap,4,1,66
2000,6,4,4,classified,+1 Lap,3,4,66
2000,6,5,5,classified,+1 Lap,2,7,66
2000,6,6,6,classified,+1 Lap,1,12,66
2000,6,7,7,classified,+2 Laps,0,15,65
2000,6,8,8,classified,+2 Laps,0,21,65
2000,6,9,9,classified,+2 Laps,0,17,65
2000,6,10,10,classified,Electrical,0,11,62
2000,6,11,11,classified,Collision,0,16,61
2000,6,12,12,classified,Collision,0,14,61
2000,6,13,R,retired,Spun off,0,18,51
2000,6,14,R,retired,Throttle,0,20,47
2000,6,15,R,retired,Engine,0,9,46
2000,6,16,R,retired,Collision,0,8,29
2000,6,17,R,retired,Spun off,0,13,29
2000,6,18,R,retired,Collision,0,5,29
2000,6,19,R,retired,Halfshaft,0,19,27
2000,6,20,R,retired,Engine,0,10,2
2000,6,21,R,retired,Collision,0,6,0
2000,7,1,1,classified,Finished,10,3,78
2000,7,2,2,classified,Finished,6,6,78
2000,7,3,3,classified,Finished,4,8,78
2000,7,4,4,classified,Finished,3,10,78
2000,7,5,5,classified,Finished,2,13,78
2000,7,6,6,classified,+1 Lap,1,5,77
2000,7,7,7,classified,+1 Lap,0,17,77
2000,7,8,8,classified,+1 Lap,0,18,77
2000,7,9,9,classified,+2 Laps,0,11,76
2000,7,10,10,classified,Spun off,0,4,70
2000,7,11,R,retired,Spun off,0,15,60
2000,7,12,R,retired,Suspension,0,1,55
2000,7,13,R,retired,Spun off,0,20,48
2000,7,14,R,retired,Spun off,0,9,37
2000,7,15,R,retired,Gearbox,0,2,36
2000,7,16,R,retired,Spun off,0,19,30
2000,7,17,R,retired,Transmission,0,7,29
2000,7,18,R,retired,Spun off,0,22,22
2000,7,19,R,retired,Gearbox,0,21,21
2000,7,20,R,retired,Spun off,0,12,18
2000,7,21,R,retired,Engine,0,14,16
2000,7,22,W,withdrawn,Not restarted,0,16,0
2000,8,1,1,classified,Finished,10,1,69
2000,8,2,2,classified,Finished,6,3,69
2000,8,3,3,classified,Finished,4,10,69
2000,8,4,4,classified,Finished,3,4,69
2000,8,5,5,classified,Finished,2,13,69
2000,8,6,6,classified,Finished,1,7,69
2000,8,7,7,classified,Finished,0,2,69
2000,8,8,8,classified,Finished,0,8,69
2000,8,9,9,classified,Finished,0,14,69
2000,8,10,10,classified,Finished,0,19,69
2000,8,11,11,classified,+1 Lap,0,18,68
2000,8,12,12,classified,+1 Lap,0,22,68
2000,8,13,13,classified,+3 Laps,0,16,66
2000,8,14,14,classified,Collision,0,12,64
2000,8,15,15,classified,Collision,0,6,64
2000,8,16,16,classified,Spun off,0,20,64
2000,8,17,R,retired,Collision,0,9,48
2000,8,18,R,retired,Electrical,0,15,42
2000,8,19,R,retired,Electrical,0,17,38
2000,8,20,R,retired,Engine,0,21,34
2000,8,21,R,retired,Brakes,0,5,32
2000,8,22,R,retired,Gearbox,0,11,14
2000,9,1,1,classified,Finished,10,2,72
2000,9,2,2,classified,Finished,6,4,72
2000,9,3,3,classified,Finished,4,3,72
2000,9,4,4,classified,Finished,3,7,72
2000,9,5,5,classified,Finished,2,5,72
2000,9,6,6,classified,Finished,1,9,72
2000,9,7,7,classified,+1 Lap,0,8,71
2000,9,8,8,classified,+1 Lap,0,10,71
2000,9,9,9,classified,+1 Lap,0,14,71
2000,9,10,10,classified,+1 Lap,0,12,71
2000,9,11,11,classified,+1 Lap,0,15,71
2000,9,12,12,classified,+1 Lap,0,16,71
2000,9,13,13,classified,+2 Laps,0,6,70
2000,9,14,14,classified,+2 Laps,0,18,70
2000,9,15,15,classified,+2 Laps,0,21,70
2000,9,16,R,retired,Engine,0,1,58
2000,9,17,R,retired,Transmission,0,13,45
2000,9,18,R,retired,Spun off,0,17,34
2000,9,19,R,retired,Spun off,0,22,31
2000,9,20,R,retired,Transmission,0,20,25
2000,9,21,R,retired,Gearbox,0,11,20
2000,9,22,R,retired,Spun off,0,19,16
2000,10,1,1,classified,Finished,10,1,71
2000,10,2,2,classified,Finished,6,2,71
2000,10,3,3,classified,Finished,4,3,71
2000,10,4,4,classified,+1 Lap,3,7,70
2000,10,5,5,classified,+1 Lap,2,18,70
2000,10,6,6,classified,+1 Lap,1,9,70
2000,10,7,7,classified,+1 Lap,0,16,70
2000,10,8,8,classified,+1 Lap,0,20,70
2000,10,9,9,classified,+1 Lap,0,11,70
2000,10,10,10,classified,+1 Lap,0,14,70
2000,10,11,11,classified,+2 Laps,0,21,69
2000,10,12,12,classified,+3 Laps,0,22,68
2000,10,13,R,retired,Engine,0,6,58
2000,10,14,R,retired,Brakes,0,19,52
2000,10,15,R,retired,Collision,0,13,41
2000,10,16,R,retired,Collision,0,17,41
2000,10,17,R,retired,Gearbox,0,12,32
2000,10,18,R,retired,Engine,0,10,14
2000,10,19,R,retired,Oil leak,0,15,4
2000,10,20,R,retired,Collision,0,4,0
2000,10,21,R,retired,Collision,0,5,0
2000,10,22,R,retired,Collision,0,8,0
2000,11,1,1,classified,Finished,10,18,45
2000,11,2,2,classified,Finished,6,4,45
2000,11,3,3,classified,Finished,4,1,45
2000,11,4,4,classified,Finished,3,16,45
2000,11,5,5,classified,Finished,2,15,45
2000,11,6,6,classified,Finished,1,5,45
2000,11,7,7,classified,Finished,0,14,45
2000,11,8,8,classified,Finished,0,9,45
2000,11,9,9,classified,Finished,0,6,45
2000,11,10,10,classified,Finished,0,10,45
2000,11,11,11,classified,Finished,0,21,45
2000,11,12,12,classified,Alternator,0,13,40
2000,11,13,R,retired,Gearbox,0,17,39
2000,11,14,R,retired,Spun off,0,11,39
2000,11,15,R,retired,Spun off,0,12,37
2000,11,16,R,retired,Engine,0,22,33
2000,11,17,R,retired,Electrical,0,7,31
2000,11,18,R,retired,Collision,0,19,29
2000,11,19,R,retired,Collision,0,20,29
2000,11,20,R,retired,Gearbox,0,8,12
2000,11,21,R,retired,Collision,0,2,0
2000,11,22,R,retired,Collision,0,3,0
2000,12,1,1,classified,Finished,10,3,77
2000,12,2,2,classified,Finished,6,1,77
2000,12,3,3,classified,Finished,4,2,77
2000,12,4,4,classified,Finished,3,5,77
2000,12,5,5,classified,Finished,2,4,77
2000,12,6,6,classified,Finished,1,6,77
2000,12,7,7,classified,+1 Lap,0,12,76
2000,12,8,8,classified,+1 Lap,0,10,76
2000,12,9,9,classified,+1 Lap,0,8,76
2000,12,10,10,classified,+1 Lap,0,9,76
2000,12,11,11,classified,+1 Lap,0,11,76
2000,12,12,12,classified,+2 Laps,0,16,75
2000,12,13,13,classified,+2 Laps,0,20,75
2000,12,14,14,classified,+2 Laps,0,18,75
2000,12,15,15,classified,+3 Laps,0,21,74
2000,12,16,16,classified,+4 Laps,0,15,73
2000,12,17,R,retired,Engine,0,22,68
2000,12,18,R,retired,Gearbox,0,17,67
2000,12,19,R,retired,Transmission,0,13,62
2000,12,20,R,retired,Brakes,0,7,31
2000,12,21,R,retired,Electrical,0,19,22
2000,12,22,R,retired,Suspension,0,14,11
2000,13,1,1,classified,Finished,10,1,44
2000,13,2,2,classified,Finished,6,4,44
2000,13,3,3,classified,Finished,4,6,44
2000,13,4,4,classified,Finished,3,5,44
2000,13,5,5,classified,Finished,2,3,44
2000,13,6,6,classified,Finished,1,8,44
2000,13,7,7,classified,Finished,0,7,44
2000,13,8,8,classified,Finished,0,9,44
2000,13,9,9,classified,Finished,0,18,44
2000,13,10,10,classified,Finished,0,12,44
2000,13,11,11,classified,Finished,0,15,44
2000,13,12,12,classified,+1 Lap,0,13,43
2000,13,13,13,classified,+1 Lap,0,19,43
2000,13,14,14,classified,+1 Lap,0,21,43
2000,13,15,15,classified,+1 Lap,0,20,43
2000,13,16,16,classified,+2 Laps,0,16,42
2000,13,17,17,classified,+2 Laps,0,22,42
2000,13,18,R,retired,Fuel pressure,0,10,32
2000,13,19,R,retired,Fuel pressure,0,17,32
2000,13,20,R,retired,Engine,0,14,12
2000,13,21,R,retired,Electrical,0,11,8
2000,13,22,R,retired,Collision,0,2,4
2000,14,1,1,classified,Finished,10,1,53
2000,14,2,2,classified,Finished,6,3,53
2000,14,3,3,classified,Finished,4,7,53
2000,14,4,4,classified,Finished,3,11,53
2000,14,5,5,classified,Finished,2,13,53
2000,14,6,6,classified,Finished,1,17,53
2000,14,7,7,classified,+1 Lap,0,15,52
2000,14,8,8,classified,+1 Lap,0,16,52
2000,14,9,9,classified,+1 Lap,0,21,52
2000,14,10,10,classified,+1 Lap,0,22,52
2000,14,11,11,classified,+1 Lap,0,9,52
2000,14,12,12,classified,+2 Laps,0,19,51
2000,14,13,R,retired,Spun off,0,20,15
2000,14,14,R,retired,Electrical,0,4,14
2000,14,15,R,retired,Spun off,0,12,10
2000,14,16,R,retired,Collision,0,18,1
2000,14,17,R,retired,Collision,0,2,0
2000,14,18,R,retired,Collision,0,5,0
2000,14,19,R,retired,Collision,0,6,0
2000,14,20,R,retired,Collision,0,8,0
2000,14,21,R,retired,Collision,0,10,0
2000,14,22,R,retired,Spun off,0,14,0
2000,15,1,1,classified,Finished,10,1,73
2000,15,2,2,classified,Finished,6,4,73
2000,15,3,3,classified,Finished,4,7,73
2000,15,4,4,classified,Finished,3,8,73
2000,15,5,5,classified,Finished,2,2,73
2000,15,6,6,classified,Finished,1,12,73
2000,15,7,7,classified,Finished,0,17,73
2000,15,8,8,classified,+1 Lap,0,9,72
2000,15,9,9,classified,+1 Lap,0,16,72
2000,15,10,10,classified,+1 Lap,0,11,72
2000,15,11,11,classified,+1 Lap,0,19,72
2000,15,12,12,classified,+1 Lap,0,22,72
2000,15,13,R,retired,Engine,0,20,64
2000,15,14,R,retired,Engine,0,21,59
2000,15,15,R,retired,Engine,0,10,58
2000,15,16,R,retired,Gearbox,0,18,45
2000,15,17,R,retired,Engine,0,15,44
2000,15,18,R,retired,Brakes,0,13,34
2000,15,19,R,retired,Engine,0,3,25
2000,15,20,R,retired,Spun off,0,14,18
2000,15,21,R,retired,Engine,0,6,14
2000,15,22,R,retired,Collision,0,5,12
2000,16,1,1,classified,Finished,10,1,53
2000,16,2,2,classified,Finished,6,2,53
2000,16,3,3,classified,Finished,4,3,53
2000,16,4,4,classified,Finished,3,4,53
2000,16,5,5,classified,Finished,2,5,53
2000,16,6,6,classified,+1 Lap,1,9,52
2000,16,7,7,classified,+1 Lap,0,10,52
2000,16,8,8,classified,+1 Lap,0,7,52
2000,16,9,9,classified,+1 Lap,0,18,52
2000,16,10,10,classified,+1 Lap,0,19,52
2000,16,11,11,classified,+1 Lap,0,20,52
2000,16,12,12,classified,+1 Lap,0,13,52
2000,16,13,13,classified,+1 Lap,0,15,52
2000,16,14,14,classified,+1 Lap,0,12,52
2000,16,15,15,classified,+2 Laps,0,22,51
2000,16,16,R,retired,Engine,0,21,46
2000,16,17,R,retired,Spun off,0,6,41
2000,16,18,R,retired,Suspension,0,16,41
2000,16,19,R,retired,Spun off,0,11,37
2000,16,20,R,retired,Hydraulics,0,8,29
2000,16,21,R,retired,Engine,0,17,19
2000,16,22,R,retired,Electrical,0,14,9
2000,17,1,1,classified,Finished,10,1,56
2000,17,2,2,classified,Finished,6,3,56
2000,17,3,3,classified,Finished,4,4,56
2000,17,4,4,classified,Finished,3,2,56
2000,17,5,5,classified,Finished,2,6,56
2000,17,6,6,classified,Finished,1,7,56
2000,17,7,7,classified,Finished,0,5,56
2000,17,8,8,classified,+1 Lap,0,17,55
2000,17,9,9,classified,+1 Lap,0,13,55
2000,17,10,10,classified,+1 Lap,0,15,55
2000,17,11,11,classified,+1 Lap,0,18,55
2000,17,12,12,classified,+1 Lap,0,9,55
2000,17,13,13,classified,Engine,0,22,50
2000,17,14,R,retired,Suspension,0,12,48
2000,17,15,R,retired,Engine,0,11,46
2000,17,16,R,retired,Engine,0,8,43
2000,17,17,R,retired,Wheel,0,21,36
2000,17,18,R,retired,Engine,0,16,18
2000,17,19,R,retired,Electrical,0,10,7
2000,17,20,R,retired,Collision,0,14,0
2000,17,21,R,retired,Collision,0,19,0
2000,17,22,R,retired,Collision,0,20,0
2001,1,1,1,classified,Finished,10,1,58
2001,1,2,2,classified,Finished,6,6,58
2001,1,3,3,classified,Finished,4,2,58
2001,1,4,4,classified,Finished,3,10,58
2001,1,5,5,classified,Finished,2,4,58
2001,1,6,6,classified,Finished,1,13,58
2001,1,7,7,classified,Finished,0,9,58
2001,1,8,8,classified,+1 Lap,0,21,57
2001,1,9,9,classified,+1 Lap,0,14,57
2001,1,10,10,classified,+1 Lap,0,15,57
2001,1,11,11,classified,+1 Lap,0,12,57
2001,1,12,12,classified,+2 Laps,0,19,56
2001,1,13,13,classified,+3 Laps,0,17,55
2001,1,14,R,retired,Electrical,0,16,52
2001,1,15,R,retired,Engine,0,11,40
2001,1,16,R,retired,Engine,0,7,38
2001,1,17,R,retired,Suspension,0,3,25
2001,1,18,R,retired,Collision,0,5,4
2001,1,19,R,retired,Collision,0,8,4
2001,1,20,R,retired,Battery,0,22,3
2001,1,21,R,retired,Spun off,0,18,2
2001,1,22,R,retired,Brakes,0,20,0
2001,2,1,1,classified,Finished,10,1,55
2001,2,2,2,classified,Finished,6,2,55
2001,2,3,3,classified,Finished,4,8,55
2001,2,4,4,classified,Finished,3,9,55
2001,2,5,5,classified,Finished,2,3,55
2001,2,6,6,classified,Finished,1,4,55
2001,2,7,7,classified,Finished,0,18,55
2001,2,8,8,classified,+1 Lap,0,5,54
2001,2,9,9,classified,+1 Lap,0,13,54
2001,2,10,10,classified,+1 Lap,0,15,54
2001,2,11,11,classified,+2 Laps,0,17,53
2001,2,12,12,classified,+2 Laps,0,19,53
2001,2,13,13,classified,+3 Laps,0,21,52
2001,2,14,14,classified,+4 Laps,0,20,51
2001,2,15,R,retired,Fuel pressure,0,16,31
2001,2,16,R,retired,Spun off,0,7,3
2001,2,17,R,retired,Spun off,0,11,3
2001,2,18,R,retired,Spun off,0,22,3
2001,2,19,R,retired,Spun off,0,6,3
2001,2,20,R,retired,Water leak,0,12,3
2001,2,21,R,retired,Oil leak,0,10,1
2001,2,22,R,retired,Driveshaft,0,14,0
2001,3,1,1,classified,Finished,10,5,71
2001,3,2,2,classified,Finished,6,1,71
2001,3,3,3,classified,+1 Lap,4,9,70
2001,3,4,4,classified,+1 Lap,3,11,70
2001,3,5,5,classified,+1 Lap,2,7,70
2001,3,6,6,classified,+1 Lap,1,18,70
2001,3,7,7,classified,+1 Lap,0,12,70
2001,3,8,8,classified,+1 Lap,0,15,70
2001,3,9,9,classified,+3 Laps,0,22,68
2001,3,10,10,classified,+7 Laps,0,20,64
2001,3,11,11,classified,Electrical,0,8,63
2001,3,12,R,retired,Spun off,0,10,55
2001,3,13,R,retired,Spun off,0,2,54
2001,3,14,R,retired,Clutch,0,21,54
2001,3,15,R,retired,Spun off,0,13,52
2001,3,16,R,retired,Collision,0,4,38
2001,3,17,R,retired,Collision,0,17,37
2001,3,18,R,retired,Engine,0,14,30
2001,3,19,R,retired,Electrical,0,19,25
2001,3,20,R,retired,Hydraulics,0,16,15
2001,3,21,R,retired,Collision,0,6,2
2001,3,22,R,retired,Stalled,0,3,0
2001,4,1,1,classified,Finished,10,3,62
2001,4,2,2,classified,Finished,6,1,62
2001,4,3,3,classified,Finished,4,6,62
2001,4,4,4,classified,Finished,3,2,62
2001,4,5,5,classified,Finished,2,5,62
2001,4,6,6,classified,+1 Lap,1,9,61
2001,4,7,7,classified,+1 Lap,0,12,61
2001,4,8,8,classified,+1 Lap,0,8,61
2001,4,9,9,classified,+1 Lap,0,14,61
2001,4,10,10,classified,+2 Laps,0,16,60
2001,4,11,11,classified,+2 Laps,0,15,60
2001,4,12,12,classified,+2 Laps,0,21,60
2001,4,13,R,retired,Engine,0,22,50
2001,4,14,R,retired,Clutch,0,7,48
2001,4,15,R,retired,Engine,0,13,42
2001,4,16,R,retired,Engine,0,19,31
2001,4,17,R,retired,Engine,0,11,30
2001,4,18,R,retired,Engine,0,20,28
2001,4,19,R,retired,Suspension,0,4,24
2001,4,20,R,retired,Steering,0,10,17
2001,4,21,R,retired,Exhaust,0,17,6
2001,4,22,R,retired,Brakes,0,18,5
2001,5,1,1,classified,Finished,10,1,65
2001,5,2,2,classified,Finished,6,12,65
2001,5,3,3,classified,Finished,4,7,65
2001,5,4,4,classified,Finished,3,6,65
2001,5,5,5,classified,Finished,2,3,65
2001,5,6,6,classified,Finished,1,10,65
2001,5,7,7,classified,Finished,0,11,65
2001,5,8,8,classified,Finished,0,9,65
2001,5,9,9,classified,Clutch,0,2,64
2001,5,10,10,classified,+1 Lap,0,15,64
2001,5,11,11,classified,+1 Lap,0,14,64
2001,5,12,12,classified,+2 Laps,0,17,63
2001,5,13,13,classified,+2 Laps,0,18,63
2001,5,14,14,classified,+2 Laps,0,19,63
2001,5,15,15,classified,+3 Laps,0,21,62
2001,5,16,16,classified,+3 Laps,0,22,62
2001,5,17,R,retired,Suspension,0,4,49
2001,5,18,R,retired,Engine,0,13,48
2001,5,19,R,retired,Brakes,0,5,20
2001,5,20,R,retired,Fuel pressure,0,16,8
2001,5,21,R,retired,Collision,0,20,5
2001,5,22,R,retired,Collision,0,8,5
2001,6,1,1,classified,Finished,10,7,71
2001,6,2,2,classified,Finished,6,1,71
2001,6,3,3,classified,Finished,4,4,71
2001,6,4,4,classified,Finished,3,9,71
2001,6,5,5,classified,Finished,2,10,71
2001,6,6,6,classified,+1 Lap,1,16,70
2001,6,7,7,classified,+1 Lap,0,13,70
2001,6,8,8,classified,+1 Lap,0,12,70
2001,6,9,9,classified,+2 Laps,0,6,69
2001,6,10,10,classified,+2 Laps,0,20,69
2001,6,11,11,classified,+2 Laps,0,17,69
2001,6,12,R,retired,Engine,0,21,60
2001,6,13,R,retired,Transmission,0,14,48
2001,6,14,R,retired,Hydraulics,0,2,41
2001,6,15,R,retired,Gearbox,0,18,38
2001,6,16,R,retired,Gearbox,0,22,25
2001,6,17,R,retired,Hydraulics,0,15,17
2001,6,18,D,disqualified,Disqualified,0,5,14
2001,6,19,R,retired,Brakes,0,3,10
2001,6,20,R,retired,Engine,0,19,3
2001,6,21,R,retired,Transmission,0,8,1
2001,6,22,R,retired,Gearbox,0,11,0
2001,7,1,1,classified,Finished,10,2,78
2001,7,2,2,classified,Finished,6,4,78
2001,7,3,3,classified,Finished,4,6,78
2001,7,4,4,classified,Finished,3,9,78
2001,7,5,5,classified,+1 Lap,2,1,77
2001,7,6,6,classified,+1 Lap,1,11,77
2001,7,7,7,classified,+1 Lap,0,17,77
2001,7,8,8,classified,+1 Lap,0,19,77
2001,7,9,9,classified,+2 Laps,0,20,76
2001,7,10,10,classified,+5 Laps,0,15,73
2001,7,11,R,retired,Electrical,0,5,57
2001,7,12,R,retired,Transmission,0,22,56
2001,7,13,R,retired,Gearbox,0,18,54
2001,7,14,R,retired,Accident,0,13,49
2001,7,15,R,retired,Gearbox,0,10,43
2001,7,16,R,retired,Hydraulics,0,8,30
2001,7,17,R,retired,Gearbox,0,21,24
2001,7,18,R,retired,Hydraulics,0,14,18
2001,7,19,R,retired,Steering,0,3,15
2001,7,20,R,retired,Steering,0,12,13
2001,7,21,R,retired,Spun off,0,7,2
2001,7,22,R,retired,Collision,0,16,0
2001,8,1,1,classified,Finished,10,2,69
2001,8,2,2,classified,Finished,6,1,69
2001,8,3,3,classified,Finished,4,8,69
2001,8,4,4,classified,Finished,3,7,69
2001,8,5,5,classified,Finished,2,16,69
2001,8,6,6,classified,+1 Lap,1,14,68
2001,8,7,7,classified,+1 Lap,0,12,68
2001,8,8,8,classified,+1 Lap,0,19,68
2001,8,9,9,classified,+3 Laps,0,21,66
2001,8,10,10,classified,Brakes,0,13,65
2001,8,11,11,classified,Brakes,0,4,63
2001,8,12,R,retired,Engine,0,3,54
2001,8,13,R,retired,Brakes,0,6,38
2001,8,14,R,retired,Halfshaft,0,9,34
2001,8,15,R,retired,Engine,0,17,24
2001,8,16,R,retired,Accident,0,10,19
2001,8,17,R,retired,Spun off,0,5,19
2001,8,18,R,retired,Oil leak,0,20,17
2001,8,19,R,retired,Transmission,0,22,7
2001,8,20,R,retired,Collision,0,11,1
2001,8,21,R,retired,Collision,0,15,1
2001,8,22,R,retired,Collision,0,18,0
2001,9,1,1,classified,Finished,10,1,67
2001,9,2,2,classified,Finished,6,3,67
2001,9,3,3,classified,Finished,4,5,67
2001,9,4,4,classified,Finished,3,2,67
2001,9,5,5,classified,Finished,2,4,67
2001,9,6,6,classified,Finished,1,6,67
2001,9,7,7,classified,Finished,0,12,67
2001,9,8,8,classified,+1 Lap,0,16,66
2001,9,9,9,classified,+1 Lap,0,11,66
2001,9,10,10,classified,+1 Lap,0,9,66
2001,9,11,11,classified,+1 Lap,0,15,66
2001,9,12,12,classified,+2 Laps,0,17,65
2001,9,13,13,classified,+2 Laps,0,20,65
2001,9,14,14,classified,+2 Laps,0,21,65
2001,9,15,15,classified,Spun off,0,14,64
2001,9,16,R,retired,Engine,0,19,58
2001,9,17,R,retired,Driveshaft,0,10,54
2001,9,18,R,retired,Spun off,0,8,48
2001,9,19,R,retired,Transmission,0,7,44
2001,9,20,R,retired,Gearbox,0,18,29
2001,9,21,R,retired,Electrical,0,13,23
2001,9,22,R,retired,Electrical,0,22,7
2001,10,1,1,classified,Finished,10,2,72
2001,10,2,2,classified,Finished,6,1,72
2001,10,3,3,classified,Finished,4,8,72
2001,10,4,4,classified,Finished,3,3,72
2001,10,5,5,classified,Finished,2,5,72
2001,10,6,6,classified,+1 Lap,1,9,71
2001,10,7,7,classified,+1 Lap,0,13,71
2001,10,8,8,classified,+1 Lap,0,7,71
2001,10,9,9,classified,+1 Lap,0,11,71
2001,10,10,10,classified,+1 Lap,0,15,71
2001,10,11,11,classified,+1 Lap,0,16,71
2001,10,12,12,classified,+2 Laps,0,19,70
2001,10,13,13,classified,+2 Laps,0,18,70
2001,10,14,14,classified,+2 Laps,0,14,70
2001,10,15,15,classified,+3 Laps,0,22,69
2001,10,16,16,classified,Fuel pressure,0,17,68
2001,10,17,17,classified,Engine,0,21,65
2001,10,18,R,retired,Engine,0,12,54
2001,10,19,R,retired,Engine,0,6,52
2001,10,20,R,retired,Engine,0,20,17
2001,10,21,R,retired,Engine,0,10,5
2001,10,22,W,withdrawn,Gearbox,0,4,0
2001,11,1,1,classified,Finished,10,2,60
2001,11,2,2,classified,Finished,6,1,60
2001,11,3,3,classified,Finished,4,6,60
2001,11,4,4,classified,Finished,3,8,60
2001,11,5,5,classified,+1 Lap,2,7,59
2001,11,6,6,classified,+1 Lap,1,9,59
2001,11,7,7,classified,+1 Lap,0,5,59
2001,11,8,8,classified,+1 Lap,0,12,59
2001,11,9,9,classified,+1 Lap,0,15,59
2001,11,10,10,classified,+2 Laps,0,17,58
2001,11,11,11,classified,+2 Laps,0,14,58
2001,11,12,12,classified,+2 Laps,0,13,58
2001,11,13,13,classified,+2 Laps,0,19,58
2001,11,14,14,classified,+2 Laps,0,20,58
2001,11,15,15,classified,+2 Laps,0,18,58
2001,11,16,16,classified,+3 Laps,0,21,57
2001,11,17,R,retired,Engine,0,10,36
2001,11,18,R,retired,Engine,0,16,6
2001,11,19,R,retired,Suspension,0,3,2
2001,11,20,R,retired,Collision,0,4,0
2001,11,21,R,retired,Collision,0,11,0
2001,12,1,1,classified,Finished,10,2,45
2001,12,2,2,classified,Finished,6,6,45
2001,12,3,3,classified,Finished,4,12,45
2001,12,4,4,classified,Finished,3,17,45
2001,12,5,5,classified,Finished,2,18,45
2001,12,6,6,classified,Finished,1,14,45
2001,12,7,7,classified,Finished,0,13,45
2001,12,8,8,classified,+1 Lap,0,19,44
2001,12,9,9,classified,+1 Lap,0,20,44
2001,12,10,10,classified,+1 Lap,0,21,44
2001,12,11,R,retired,Hydraulics,0,10,34
2001,12,12,R,retired,Engine,0,5,27
2001,12,13,R,retired,Gearbox,0,22,26
2001,12,14,R,retired,Engine,0,1,24
2001,12,15,R,retired,Fuel pressure,0,4,23
2001,12,16,R,retired,Spun off,0,16,23
2001,12,17,R,retired,Halfshaft,0,8,16
2001,12,18,R,retired,Fuel pressure,0,11,16
2001,12,19,R,retired,Engine,0,3,13
2001,12,20,R,retired,Collision,0,15,7
2001,12,21,R,retired,Collision,0,7,0
2001,12,22,R,retired,Collision,0,9,0
2001,13,1,1,classified,Finished,10,1,77
2001,13,2,2,classified,Finished,6,3,77
2001,13,3,3,classified,Finished,4,2,77
2001,13,4,4,classified,Finished,3,4,77
2001,13,5,5,classified,Finished,2,6,77
2001,13,6,6,classified,+1 Lap,1,7,76
2001,13,7,7,classified,+1 Lap,0,9,76
2001,13,8,8,classified,+1 Lap,0,8,76
2001,13,9,9,classified,+2 Laps,0,10,75
2001,13,10,10,classified,+2 Laps,0,12,75
2001,13,11,11,classified,+2 Laps,0,13,75
2001,13,12,12,classified,+3 Laps,0,21,74
2001,13,13,R,retired,Engine,0,15,67
2001,13,14,R,retired,Spun off,0,16,63
2001,13,15,R,retired,Oil pressure,0,22,63
2001,13,16,R,retired,Electrical,0,11,58
2001,13,17,R,retired,Hydraulics,0,5,53
2001,13,18,R,retired,Brakes,0,18,37
2001,13,19,R,retired,Spun off,0,17,34
2001,13,20,R,retired,Spun off,0,20,11
2001,13,21,R,retired,Spun off,0,19,8
2001,13,22,R,retired,Spun off,0,14,0
2001,14,1,1,classified,Finished,10,3,36
2001,14,2,2,classified,Finished,6,9,36
2001,14,3,3,classified,Finished,4,8,36
2001,14,4,4,classified,Finished,3,7,36
2001,14,5,5,classified,Finished,2,5,36
2001,14,6,6,classified,Finished,1,13,36
2001,14,7,7,classified,Finished,0,2,36
2001,14,8,8,classified,Finished,0,6,36
2001,14,9,9,classified,+1 Lap,0,4,35
2001,14,10,10,classified,+1 Lap,0,19,35
2001,14,11,11,classified,+1 Lap,0,11,35
2001,14,12,12,classified,+1 Lap,0,21,35
2001,14,13,13,classified,+5 Laps,0,22,31
2001,14,14,R,retired,Engine,0,16,31
2001,14,15,R,retired,Spun off,0,15,17
2001,14,16,R,retired,Engine,0,1,1
2001,14,17,R,retired,Collision,0,10,1
2001,14,18,R,retired,Collision,0,14,0
2001,14,19,R,retired,Transmission,0,12,0
2001,14,20,R,retired,Collision,0,17,0
2001,14,21,R,retired,Collision,0,18,0
2001,14,22,R,retired,Gearbox,0,20,0
2001,15,1,1,classified,Finished,10,1,53
2001,15,2,2,classified,Finished,6,2,53
2001,15,3,3,classified,Finished,4,4,53
2001,15,4,4,classified,Finished,3,3,53
2001,15,5,5,classified,Finished,2,10,53
2001,15,6,6,classified,Finished,1,15,53
2001,15,7,7,classified,Finished,0,9,53
2001,15,8,8,classified,+1 Lap,0,16,52
2001,15,9,9,classified,+1 Lap,0,17,52
2001,15,10,10,classified,+1 Lap,0,14,52
2001,15,11,11,classified,+1 Lap,0,8,52
2001,15,12,12,classified,+1 Lap,0,20,52
2001,15,13,13,classified,+2 Laps,0,21,51
2001,15,14,R,retired,Crankshaft,0,18,46
2001,15,15,R,retired,Spun off,0,22,44
2001,15,16,R,retired,Gearbox,0,12,28
2001,15,17,R,retired,Fuel pressure,0,19,25
2001,15,18,R,retired,Gearbox,0,7,19
2001,15,19,R,retired,Engine,0,13,14
2001,15,20,R,retired,Engine,0,6,6
2001,15,21,R,retired,Engine,0,11,4
2001,15,22,R,retired,Collision,0,5,0
2001,16,1,1,classified,Finished,10,4,73
2001,16,2,2,classified,Finished,6,1,73
2001,16,3,3,classified,Finished,4,7,73
2001,16,4,4,classified,Finished,3,8,73
2001,16,5,5,classified,Finished,2,14,73
2001,16,6,6,classified,Finished,1,6,73
2001,16,7,7,classified,+1 Lap,0,9,72
2001,16,8,8,classified,+1 Lap,0,12,72
2001,16,9,9,classified,+1 Lap,0,10,72
2001,16,10,10,classified,+1 Lap,0,15,72
2001,16,11,11,classified,+1 Lap,0,13,72
2001,16,12,12,classified,+1 Lap,0,16,72
2001,16,13,13,classified,+1 Lap,0,19,72
2001,16,14,14,classified,+1 Lap,0,21,72
2001,16,15,15,classified,Engine,0,5,71
2001,16,16,R,retired,Suspension,0,18,45
2001,16,17,R,retired,Engine,0,20,44
2001,16,18,R,retired,Hydraulics,0,3,38
2001,16,19,R,retired,Gearbox,0,22,38
2001,16,20,R,retired,Spun off,0,2,36
2001,16,21,R,retired,Driveshaft,0,17,36
2001,16,22,R,retired,Driveshaft,0,11,2
2001,17,1,1,classified,Finished,10,1,53
2001,17,2,2,classified,Finished,6,2,53
2001,17,3,3,classified,Finished,4,7,53
2001,17,4,4,classified,Finished,3,5,53
2001,17,5,5,classified,Finished,2,4,53
2001,17,6,6,classified,Finished,1,3,53
2001,17,7,7,classified,Finished,0,9,53
2001,17,8,8,classified,+1 Lap,0,8,52
2001,17,9,9,classified,+1 Lap,0,10,52
2001,17,10,10,classified,+1 Lap,0,14,52
2001,17,11,11,classified,+1 Lap,0,18,52
2001,17,12,12,classified,+1 Lap,0,15,52
2001,17,13,13,classified,+2 Laps,0,17,51
2001,17,14,14,classified,+2 Laps,0,20,51
2001,17,15,15,classified,+2 Laps,0,21,51
2001,17,16,16,classified,+3 Laps,0,22,50
2001,17,17,17,classified,Gearbox,0,6,47
2001,17,18,R,retired,Oil leak,0,16,45
2001,17,19,R,retired,Brakes,0,19,42
2001,17,20,R,retired,Fuel rig,0,13,24
2001,17,21,R,retired,Collision,0,12,5
2001,17,22,R,retired,Collision,0,11,5
2002,1,1,1,classified,Finished,10,2,58
2002,1,2,2,classified,Finished,6,6,58
2002,1,3,3,classified,Finished,4,5,58
2002,1,4,4,classified,+1 Lap,3,19,57
2002,1,5,5,classified,+2 Laps,2,18,56
2002,1,6,6,classified,+2 Laps,1,14,56
2002,1,7,7,classified,+3 Laps,0,21,55
2002,1,8,8,classified,+5 Laps,0,20,53
2002,1,9,R,retired,Gearbox,0,4,33
2002,1,10,R,retired,Broken wing,0,13,27
2002,1,11,D,disqualified,Disqualified,0,15,16
2002,1,12,D,disqualified,Disqualified,0,17,15
2002,1,13,R,retired,Electrical,0,22,12
2002,1,14,R,retired,Spun off,0,7,8
2002,1,15,R,retired,Collision,0,1,0
2002,1,16,R,retired,Collision,0,3,0
2002,1,17,R,retired,Collision,0,8,0
2002,1,18,R,retired,Collision,0,9,0
2002,1,19,R,retired,Collision,0,10,0
2002,1,20,R,retired,Collision,0,11,0
2002,1,21,R,retired,Collision,0,12,0
2002,1,22,R,retired,Collision,0,16,0
2002,2,1,1,classified,Finished,10,4,56
2002,2,2,2,classified,Finished,6,2,56
2002,2,3,3,classified,Finished,4,1,56
2002,2,4,4,classified,Finished,3,8,56
2002,2,5,5,classified,+1 Lap,2,7,55
2002,2,6,6,classified,+1 Lap,1,14,55
2002,2,7,7,classified,+1 Lap,0,19,55
2002,2,8,8,classified,+1 Lap,0,13,55
2002,2,9,9,classified,+2 Laps,0,15,54
2002,2,10,10,classified,+2 Laps,0,17,54
2002,2,11,11,classified,+2 Laps,0,11,54
2002,2,12,12,classified,+3 Laps,0,10,53
2002,2,13,13,classified,+3 Laps,0,9,53
2002,2,14,R,retired,Engine,0,3,39
2002,2,15,R,retired,Electrical,0,21,34
2002,2,16,R,retired,Hydraulics,0,20,30
2002,2,17,R,retired,Gearbox,0,22,29
2002,2,18,R,retired,Engine,0,5,24
2002,2,19,R,retired,Fuel,0,16,20
2002,2,20,R,retired,Engine,0,6,15
2002,2,21,R,retired,Clutch,0,18,9
2002,2,22,R,retired,Overheating,0,12,9
2002,3,1,1,classified,Finished,10,2,71
2002,3,2,2,classified,Finished,6,3,71
2002,3,3,3,classified,Finished,4,4,71
2002,3,4,4,classified,Finished,3,7,71
2002,3,5,5,classified,Finished,2,1,71
2002,3,6,6,classified,+1 Lap,1,10,70
2002,3,7,7,classified,+1 Lap,0,13,70
2002,3,8,8,classified,+1 Lap,0,11,70
2002,3,9,9,classified,+2 Laps,0,19,69
2002,3,10,10,classified,Engine,0,15,68
2002,3,11,11,classified,+3 Laps,0,20,68
2002,3,12,12,classified,Wheel rim,0,5,67
2002,3,13,13,classified,+4 Laps,0,22,67
2002,3,14,R,retired,Brakes,0,9,61
2002,3,15,R,retired,Engine,0,6,60
2002,3,16,R,retired,Collision,0,12,41
2002,3,17,R,retired,Spun off,0,16,40
2002,3,18,R,retired,Gearbox,0,17,25
2002,3,19,R,retired,Suspension,0,18,25
2002,3,20,R,retired,Suspension,0,21,19
2002,3,21,R,retired,Hydraulics,0,8,16
2002,3,22,R,retired,Engine,0,14,6
2002,4,1,1,classified,Finished,10,1,62
2002,4,2,2,classified,Finished,6,2,62
2002,4,3,3,classified,Finished,4,3,62
2002,4,4,4,classified,Finished,3,4,62
2002,4,5,5,classified,Finished,2,9,62
2002,4,6,6,classified,+1 Lap,1,6,61
2002,4,7,7,classified,+1 Lap,0,10,61
2002,4,8,8,classified,+1 Lap,0,11,61
2002,4,9,9,classified,+1 Lap,0,8,61
2002,4,10,10,classified,+1 Lap,0,7,61
2002,4,11,11,classified,+2 Laps,0,19,60
2002,4,12,R,retired,Power loss,0,20,50
2002,4,13,R,retired,Driveshaft,0,18,45
2002,4,14,R,retired,Exhaust,0,5,44
2002,4,15,R,retired,Throttle,0,12,44
2002,4,16,R,retired,Driveshaft,0,22,30
2002,4,17,R,retired,Gearbox,0,16,26
2002,4,18,R,retired,Power loss,0,13,25
2002,4,19,R,retired,Hydraulics,0,15,19
2002,4,20,R,retired,Gearbox,0,14,5
2002,4,21,R,retired,Electrical,0,17,0
2002,5,1,1,classified,Finished,10,1,65
2002,5,2,2,classified,Finished,6,4,65
2002,5,3,3,classified,Finished,4,7,65
2002,5,4,4,classified,Finished,3,8,65
2002,5,5,5,classified,Finished,2,11,65
2002,5,6,6,classified,Finished,1,10,65
2002,5,7,7,classified,+1 Lap,0,15,64
2002,5,8,8,classified,+1 Lap,0,19,64
2002,5,9,9,classified,+1 Lap,0,17,64
2002,5,10,10,classified,Engine,0,9,63
2002,5,11,11,classified,Engine,0,3,63
2002,5,12,12,classified,Hydraulics,0,6,60
2002,5,13,R,retired,Exhaust,0,13,43
2002,5,14,R,retired,Hydraulics,0,22,41
2002,5,15,R,retired,Hydraulics,0,14,40
2002,5,16,R,retired,Spun off,0,18,10
2002,5,17,R,retired,Hydraulics,0,12,5
2002,5,18,R,retired,Rear wing,0,5,4
2002,5,19,R,retired,Spun off,0,16,2
2002,5,20,W,withdrawn,Gearbox,0,2,0
2002,5,21,W,withdrawn,Safety,0,20,0
2002,5,22,W,withdrawn,Safety,0,21,0
2002,6,1,1,classified,Finished,10,3,71
2002,6,2,2,classified,Finished,6,1,71
2002,6,3,3,classified,Finished,4,4,71
2002,6,4,4,classified,Finished,3,2,71
2002,6,5,5,classified,Finished,2,15,71
2002,6,6,6,classified,Finished,1,8,71
2002,6,7,7,classified,Finished,0,13,71
2002,6,8,8,classified,Finished,0,10,71
2002,6,9,9,classified,Finished,0,14,71
2002,6,10,10,classified,+1 Lap,0,17,70
2002,6,11,11,classified,+2 Laps,0,11,69
2002,6,12,12,classified,+2 Laps,0,21,69
2002,6,13,R,retired,Fuel pressure,0,16,44
2002,6,14,R,retired,Engine,0,22,42
2002,6,15,R,retired,Hydraulics,0,20,38
2002,6,16,R,retired,Collision,0,5,27
2002,6,17,R,retired,Collision,0,18,26
2002,6,18,R,retired,Engine,0,9,22
2002,6,19,R,retired,Suspension,0,7,7
2002,6,20,R,retired,Engine,0,6,5
2002,6,21,R,retired,Collision,0,12,2
2002,6,22,R,retired,Throttle,0,19,0
2002,7,1,1,classified,Finished,10,2,78
2002,7,2,2,classified,Finished,6,3,78
2002,7,3,3,classified,Finished,4,4,78
2002,7,4,4,classified,+1 Lap,3,7,77
2002,7,5,5,classified,+1 Lap,2,11,77
2002,7,6,6,classified,+1 Lap,1,12,77
2002,7,7,7,classified,+1 Lap,0,5,77
2002,7,8,8,classified,+2 Laps,0,15,76
2002,7,9,9,classified,+2 Laps,0,19,76
2002,7,10,10,classified,+2 Laps,0,17,76
2002,7,11,11,classified,+2 Laps,0,20,76
2002,7,12,12,classified,+2 Laps,0,21,76
2002,7,13,R,retired,Brakes,0,9,69
2002,7,14,R,retired,Accident,0,13,63
2002,7,15,R,retired,Collision,0,18,51
2002,7,16,R,retired,Collision,0,8,51
2002,7,17,R,retired,Engine,0,1,46
2002,7,18,R,retired,Mechanical,0,14,44
2002,7,19,R,retired,Collision,0,6,41
2002,7,20,R,retired,Accident,0,22,29
2002,7,21,R,retired,Spun off,0,16,22
2002,7,22,R,retired,Accident,0,10,15
2002,8,1,1,classified,Finished,10,2,70
2002,8,2,2,classified,Finished,6,8,70
2002,8,3,3,classified,Finished,4,3,70
2002,8,4,4,classified,Finished,3,5,70
2002,8,5,5,classified,Finished,2,6,70
2002,8,6,6,classified,Finished,1,10,70
2002,8,7,7,classified,Engine,0,4,70
2002,8,8,8,classified,+1 Lap,0,11,69
2002,8,9,9,classified,+1 Lap,0,12,69
2002,8,10,10,classified,+1 Lap,0,15,69
2002,8,11,11,classified,+1 Lap,0,21,69
2002,8,12,12,classified,+1 Lap,0,7,69
2002,8,13,13,classified,+1 Lap,0,19,69
2002,8,14,14,classified,+2 Laps,0,22,68
2002,8,15,15,classified,Gearbox,0,13,65
2002,8,16,R,retired,Engine,0,1,56
2002,8,17,R,retired,Spun off,0,20,45
2002,8,18,R,retired,Overheating,0,14,41
2002,8,19,R,retired,Brakes,0,18,41
2002,8,20,R,retired,Gearbox,0,16,29
2002,8,21,R,retired,Suspension,0,17,16
2002,8,22,R,retired,Oil pressure,0,9,8
2002,9,1,1,classified,Finished,10,4,60
2002,9,2,2,classified,Finished,6,3,60
2002,9,3,3,classified,Finished,4,6,60
2002,9,4,4,classified,Finished,3,2,60
2002,9,5,5,classified,Finished,2,8,60
2002,9,6,6,classified,+1 Lap,1,11,59
2002,9,7,7,classified,+1 Lap,0,9,59
2002,9,8,8,classified,+1 Lap,0,7,59
2002,9,9,9,classified,+1 Lap,0,12,59
2002,9,10,10,classified,+1 Lap,0,16,59
2002,9,11,11,classified,+1 Lap,0,21,59
2002,9,12,12,classified,+1 Lap,0,19,59
2002,9,13,13,classified,+1 Lap,0,15,59
2002,9,14,14,classified,+1 Lap,0,13,59
2002,9,15,15,classified,+2 Laps,0,20,58
2002,9,16,16,classified,+2 Laps,0,14,58
2002,9,17,R,retired,Gearbox,0,10,51
2002,9,18,R,retired,Hydraulics,0,22,48
2002,9,19,R,retired,Hydraulics,0,17,41
2002,9,20,R,retired,Collision,0,1,27
2002,9,21,R,retired,Collision,0,5,27
2002,9,22,R,retired,Accident,0,18,26
2002,10,1,1,classified,Finished,10,3,60
2002,10,2,2,classified,Finished,6,2,60
2002,10,3,3,classified,Finished,4,1,60
2002,10,4,4,classified,+1 Lap,3,9,59
2002,10,5,5,classified,+1 Lap,2,13,59
2002,10,6,6,classified,+1 Lap,1,10,59
2002,10,7,7,classified,+1 Lap,0,17,59
2002,10,8,8,classified,+1 Lap,0,4,59
2002,10,9,9,classified,+1 Lap,0,11,59
2002,10,10,10,classified,+2 Laps,0,6,58
2002,10,11,11,classified,+2 Laps,0,21,58
2002,10,12,12,classified,Wheel,0,12,54
2002,10,13,R,retired,Engine,0,14,50
2002,10,14,R,retired,Engine,0,5,44
2002,10,15,R,retired,Electronics,0,7,29
2002,10,16,R,retired,Driveshaft,0,18,28
2002,10,17,R,retired,Spun off,0,19,23
2002,10,18,R,retired,Engine,0,16,20
2002,10,19,R,retired,Drivetrain,0,8,15
2002,10,20,R,retired,Clutch,0,20,9
2002,10,21,R,retired,Clutch,0,15,0
2002,11,1,1,classified,Finished,10,2,72
2002,11,2,2,classified,Finished,6,4,72
2002,11,3,3,classified,Finished,4,6,72
2002,11,4,4,classified,Finished,3,1,72
2002,11,5,5,classified,Finished,2,5,72
2002,11,6,6,classified,+1 Lap,1,7,71
2002,11,7,7,classified,+1 Lap,0,10,71
2002,11,8,8,classified,+1 Lap,0,18,71
2002,11,9,9,classified,+2 Laps,0,15,70
2002,11,10,10,classified,+4 Laps,0,19,68
2002,11,11,11,classified,Engine,0,17,65
2002,11,12,R,retired,Rear wing,0,9,52
2002,11,13,R,retired,Engine,0,8,49
2002,11,14,R,retired,Mechanical,0,12,48
2002,11,15,R,retired,Engine,0,16,48
2002,11,16,R,retired,Engine,0,13,35
2002,11,17,R,retired,Accident,0,11,29
2002,11,18,R,retired,Spun off,0,14,23
2002,11,19,W,withdrawn,Ignition,0,3,0
2002,11,22,R,retired,Injury,0,0,0
2002,12,1,1,classified,Finished,10,1,67
2002,12,2,2,classified,Finished,6,4,67
2002,12,3,3,classified,Finished,4,2,67
2002,12,4,4,classified,Finished,3,3,67
2002,12,5,5,classified,+1 Lap,2,9,66
2002,12,6,6,classified,+1 Lap,1,10,66
2002,12,7,7,classified,+1 Lap,0,14,66
2002,12,8,8,classified,+1 Lap,0,12,66
2002,12,9,9,classified,+1 Lap,0,19,66
2002,12,10,R,retired,Engine,0,6,59
2002,12,11,R,retired,Spun off,0,5,59
2002,12,12,R,retired,Brakes,0,16,57
2002,12,13,R,retired,Engine,0,18,48
2002,12,14,R,retired,Engine,0,7,39
2002,12,15,R,retired,Spun off,0,8,36
2002,12,16,R,retired,Gearbox,0,11,27
2002,12,17,R,retired,Engine,0,13,24
2002,12,18,R,retired,Engine,0,17,23
2002,12,19,R,retired,Hydraulics,0,21,23
2002,12,20,R,retired,Hydraulics,0,15,18
2002,12,21,R,retired,Transmission,0,20,0
2002,13,1,1,classified,Finished,10,1,77
2002,13,2,2,classified,Finished,6,2,77
2002,13,3,3,classified,Finished,4,3,77
2002,13,4,4,classified,Finished,3,11,77
2002,13,5,5,classified,Finished,2,10,77
2002,13,6,6,classified,Finished,1,5,77
2002,13,7,7,classified,Finished,0,7,77
2002,13,8,8,classified,+1 Lap,0,6,76
2002,13,9,9,classified,+1 Lap,0,8,76
2002,13,10,10,classified,+1 Lap,0,14,76
2002,13,11,11,classified,+1 Lap,0,4,76
2002,13,12,12,classified,+1 Lap,0,12,76
2002,13,13,13,classified,+2 Laps,0,15,75
2002,13,14,14,classified,+2 Laps,0,18,75
2002,13,15,15,classified,+2 Laps,0,17,75
2002,13,16,16,classified,+2 Laps,0,19,75
2002,13,17,R,retired,Spun off,0,20,58
2002,13,18,R,retired,Spun off,0,9,30
2002,13,19,R,retired,Engine,0,16,23
2002,13,20,R,retired,Transmission,0,13,20
2002,14,1,1,classified,Finished,10,1,44
2002,14,2,2,classified,Finished,6,3,44
2002,14,3,3,classified,Finished,4,5,44
2002,14,4,4,classified,Finished,3,6,44
2002,14,5,5,classified,Finished,2,4,44
2002,14,6,6,classified,Finished,1,8,44
2002,14,7,7,classified,Finished,0,9,44
2002,14,8,8,classified,Finished,0,12,44
2002,14,9,9,classified,+1 Lap,0,13,43
2002,14,10,10,classified,+1 Lap,0,18,43
2002,14,11,11,classified,+1 Lap,0,16,43
2002,14,12,12,classified,Engine,0,15,39
2002,14,13,R,retired,Engine,0,14,38
2002,14,14,R,retired,Suspension,0,11,37
2002,14,15,R,retired,Engine,0,17,37
2002,14,16,R,retired,Engine,0,2,35
2002,14,17,R,retired,Engine,0,7,35
2002,14,18,R,retired,Spun off,0,20,17
2002,14,19,R,retired,Engine,0,10,10
2002,14,20,R,retired,Gearbox,0,19,4
2002,15,1,1,classified,Finished,10,4,53
2002,15,2,2,classified,Finished,6,2,53
2002,15,3,3,classified,Finished,4,5,53
2002,15,4,4,classified,Finished,3,11,53
2002,15,5,5,classified,Finished,2,17,53
2002,15,6,6,classified,Finished,1,16,53
2002,15,7,7,classified,Finished,0,7,53
2002,15,8,8,classified,Finished,0,12,53
2002,15,9,9,classified,Finished,0,9,53
2002,15,10,10,classified,Finished,0,15,53
2002,15,11,11,classified,+1 Lap,0,10,52
2002,15,12,12,classified,+1 Lap,0,18,52
2002,15,13,13,classified,+6 Laps,0,20,47
2002,15,14,R,retired,Chassis,0,1,33
2002,15,15,R,retired,Engine,0,6,29
2002,15,16,R,retired,Engine,0,19,20
2002,15,17,R,retired,Collision,0,14,16
2002,15,18,R,retired,Collision,0,8,15
2002,15,19,R,retired,Suspension,0,13,12
2002,15,20,R,retired,Engine,0,3,4
2002,16,1,1,classified,Finished,10,2,73
2002,16,2,2,classified,Finished,6,1,73
2002,16,3,3,classified,Finished,4,3,73
2002,16,4,4,classified,Finished,3,4,73
2002,16,5,5,classified,Finished,2,8,73
2002,16,6,6,classified,Finished,1,7,73
2002,16,7,7,classified,+1 Lap,0,9,72
2002,16,8,8,classified,+1 Lap,0,14,72
2002,16,9,9,classified,+1 Lap,0,10,72
2002,16,10,10,classified,+1 Lap,0,13,72
2002,16,11,11,classified,+1 Lap,0,15,72
2002,16,12,12,classified,+1 Lap,0,12,72
2002,16,13,13,classified,+2 Laps,0,11,71
2002,16,14,14,classified,+2 Laps,0,19,71
2002,16,15,15,classified,+2 Laps,0,16,71
2002,16,16,16,classified,+2 Laps,0,5,71
2002,16,17,R,retired,Engine,0,6,50
2002,16,18,R,retired,Engine,0,20,46
2002,16,19,R,retired,Steering,0,18,38
2002,16,20,R,retired,Transmission,0,17,27
2002,17,1,1,classified,Finished,10,1,53
2002,17,2,2,classified,Finished,6,2,53
2002,17,3,3,classified,Finished,4,4,53
2002,17,4,4,classified,Finished,3,6,53
2002,17,5,5,classified,Finished,2,7,53
2002,17,6,6,classified,+1 Lap,1,10,52
2002,17,7,7,classified,+1 Lap,0,12,52
2002,17,8,8,classified,+1 Lap,0,13,52
2002,17,9,9,classified,+1 Lap,0,14,52
2002,17,10,10,classified,+2 Laps,0,19,51
2002,17,11,11,classified,Engine,0,5,48
2002,17,12,R,retired,Transmission,0,17,39
2002,17,13,R,retired,Engine,0,8,37
2002,17,14,R,retired,Mechanical,0,11,32
2002,17,15,R,retired,Engine,0,9,27
2002,17,16,R,retired,Spun off,0,20,14
2002,17,17,R,retired,Mechanical,0,16,8
2002,17,18,R,retired,Throttle,0,3,7
2002,17,19,R,retired,Accident,0,15,3
2002,17,20,W,withdrawn,Injured,0,18,0
2003,1,1,1,classified,Finished,10,11,58
2003,1,2,2,classified,Finished,8,3,58
2003,1,3,3,classified,Finished,6,15,58
2003,1,4,4,classified,Finished,5,1,58
2003,1,5,5,classified,Finished,4,12,58
2003,1,6,6,classified,Finished,3,4,58
2003,1,7,7,classified,Finished,2,10,58
2003,1,8,8,classified,Finished,1,9,58
2003,1,9,9,classified,Finished,0,6,58
2003,1,10,10,classified,Finished,0,8,58
2003,1,11,11,classified,+1 Lap,0,20,57
2003,1,12,R,retired,Gearbox,0,13,52
2003,1,13,R,retired,Suspension,0,18,52
2003,1,14,R,retired,Fuel pressure,0,5,31
2003,1,15,R,retired,Suspension,0,7,20
2003,1,16,R,retired,Radiator,0,19,16
2003,1,17,R,retired,Suspension,0,14,15
2003,1,18,R,retired,Spun off,0,16,7
2003,1,19,R,retired,Accident,0,17,6
2003,1,20,R,retired,Accident,0,2,5
2003,2,1,1,classified,Finished,10,7,56
2003,2,2,2,classified,Finished,8,5,56
2003,2,3,3,classified,Finished,6,1,56
2003,2,4,4,classified,Finished,5,17,56
2003,2,5,5,classified,+1 Lap,4,2,55
2003,2,6,6,classified,+1 Lap,3,3,55
2003,2,7,7,classified,+1 Lap,2,9,55
2003,2,8,8,classified,+1 Lap,1,6,55
2003,2,9,9,classified,+1 Lap,0,13,55
2003,2,10,10,classified,+1 Lap,0,20,55
2003,2,11,11,classified,+1 Lap,0,11,55
2003,2,12,12,classified,+3 Laps,0,8,53
2003,2,13,13,classified,+4 Laps,0,18,52
2003,2,14,R,retired,Spun off,0,15,42
2003,2,15,R,retired,Mechanical,0,19,41
2003,2,16,R,retired,Engine,0,16,35
2003,2,17,R,retired,Fuel pressure,0,10,12
2003,2,18,R,retired,Electrical,0,4,2
2003,2,19,R,retired,Electrical,0,14,0
2003,2,20,R,retired,Electrical,0,12,0
2003,3,1,1,classified,Finished,10,8,54
2003,3,2,2,classified,Finished,8,4,54
2003,3,3,3,classified,Finished,6,10,54
2003,3,4,4,classified,Finished,5,2,54
2003,3,5,5,classified,Finished,4,14,54
2003,3,6,6,classified,Finished,3,13,54
2003,3,7,7,classified,Finished,2,6,54
2003,3,8,8,classified,Finished,1,5,54
2003,3,9,9,classified,Accident,0,3,53
2003,3,10,10,classified,+1 Lap,0,18,53
2003,3,11,R,retired,Fuel system,0,1,47
2003,3,12,R,retired,Accident,0,11,33
2003,3,13,R,retired,Spun off,0,19,31
2003,3,14,R,retired,Accident,0,7,27
2003,3,15,R,retired,Accident,0,9,25
2003,3,16,R,retired,Accident,0,17,25
2003,3,17,R,retired,Collision,0,15,18
2003,3,18,R,retired,Suspension,0,16,18
2003,3,19,R,retired,Spun off,0,20,16
2003,3,20,R,retired,Engine,0,12,8
2003,4,1,1,classified,Finished,10,1,62
2003,4,2,2,classified,Finished,8,6,62
2003,4,3,3,classified,Finished,6,3,62
2003,4,4,4,classified,Finished,5,2,62
2003,4,5,5,classified,Finished,4,12,62
2003,4,6,6,classified,Finished,3,8,62
2003,4,7,7,classified,Finished,2,4,62
2003,4,8,8,classified,+1 Lap,1,9,61
2003,4,9,9,classified,+1 Lap,0,10,61
2003,4,10,10,classified,+1 Lap,0,11,61
2003,4,11,11,classified,+1 Lap,0,14,61
2003,4,12,12,classified,+1 Lap,0,13,61
2003,4,13,13,classified,+1 Lap,0,16,61
2003,4,14,14,classified,+2 Laps,0,15,60
2003,4,15,15,classified,+5 Laps,0,17,57
2003,4,16,R,retired,Driveshaft,0,5,54
2003,4,17,R,retired,Oil line,0,19,51
2003,4,18,R,retired,Electrical,0,20,38
2003,4,19,R,retired,Fuel rig,0,18,23
2003,4,20,R,retired,Engine,0,7,19
2003,5,1,1,classified,Finished,10,1,65
2003,5,2,2,classified,Finished,8,3,65
2003,5,3,3,classified,Finished,6,2,65
2003,5,4,4,classified,Finished,5,9,65
2003,5,5,5,classified,+1 Lap,4,7,64
2003,5,6,6,classified,+1 Lap,3,13,64
2003,5,7,7,classified,+1 Lap,2,12,64
2003,5,8,8,classified,+2 Laps,1,15,63
2003,5,9,9,classified,+2 Laps,0,5,63
2003,5,10,10,classified,+2 Laps,0,14,63
2003,5,11,11,classified,+2 Laps,0,18,63
2003,5,12,12,classified,+3 Laps,0,19,62
2003,5,13,R,retired,Engine,0,17,43
2003,5,14,R,retired,Gearbox,0,6,41
2003,5,15,R,retired,Suspension,0,10,38
2003,5,16,R,retired,Collision,0,8,17
2003,5,17,R,retired,Electrical,0,11,12
2003,5,18,R,retired,Collision,0,4,0
2003,5,19,R,retired,Launch control,0,16,0
2003,5,20,R,retired,Collision,0,20,0
2003,6,1,1,classified,Finished,10,1,69
2003,6,2,2,classified,Finished,8,2,69
2003,6,3,3,classified,Finished,6,5,69
2003,6,4,4,classified,Finished,5,7,69
2003,6,5,5,classified,Finished,4,14,69
2003,6,6,6,classified,+1 Lap,3,10,68
2003,6,7,7,classified,+1 Lap,2,17,68
2003,6,8,8,classified,+1 Lap,1,6,68
2003,6,9,9,classified,+1 Lap,0,8,68
2003,6,10,10,classified,+1 Lap,0,13,68
2003,6,11,11,classified,+1 Lap,0,16,68
2003,6,12,12,classified,+1 Lap,0,12,68
2003,6,13,13,classified,+2 Laps,0,18,67
2003,6,14,R,retired,Fuel system,0,9,60
2003,6,15,R,retired,Engine,0,4,46
2003,6,16,R,retired,Engine,0,19,44
2003,6,17,R,retired,Engine,0,3,32
2003,6,18,R,retired,Suspension,0,11,6
2003,6,19,R,retired,Clutch,0,20,0
2003,6,20,W,withdrawn,Clutch,0,15,0
2003,7,1,1,classified,Finished,10,3,78
2003,7,2,2,classified,Finished,8,2,78
2003,7,3,3,classified,Finished,6,5,78
2003,7,4,4,classified,Finished,5,1,78
2003,7,5,5,classified,Finished,4,8,78
2003,7,6,6,classified,Finished,3,4,78
2003,7,7,7,classified,Finished,2,6,78
2003,7,8,8,classified,Finished,1,7,78
2003,7,9,9,classified,+1 Lap,0,10,77
2003,7,10,10,classified,+1 Lap,0,12,77
2003,7,11,11,classified,+2 Laps,0,14,76
2003,7,12,12,classified,+2 Laps,0,16,76
2003,7,13,13,classified,+4 Laps,0,17,74
2003,7,14,R,retired,Engine,0,11,63
2003,7,15,R,retired,Fuel system,0,19,29
2003,7,16,R,retired,Fuel system,0,18,28
2003,7,17,R,retired,Hydraulics,0,9,16
2003,7,18,R,retired,Electrical,0,13,10
2003,7,19,R,retired,Accident,0,15,0
2003,7,20,W,withdrawn,Injured,0,20,0
2003,8,1,1,classified,Finished,10,3,70
2003,8,2,2,classified,Finished,8,1,70
2003,8,3,3,classified,Finished,6,2,70
2003,8,4,4,classified,Finished,5,4,70
2003,8,5,5,classified,Finished,4,5,70
2003,8,6,6,classified,Finished,3,20,70
2003,8,7,7,classified,+1 Lap,2,6,69
2003,8,8,8,classified,+1 Lap,1,7,69
2003,8,9,9,classified,+2 Laps,0,15,68
2003,8,10,10,classified,+4 Laps,0,13,64
2003,8,11,11,classified,+6 Laps,0,9,64
2003,8,12,R,retired,Gearbox,0,18,60
2003,8,13,R,retired,Gearbox,0,17,51
2003,8,14,R,retired,Gearbox,0,11,47
2003,8,15,R,retired,Engine,0,12,47
2003,8,16,R,retired,Accident,0,8,22
2003,8,17,R,retired,Gearbox,0,16,20
2003,8,18,R,retired,Engine,0,19,20
2003,8,19,R,retired,Brakes,0,14,14
2003,8,20,R,retired,Electronics,0,10,6
2003,9,1,1,classified,Finished,10,3,60
2003,9,2,2,classified,Finished,8,4,60
2003,9,3,3,classified,Finished,6,5,60
2003,9,4,4,classified,Finished,5,8,60
2003,9,5,5,classified,Finished,4,2,60
2003,9,6,6,classified,+1 Lap,3,11,59
2003,9,7,7,classified,+1 Lap,2,12,59
2003,9,8,8,classified,+1 Lap,1,20,59
2003,9,9,9,classified,+1 Lap,0,15,59
2003,9,10,10,classified,+1 Lap,0,16,59
2003,9,11,11,classified,+2 Laps,0,14,58
2003,9,12,12,classified,+2 Laps,0,13,58
2003,9,13,13,classified,+2 Laps,0,19,58
2003,9,14,14,classified,+3 Laps,0,18,57
2003,9,15,15,classified,+4 Laps,0,9,56
2003,9,16,R,retired,Engine,0,10,53
2003,9,17,R,retired,Gearbox,0,17,51
2003,9,18,R,retired,Fuel pressure,0,6,37
2003,9,19,R,retired,Spun off,0,7,37
2003,9,20,R,retired,Engine,0,1,25
2003,10,1,1,classified,Finished,10,1,70
2003,10,2,2,classified,Finished,8,2,70
2003,10,3,3,classified,Finished,6,3,70
2003,10,4,4,classified,Finished,5,4,70
2003,10,5,5,classified,Finished,4,5,70
2003,10,6,6,classified,Finished,3,9,70
2003,10,7,7,classified,+1 Lap,2,8,69
2003,10,8,8,classified,+1 Lap,1,10,69
2003,10,9,9,classified,+1 Lap,0,12,69
2003,10,10,10,classified,+1 Lap,0,11,69
2003,10,11,11,classified,+1 Lap,0,13,69
2003,10,12,12,classified,+2 Laps,0,16,68
2003,10,13,13,classified,+2 Laps,0,15,68
2003,10,14,14,classified,+3 Laps,0,20,67
2003,10,15,15,classified,+3 Laps,0,18,67
2003,10,16,16,classified,+4 Laps,0,19,66
2003,10,17,R,retired,Engine,0,6,45
2003,10,18,R,retired,Engine,0,7,43
2003,10,19,R,retired,Engine,0,17,42
2003,10,20,R,retired,Fuel,0,14,23
2003,11,1,1,classified,Finished,10,1,60
2003,11,2,2,classified,Finished,8,7,60
2003,11,3,3,classified,Finished,6,3,60
2003,11,4,4,classified,Finished,5,5,60
2003,11,5,5,classified,Finished,4,12,60
2003,11,6,6,classified,Finished,3,2,60
2003,11,7,7,classified,Finished,2,6,60
2003,11,8,8,classified,Finished,1,20,60
2003,11,9,9,classified,Finished,0,4,60
2003,11,10,10,classified,Finished,0,9,60
2003,11,11,11,classified,Finished,0,13,60
2003,11,12,12,classified,Finished,0,14,60
2003,11,13,13,classified,+1 Lap,0,17,59
2003,11,14,14,classified,+1 Lap,0,11,59
2003,11,15,15,classified,+2 Laps,0,19,58
2003,11,16,16,classified,+2 Laps,0,18,58
2003,11,17,17,classified,+2 Laps,0,16,58
2003,11,18,R,retired,Gearbox,0,8,52
2003,11,19,R,retired,Suspension,0,15,44
2003,11,20,R,retired,Engine,0,10,32
2003,12,1,1,classified,Finished,10,1,67
2003,12,2,2,classified,Finished,8,10,67
2003,12,3,3,classified,Finished,6,4,67
2003,12,4,4,classified,Finished,5,8,67
2003,12,5,5,classified,+1 Lap,4,7,66
2003,12,6,6,classified,+1 Lap,3,9,66
2003,12,7,7,classified,+1 Lap,2,6,66
2003,12,8,8,classified,+1 Lap,1,17,66
2003,12,9,9,classified,+2 Laps,0,13,65
2003,12,10,10,classified,+2 Laps,0,15,65
2003,12,11,11,classified,Accident,0,11,64
2003,12,12,12,classified,+5 Laps,0,20,62
2003,12,13,13,classified,Engine,0,13,60
2003,12,14,R,retired,Hydraulics,0,19,23
2003,12,15,R,retired,Gearbox,0,16,6
2003,12,16,R,retired,Accident,0,2,1
2003,12,17,R,retired,Accident,0,14,1
2003,12,18,R,retired,Accident,0,3,0
2003,12,19,R,retired,Accident,0,5,0
2003,12,20,R,retired,Accident,0,18,0
2003,13,1,1,classified,Finished,10,1,70
2003,13,2,2,classified,Finished,8,7,70
2003,13,3,3,classified,Finished,6,4,70
2003,13,4,4,classified,Finished,5,2,70
2003,13,5,5,classified,Finished,4,9,70
2003,13,6,6,classified,Finished,3,3,70
2003,13,7,7,classified,+1 Lap,2,6,69
2003,13,8,8,classified,+1 Lap,1,8,69
2003,13,9,9,classified,+1 Lap,0,11,69
2003,13,10,10,classified,+1 Lap,0,14,69
2003,13,11,11,classified,+2 Laps,0,15,68
2003,13,12,12,classified,+3 Laps,0,18,67
2003,13,13,13,classified,+4 Laps,0,20,66
2003,13,14,R,retired,Out of fuel,0,17,47
2003,13,15,R,retired,Engine,0,12,42
2003,13,16,R,retired,Engine,0,19,34
2003,13,17,R,retired,Gearbox,0,10,33
2003,13,18,R,retired,Engine,0,13,28
2003,13,19,R,retired,Suspension,0,5,19
2003,13,20,R,retired,Hydraulics,0,16,14
2003,14,1,1,classified,Finished,10,1,53
2003,14,2,2,classified,Finished,8,2,53
2003,14,3,3,classified,Finished,6,3,53
2003,14,4,4,classified,Finished,5,4,53
2003,14,5,5,classified,Finished,4,5,53
2003,14,6,6,classified,+1 Lap,3,10,52
2003,14,7,7,classified,+1 Lap,2,11,52
2003,14,8,8,classified,+1 Lap,1,20,52
2003,14,9,9,classified,+1 Lap,0,16,52
2003,14,10,10,classified,+1 Lap,0,13,52
2003,14,11,11,classified,+2 Laps,0,18,51
2003,14,12,12,classified,+2 Laps,0,19,51
2003,14,13,13,classified,+3 Laps,0,14,50
2003,14,14,R,retired,Fuel pressure,0,8,45
2003,14,15,R,retired,Brakes,0,9,35
2003,14,16,R,retired,Oil leak,0,17,27
2003,14,17,R,retired,Gearbox,0,7,24
2003,14,18,R,retired,Tyre,0,12,3
2003,14,19,R,retired,Gearbox,0,15,2
2003,14,20,R,retired,Hydraulics,0,6,0
2003,15,1,1,classified,Finished,10,7,73
2003,15,2,2,classified,Finished,8,1,73
2003,15,3,3,classified,Finished,6,15,73
2003,15,4,4,classified,Finished,5,10,73
2003,15,5,5,classified,Finished,4,13,73
2003,15,6,6,classified,+1 Lap,3,4,72
2003,15,7,7,classified,+1 Lap,2,17,72
2003,15,8,8,classified,+2 Laps,1,16,71
2003,15,9,9,classified,+2 Laps,0,9,71
2003,15,10,10,classified,+4 Laps,0,19,69
2003,15,11,11,classified,+4 Laps,0,20,69
2003,15,12,R,retired,Engine,0,12,63
2003,15,13,R,retired,Spun off,0,18,48
2003,15,14,R,retired,Gearbox,0,8,45
2003,15,15,R,retired,Engine,0,6,44
2003,15,16,R,retired,Engine,0,11,41
2003,15,17,R,retired,Accident,0,3,27
2003,15,18,R,retired,Accident,0,14,21
2003,15,19,R,retired,Accident,0,5,21
2003,15,20,R,retired,Collision,0,2,2
2003,16,1,1,classified,Finished,10,1,53
2003,16,2,2,classified,Finished,8,8,53
2003,16,3,3,classified,Finished,6,7,53
2003,16,4,4,classified,Finished,5,9,53
2003,16,5,5,classified,Finished,4,20,53
2003,16,6,6,classified,Finished,3,13,53
2003,16,7,7,classified,Finished,2,3,53
2003,16,8,8,classified,Finished,1,14,53
2003,16,9,9,classified,Finished,0,11,53
2003,16,10,10,classified,Finished,0,4,53
2003,16,11,11,classified,Finished,0,6,53
2003,16,12,12,classified,+1 Lap,0,19,52
2003,16,13,13,classified,+1 Lap,0,10,52
2003,16,14,14,classified,+2 Laps,0,15,51
2003,16,15,15,classified,+2 Laps,0,17,51
2003,16,16,16,classified,+3 Laps,0,18,50
2003,16,17,R,retired,Out of fuel,0,16,33
2003,16,18,R,retired,Engine,0,5,17
2003,16,19,R,retired,Engine,0,12,9
2003,16,20,R,retired,Hydraulics,0,2,9
2004,1,1,1,classified,Finished,10,1,58
2004,1,2,2,classified,Finished,8,2,58
2004,1,3,3,classified,Finished,6,5,58
2004,1,4,4,classified,Finished,5,8,58
2004,1,5,5,classified,Finished,4,3,58
2004,1,6,6,classified,Finished,3,4,58
2004,1,7,7,classified,+1 Lap,2,9,57
2004,1,8,8,classified,+1 Lap,1,12,57
2004,1,9,9,classified,+1 Lap,0,7,57
2004,1,10,10,classified,+1 Lap,0,14,57
2004,1,11,11,classified,+2 Laps,0,19,56
2004,1,12,12,classified,+2 Laps,0,13,56
2004,1,13,13,classified,+2 Laps,0,18,56
2004,1,14,14,classified,+3 Laps,0,16,55
2004,1,15,R,retired,Engine,0,11,44
2004,1,16,R,retired,Transmission,0,15,43
2004,1,17,R,retired,Not classified,0,20,43
2004,1,18,R,retired,Transmission,0,6,29
2004,1,19,R,retired,Electrical,0,17,13
2004,1,20,R,retired,Engine,0,10,9
2004,2,1,1,classified,Finished,10,1,56
2004,2,2,2,classified,Finished,8,4,56
2004,2,3,3,classified,Finished,6,6,56
2004,2,4,4,classified,Finished,5,3,56
2004,2,5,5,classified,Finished,4,8,56
2004,2,6,6,classified,Finished,3,9,56
2004,2,7,7,classified,Finished,2,19,56
2004,2,8,8,classified,+1 Lap,1,11,55
2004,2,9,9,classified,+1 Lap,0,10,55
2004,2,10,10,classified,+1 Lap,0,13,55
2004,2,11,11,classified,+1 Lap,0,12,55
2004,2,12,12,classified,+1 Lap,0,14,55
2004,2,13,13,classified,+2 Laps,0,18,54
2004,2,14,14,classified,+3 Laps,0,16,53
2004,2,15,15,classified,+4 Laps,0,20,52
2004,2,16,16,classified,+4 Laps,0,17,52
2004,2,17,R,retired,Transmission,0,5,40
2004,2,18,R,retired,Transmission,0,15,34
2004,2,19,R,retired,Engine,0,7,27
2004,2,20,R,retired,Spun off,0,2,23
2004,3,1,1,classified,Finished,10,1,57
2004,3,2,2,classified,Finished,8,2,57
2004,3,3,3,classified,Finished,6,6,57
2004,3,4,4,classified,Finished,5,7,57
2004,3,5,5,classified,Finished,4,5,57
2004,3,6,6,classified,Finished,3,16,57
2004,3,7,7,classified,Finished,2,4,57
2004,3,8,8,classified,+1 Lap,1,14,56
2004,3,9,9,classified,+1 Lap,0,8,56
2004,3,10,10,classified,+1 Lap,0,9,56
2004,3,11,11,classified,+1 Lap,0,11,56
2004,3,12,12,classified,+1 Lap,0,13,56
2004,3,13,13,classified,+1 Lap,0,3,56
2004,3,14,14,classified,+1 Lap,0,12,56
2004,3,15,15,classified,+1 Lap,0,18,56
2004,3,16,16,classified,+2 Laps,0,15,55
2004,3,17,17,classified,+5 Laps,0,17,52
2004,3,18,R,retired,Pneumatics,0,10,50
2004,3,19,R,retired,Engine,0,20,44
2004,3,20,R,retired,Engine,0,19,7
2004,4,1,1,classified,Finished,10,2,62
2004,4,2,2,classified,Finished,8,1,62
2004,4,3,3,classified,Finished,6,3,62
2004,4,4,4,classified,Finished,5,6,62
2004,4,5,5,classified,Finished,4,9,62
2004,4,6,6,classified,Finished,3,4,62
2004,4,7,7,classified,Finished,2,5,62
2004,4,8,8,classified,+1 Lap,1,20,61
2004,4,9,9,classified,+1 Lap,0,18,61
2004,4,10,10,classified,+1 Lap,0,12,61
2004,4,11,11,classified,+1 Lap,0,13,61
2004,4,12,12,classified,+1 Lap,0,11,61
2004,4,13,13,classified,+1 Lap,0,8,61
2004,4,14,14,classified,+2 Laps,0,14,60
2004,4,15,15,classified,+4 Laps,0,19,58
2004,4,16,16,classified,Engine,0,7,56
2004,4,17,R,retired,Driveshaft,0,16,48
2004,4,18,R,retired,Accident,0,10,32
2004,4,19,R,retired,Brakes,0,17,22
2004,4,20,R,retired,Hydraulics,0,15,6
2004,5,1,1,classified,Finished,10,1,66
2004,5,2,2,classified,Finished,8,5,66
2004,5,3,3,classified,Finished,6,4,66
2004,5,4,4,classified,Finished,5,8,66
2004,5,5,5,classified,Finished,4,3,66
2004,5,6,6,classified,Finished,3,6,66
2004,5,7,7,classified,Finished,2,12,66
2004,5,8,8,classified,+1 Lap,1,14,65
2004,5,9,9,classified,+1 Lap,0,17,65
2004,5,10,10,classified,+1 Lap,0,10,65
2004,5,11,11,classified,+1 Lap,0,13,65
2004,5,12,12,classified,+1 Lap,0,9,65
2004,5,13,13,classified,+1 Lap,0,11,65
2004,5,14,R,retired,Steering,0,19,51
2004,5,15,R,retired,Brakes,0,2,46
2004,5,16,R,retired,Throttle,0,16,43
2004,5,17,R,retired,Hydraulics,0,7,33
2004,5,18,R,retired,Hydraulics,0,15,33
2004,5,19,R,retired,Spun off,0,18,31
2004,5,20,R,retired,Spun off,0,20,17
2004,6,1,1,classified,Finished,10,1,77
2004,6,2,2,classified,Finished,8,2,77
2004,6,3,3,classified,Finished,6,6,77
2004,6,4,4,classified,+1 Lap,5,9,76
2004,6,5,5,classified,+1 Lap,4,16,76
2004,6,6,6,classified,+1 Lap,3,15,76
2004,6,7,7,classified,+2 Laps,2,17,75
2004,6,8,8,classified,+3 Laps,1,13,74
2004,6,9,9,classified,+6 Laps,0,19,71
2004,6,10,10,classified,Gearbox,0,12,69
2004,6,11,R,retired,Collision,0,4,45
2004,6,12,R,retired,Accident,0,3,41
2004,6,13,R,retired,Pneumatics,0,5,27
2004,6,14,R,retired,Gearbox,0,20,15
2004,6,15,R,retired,Transmission,0,18,12
2004,6,16,R,retired,Gearbox,0,11,11
2004,6,17,R,retired,Engine,0,7,2
2004,6,18,R,retired,Collision,0,8,2
2004,6,19,R,retired,Collision,0,10,2
2004,6,20,R,retired,Accident,0,14,0
2004,7,1,1,classified,Finished,10,1,60
2004,7,2,2,classified,Finished,8,7,60
2004,7,3,3,classified,Finished,6,5,60
2004,7,4,4,classified,Finished,5,3,60
2004,7,5,5,classified,Finished,4,6,60
2004,7,6,6,classified,Finished,3,19,60
2004,7,7,7,classified,Finished,2,14,60
2004,7,8,8,classified,+1 Lap,1,8,59
2004,7,9,9,classified,+1 Lap,0,16,59
2004,7,10,10,classified,+1 Lap,0,13,59
2004,7,11,11,classified,+1 Lap,0,10,59
2004,7,12,12,classified,+1 Lap,0,12,59
2004,7,13,13,classified,+2 Laps,0,15,58
2004,7,14,14,classified,+3 Laps,0,20,57
2004,7,15,15,classified,+3 Laps,0,17,57
2004,7,16,R,retired,Engine,0,2,47
2004,7,17,R,retired,Engine,0,18,25
2004,7,18,R,retired,Engine,0,4,9
2004,7,19,R,retired,Collision,0,9,0
2004,7,20,R,retired,Collision,0,11,0
2004,8,1,1,classified,Finished,10,6,70
2004,8,2,2,classified,Finished,8,7,70
2004,8,3,3,classified,Finished,6,2,70
2004,8,4,4,classified,+1 Lap,5,11,69
2004,8,5,5,classified,+1 Lap,4,8,69
2004,8,6,6,classified,+1 Lap,3,9,69
2004,8,7,7,classified,+2 Laps,2,16,68
2004,8,8,8,classified,+2 Laps,1,15,68
2004,8,9,9,classified,+3 Laps,0,10,67
2004,8,10,10,classified,+4 Laps,0,18,66
2004,8,11,R,retired,Accident,0,17,62
2004,8,12,R,retired,Engine,0,20,48
2004,8,13,R,retired,Driveshaft,0,5,44
2004,8,14,R,retired,Gearbox,0,19,30
2004,8,15,R,retired,Suspension,0,14,6
2004,8,16,R,retired,Transmission,0,3,0
2004,8,17,D,disqualified,Disqualified,0,1,70
2004,8,18,D,disqualified,Disqualified,0,4,70
2004,8,19,D,disqualified,Disqualified,0,12,69
2004,8,20,D,disqualified,Disqualified,0,13,69
2004,9,1,1,classified,Finished,10,2,73
2004,9,2,2,classified,Finished,8,1,73
2004,9,3,3,classified,Finished,6,3,73
2004,9,4,4,classified,Finished,5,20,73
2004,9,5,5,classified,Finished,4,8,73
2004,9,6,6,classified,+1 Lap,3,7,72
2004,9,7,7,classified,+1 Lap,2,12,72
2004,9,8,8,classified,+3 Laps,1,19,70
2004,9,9,9,classified,+8 Laps,0,14,65
2004,9,10,R,retired,Engine,0,10,60
2004,9,11,D,disqualified,Disqualified,0,5,57
2004,9,12,R,retired,Engine,0,16,40
2004,9,13,R,retired,Gearbox,0,4,26
2004,9,14,R,retired,Gearbox,0,11,17
2004,9,15,R,retired,Tyre,0,6,9
2004,9,16,R,retired,Tyre,0,9,8
2004,9,17,R,retired,Collision,0,13,0
2004,9,18,R,retired,Collision,0,15,0
2004,9,19,R,retired,Collision,0,17,0
2004,9,20,R,retired,Collision,0,18,0
2004,10,1,1,classified,Finished,10,2,70
2004,10,2,2,classified,Finished,8,1,70
2004,10,3,3,classified,Finished,6,10,70
2004,10,4,4,classified,Finished,5,5,70
2004,10,5,5,classified,Finished,4,4,70
2004,10,6,6,classified,Finished,3,3,70
2004,10,7,7,classified,Finished,2,9,70
2004,10,8,8,classified,Finished,1,6,70
2004,10,9,9,classified,Finished,0,12,70
2004,10,10,10,classified,Finished,0,8,70
2004,10,11,11,classified,+1 Lap,0,13,69
2004,10,12,12,classified,+1 Lap,0,15,69
2004,10,13,13,classified,+1 Lap,0,16,69
2004,10,14,14,classified,+1 Lap,0,11,69
2004,10,15,15,classified,+2 Laps,0,14,68
2004,10,16,16,classified,+2 Laps,0,17,68
2004,10,17,17,classified,+3 Laps,0,18,67
2004,10,18,18,classified,+4 Laps,0,19,66
2004,10,19,R,retired,Spun off,0,20,31
2004,10,20,R,retired,Engine,0,7,15
2004,11,1,1,classified,Finished,10,4,60
2004,11,2,2,classified,Finished,8,1,60
2004,11,3,3,classified,Finished,6,2,60
2004,11,4,4,classified,Finished,5,3,60
2004,11,5,5,classified,Finished,4,7,60
2004,11,6,6,classified,Finished,3,20,60
2004,11,7,7,classified,Finished,2,6,60
2004,11,8,8,classified,Finished,1,9,60
2004,11,9,9,classified,Finished,0,10,60
2004,11,10,10,classified,Finished,0,16,60
2004,11,11,11,classified,Finished,0,8,60
2004,11,12,12,classified,Finished,0,11,60
2004,11,13,13,classified,+1 Lap,0,12,59
2004,11,14,14,classified,+1 Lap,0,13,59
2004,11,15,15,classified,+1 Lap,0,15,59
2004,11,16,16,classified,+4 Laps,0,18,56
2004,11,17,R,retired,Spun off,0,14,47
2004,11,18,R,retired,Accident,0,5,39
2004,11,19,R,retired,Engine,0,19,29
2004,11,20,R,retired,Accident,0,17,16
2004,12,1,1,classified,Finished,10,1,66
2004,12,2,2,classified,Finished,8,13,66
2004,12,3,3,classified,Finished,6,5,66
2004,12,4,4,classified,Finished,5,4,66
2004,12,5,5,classified,Finished,4,2,66
2004,12,6,6,classified,Finished,3,11,66
2004,12,7,7,classified,Finished,2,10,66
2004,12,8,8,classified,Finished,1,8,66
2004,12,9,9,classified,Finished,0,14,66
2004,12,10,10,classified,Finished,0,12,66
2004,12,11,11,classified,Finished,0,6,66
2004,12,12,12,classified,Finished,0,7,66
2004,12,13,13,classified,+1 Lap,0,16,65
2004,12,14,14,classified,+1 Lap,0,9,65
2004,12,15,15,classified,+3 Laps,0,17,63
2004,12,16,16,classified,+4 Laps,0,20,62
2004,12,17,17,classified,+4 Laps,0,19,62
2004,12,18,R,retired,Handling,0,18,42
2004,12,19,R,retired,Puncture,0,15,38
2004,12,20,R,retired,Rear wing,0,3,13
2004,13,1,1,classified,Finished,10,1,70
2004,13,2,2,classified,Finished,8,2,70
2004,13,3,3,classified,Finished,6,5,70
2004,13,4,4,classified,Finished,5,7,70
2004,13,5,5,classified,Finished,4,4,70
2004,13,6,6,classified,+1 Lap,3,3,69
2004,13,7,7,classified,+1 Lap,2,6,69
2004,13,8,8,classified,+1 Lap,1,8,69
2004,13,9,9,classified,+1 Lap,0,12,69
2004,13,10,10,classified,+1 Lap,0,11,69
2004,13,11,11,classified,+1 Lap,0,13,69
2004,13,12,12,classified,+2 Laps,0,16,68
2004,13,13,13,classified,+2 Laps,0,14,68
2004,13,14,14,classified,+4 Laps,0,19,66
2004,13,15,15,classified,+5 Laps,0,18,65
2004,13,16,R,retired,Gearbox,0,17,48
2004,13,17,R,retired,Engine,0,9,41
2004,13,18,R,retired,Electronics,0,15,31
2004,13,19,R,retired,Brakes,0,20,21
2004,13,20,R,retired,Electrical,0,10,13
2004,14,1,1,classified,Finished,10,10,44
2004,14,2,2,classified,Finished,8,2,44
2004,14,3,3,classified,Finished,6,6,44
2004,14,4,4,classified,Finished,5,8,44
2004,14,5,5,classified,Finished,4,5,44
2004,14,6,6,classified,Finished,3,13,44
2004,14,7,7,classified,Finished,2,4,44
2004,14,8,8,classified,Finished,1,9,44
2004,14,9,9,classified,Finished,0,1,44
2004,14,10,10,classified,Engine,0,20,41
2004,14,11,11,classified,+4 Laps,0,16,40
2004,14,12,R,retired,Tyre,0,11,37
2004,14,13,R,retired,Gearbox,0,14,31
2004,14,14,R,retired,Collision,0,12,29
2004,14,15,R,retired,Collision,0,18,28
2004,14,16,R,retired,Engine,0,3,11
2004,14,17,R,retired,Collision,0,7,0
2004,14,18,R,retired,Collision,0,15,0
2004,14,19,R,retired,Collision,0,17,0
2004,14,20,R,retired,Collision,0,19,0
2004,15,1,1,classified,Finished,10,1,53
2004,15,2,2,classified,Finished,8,3,53
2004,15,3,3,classified,Finished,6,6,53
2004,15,4,4,classified,Finished,5,5,53
2004,15,5,5,classified,Finished,4,2,53
2004,15,6,6,classified,Finished,3,10,53
2004,15,7,7,classified,Finished,2,8,53
2004,15,8,8,classified,Finished,1,15,53
2004,15,9,9,classified,Finished,0,12,53
2004,15,10,10,classified,Finished,0,9,53
2004,15,11,11,classified,Finished,0,11,53
2004,15,12,12,classified,+1 Lap,0,16,52
2004,15,13,13,classified,+1 Lap,0,14,52
2004,15,14,14,classified,+1 Lap,0,20,52
2004,15,15,15,classified,+3 Laps,0,19,50
2004,15,16,R,retired,Spun off,0,4,40
2004,15,17,R,retired,Accident,0,17,33
2004,15,18,R,retired,Fire,0,18,29
2004,15,19,R,retired,Engine,0,7,13
2004,15,20,R,retired,Collision,0,13,0
2004,16,1,1,classified,Finished,10,1,56
2004,16,2,2,classified,Finished,8,3,56
2004,16,3,3,classified,Finished,6,2,56
2004,16,4,4,classified,Finished,5,6,56
2004,16,5,5,classified,Finished,4,10,56
2004,16,6,6,classified,Finished,3,18,56
2004,16,7,7,classified,Finished,2,7,56
2004,16,8,8,classified,Finished,1,4,56
2004,16,9,9,classified,Finished,0,9,56
2004,16,10,10,classified,+1 Lap,0,11,55
2004,16,11,11,classified,+1 Lap,0,12,55
2004,16,12,12,classified,+1 Lap,0,20,55
2004,16,13,13,classified,+1 Lap,0,14,55
2004,16,14,14,classified,+1 Lap,0,8,55
2004,16,15,15,classified,+1 Lap,0,16,55
2004,16,16,16,classified,+3 Laps,0,19,53
2004,16,17,R,retired,Wheel,0,17,38
2004,16,18,R,retired,Collision,0,5,37
2004,16,19,R,retired,Transmission,0,13,35
2004,16,20,R,retired,Collision,0,15,11
2004,17,1,1,classified,Finished,10,1,53
2004,17,2,2,classified,Finished,8,2,53
2004,17,3,3,classified,Finished,6,5,53
2004,17,4,4,classified,Finished,5,4,53
2004,17,5,5,classified,Finished,4,11,53
2004,17,6,6,classified,Finished,3,12,53
2004,17,7,7,classified,Finished,2,13,53
2004,17,8,8,classified,Finished,1,7,53
2004,17,9,9,classified,Finished,0,19,53
2004,17,10,10,classified,+1 Lap,0,9,52
2004,17,11,11,classified,+1 Lap,0,6,52
2004,17,12,12,classified,+1 Lap,0,14,52
2004,17,13,13,classified,+1 Lap,0,16,52
2004,17,14,14,classified,+2 Laps,0,10,51
2004,17,15,15,classified,+2 Laps,0,17,51
2004,17,16,16,classified,+3 Laps,0,18,50
2004,17,17,R,retired,Spun off,0,20,41
2004,17,18,R,retired,Collision,0,8,38
2004,17,19,R,retired,Collision,0,15,38
2004,17,20,R,retired,Overheating,0,3,20
2004,18,1,1,classified,Finished,10,2,71
2004,18,2,2,classified,Finished,8,3,71
2004,18,3,3,classified,Finished,6,1,71
2004,18,4,4,classified,Finished,5,8,71
2004,18,5,5,classified,Finished,4,7,71
2004,18,6,6,classified,Finished,3,6,71
2004,18,7,7,classified,Finished,2,18,71
2004,18,8,8,classified,Finished,1,4,71
2004,18,9,9,classified,Finished,0,10,71
2004,18,10,10,classified,+1 Lap,0,13,70
2004,18,11,11,classified,+1 Lap,0,12,70
2004,18,12,12,classified,+1 Lap,0,9,70
2004,18,13,13,classified,+1 Lap,0,14,70
2004,18,14,14,classified,+2 Laps,0,15,69
2004,18,15,15,classified,+2 Laps,0,17,69
2004,18,16,16,classified,+4 Laps,0,19,67
2004,18,17,17,classified,+4 Laps,0,20,67
2004,18,18,R,retired,Collision,0,11,23
2004,18,19,R,retired,Clutch,0,16,15
2004,18,20,R,retired,Engine,0,5,3
2005,1,1,1,classified,Finished,10,1,57
2005,1,2,2,classified,Finished,8,11,57
2005,1,3,3,classified,Finished,6,13,57
2005,1,4,4,classified,Finished,5,5,57
2005,1,5,5,classified,Finished,4,3,57
2005,1,6,6,classified,Finished,3,9,57
2005,1,7,7,classified,Finished,2,6,57
2005,1,8,8,classified,Finished,1,10,57
2005,1,9,9,classified,Finished,0,2,57
2005,1,10,10,classified,Finished,0,18,57
2005,1,11,R,retired,+1 Lap,0,8,56
2005,1,12,12,classified,+1 Lap,0,15,56
2005,1,13,13,classified,+1 Lap,0,4,56
2005,1,14,R,retired,+2 Laps,0,20,55
2005,1,15,15,classified,+2 Laps,0,12,55
2005,1,16,16,classified,+2 Laps,0,14,55
2005,1,17,17,classified,+4 Laps,0,16,55
2005,1,18,R,retired,Accident,0,19,42
2005,1,19,R,retired,Accident,0,7,42
2005,1,20,R,retired,Gearbox,0,17,16
2005,2,1,1,classified,Finished,10,1,56
2005,2,2,2,classified,Finished,8,2,56
2005,2,3,3,classified,Finished,6,10,56
2005,2,4,4,classified,Finished,5,11,56
2005,2,5,5,classified,Finished,4,5,56
2005,2,6,6,classified,Finished,3,8,56
2005,2,7,7,classified,Finished,2,13,56
2005,2,8,8,classified,Finished,1,7,56
2005,2,9,9,classified,Finished,0,6,56
2005,2,10,10,classified,+1 Lap,0,14,55
2005,2,11,11,classified,+2 Laps,0,17,54
2005,2,12,12,classified,+3 Laps,0,18,53
2005,2,13,13,classified,+4 Laps,0,19,52
2005,2,14,R,retired,Tyre,0,12,49
2005,2,15,R,retired,Collision,0,3,36
2005,2,16,R,retired,Collision,0,4,36
2005,2,17,R,retired,Spun off,0,16,26
2005,2,18,R,retired,Engine,0,9,2
2005,2,19,R,retired,Engine,0,15,2
2005,2,20,R,retired,Spun off,0,20,2
2005,3,1,1,classified,Finished,10,1,57
2005,3,2,2,classified,Finished,8,3,57
2005,3,3,3,classified,Finished,6,9,57
2005,3,4,4,classified,Finished,5,6,57
2005,3,5,5,classified,Finished,4,8,57
2005,3,6,6,classified,Finished,3,5,57
2005,3,7,7,classified,+1 Lap,2,12,56
2005,3,8,8,classified,+1 Lap,1,14,56
2005,3,9,9,classified,+1 Lap,0,20,56
2005,3,10,10,classified,+2 Laps,0,16,55
2005,3,11,11,classified,Suspension,0,15,54
2005,3,12,12,classified,+3 Laps,0,19,54
2005,3,13,13,classified,+4 Laps,0,18,53
2005,3,14,R,retired,Clutch,0,11,46
2005,3,15,R,retired,Brakes,0,13,27
2005,3,16,R,retired,Engine,0,4,25
2005,3,17,R,retired,Hydraulics,0,2,12
2005,3,18,R,retired,Engine,0,10,4
2005,3,19,R,retired,Electrical,0,17,2
2005,3,20,W,withdrawn,Electrical,0,7,0
2005,4,1,1,classified,Finished,10,2,62
2005,4,2,2,classified,Finished,8,13,62
2005,4,3,3,classified,Finished,6,7,62
2005,4,4,4,classified,Finished,5,11,62
2005,4,5,5,classified,Finished,4,5,62
2005,4,6,6,classified,Finished,3,8,62
2005,4,7,7,classified,Finished,2,4,62
2005,4,8,8,classified,Finished,1,15,62
2005,4,9,9,classified,Finished,0,10,62
2005,4,10,10,classified,+1 Lap,0,18,61
2005,4,11,11,classified,+1 Lap,0,14,61
2005,4,12,12,classified,+1 Lap,0,16,61
2005,4,13,13,classified,+2 Laps,0,17,60
2005,4,14,R,retired,Hydraulics,0,20,20
2005,4,15,R,retired,Electrical,0,9,18
2005,4,16,R,retired,Driveshaft,0,1,9
2005,4,17,R,retired,Clutch,0,19,8
2005,4,18,R,retired,Accident,0,12,5
2005,4,19,D,disqualified,Disqualified,0,3,62
2005,4,20,D,disqualified,Disqualified,0,6,62
2005,5,1,1,classified,Finished,10,1,66
2005,5,2,2,classified,Finished,8,3,66
2005,5,3,3,classified,Finished,6,5,66
2005,5,4,4,classified,Finished,5,4,66
2005,5,5,5,classified,Finished,4,6,66
2005,5,6,6,classified,Finished,3,2,66
2005,5,7,7,classified,+1 Lap,2,7,65
2005,5,8,8,classified,+1 Lap,1,9,65
2005,5,9,9,classified,+1 Lap,0,16,65
2005,5,10,10,classified,+1 Lap,0,17,65
2005,5,11,11,classified,Wheel rim,0,10,63
2005,5,12,12,classified,+3 Laps,0,18,63
2005,5,13,13,classified,+3 Laps,0,13,63
2005,5,14,R,retired,Engine,0,12,51
2005,5,15,R,retired,Puncture,0,8,46
2005,5,16,R,retired,Gearbox,0,14,19
2005,5,17,R,retired,Spun off,0,15,11
2005,5,18,R,retired,Spun off,0,11,9
2005,6,1,1,classified,Finished,10,1,78
2005,6,2,2,classified,Finished,8,6,78
2005,6,3,3,classified,Finished,6,3,78
2005,6,4,4,classified,Finished,5,2,78
2005,6,5,5,classified,Finished,4,16,78
2005,6,6,6,classified,Finished,3,18,78
2005,6,7,7,classified,Finished,2,8,78
2005,6,8,8,classified,Finished,1,10,78
2005,6,9,9,classified,+1 Lap,0,11,77
2005,6,10,10,classified,+1 Lap,0,5,77
2005,6,11,11,classified,+1 Lap,0,9,77
2005,6,12,12,classified,+1 Lap,0,4,77
2005,6,13,13,classified,+3 Laps,0,15,75
2005,6,14,14,classified,+5 Laps,0,14,73
2005,6,15,R,retired,Accident,0,12,59
2005,6,16,R,retired,Accident,0,13,29
2005,6,17,R,retired,Accident,0,7,23
2005,6,18,R,retired,Hydraulics,0,17,18
2005,7,1,1,classified,Finished,10,6,59
2005,7,2,2,classified,Finished,8,1,59
2005,7,3,3,classified,Finished,6,7,59
2005,7,4,4,classified,Finished,5,12,59
2005,7,5,5,classified,Finished,4,10,59
2005,7,6,6,classified,Finished,3,9,59
2005,7,7,7,classified,Finished,2,5,59
2005,7,8,8,classified,Finished,1,4,59
2005,7,9,9,classified,Finished,0,14,59
2005,7,10,10,classified,Finished,0,13,59
2005,7,11,11,classified,Accident,0,2,58
2005,7,12,12,classified,+1 Lap,0,16,58
2005,7,13,13,classified,+1 Lap,0,15,58
2005,7,14,14,classified,+1 Lap,0,11,58
2005,7,15,15,classified,+1 Lap,0,17,58
2005,7,16,16,classified,+1 Lap,0,19,58
2005,7,17,17,classified,+2 Laps,0,20,57
2005,7,18,18,classified,+3 Laps,0,18,56
2005,7,19,R,retired,Spun off,0,8,33
2005,7,20,R,retired,Accident,0,3,0
2005,8,1,1,classified,Finished,10,7,70
2005,8,2,2,classified,Finished,8,2,70
2005,8,3,3,classified,Finished,6,20,70
2005,8,4,4,classified,Finished,5,11,70
2005,8,5,5,classified,Finished,4,14,70
2005,8,6,6,classified,+1 Lap,3,10,69
2005,8,7,7,classified,+1 Lap,2,12,69
2005,8,8,8,classified,+1 Lap,1,16,69
2005,8,9,9,classified,+1 Lap,0,8,69
2005,8,10,10,classified,+3 Laps,0,18,67
2005,8,11,11,classified,+3 Laps,0,15,67
2005,8,12,R,retired,Brakes,0,9,62
2005,8,13,R,retired,Accident,0,1,46
2005,8,14,R,retired,Engine,0,13,43
2005,8,15,R,retired,Brakes,0,6,40
2005,8,16,R,retired,Hydraulics,0,19,39
2005,8,17,R,retired,Suspension,0,3,38
2005,8,18,R,retired,Hydraulics,0,4,32
2005,8,19,R,retired,Suspension,0,17,24
2005,8,20,D,disqualified,Disqualified,0,5,52
2005,9,1,1,classified,Finished,10,5,73
2005,9,2,2,classified,Finished,8,7,73
2005,9,3,3,classified,+1 Lap,6,17,72
2005,9,4,4,classified,+1 Lap,5,19,72
2005,9,5,5,classified,+2 Laps,4,18,71
2005,9,6,6,classified,+2 Laps,3,20,71
2005,9,7,W,withdrawn,Withdrew,0,1,0
2005,9,8,W,withdrawn,Withdrew,0,2,0
2005,9,9,W,withdrawn,Withdrew,0,3,0
2005,9,10,W,withdrawn,Withdrew,0,4,0
2005,9,11,W,withdrawn,Withdrew,0,6,0
2005,9,12,W,withdrawn,Withdrew,0,8,0
2005,9,13,W,withdrawn,Withdrew,0,9,0
2005,9,14,W,withdrawn,Withdrew,0,10,0
2005,9,15,W,withdrawn,Withdrew,0,11,0
2005,9,16,W,withdrawn,Withdrew,0,12,0
2005,9,17,W,withdrawn,Withdrew,0,13,0
2005,9,18,W,withdrawn,Withdrew,0,14,0
2005,9,19,W,withdrawn,Withdrew,0,15,0
2005,9,20,W,withdrawn,Withdrew,0,16,0
2005,10,1,1,classified,Finished,10,1,70
2005,10,2,2,classified,Finished,8,13,70
2005,10,3,3,classified,Finished,6,3,70
2005,10,4,4,classified,+1 Lap,5,7,69
2005,10,5,5,classified,+1 Lap,4,2,69
2005,10,6,6,classified,+1 Lap,3,6,69
2005,10,7,7,classified,+1 Lap,2,11,69
2005,10,8,8,classified,+1 Lap,1,10,69
2005,10,9,9,classified,+1 Lap,0,5,69
2005,10,10,10,classified,+1 Lap,0,15,69
2005,10,11,11,classified,+1 Lap,0,4,69
2005,10,12,12,classified,+2 Laps,0,12,68
2005,10,13,13,classified,+3 Laps,0,19,67
2005,10,14,14,classified,+4 Laps,0,14,66
2005,10,15,15,classified,+4 Laps,0,17,66
2005,10,16,R,retired,Engine,0,8,46
2005,10,17,R,retired,Puncture,0,20,37
2005,10,18,R,retired,Puncture,0,18,33
2005,10,19,R,retired,Hydraulics,0,9,30
2005,10,20,R,retired,Fuel pressure,0,16,1
2005,11,1,1,classified,Finished,10,3,60
2005,11,2,2,classified,Finished,8,1,60
2005,11,3,3,classified,Finished,6,12,60
2005,11,4,4,classified,Finished,5,6,60
2005,11,5,5,classified,Finished,4,2,60
2005,11,6,6,classified,Finished,3,9,60
2005,11,7,7,classified,Finished,2,5,60
2005,11,8,8,classified,Finished,1,8,60
2005,11,9,9,classified,Finished,0,4,60
2005,11,10,10,classified,+1 Lap,0,16,59
2005,11,11,11,classified,+1 Lap,0,11,59
2005,11,12,12,classified,+1 Lap,0,14,59
2005,11,13,13,classified,+1 Lap,0,13,59
2005,11,14,14,classified,+1 Lap,0,10,59
2005,11,15,15,classified,+1 Lap,0,15,59
2005,11,16,16,classified,+2 Laps,0,7,58
2005,11,17,17,classified,+2 Laps,0,20,58
2005,11,18,18,classified,+3 Laps,0,18,57
2005,11,19,19,classified,+4 Laps,0,19,56
2005,11,20,R,retired,Electrical,0,17,10
2005,12,1,1,classified,Finished,10,3,67
2005,12,2,2,classified,Finished,8,20,67
2005,12,3,3,classified,Finished,6,2,67
2005,12,4,4,classified,Finished,5,4,67
2005,12,5,5,classified,Finished,4,5,67
2005,12,6,6,classified,Finished,3,12,67
2005,12,7,7,classified,Finished,2,11,67
2005,12,8,8,classified,Finished,1,13,67
2005,12,9,9,classified,Finished,0,10,67
2005,12,10,10,classified,+1 Lap,0,15,66
2005,12,11,11,classified,+1 Lap,0,7,66
2005,12,12,12,classified,+1 Lap,0,8,66
2005,12,13,13,classified,+2 Laps,0,16,65
2005,12,14,14,classified,+3 Laps,0,9,64
2005,12,15,15,classified,+3 Laps,0,14,64
2005,12,16,16,classified,+3 Laps,0,19,64
2005,12,17,17,classified,+3 Laps,0,18,64
2005,12,18,18,classified,+4 Laps,0,17,63
2005,12,19,R,retired,+12 Laps,0,6,55
2005,12,20,R,retired,Hydraulics,0,1,32
2005,13,1,1,classified,Finished,10,4,70
2005,13,2,2,classified,Finished,8,1,70
2005,13,3,3,classified,Finished,6,5,70
2005,13,4,4,classified,Finished,5,3,70
2005,13,5,5,classified,Finished,4,8,70
2005,13,6,6,classified,Finished,3,12,70
2005,13,7,7,classified,+1 Lap,2,16,69
2005,13,8,8,classified,+1 Lap,1,10,69
2005,13,9,9,classified,+1 Lap,0,9,69
2005,13,10,10,classified,+1 Lap,0,7,69
2005,13,11,11,classified,+1 Lap,0,6,69
2005,13,12,12,classified,+3 Laps,0,18,67
2005,13,13,13,classified,+4 Laps,0,20,66
2005,13,14,14,classified,+7 Laps,0,14,63
2005,13,15,R,retired,+11 Laps,0,17,59
2005,13,16,R,retired,Engine fire,0,15,56
2005,13,17,R,retired,Driveshaft,0,2,41
2005,13,18,R,retired,Hydraulics,0,19,26
2005,13,19,R,retired,Accident,0,13,0
2005,13,20,R,retired,Accident,0,11,0
2005,14,1,1,classified,Finished,10,1,58
2005,14,2,2,classified,Finished,8,3,58
2005,14,3,3,classified,Finished,6,4,58
2005,14,4,4,classified,Finished,5,2,58
2005,14,5,5,classified,Finished,4,13,58
2005,14,6,6,classified,Finished,3,5,58
2005,14,7,7,classified,Finished,2,12,58
2005,14,8,8,classified,Finished,1,10,58
2005,14,9,9,classified,Finished,0,20,58
2005,14,10,10,classified,+1 Lap,0,11,57
2005,14,11,11,classified,+1 Lap,0,16,57
2005,14,12,12,classified,+1 Lap,0,9,57
2005,14,13,13,classified,+3 Laps,0,17,55
2005,14,14,14,classified,+3 Laps,0,18,55
2005,14,15,15,classified,+3 Laps,0,14,55
2005,14,16,R,retired,Retired,0,15,48
2005,14,17,R,retired,Retired,0,19,32
2005,14,18,R,retired,Tyre,0,6,29
2005,14,19,R,retired,Engine,0,8,28
2005,14,20,R,retired,Tyre,0,7,20
2005,15,1,1,classified,Finished,10,1,53
2005,15,2,2,classified,Finished,8,2,53
2005,15,3,3,classified,Finished,6,8,53
2005,15,4,4,classified,Finished,5,11,53
2005,15,5,5,classified,Finished,4,5,53
2005,15,6,6,classified,Finished,3,9,53
2005,15,7,7,classified,Finished,2,16,53
2005,15,8,8,classified,Finished,1,3,53
2005,15,9,9,classified,Finished,0,15,53
2005,15,10,10,classified,Finished,0,6,53
2005,15,11,11,classified,+1 Lap,0,12,52
2005,15,12,12,classified,+1 Lap,0,7,52
2005,15,13,13,classified,+1 Lap,0,13,52
2005,15,14,14,classified,+1 Lap,0,14,52
2005,15,15,15,classified,+1 Lap,0,10,52
2005,15,16,16,classified,+1 Lap,0,4,52
2005,15,17,17,classified,+2 Laps,0,17,51
2005,15,18,18,classified,+2 Laps,0,18,51
2005,15,19,19,classified,+2 Laps,0,20,51
2005,15,20,20,classified,+3 Laps,0,19,50
2005,16,1,1,classified,Finished,10,2,44
2005,16,2,2,classified,Finished,8,4,44
2005,16,3,3,classified,Finished,6,8,44
2005,16,4,4,classified,Finished,5,9,44
2005,16,5,5,classified,Finished,4,12,44
2005,16,6,6,classified,Finished,3,14,44
2005,16,7,7,classified,Finished,2,5,44
2005,16,8,8,classified,+1 Lap,1,19,43
2005,16,9,9,classified,+1 Lap,0,16,43
2005,16,10,10,classified,+1 Lap,0,7,43
2005,16,11,11,classified,+1 Lap,0,20,43
2005,16,12,12,classified,+2 Laps,0,18,42
2005,16,13,13,classified,+3 Laps,0,17,41
2005,16,14,14,classified,Collision,0,1,40
2005,16,15,15,classified,Collision,0,15,39
2005,16,16,R,retired,Accident,0,3,34
2005,16,17,R,retired,Engine,0,11,18
2005,16,18,R,retired,Accident,0,6,13
2005,16,19,R,retired,Accident,0,10,13
2005,16,20,R,retired,Accident,0,13,10
2005,17,1,1,classified,Finished,10,2,71
2005,17,2,2,classified,Finished,8,5,71
2005,17,3,3,classified,Finished,6,1,71
2005,17,4,4,classified,Finished,5,7,71
2005,17,5,5,classified,Finished,4,3,71
2005,17,6,6,classified,Finished,3,9,71
2005,17,7,7,classified,+1 Lap,2,4,70
2005,17,8,8,classified,+1 Lap,1,10,70
2005,17,9,9,classified,+1 Lap,0,6,70
2005,17,10,10,classified,+1 Lap,0,19,70
2005,17,11,11,classified,+1 Lap,0,8,70
2005,17,12,12,classified,+1 Lap,0,20,70
2005,17,13,13,classified,+2 Laps,0,17,69
2005,17,14,14,classified,+2 Laps,0,16,69
2005,17,15,15,classified,+3 Laps,0,15,68
2005,17,16,R,retired,Mechanical,0,11,55
2005,17,17,R,retired,+26 Laps,0,12,45
2005,17,18,R,retired,Engine,0,18,34
2005,17,19,R,retired,Accident,0,13,0
2005,17,20,R,retired,Accident,0,14,0
2005,18,1,1,classified,Finished,10,17,53
2005,18,2,2,classified,Finished,8,3,53
2005,18,3,3,classified,Finished,6,16,53
2005,18,4,4,classified,Finished,5,7,53
2005,18,5,5,classified,Finished,4,2,53
2005,18,6,6,classified,Finished,3,6,53
2005,18,7,7,classified,Finished,2,14,53
2005,18,8,8,classified,Finished,1,1,53
2005,18,9,9,classified,Finished,0,4,53
2005,18,10,10,classified,Finished,0,10,53
2005,18,11,11,classified,Finished,0,9,53
2005,18,12,12,classified,Finished,0,8,53
2005,18,13,13,classified,+1 Lap,0,20,52
2005,18,14,14,classified,+2 Laps,0,15,51
2005,18,15,15,classified,+2 Laps,0,11,51
2005,18,16,16,classified,+4 Laps,0,13,49
2005,18,17,R,retired,Accident,0,12,9
2005,18,18,R,retired,Accident,0,19,9
2005,18,19,R,retired,Accident,0,18,0
2005,18,20,D,disqualified,Disqualified,0,5,52
2005,19,1,1,classified,Finished,10,1,56
2005,19,2,2,classified,Finished,8,3,56
2005,19,3,3,classified,Finished,6,9,56
2005,19,4,4,classified,Finished,5,2,56
2005,19,5,5,classified,Finished,4,14,56
2005,19,6,6,classified,Finished,3,11,56
2005,19,7,7,classified,Finished,2,10,56
2005,19,8,8,classified,Finished,1,4,56
2005,19,9,9,classified,Finished,0,7,56
2005,19,10,10,classified,Finished,0,16,56
2005,19,11,11,classified,Finished,0,19,56
2005,19,12,12,classified,Finished,0,8,56
2005,19,13,13,classified,Tyre puncture,0,13,55
2005,19,14,14,classified,Out of fuel,0,20,55
2005,19,15,15,classified,+1 Lap,0,12,55
2005,19,16,16,classified,Wheel nut,0,18,50
2005,19,17,R,retired,Gearbox,0,17,34
2005,19,18,R,retired,Accident,0,15,28
2005,19,19,R,retired,Engine,0,5,24
2005,19,20,R,retired,Spun off,0,6,20
2006,1,1,1,classified,Finished,10,4,57
2006,1,2,2,classified,Finished,8,1,57
2006,1,3,3,classified,Finished,6,22,57
2006,1,4,4,classified,Finished,5,3,57
2006,1,5,5,classified,Finished,4,5,57
2006,1,6,6,classified,Finished,3,7,57
2006,1,7,7,classified,Finished,2,12,57
2006,1,8,8,classified,Finished,1,8,57
2006,1,9,9,classified,Finished,0,2,57
2006,1,10,10,classified,Finished,0,13,57
2006,1,11,11,classified,Finished,0,15,57
2006,1,12,12,classified,+1 Lap,0,10,56
2006,1,13,13,classified,+1 Lap,0,16,56
2006,1,14,14,classified,+1 Lap,0,17,56
2006,1,15,15,classified,+1 Lap,0,6,56
2006,1,16,16,classified,+1 Lap,0,14,56
2006,1,17,17,classified,+2 Laps,0,19,55
2006,1,18,18,classified,+4 Laps,0,20,53
2006,1,19,R,retired,Mechanical,0,21,35
2006,1,20,R,retired,Engine,0,11,29
2006,1,21,R,retired,Hydraulics,0,9,21
2006,1,22,R,retired,Driveshaft,0,18,0
2006,2,1,1,classified,Finished,10,1,56
2006,2,2,2,classified,Finished,8,7,56
2006,2,3,3,classified,Finished,6,2,56
2006,2,4,4,classified,Finished,5,5,56
2006,2,5,5,classified,Finished,4,21,56
2006,2,6,6,classified,Finished,3,14,56
2006,2,7,7,classified,Finished,2,10,56
2006,2,8,8,classified,Finished,1,22,56
2006,2,9,9,classified,+1 Lap,0,9,55
2006,2,10,10,classified,+1 Lap,0,20,55
2006,2,11,11,classified,+2 Laps,0,13,54
2006,2,12,12,classified,+2 Laps,0,15,54
2006,2,13,13,classified,+2 Laps,0,16,54
2006,2,14,14,classified,+3 Laps,0,17,53
2006,2,15,R,retired,Engine,0,11,48
2006,2,16,R,retired,Clutch,0,12,41
2006,2,17,R,retired,Mechanical,0,18,33
2006,2,18,R,retired,Hydraulics,0,8,26
2006,2,19,R,retired,Hydraulics,0,4,15
2006,2,20,R,retired,Hydraulics,0,19,10
2006,2,21,R,retired,Engine,0,3,6
2006,2,22,R,retired,Accident,0,6,0
2006,3,1,1,classified,Finished,10,3,57
2006,3,2,2,classified,Finished,8,4,57
2006,3,3,3,classified,Finished,6,6,57
2006,3,4,4,classified,Finished,5,8,57
2006,3,5,5,classified,Finished,4,2,57
2006,3,6,6,classified,Finished,3,19,57
2006,3,7,7,classified,Finished,2,16,57
2006,3,8,8,classified,Finished,1,11,57
2006,3,9,9,classified,Finished,0,18,57
2006,3,10,10,classified,+1 Lap,0,1,56
2006,3,11,11,classified,+1 Lap,0,17,56
2006,3,12,12,classified,+2 Laps,0,21,55
2006,3,13,13,classified,+3 Laps,0,22,54
2006,3,14,R,retired,Electrical,0,5,46
2006,3,15,R,retired,Mechanical,0,20,39
2006,3,16,R,retired,Accident,0,12,37
2006,3,17,R,retired,Accident,0,10,32
2006,3,18,R,retired,Transmission,0,7,22
2006,3,19,R,retired,Accident,0,13,4
2006,3,20,R,retired,Accident,0,9,0
2006,3,21,R,retired,Accident,0,14,0
2006,3,22,R,retired,Accident,0,15,0
2006,4,1,1,classified,Finished,10,1,62
2006,4,2,2,classified,Finished,8,5,62
2006,4,3,3,classified,Finished,6,7,62
2006,4,4,4,classified,Finished,5,4,62
2006,4,5,5,classified,Finished,4,8,62
2006,4,6,6,classified,Finished,3,10,62
2006,4,7,7,classified,Finished,2,2,62
2006,4,8,8,classified,Finished,1,11,62
2006,4,9,9,classified,Finished,0,6,62
2006,4,10,10,classified,Finished,0,3,62
2006,4,11,11,classified,Finished,0,13,62
2006,4,12,12,classified,Finished,0,12,62
2006,4,13,13,classified,+1 Lap,0,15,61
2006,4,14,14,classified,+1 Lap,0,16,61
2006,4,15,15,classified,+1 Lap,0,18,61
2006,4,16,16,classified,+2 Laps,0,19,60
2006,4,17,R,retired,Driveshaft,0,14,47
2006,4,18,R,retired,Spun off,0,21,44
2006,4,19,R,retired,Hydraulics,0,17,40
2006,4,20,R,retired,Suspension,0,22,23
2006,4,21,R,retired,Steering,0,9,5
2006,4,22,R,retired,Accident,0,20,0
2006,5,1,1,classified,Finished,10,2,60
2006,5,2,2,classified,Finished,8,1,60
2006,5,3,3,classified,Finished,6,3,60
2006,5,4,4,classified,Finished,5,5,60
2006,5,5,5,classified,Finished,4,4,60
2006,5,6,6,classified,Finished,3,11,60
2006,5,7,7,classified,Finished,2,22,60
2006,5,8,8,classified,Finished,1,9,60
2006,5,9,9,classified,+1 Lap,0,7,59
2006,5,10,10,classified,+1 Lap,0,13,59
2006,5,11,11,classified,+1 Lap,0,17,59
2006,5,12,12,classified,+1 Lap,0,18,59
2006,5,13,13,classified,+1 Lap,0,16,59
2006,5,14,R,retired,Engine,0,10,52
2006,5,15,R,retired,Engine,0,8,52
2006,5,16,R,retired,Hydraulics,0,20,45
2006,5,17,R,retired,Hydraulics,0,21,29
2006,5,18,R,retired,Engine,0,6,28
2006,5,19,R,retired,Gearbox,0,15,28
2006,5,20,R,retired,Hydraulics,0,19,12
2006,5,21,R,retired,Accident,0,12,2
2006,5,22,R,retired,Accident,0,14,0
2006,6,1,1,classified,Finished,10,1,66
2006,6,2,2,classified,Finished,8,3,66
2006,6,3,3,classified,Finished,6,2,66
2006,6,4,4,classified,Finished,5,4,66
2006,6,5,5,classified,Finished,4,9,66
2006,6,6,6,classified,Finished,3,8,66
2006,6,7,7,classified,+1 Lap,2,5,65
2006,6,8,8,classified,+1 Lap,1,10,65
2006,6,9,9,classified,+1 Lap,0,11,65
2006,6,10,10,classified,+1 Lap,0,7,65
2006,6,11,11,classified,+1 Lap,0,13,65
2006,6,12,12,classified,+1 Lap,0,22,65
2006,6,13,13,classified,+1 Lap,0,14,65
2006,6,14,14,classified,+1 Lap,0,21,65
2006,6,15,15,classified,Hydraulics,0,15,63
2006,6,16,16,classified,+3 Laps,0,17,63
2006,6,17,17,classified,+4 Laps,0,19,62
2006,6,18,R,retired,Broken wing,0,18,48
2006,6,19,R,retired,Engine,0,16,47
2006,6,20,R,retired,Electronics,0,6,31
2006,6,21,R,retired,Spun off,0,12,17
2006,6,22,R,retired,Driveshaft,0,20,10
2006,7,1,1,classified,Finished,10,1,78
2006,7,2,2,classified,Finished,8,4,78
2006,7,3,3,classified,Finished,6,7,78
2006,7,4,4,classified,Finished,5,5,78
2006,7,5,5,classified,Finished,4,22,78
2006,7,6,6,classified,Finished,3,9,78
2006,7,7,7,classified,+1 Lap,2,15,77
2006,7,8,8,classified,+1 Lap,1,10,77
2006,7,9,9,classified,+1 Lap,0,21,77
2006,7,10,10,classified,+1 Lap,0,12,77
2006,7,11,11,classified,+1 Lap,0,13,77
2006,7,12,12,classified,+1 Lap,0,16,77
2006,7,13,13,classified,+1 Lap,0,18,77
2006,7,14,14,classified,+1 Lap,0,14,77
2006,7,15,15,classified,+2 Laps,0,17,76
2006,7,16,16,classified,+3 Laps,0,20,75
2006,7,17,17,classified,Hydraulics,0,6,72
2006,7,18,R,retired,Transmission,0,11,56
2006,7,19,R,retired,Accident,0,8,51
2006,7,20,R,retired,Heat shield fire,0,3,50
2006,7,21,R,retired,Exhaust,0,2,48
2006,7,22,R,retired,Electrical,0,19,46
2006,8,1,1,classified,Finished,10,1,60
2006,8,2,2,classified,Finished,8,3,60
2006,8,3,3,classified,Finished,6,2,60
2006,8,4,4,classified,Finished,5,5,60
2006,8,5,5,classified,Finished,4,4,60
2006,8,6,6,classified,Finished,3,8,60
2006,8,7,7,classified,Finished,2,9,60
2006,8,8,8,classified,Finished,1,10,60
2006,8,9,9,classified,Finished,0,12,60
2006,8,10,10,classified,+1 Lap,0,6,59
2006,8,11,11,classified,+1 Lap,0,22,59
2006,8,12,12,classified,+1 Lap,0,11,59
2006,8,13,13,classified,+1 Lap,0,13,59
2006,8,14,14,classified,+1 Lap,0,14,59
2006,8,15,15,classified,+1 Lap,0,18,59
2006,8,16,16,classified,+2 Laps,0,16,58
2006,8,17,17,classified,+3 Laps,0,20,57
2006,8,18,18,classified,+3 Laps,0,21,57
2006,8,19,R,retired,Oil leak,0,19,8
2006,8,20,R,retired,Accident,0,15,1
2006,8,21,R,retired,Accident,0,7,0
2006,8,22,R,retired,Accident,0,17,0
2006,9,1,1,classified,Finished,10,1,70
2006,9,2,2,classified,Finished,8,5,70
2006,9,3,3,classified,Finished,6,3,70
2006,9,4,4,classified,Finished,5,2,70
2006,9,5,5,classified,Finished,4,10,70
2006,9,6,6,classified,+1 Lap,3,4,69
2006,9,7,7,classified,+1 Lap,2,13,69
2006,9,8,8,classified,+1 Lap,1,22,69
2006,9,9,9,classified,+1 Lap,0,8,69
2006,9,10,10,classified,+1 Lap,0,17,69
2006,9,11,11,classified,+1 Lap,0,12,69
2006,9,12,12,classified,+1 Lap,0,16,69
2006,9,13,13,classified,+2 Laps,0,15,68
2006,9,14,14,classified,+4 Laps,0,18,66
2006,9,15,15,classified,Accident,0,20,64
2006,9,16,R,retired,Accident,0,11,58
2006,9,17,R,retired,Retired,0,14,58
2006,9,18,R,retired,Accident,0,7,13
2006,9,19,R,retired,Mechanical,0,9,11
2006,9,20,R,retired,Engine,0,21,2
2006,9,21,R,retired,Accident,0,6,1
2006,9,22,R,retired,Accident,0,19,0
2006,10,1,1,classified,Finished,10,1,73
2006,10,2,2,classified,Finished,8,2,73
2006,10,3,3,classified,Finished,6,3,73
2006,10,4,4,classified,Finished,5,22,73
2006,10,5,5,classified,Finished,4,5,73
2006,10,6,6,classified,Finished,3,4,73
2006,10,7,7,classified,+1 Lap,2,17,72
2006,10,8,8,classified,+1 Lap,1,20,72
2006,10,9,9,classified,+1 Lap,0,21,72
2006,10,10,R,retired,+11 Laps,0,8,62
2006,10,11,R,retired,Transmission,0,14,37
2006,10,12,R,retired,Engine,0,6,23
2006,10,13,R,retired,Accident,0,15,9
2006,10,14,R,retired,Accident,0,18,6
2006,10,15,R,retired,Accident,0,7,3
2006,10,16,R,retired,Accident,0,9,0
2006,10,17,R,retired,Accident,0,10,0
2006,10,18,R,retired,Accident,0,11,0
2006,10,19,R,retired,Accident,0,12,0
2006,10,20,R,retired,Accident,0,13,0
2006,10,21,R,retired,Accident,0,16,0
2006,10,22,R,retired,Accident,0,19,0
2006,11,1,1,classified,Finished,10,1,70
2006,11,2,2,classified,Finished,8,3,70
2006,11,3,3,classified,Finished,6,2,70
2006,11,4,4,classified,Finished,5,5,70
2006,11,5,5,classified,Finished,4,6,70
2006,11,6,6,classified,Finished,3,7,70
2006,11,7,7,classified,Finished,2,8,70
2006,11,8,8,classified,+1 Lap,1,11,69
2006,11,9,9,classified,+1 Lap,0,9,69
2006,11,10,10,classified,+1 Lap,0,14,69
2006,11,11,11,classified,+1 Lap,0,16,69
2006,11,12,12,classified,+1 Lap,0,12,69
2006,11,13,13,classified,+1 Lap,0,22,69
2006,11,14,14,classified,+2 Laps,0,18,68
2006,11,15,15,classified,+2 Laps,0,15,68
2006,11,16,16,classified,+3 Laps,0,20,67
2006,11,17,R,retired,Technical,0,17,61
2006,11,18,R,retired,Wheel rim,0,10,55
2006,11,19,R,retired,Brakes,0,4,39
2006,11,20,R,retired,Engine,0,13,28
2006,11,21,R,retired,Mechanical,0,19,11
2006,11,22,R,retired,Transmission,0,21,0
2006,12,1,1,classified,Finished,10,2,67
2006,12,2,2,classified,Finished,8,3,67
2006,12,3,3,classified,Finished,6,1,67
2006,12,4,4,classified,Finished,5,4,67
2006,12,5,5,classified,Finished,4,7,67
2006,12,6,6,classified,Finished,3,5,67
2006,12,7,7,classified,Finished,2,20,67
2006,12,8,8,classified,Finished,1,12,67
2006,12,9,9,classified,Finished,0,8,67
2006,12,10,10,classified,+1 Lap,0,16,66
2006,12,11,11,classified,+1 Lap,0,10,66
2006,12,12,12,classified,+1 Lap,0,19,66
2006,12,13,R,retired,Water leak,0,11,59
2006,12,14,R,retired,Gearbox,0,17,38
2006,12,15,R,retired,Accident,0,13,30
2006,12,16,R,retired,Engine,0,6,18
2006,12,17,R,retired,Brakes,0,15,9
2006,12,18,R,retired,Fuel pump,0,9,2
2006,12,19,R,retired,Driveshaft,0,22,1
2006,12,20,R,retired,Accident,0,14,0
2006,12,21,D,disqualified,Disqualified,0,21,66
2006,12,22,D,disqualified,Disqualified,0,18,66
2006,13,1,1,classified,Finished,10,14,70
2006,13,2,2,classified,Finished,8,4,70
2006,13,3,3,classified,Finished,6,10,70
2006,13,4,4,classified,Finished,5,3,70
2006,13,5,5,classified,+1 Lap,4,12,69
2006,13,6,6,classified,+1 Lap,3,6,69
2006,13,7,7,classified,+1 Lap,2,2,69
2006,13,8,8,classified,Track rod,1,11,67
2006,13,9,9,classified,+3 Laps,0,16,67
2006,13,10,10,classified,+3 Laps,0,22,67
2006,13,11,11,classified,+4 Laps,0,20,66
2006,13,12,12,classified,Engine,0,8,65
2006,13,13,13,classified,+5 Laps,0,19,65
2006,13,14,R,retired,Driveshaft,0,15,51
2006,13,15,R,retired,Collision,0,1,25
2006,13,16,R,retired,Collision,0,17,25
2006,13,17,R,retired,Electrical,0,18,19
2006,13,18,R,retired,Spun off,0,7,18
2006,13,19,R,retired,Spun off,0,13,6
2006,13,20,R,retired,Accident,0,5,1
2006,13,21,R,retired,Engine,0,21,0
2006,13,22,D,disqualified,Disqualified,0,9,69
2006,14,1,1,classified,Finished,10,1,58
2006,14,2,2,classified,Finished,8,3,58
2006,14,3,3,classified,Finished,6,2,58
2006,14,4,4,classified,Finished,5,6,58
2006,14,5,5,classified,Finished,4,11,58
2006,14,6,6,classified,Finished,3,4,58
2006,14,7,7,classified,Finished,2,15,58
2006,14,8,8,classified,Finished,1,13,58
2006,14,9,9,classified,+1 Lap,0,12,57
2006,14,10,10,classified,+1 Lap,0,9,57
2006,14,11,11,classified,+1 Lap,0,10,57
2006,14,12,12,classified,+1 Lap,0,8,57
2006,14,13,13,classified,+1 Lap,0,17,57
2006,14,14,14,classified,+2 Laps,0,5,56
2006,14,15,15,classified,Gearbox,0,16,55
2006,14,16,R,retired,Spun off,0,22,46
2006,14,17,R,retired,+17 Laps,0,21,41
2006,14,18,R,retired,Water leak,0,14,25
2006,14,19,R,retired,Spun off,0,20,23
2006,14,20,R,retired,Spun off,0,18,12
2006,14,21,R,retired,Collision,0,7,1
2006,14,22,R,retired,Collision,0,19,0
2006,15,1,1,classified,Finished,10,2,53
2006,15,2,2,classified,Finished,8,1,53
2006,15,3,3,classified,Finished,6,6,53
2006,15,4,4,classified,Finished,5,9,53
2006,15,5,5,classified,Finished,4,5,53
2006,15,6,6,classified,Finished,3,8,53
2006,15,7,7,classified,Finished,2,11,53
2006,15,8,8,classified,Finished,1,3,53
2006,15,9,9,classified,Finished,0,4,53
2006,15,10,10,classified,Finished,0,19,53
2006,15,11,11,classified,+1 Lap,0,16,52
2006,15,12,12,classified,+1 Lap,0,14,52
2006,15,13,13,classified,+1 Lap,0,15,52
2006,15,14,14,classified,+1 Lap,0,17,52
2006,15,15,15,classified,+1 Lap,0,13,52
2006,15,16,16,classified,+2 Laps,0,21,51
2006,15,17,17,classified,+2 Laps,0,18,51
2006,15,18,R,retired,Brakes,0,20,44
2006,15,19,R,retired,Engine,0,10,43
2006,15,20,R,retired,Engine,0,7,20
2006,15,21,R,retired,Hydraulics,0,22,18
2006,15,22,R,retired,Driveshaft,0,12,9
2006,16,1,1,classified,Finished,10,6,56
2006,16,2,2,classified,Finished,8,1,56
2006,16,3,3,classified,Finished,6,2,56
2006,16,4,4,classified,Finished,5,4,56
2006,16,5,5,classified,Finished,4,7,56
2006,16,6,6,classified,Finished,3,3,56
2006,16,7,7,classified,Finished,2,8,56
2006,16,8,8,classified,Finished,1,14,56
2006,16,9,9,classified,Finished,0,12,56
2006,16,10,10,classified,+1 Lap,0,13,55
2006,16,11,11,classified,+1 Lap,0,15,55
2006,16,12,12,classified,+1 Lap,0,10,55
2006,16,13,13,classified,+1 Lap,0,9,55
2006,16,14,14,classified,+1 Lap,0,11,55
2006,16,15,15,classified,+3 Laps,0,22,53
2006,16,16,16,classified,+4 Laps,0,19,52
2006,16,17,R,retired,Oil pressure,0,16,49
2006,16,18,R,retired,Collision,0,20,44
2006,16,19,R,retired,Pneumatics,0,17,38
2006,16,20,R,retired,Spun off,0,18,37
2006,16,21,R,retired,Throttle,0,5,18
2006,16,22,D,disqualified,Disqualified,0,21,55
2006,17,1,1,classified,Finished,10,5,53
2006,17,2,2,classified,Finished,8,1,53
2006,17,3,3,classified,Finished,6,6,53
2006,17,4,4,classified,Finished,5,7,53
2006,17,5,5,classified,Finished,4,11,53
2006,17,6,6,classified,Finished,3,4,53
2006,17,7,7,classified,Finished,2,3,53
2006,17,8,8,classified,Finished,1,9,53
2006,17,9,9,classified,Finished,0,12,53
2006,17,10,10,classified,+1 Lap,0,10,52
2006,17,11,11,classified,+1 Lap,0,13,52
2006,17,12,12,classified,+1 Lap,0,8,52
2006,17,13,13,classified,+1 Lap,0,18,52
2006,17,14,14,classified,+1 Lap,0,15,52
2006,17,15,15,classified,+1 Lap,0,20,52
2006,17,16,16,classified,+2 Laps,0,21,51
2006,17,17,17,classified,+3 Laps,0,22,50
2006,17,18,18,classified,Steering,0,19,48
2006,17,19,R,retired,Accident,0,14,39
2006,17,20,R,retired,Engine,0,2,36
2006,17,21,R,retired,Gearbox,0,17,35
2006,17,22,R,retired,Driveshaft,0,16,20
2006,18,1,1,classified,Finished,10,1,71
2006,18,2,2,classified,Finished,8,4,71
2006,18,3,3,classified,Finished,6,14,71
2006,18,4,4,classified,Finished,5,10,71
2006,18,5,5,classified,Finished,4,2,71
2006,18,6,6,classified,Finished,3,6,71
2006,18,7,7,classified,Finished,2,5,71
2006,18,8,8,classified,Finished,1,12,71
2006,18,9,9,classified,Finished,0,9,71
2006,18,10,10,classified,+1 Lap,0,19,70
2006,18,11,11,classified,+1 Lap,0,16,70
2006,18,12,12,classified,+1 Lap,0,22,70
2006,18,13,13,classified,+1 Lap,0,15,70
2006,18,14,14,classified,+1 Lap,0,17,70
2006,18,15,15,classified,+2 Laps,0,21,69
2006,18,16,16,classified,+2 Laps,0,20,69
2006,18,17,17,classified,Accident,0,8,63
2006,18,18,R,retired,Gearbox,0,18,14
2006,18,19,R,retired,Suspension,0,3,10
2006,18,20,R,retired,Suspension,0,7,9
2006,18,21,R,retired,Collision,0,11,1
2006,18,22,R,retired,Collision,0,13,0
2007,1,1,1,classified,Finished,10,1,58
2007,1,2,2,classified,Finished,8,2,58
2007,1,3,3,classified,Finished,6,4,58
2007,1,4,4,classified,Finished,5,3,58
2007,1,5,5,classified,Finished,4,6,58
2007,1,6,6,classified,Finished,3,22,58
2007,1,7,7,classified,+1 Lap,2,12,57
2007,1,8,8,classified,+1 Lap,1,9,57
2007,1,9,9,classified,+1 Lap,0,8,57
2007,1,10,10,classified,+1 Lap,0,13,57
2007,1,11,11,classified,+1 Lap,0,16,57
2007,1,12,12,classified,+1 Lap,0,10,57
2007,1,13,13,classified,+1 Lap,0,7,57
2007,1,14,14,classified,+1 Lap,0,19,57
2007,1,15,15,classified,+1 Lap,0,14,57
2007,1,16,16,classified,+2 Laps,0,11,56
2007,1,17,17,classified,+2 Laps,0,20,56
2007,1,18,R,retired,Collision,0,15,48
2007,1,19,R,retired,Collision,0,18,48
2007,1,20,R,retired,Gearbox,0,5,36
2007,1,21,R,retired,Puncture,0,17,28
2007,1,22,R,retired,Accident,0,21,10
2007,2,1,1,classified,Finished,10,2,56
2007,2,2,2,classified,Finished,8,4,56
2007,2,3,3,classified,Finished,6,3,56
2007,2,4,4,classified,Finished,5,5,56
2007,2,5,5,classified,Finished,4,1,56
2007,2,6,6,classified,Finished,3,12,56
2007,2,7,7,classified,Finished,2,8,56
2007,2,8,8,classified,Finished,1,11,56
2007,2,9,9,classified,Finished,0,19,56
2007,2,10,10,classified,Finished,0,10,56
2007,2,11,11,classified,+1 Lap,0,22,55
2007,2,12,12,classified,+1 Lap,0,15,55
2007,2,13,13,classified,+1 Lap,0,14,55
2007,2,14,14,classified,+1 Lap,0,17,55
2007,2,15,15,classified,+1 Lap,0,9,55
2007,2,16,16,classified,+1 Lap,0,18,55
2007,2,17,17,classified,+1 Lap,0,16,55
2007,2,18,18,classified,+1 Lap,0,7,55
2007,2,19,R,retired,Hydraulics,0,6,42
2007,2,20,R,retired,Brakes,0,13,36
2007,2,21,R,retired,Engine,0,20,7
2007,2,22,R,retired,Collision,0,21,0
2007,3,1,1,classified,Finished,10,1,57
2007,3,2,2,classified,Finished,8,2,57
2007,3,3,3,classified,Finished,6,3,57
2007,3,4,4,classified,Finished,5,5,57
2007,3,5,5,classified,Finished,4,4,57
2007,3,6,6,classified,Finished,3,6,57
2007,3,7,7,classified,Finished,2,9,57
2007,3,8,8,classified,Finished,1,7,57
2007,3,9,9,classified,Finished,0,12,57
2007,3,10,10,classified,Finished,0,10,57
2007,3,11,11,classified,+1 Lap,0,11,56
2007,3,12,12,classified,+1 Lap,0,14,56
2007,3,13,13,classified,+1 Lap,0,15,56
2007,3,14,14,classified,+2 Laps,0,22,55
2007,3,15,15,classified,+4 Laps,0,20,53
2007,3,16,16,classified,Engine,0,13,51
2007,3,17,R,retired,Gearbox,0,8,41
2007,3,18,R,retired,Driveshaft,0,21,36
2007,3,19,R,retired,Engine,0,17,34
2007,3,20,R,retired,Hydraulics,0,18,26
2007,3,21,R,retired,Collision,0,16,0
2007,3,22,R,retired,Collision,0,19,0
2007,4,1,1,classified,Finished,10,1,65
2007,4,2,2,classified,Finished,8,4,65
2007,4,3,3,classified,Finished,6,2,65
2007,4,4,4,classified,Finished,5,5,65
2007,4,5,5,classified,Finished,4,9,65
2007,4,6,6,classified,Finished,3,11,65
2007,4,7,7,classified,Finished,2,8,65
2007,4,8,8,classified,+1 Lap,1,13,64
2007,4,9,9,classified,+1 Lap,0,10,64
2007,4,10,10,classified,+1 Lap,0,12,64
2007,4,11,11,classified,+1 Lap,0,15,64
2007,4,12,12,classified,+1 Lap,0,14,64
2007,4,13,13,classified,+2 Laps,0,20,63
2007,4,14,14,classified,+2 Laps,0,21,63
2007,4,15,R,retired,Gearbox,0,7,46
2007,4,16,R,retired,Suspension,0,17,44
2007,4,17,R,retired,Retired,0,16,19
2007,4,18,R,retired,Tyre,0,22,9
2007,4,19,R,retired,Suspension,0,3,9
2007,4,20,R,retired,Fuel pressure,0,6,8
2007,4,21,R,retired,Hydraulics,0,19,7
2007,4,22,R,retired,Collision,0,18,1
2007,5,1,1,classified,Finished,10,1,78
2007,5,2,2,classified,Finished,8,2,78
2007,5,3,3,classified,Finished,6,3,78
2007,5,4,4,classified,+1 Lap,5,4,77
2007,5,5,5,classified,+1 Lap,4,8,77
2007,5,6,6,classified,+1 Lap,3,7,77
2007,5,7,7,classified,+1 Lap,2,11,77
2007,5,8,8,classified,+1 Lap,1,16,77
2007,5,9,9,classified,+1 Lap,0,18,77
2007,5,10,10,classified,+1 Lap,0,9,77
2007,5,11,11,classified,+1 Lap,0,10,77
2007,5,12,12,classified,+1 Lap,0,5,77
2007,5,13,13,classified,Engine,0,15,76
2007,5,14,14,classified,+2 Laps,0,13,76
2007,5,15,15,classified,+2 Laps,0,14,76
2007,5,16,16,classified,+2 Laps,0,20,76
2007,5,17,17,classified,+2 Laps,0,21,76
2007,5,18,18,classified,+2 Laps,0,17,76
2007,5,19,19,classified,Driveshaft,0,22,70
2007,5,20,R,retired,Accident,0,19,53
2007,5,21,R,retired,Gearbox,0,6,17
2007,5,22,R,retired,Accident,0,12,2
2007,6,1,1,classified,Finished,10,1,70
2007,6,2,2,classified,Finished,8,3,70
2007,6,3,3,classified,Finished,6,19,70
2007,6,4,4,classified,Finished,5,22,70
2007,6,5,5,classified,Finished,4,4,70
2007,6,6,6,classified,Finished,3,11,70
2007,6,7,7,classified,Finished,2,2,70
2007,6,8,8,classified,Finished,1,18,70
2007,6,9,9,classified,Finished,0,6,70
2007,6,10,10,classified,Finished,0,7,70
2007,6,11,11,classified,Finished,0,17,70
2007,6,12,12,classified,Finished,0,13,70
2007,6,13,R,retired,Accident,0,10,58
2007,6,14,R,retired,Accident,0,12,54
2007,6,15,R,retired,Front wing,0,21,47
2007,6,16,R,retired,Gearbox,0,14,36
2007,6,17,R,retired,Accident,0,8,26
2007,6,18,R,retired,Accident,0,20,21
2007,6,19,R,retired,Accident,0,16,8
2007,6,20,R,retired,Gearbox,0,15,0
2007,6,21,D,disqualified,Disqualified,0,5,51
2007,6,22,D,disqualified,Disqualified,0,9,51
2007,7,1,1,classified,Finished,10,1,73
2007,7,2,2,classified,Finished,8,2,73
2007,7,3,3,classified,Finished,6,3,73
2007,7,4,4,classified,Finished,5,4,73
2007,7,5,5,classified,Finished,4,6,73
2007,7,6,6,classified,Finished,3,8,73
2007,7,7,7,classified,Finished,2,9,73
2007,7,8,8,classified,Finished,1,7,73
2007,7,9,9,classified,+1 Lap,0,10,72
2007,7,10,10,classified,+1 Lap,0,17,72
2007,7,11,11,classified,+1 Lap,0,16,72
2007,7,12,12,classified,+1 Lap,0,13,72
2007,7,13,13,classified,+2 Laps,0,20,71
2007,7,14,14,classified,+2 Laps,0,21,71
2007,7,15,15,classified,+3 Laps,0,22,70
2007,7,16,16,classified,Engine,0,14,68
2007,7,17,17,classified,Water pressure,0,19,68
2007,7,18,R,retired,Transmission,0,5,56
2007,7,19,R,retired,Spun off,0,18,13
2007,7,20,R,retired,Collision,0,11,0
2007,7,21,R,retired,Collision,0,15,0
2007,7,22,R,retired,Collision,0,12,0
2007,8,1,1,classified,Finished,10,3,70
2007,8,2,2,classified,Finished,8,1,70
2007,8,3,3,classified,Finished,6,2,70
2007,8,4,4,classified,Finished,5,4,70
2007,8,5,5,classified,Finished,4,7,70
2007,8,6,6,classified,Finished,3,5,70
2007,8,7,7,classified,Finished,2,10,70
2007,8,8,8,classified,Finished,1,12,70
2007,8,9,9,classified,Finished,0,9,70
2007,8,10,10,classified,+1 Lap,0,11,69
2007,8,11,11,classified,+1 Lap,0,13,69
2007,8,12,12,classified,+1 Lap,0,14,69
2007,8,13,13,classified,+1 Lap,0,16,69
2007,8,14,14,classified,+1 Lap,0,18,69
2007,8,15,15,classified,+1 Lap,0,6,69
2007,8,16,16,classified,+2 Laps,0,22,68
2007,8,17,17,classified,+2 Laps,0,21,68
2007,8,18,R,retired,Gearbox,0,15,55
2007,8,19,R,retired,Refuelling,0,20,28
2007,8,20,R,retired,Collision,0,19,1
2007,8,21,R,retired,Collision,0,8,1
2007,8,22,R,retired,Collision,0,17,0
2007,9,1,1,classified,Finished,10,2,59
2007,9,2,2,classified,Finished,8,3,59
2007,9,3,3,classified,Finished,6,1,59
2007,9,4,4,classified,Finished,5,5,59
2007,9,5,5,classified,Finished,4,4,59
2007,9,6,6,classified,Finished,3,9,59
2007,9,7,7,classified,+1 Lap,2,7,58
2007,9,8,8,classified,+1 Lap,1,8,58
2007,9,9,9,classified,+1 Lap,0,14,58
2007,9,10,10,classified,+1 Lap,0,18,58
2007,9,11,11,classified,+1 Lap,0,12,58
2007,9,12,12,classified,+1 Lap,0,17,58
2007,9,13,13,classified,+1 Lap,0,13,58
2007,9,14,14,classified,+2 Laps,0,21,57
2007,9,15,15,classified,+2 Laps,0,22,57
2007,9,16,16,classified,Gearbox,0,16,53
2007,9,17,R,retired,Retired,0,10,43
2007,9,18,R,retired,Mechanical,0,19,35
2007,9,19,R,retired,Accident,0,15,29
2007,9,20,R,retired,Wheel,0,6,22
2007,9,21,R,retired,Engine,0,20,16
2007,9,22,R,retired,Hydraulics,0,11,8
2007,10,1,1,classified,Finished,10,2,60
2007,10,2,2,classified,Finished,8,3,60
2007,10,3,3,classified,Finished,6,6,60
2007,10,4,4,classified,Finished,5,12,60
2007,10,5,5,classified,Finished,4,20,60
2007,10,6,6,classified,Finished,3,4,60
2007,10,7,7,classified,Finished,2,5,60
2007,10,8,8,classified,+1 Lap,1,7,59
2007,10,9,9,classified,+1 Lap,0,10,59
2007,10,10,10,classified,+1 Lap,0,13,59
2007,10,11,11,classified,+1 Lap,0,14,59
2007,10,12,12,classified,+1 Lap,0,15,59
2007,10,13,13,classified,+1 Lap,0,8,59
2007,10,14,R,retired,Hydraulics,0,1,34
2007,10,15,R,retired,Retired,0,16,19
2007,10,16,R,retired,Collision,0,9,18
2007,10,17,R,retired,Hydraulics,0,22,13
2007,10,18,R,retired,Spun off,0,17,2
2007,10,19,R,retired,Spun off,0,21,2
2007,10,20,R,retired,Spun off,0,11,2
2007,10,21,R,retired,Spun off,0,18,2
2007,10,22,R,retired,Spun off,0,19,2
2007,11,1,1,classified,Finished,10,1,70
2007,11,2,2,classified,Finished,8,3,70
2007,11,3,3,classified,Finished,6,2,70
2007,11,4,4,classified,Finished,5,6,70
2007,11,5,5,classified,Finished,4,7,70
2007,11,6,6,classified,Finished,3,5,70
2007,11,7,7,classified,Finished,2,4,70
2007,11,8,8,classified,Finished,1,11,70
2007,11,9,9,classified,Finished,0,9,70
2007,11,10,10,classified,+1 Lap,0,8,69
2007,11,11,11,classified,+1 Lap,0,10,69
2007,11,12,12,classified,+1 Lap,0,13,69
2007,11,13,13,classified,+1 Lap,0,14,69
2007,11,14,14,classified,+1 Lap,0,12,69
2007,11,15,15,classified,+1 Lap,0,19,69
2007,11,16,16,classified,+1 Lap,0,20,69
2007,11,17,17,classified,+2 Laps,0,21,68
2007,11,18,18,classified,+2 Laps,0,18,68
2007,11,19,R,retired,Electrical,0,16,42
2007,11,20,R,retired,Accident,0,15,41
2007,11,21,R,retired,Throttle,0,17,35
2007,11,22,R,retired,Accident,0,22,4
2007,12,1,1,classified,Finished,10,1,58
2007,12,2,2,classified,Finished,8,3,58
2007,12,3,3,classified,Finished,6,4,58
2007,12,4,4,classified,Finished,5,6,58
2007,12,5,5,classified,Finished,4,2,58
2007,12,6,6,classified,Finished,3,7,58
2007,12,7,7,classified,Finished,2,8,58
2007,12,8,8,classified,Finished,1,5,58
2007,12,9,9,classified,Finished,0,10,58
2007,12,10,10,classified,Finished,0,13,58
2007,12,11,11,classified,Finished,0,14,58
2007,12,12,12,classified,+1 Lap,0,16,57
2007,12,13,13,classified,+1 Lap,0,21,57
2007,12,14,14,classified,+1 Lap,0,11,57
2007,12,15,15,classified,+1 Lap,0,15,57
2007,12,16,16,classified,+1 Lap,0,9,57
2007,12,17,17,classified,+1 Lap,0,22,57
2007,12,18,18,classified,+1 Lap,0,17,57
2007,12,19,19,classified,+1 Lap,0,18,57
2007,12,20,20,classified,+2 Laps,0,20,56
2007,12,21,21,classified,Fuel pressure,0,19,53
2007,12,22,R,retired,Hydraulics,0,12,9
2007,13,1,1,classified,Finished,10,1,53
2007,13,2,2,classified,Finished,8,2,53
2007,13,3,3,classified,Finished,6,5,53
2007,13,4,4,classified,Finished,5,4,53
2007,13,5,5,classified,Finished,4,6,53
2007,13,6,6,classified,Finished,3,8,53
2007,13,7,7,classified,Finished,2,7,53
2007,13,8,8,classified,Finished,1,10,53
2007,13,9,9,classified,Finished,0,11,53
2007,13,10,10,classified,Finished,0,12,53
2007,13,11,11,classified,Finished,0,9,53
2007,13,12,12,classified,+1 Lap,0,15,52
2007,13,13,13,classified,+1 Lap,0,13,52
2007,13,14,14,classified,+1 Lap,0,14,52
2007,13,15,15,classified,+1 Lap,0,18,52
2007,13,16,16,classified,+1 Lap,0,17,52
2007,13,17,17,classified,+1 Lap,0,19,52
2007,13,18,18,classified,+1 Lap,0,16,52
2007,13,19,19,classified,+1 Lap,0,21,52
2007,13,20,20,classified,+1 Lap,0,22,52
2007,13,21,R,retired,Suspension,0,3,10
2007,13,22,R,retired,Accident,0,20,1
2007,14,1,1,classified,Finished,10,1,44
2007,14,2,2,classified,Finished,8,2,44
2007,14,3,3,classified,Finished,6,3,44
2007,14,4,4,classified,Finished,5,4,44
2007,14,5,5,classified,Finished,4,6,44
2007,14,6,6,classified,Finished,3,5,44
2007,14,7,7,classified,Finished,2,7,44
2007,14,8,8,classified,Finished,1,9,44
2007,14,9,9,classified,Finished,0,14,44
2007,14,10,10,classified,Finished,0,10,44
2007,14,11,11,classified,Finished,0,8,44
2007,14,12,12,classified,+1 Lap,0,13,43
2007,14,13,13,classified,+1 Lap,0,17,43
2007,14,14,14,classified,+1 Lap,0,19,43
2007,14,15,15,classified,+1 Lap,0,18,43
2007,14,16,16,classified,+1 Lap,0,20,43
2007,14,17,17,classified,+1 Lap,0,21,43
2007,14,18,R,retired,Hydraulics,0,12,36
2007,14,19,R,retired,Fuel pressure,0,15,34
2007,14,20,R,retired,Hydraulics,0,11,29
2007,14,21,R,retired,Steering,0,16,8
2007,14,22,R,retired,Suspension,0,22,1
2007,15,1,1,classified,Finished,10,1,67
2007,15,2,2,classified,Finished,8,11,67
2007,15,3,3,classified,Finished,6,3,67
2007,15,4,4,classified,Finished,5,12,67
2007,15,5,5,classified,Finished,4,10,67
2007,15,6,6,classified,Finished,3,4,67
2007,15,7,7,classified,Finished,2,9,67
2007,15,8,8,classified,Finished,1,20,67
2007,15,9,9,classified,Finished,0,14,67
2007,15,10,10,classified,Finished,0,17,67
2007,15,11,11,classified,Suspension,0,6,66
2007,15,12,12,classified,+1 Lap,0,22,66
2007,15,13,13,classified,+1 Lap,0,13,66
2007,15,14,14,classified,Technical,0,5,65
2007,15,15,15,classified,Collision,0,21,65
2007,15,16,R,retired,Puncture,0,15,55
2007,15,17,R,retired,Throttle,0,19,54
2007,15,18,R,retired,Electronics,0,16,49
2007,15,19,R,retired,Collision,0,8,46
2007,15,20,R,retired,Collision,0,7,45
2007,15,21,R,retired,Accident,0,2,41
2007,15,22,R,retired,Collision,0,18,19
2007,16,1,1,classified,Finished,10,2,56
2007,16,2,2,classified,Finished,8,4,56
2007,16,3,3,classified,Finished,6,3,56
2007,16,4,4,classified,Finished,5,17,56
2007,16,5,5,classified,Finished,4,10,56
2007,16,6,6,classified,Finished,3,11,56
2007,16,7,7,classified,Finished,2,8,56
2007,16,8,8,classified,Finished,1,5,56
2007,16,9,9,classified,Finished,0,13,56
2007,16,10,10,classified,Finished,0,7,56
2007,16,11,11,classified,Finished,0,18,56
2007,16,12,12,classified,+1 Lap,0,19,55
2007,16,13,13,classified,+1 Lap,0,12,55
2007,16,14,14,classified,+1 Lap,0,20,55
2007,16,15,15,classified,+1 Lap,0,16,55
2007,16,16,16,classified,+2 Laps,0,15,54
2007,16,17,17,classified,+3 Laps,0,22,53
2007,16,18,R,retired,Hydraulics,0,9,33
2007,16,19,R,retired,Spun off,0,1,30
2007,16,20,R,retired,Spun off,0,6,25
2007,16,21,R,retired,Accident,0,21,24
2007,16,22,R,retired,Brakes,0,14,11
2007,17,1,1,classified,Finished,10,3,71
2007,17,2,2,classified,Finished,8,1,71
2007,17,3,3,classified,Finished,6,4,71
2007,17,4,4,classified,Finished,5,10,71
2007,17,5,5,classified,Finished,4,7,71
2007,17,6,6,classified,Finished,3,6,71
2007,17,7,7,classified,+1 Lap,2,2,70
2007,17,8,8,classified,+1 Lap,1,8,70
2007,17,9,9,classified,+1 Lap,0,9,70
2007,17,10,10,classified,+1 Lap,0,19,70
2007,17,11,11,classified,+1 Lap,0,15,70
2007,17,12,12,classified,+2 Laps,0,18,69
2007,17,13,13,classified,+2 Laps,0,14,69
2007,17,14,14,classified,+3 Laps,0,20,68
2007,17,15,R,retired,Brakes,0,21,43
2007,17,16,R,retired,Engine,0,11,40
2007,17,17,R,retired,Accident,0,17,35
2007,17,18,R,retired,Hydraulics,0,13,34
2007,17,19,R,retired,Engine,0,16,20
2007,17,20,R,retired,Gearbox,0,5,14
2007,17,21,R,retired,Collision,0,22,2
2007,17,22,R,retired,Collision,0,12,2
2008,1,1,1,classified,Finished,10,1,58
2008,1,2,2,classified,Finished,8,5,58
2008,1,3,3,classified,Finished,6,7,58
2008,1,4,4,classified,Finished,5,11,58
2008,1,5,5,classified,Finished,4,3,58
2008,1,6,6,classified,+1 Lap,3,13,57
2008,1,7,7,classified,Engine,2,17,55
2008,1,8,8,classified,Engine,1,15,53
2008,1,9,R,retired,Collision,0,2,47
2008,1,10,R,retired,Accident,0,18,43
2008,1,11,R,retired,Transmission,0,19,32
2008,1,12,R,retired,Clutch,0,20,30
2008,1,13,R,retired,Engine,0,4,29
2008,1,14,R,retired,Collision,0,8,25
2008,1,15,R,retired,Electrical,0,6,19
2008,1,16,R,retired,Hydraulics,0,22,8
2008,1,17,R,retired,Collision,0,14,0
2008,1,18,R,retired,Collision,0,12,0
2008,1,19,R,retired,Collision,0,21,0
2008,1,20,R,retired,Collision,0,9,0
2008,1,21,R,retired,Collision,0,16,0
2008,1,22,D,disqualified,Disqualified,0,10,58
2008,2,1,1,classified,Finished,10,2,56
2008,2,2,2,classified,Finished,8,4,56
2008,2,3,3,classified,Finished,6,8,56
2008,2,4,4,classified,Finished,5,3,56
2008,2,5,5,classified,Finished,4,9,56
2008,2,6,6,classified,Finished,3,5,56
2008,2,7,7,classified,Finished,2,6,56
2008,2,8,8,classified,Finished,1,7,56
2008,2,9,9,classified,Finished,0,12,56
2008,2,10,10,classified,Finished,0,11,56
2008,2,11,11,classified,Finished,0,13,56
2008,2,12,12,classified,+1 Lap,0,17,55
2008,2,13,13,classified,+1 Lap,0,14,55
2008,2,14,14,classified,+1 Lap,0,16,55
2008,2,15,15,classified,+1 Lap,0,21,55
2008,2,16,16,classified,+2 Laps,0,19,54
2008,2,17,17,classified,+2 Laps,0,22,54
2008,2,18,R,retired,Engine,0,15,39
2008,2,19,R,retired,Spun off,0,1,30
2008,2,20,R,retired,Hydraulics,0,20,5
2008,2,21,R,retired,Collision,0,10,1
2008,2,22,R,retired,Spun off,0,18,0
2008,3,1,1,classified,Finished,10,2,57
2008,3,2,2,classified,Finished,8,4,57
2008,3,3,3,classified,Finished,6,1,57
2008,3,4,4,classified,Finished,5,6,57
2008,3,5,5,classified,Finished,4,5,57
2008,3,6,6,classified,Finished,3,7,57
2008,3,7,7,classified,Finished,2,11,57
2008,3,8,8,classified,Finished,1,8,57
2008,3,9,9,classified,Finished,0,13,57
2008,3,10,10,classified,Finished,0,10,57
2008,3,11,11,classified,Finished,0,12,57
2008,3,12,12,classified,+1 Lap,0,18,56
2008,3,13,13,classified,+1 Lap,0,3,56
2008,3,14,14,classified,+1 Lap,0,16,56
2008,3,15,15,classified,+1 Lap,0,15,56
2008,3,16,16,classified,+1 Lap,0,21,56
2008,3,17,17,classified,+1 Lap,0,22,56
2008,3,18,18,classified,+1 Lap,0,17,56
2008,3,19,19,classified,+2 Laps,0,20,56
2008,3,20,R,retired,Gearbox,0,14,40
2008,3,21,R,retired,Collision,0,9,19
2008,3,22,R,retired,Engine,0,19,0
2008,4,1,1,classified,Finished,10,1,66
2008,4,2,2,classified,Finished,8,3,66
2008,4,3,3,classified,Finished,6,5,66
2008,4,4,4,classified,Finished,5,4,66
2008,4,5,5,classified,Finished,4,7,66
2008,4,6,6,classified,Finished,3,13,66
2008,4,7,7,classified,Finished,2,12,66
2008,4,8,8,classified,Finished,1,8,66
2008,4,9,9,classified,Finished,0,9,66
2008,4,10,10,classified,+1 Lap,0,19,65
2008,4,11,11,classified,+1 Lap,0,14,65
2008,4,12,12,classified,+1 Lap,0,17,65
2008,4,13,13,classified,+1 Lap,0,22,65
2008,4,14,R,retired,Engine,0,15,41
2008,4,15,R,retired,Engine,0,2,34
2008,4,16,R,retired,Collision,0,11,34
2008,4,17,R,retired,Accident,0,6,21
2008,4,18,R,retired,Radiator,0,21,8
2008,4,19,R,retired,Collision,0,16,7
2008,4,20,R,retired,Collision,0,10,6
2008,4,21,R,retired,Collision,0,20,0
2008,4,22,R,retired,Collision,0,18,0
2008,5,1,1,classified,Finished,10,1,58
2008,5,2,2,classified,Finished,8,3,58
2008,5,3,3,classified,Finished,6,4,58
2008,5,4,4,classified,Finished,5,5,58
2008,5,5,5,classified,Finished,4,9,58
2008,5,6,6,classified,Finished,3,7,58
2008,5,7,7,classified,Finished,2,6,58
2008,5,8,8,classified,Finished,1,11,58
2008,5,9,9,classified,Finished,0,10,58
2008,5,10,10,classified,Finished,0,8,58
2008,5,11,11,classified,+1 Lap,0,13,57
2008,5,12,12,classified,+1 Lap,0,2,57
2008,5,13,13,classified,+1 Lap,0,15,57
2008,5,14,14,classified,+1 Lap,0,12,57
2008,5,15,15,classified,+1 Lap,0,17,57
2008,5,16,16,classified,+1 Lap,0,19,57
2008,5,17,17,classified,+1 Lap,0,14,57
2008,5,18,R,retired,Suspension,0,18,24
2008,5,19,R,retired,Collision,0,16,1
2008,5,20,R,retired,Collision,0,20,0
2008,6,1,1,classified,Finished,10,3,76
2008,6,2,2,classified,Finished,8,5,76
2008,6,3,3,classified,Finished,6,1,76
2008,6,4,4,classified,Finished,5,9,76
2008,6,5,5,classified,Finished,4,19,76
2008,6,6,6,classified,Finished,3,14,76
2008,6,7,7,classified,Finished,2,13,76
2008,6,8,8,classified,Finished,1,4,76
2008,6,9,9,classified,Finished,0,2,76
2008,6,10,10,classified,+1 Lap,0,7,75
2008,6,11,11,classified,+1 Lap,0,11,75
2008,6,12,12,classified,+1 Lap,0,10,75
2008,6,13,13,classified,+1 Lap,0,8,75
2008,6,14,14,classified,+4 Laps,0,12,72
2008,6,15,R,retired,Collision,0,18,67
2008,6,16,R,retired,Accident,0,6,59
2008,6,17,R,retired,Accident,0,17,47
2008,6,18,R,retired,Gearbox,0,20,36
2008,6,19,R,retired,Accident,0,15,7
2008,6,20,R,retired,Collision,0,16,7
2008,7,1,1,classified,Finished,10,2,70
2008,7,2,2,classified,Finished,8,8,70
2008,7,3,3,classified,Finished,6,13,70
2008,7,4,4,classified,Finished,5,11,70
2008,7,5,5,classified,Finished,4,6,70
2008,7,6,6,classified,Finished,3,14,70
2008,7,7,7,classified,Finished,2,9,70
2008,7,8,8,classified,Finished,1,19,70
2008,7,9,9,classified,Finished,0,7,70
2008,7,10,10,classified,Finished,0,5,70
2008,7,11,11,classified,Finished,0,20,70
2008,7,12,12,classified,Finished,0,10,70
2008,7,13,13,classified,+1 Lap,0,18,69
2008,7,14,R,retired,Spun off,0,17,51
2008,7,15,R,retired,Accident,0,12,46
2008,7,16,R,retired,Spun off,0,4,44
2008,7,17,R,retired,Brakes,0,15,43
2008,7,18,R,retired,Collision,0,3,19
2008,7,19,R,retired,Collision,0,1,19
2008,7,20,R,retired,Gearbox,0,16,13
2008,8,1,1,classified,Finished,10,2,70
2008,8,2,2,classified,Finished,8,1,70
2008,8,3,3,classified,Finished,6,4,70
2008,8,4,4,classified,Finished,5,10,70
2008,8,5,5,classified,Finished,4,5,70
2008,8,6,6,classified,Finished,3,6,70
2008,8,7,7,classified,Finished,2,9,70
2008,8,8,8,classified,Finished,1,3,70
2008,8,9,9,classified,Finished,0,7,70
2008,8,10,10,classified,Finished,0,13,70
2008,8,11,11,classified,Finished,0,8,70
2008,8,12,12,classified,Finished,0,12,70
2008,8,13,13,classified,Finished,0,11,70
2008,8,14,14,classified,+1 Lap,0,20,69
2008,8,15,15,classified,+1 Lap,0,15,69
2008,8,16,16,classified,+1 Lap,0,19,69
2008,8,17,17,classified,+1 Lap,0,14,69
2008,8,18,18,classified,+1 Lap,0,17,69
2008,8,19,19,classified,+1 Lap,0,18,69
2008,8,20,R,retired,Collision,0,16,16
2008,9,1,1,classified,Finished,10,4,60
2008,9,2,2,classified,Finished,8,5,60
2008,9,3,3,classified,Finished,6,16,60
2008,9,4,4,classified,+1 Lap,5,3,59
2008,9,5,5,classified,+1 Lap,4,1,59
2008,9,6,6,classified,+1 Lap,3,6,59
2008,9,7,7,classified,+1 Lap,2,14,59
2008,9,8,8,classified,+1 Lap,1,15,59
2008,9,9,9,classified,+1 Lap,0,20,59
2008,9,10,10,classified,+1 Lap,0,2,59
2008,9,11,11,classified,+1 Lap,0,13,59
2008,9,12,12,classified,+1 Lap,0,12,59
2008,9,13,13,classified,+2 Laps,0,9,58
2008,9,14,R,retired,Spun off,0,10,39
2008,9,15,R,retired,Spun off,0,17,38
2008,9,16,R,retired,Spun off,0,7,35
2008,9,17,R,retired,Spun off,0,19,16
2008,9,18,R,retired,Spun off,0,18,10
2008,9,19,R,retired,Collision,0,8,0
2008,9,20,R,retired,Collision,0,11,0
2008,10,1,1,classified,Finished,10,1,67
2008,10,2,2,classified,Finished,8,17,67
2008,10,3,3,classified,Finished,6,2,67
2008,10,4,4,classified,Finished,5,12,67
2008,10,5,5,classified,Finished,4,3,67
2008,10,6,6,classified,Finished,3,6,67
2008,10,7,7,classified,Finished,2,7,67
2008,10,8,8,classified,Finished,1,9,67
2008,10,9,9,classified,Finished,0,4,67
2008,10,10,10,classified,Finished,0,13,67
2008,10,11,11,classified,Finished,0,5,67
2008,10,12,12,classified,Finished,0,15,67
2008,10,13,13,classified,Finished,0,10,67
2008,10,14,14,classified,Finished,0,16,67
2008,10,15,15,classified,Finished,0,19,67
2008,10,16,16,classified,Finished,0,20,67
2008,10,17,17,classified,+1 Lap,0,14,66
2008,10,18,R,retired,Collision,0,18,50
2008,10,19,R,retired,Engine,0,8,40
2008,10,20,R,retired,Suspension,0,11,35
2008,11,1,1,classified,Finished,10,2,70
2008,11,2,2,classified,Finished,8,5,70
2008,11,3,3,classified,Finished,6,6,70
2008,11,4,4,classified,Finished,5,7,70
2008,11,5,5,classified,Finished,4,1,70
2008,11,6,6,classified,Finished,3,10,70
2008,11,7,7,classified,Finished,2,9,70
2008,11,8,8,classified,Finished,1,4,70
2008,11,9,9,classified,Finished,0,8,70
2008,11,10,10,classified,Finished,0,15,70
2008,11,11,11,classified,Finished,0,13,70
2008,11,12,12,classified,+1 Lap,0,12,69
2008,11,13,13,classified,+1 Lap,0,16,69
2008,11,14,14,classified,+1 Lap,0,14,69
2008,11,15,15,classified,+1 Lap,0,18,69
2008,11,16,16,classified,+2 Laps,0,17,68
2008,11,17,17,classified,Engine,0,3,67
2008,11,18,18,classified,+3 Laps,0,19,67
2008,11,19,R,retired,Brakes,0,20,62
2008,11,20,R,retired,Overheating,0,11,22
2008,12,1,1,classified,Finished,10,1,57
2008,12,2,2,classified,Finished,8,2,57
2008,12,3,3,classified,Finished,6,3,57
2008,12,4,4,classified,Finished,5,5,57
2008,12,5,5,classified,Finished,4,7,57
2008,12,6,6,classified,Finished,3,6,57
2008,12,7,7,classified,Finished,2,13,57
2008,12,8,8,classified,Finished,1,9,57
2008,12,9,9,classified,Finished,0,8,57
2008,12,10,10,classified,Finished,0,10,57
2008,12,11,11,classified,Finished,0,15,57
2008,12,12,12,classified,+1 Lap,0,14,56
2008,12,13,13,classified,+1 Lap,0,16,56
2008,12,14,14,classified,+1 Lap,0,18,56
2008,12,15,15,classified,+1 Lap,0,11,56
2008,12,16,16,classified,+1 Lap,0,19,56
2008,12,17,17,classified,+1 Lap,0,17,56
2008,12,18,R,retired,Engine,0,4,45
2008,12,19,R,retired,Accident,0,20,41
2008,12,20,R,retired,Collision,0,12,0
2008,13,1,1,classified,Finished,10,2,44
2008,13,2,2,classified,Finished,8,5,44
2008,13,3,3,classified,Finished,6,1,44
2008,13,4,4,classified,Finished,5,6,44
2008,13,5,5,classified,Finished,4,10,44
2008,13,6,6,classified,Finished,3,8,44
2008,13,7,7,classified,Finished,2,9,44
2008,13,8,8,classified,Finished,1,7,44
2008,13,9,9,classified,Finished,0,13,44
2008,13,10,10,classified,Gearbox,0,3,43
2008,13,11,11,classified,+1 Lap,0,14,43
2008,13,12,12,classified,+1 Lap,0,15,43
2008,13,13,13,classified,+1 Lap,0,18,43
2008,13,14,14,classified,+1 Lap,0,19,43
2008,13,15,15,classified,+1 Lap,0,17,43
2008,13,16,16,classified,+1 Lap,0,11,43
2008,13,17,17,classified,+1 Lap,0,20,43
2008,13,18,18,classified,Spun off,0,4,42
2008,13,19,R,retired,Gearbox,0,16,19
2008,13,20,R,retired,Spun off,0,12,13
2008,14,1,1,classified,Finished,10,1,53
2008,14,2,2,classified,Finished,8,2,53
2008,14,3,3,classified,Finished,6,11,53
2008,14,4,4,classified,Finished,5,8,53
2008,14,5,5,classified,Finished,4,10,53
2008,14,6,6,classified,Finished,3,6,53
2008,14,7,7,classified,Finished,2,15,53
2008,14,8,8,classified,Finished,1,3,53
2008,14,9,9,classified,Finished,0,14,53
2008,14,10,10,classified,Finished,0,17,53
2008,14,11,11,classified,Finished,0,9,53
2008,14,12,12,classified,Finished,0,18,53
2008,14,13,13,classified,Finished,0,7,53
2008,14,14,14,classified,Finished,0,5,53
2008,14,15,15,classified,Finished,0,19,53
2008,14,16,16,classified,+1 Lap,0,13,52
2008,14,17,17,classified,+1 Lap,0,16,52
2008,14,18,18,classified,+1 Lap,0,4,52
2008,14,19,19,classified,+2 Laps,0,20,51
2008,14,20,R,retired,Accident,0,12,11
2008,15,1,1,classified,Finished,10,15,61
2008,15,2,2,classified,Finished,8,8,61
2008,15,3,3,classified,Finished,6,2,61
2008,15,4,4,classified,Finished,5,7,61
2008,15,5,5,classified,Finished,4,6,61
2008,15,6,6,classified,Finished,3,9,61
2008,15,7,7,classified,Finished,2,14,61
2008,15,8,8,classified,Finished,1,10,61
2008,15,9,9,classified,Finished,0,12,61
2008,15,10,10,classified,Finished,0,5,61
2008,15,11,11,classified,Finished,0,4,61
2008,15,12,12,classified,Finished,0,17,61
2008,15,13,13,classified,Finished,0,1,61
2008,15,14,14,classified,Finished,0,20,61
2008,15,15,15,classified,Accident,0,3,57
2008,15,16,R,retired,Hydraulics,0,11,50
2008,15,17,R,retired,Accident,0,19,49
2008,15,18,R,retired,Transmission,0,13,29
2008,15,19,R,retired,Mechanical,0,18,14
2008,15,20,R,retired,Accident,0,16,13
2008,16,1,1,classified,Finished,10,4,67
2008,16,2,2,classified,Finished,8,6,67
2008,16,3,3,classified,Finished,6,2,67
2008,16,4,4,classified,Finished,5,12,67
2008,16,5,5,classified,Finished,4,7,67
2008,16,6,6,classified,Finished,3,9,67
2008,16,7,7,classified,Finished,2,5,67
2008,16,8,8,classified,Finished,1,13,67
2008,16,9,9,classified,Finished,0,16,67
2008,16,10,10,classified,Finished,0,10,67
2008,16,11,11,classified,Finished,0,15,67
2008,16,12,12,classified,Finished,0,1,67
2008,16,13,13,classified,+1 Lap,0,17,66
2008,16,14,14,classified,+1 Lap,0,18,66
2008,16,15,15,classified,+1 Lap,0,14,66
2008,16,16,R,retired,Gearbox,0,20,21
2008,16,17,R,retired,Engine,0,3,16
2008,16,18,R,retired,Tyre,0,19,8
2008,16,19,R,retired,Driver Seat,0,8,6
2008,16,20,R,retired,Collision,0,11,0
2008,17,1,1,classified,Finished,10,1,56
2008,17,2,2,classified,Finished,8,3,56
2008,17,3,3,classified,Finished,6,2,56
2008,17,4,4,classified,Finished,5,4,56
2008,17,5,5,classified,Finished,4,9,56
2008,17,6,6,classified,Finished,3,11,56
2008,17,7,7,classified,Finished,2,12,56
2008,17,8,8,classified,Finished,1,10,56
2008,17,9,9,classified,Finished,0,6,56
2008,17,10,10,classified,Finished,0,15,56
2008,17,11,11,classified,Finished,0,13,56
2008,17,12,12,classified,Finished,0,17,56
2008,17,13,13,classified,Finished,0,8,56
2008,17,14,14,classified,Finished,0,16,56
2008,17,15,15,classified,+1 Lap,0,14,55
2008,17,16,16,classified,+1 Lap,0,18,55
2008,17,17,17,classified,+1 Lap,0,20,55
2008,17,18,R,retired,Hydraulics,0,5,49
2008,17,19,R,retired,Engine,0,19,13
2008,17,20,R,retired,Collision,0,7,2
2008,18,1,1,classified,Finished,10,1,71
2008,18,2,2,classified,Finished,8,6,71
2008,18,3,3,classified,Finished,6,3,71
2008,18,4,4,classified,Finished,5,7,71
2008,18,5,5,classified,Finished,4,4,71
2008,18,6,6,classified,Finished,3,10,71
2008,18,7,7,classified,Finished,2,5,71
2008,18,8,8,classified,Finished,1,2,71
2008,18,9,9,classified,Finished,0,12,71
2008,18,10,10,classified,+1 Lap,0,8,70
2008,18,11,11,classified,+1 Lap,0,13,70
2008,18,12,12,classified,+1 Lap,0,18,70
2008,18,13,13,classified,+1 Lap,0,17,70
2008,18,14,14,classified,+1 Lap,0,9,70
2008,18,15,15,classified,+1 Lap,0,15,70
2008,18,16,16,classified,+2 Laps,0,20,69
2008,18,17,17,classified,+2 Laps,0,16,69
2008,18,18,18,classified,+2 Laps,0,19,69
2008,18,19,R,retired,Accident,0,11,0
2008,18,20,R,retired,Collision,0,14,0
2009,1,1,1,classified,Finished,10,1,58
2009,1,2,2,classified,Finished,8,2,58
2009,1,3,3,classified,Finished,6,20,58
2009,1,4,4,classified,Finished,5,19,58
2009,1,5,5,classified,Finished,4,10,58
2009,1,6,6,classified,Finished,3,5,58
2009,1,7,7,classified,Finished,2,13,58
2009,1,8,8,classified,Finished,1,17,58
2009,1,9,9,classified,Finished,0,16,58
2009,1,10,10,classified,Finished,0,9,58
2009,1,11,11,classified,Finished,0,15,58
2009,1,12,12,classified,+1 Lap,0,8,57
2009,1,13,13,classified,Collision,0,3,56
2009,1,14,14,classified,Collision,0,4,55
2009,1,15,15,classified,Differential,0,7,55
2009,1,16,R,retired,Suspension,0,6,45
2009,1,17,R,retired,Spun off,0,14,24
2009,1,18,R,retired,Accident,0,11,17
2009,1,19,R,retired,Collision,0,12,0
2009,1,20,D,disqualified,Disqualified,0,18,58
2009,2,1,1,classified,Finished,5,1,31
2009,2,2,2,classified,Finished,4,10,31
2009,2,3,3,classified,Finished,3,3,31
2009,2,4,4,classified,Finished,2.5,2,31
2009,2,5,5,classified,Finished,2,8,31
2009,2,6,6,classified,Finished,1.5,5,31
2009,2,7,7,classified,Finished,1,12,31
2009,2,8,8,classified,Finished,0.5,4,31
2009,2,9,9,classified,Finished,0,16,31
2009,2,10,10,classified,Finished,0,15,31
2009,2,11,11,classified,+1 Lap,0,9,31
2009,2,12,12,classified,+1 Lap,0,11,31
2009,2,13,13,classified,+1 Lap,0,17,31
2009,2,14,14,classified,+1 Lap,0,7,31
2009,2,15,15,classified,Spun off,0,13,30
2009,2,16,16,classified,Spun off,0,20,30
2009,2,17,17,classified,+1 Lap,0,19,30
2009,2,18,18,classified,Spun off,0,18,29
2009,2,19,R,retired,Engine,0,6,1
2009,2,20,R,retired,Spun off,0,14,0
2009,3,1,1,classified,Finished,10,1,56
2009,3,2,2,classified,Finished,8,3,56
2009,3,3,3,classified,Finished,6,5,56
2009,3,4,4,classified,Finished,5,4,56
2009,3,5,5,classified,Finished,4,12,56
2009,3,6,6,classified,Finished,3,9,56
2009,3,7,7,classified,Finished,2,19,56
2009,3,8,8,classified,Finished,1,10,56
2009,3,9,9,classified,Finished,0,2,56
2009,3,10,10,classified,Finished,0,8,56
2009,3,11,11,classified,Finished,0,15,56
2009,3,12,12,classified,Finished,0,11,56
2009,3,13,13,classified,Finished,0,17,56
2009,3,14,14,classified,+1 Lap,0,20,55
2009,3,15,15,classified,+1 Lap,0,7,55
2009,3,16,16,classified,+2 Laps,0,16,54
2009,3,17,17,classified,Spun off,0,18,50
2009,3,18,R,retired,Retired,0,14,43
2009,3,19,R,retired,Electronics,0,13,20
2009,3,20,R,retired,Collision,0,6,18
2009,4,1,1,classified,Finished,10,4,57
2009,4,2,2,classified,Finished,8,3,57
2009,4,3,3,classified,Finished,6,1,57
2009,4,4,4,classified,Finished,5,5,57
2009,4,5,5,classified,Finished,4,6,57
2009,4,6,6,classified,Finished,3,10,57
2009,4,7,7,classified,Finished,2,2,57
2009,4,8,8,classified,Finished,1,7,57
2009,4,9,9,classified,Finished,0,9,57
2009,4,10,10,classified,Finished,0,15,57
2009,4,11,11,classified,Finished,0,18,57
2009,4,12,12,classified,Finished,0,11,57
2009,4,13,13,classified,Finished,0,20,57
2009,4,14,14,classified,+1 Lap,0,8,56
2009,4,15,15,classified,+1 Lap,0,17,56
2009,4,16,16,classified,+1 Lap,0,19,56
2009,4,17,17,classified,+1 Lap,0,16,56
2009,4,18,18,classified,+1 Lap,0,13,56
2009,4,19,19,classified,+1 Lap,0,14,56
2009,4,20,R,retired,Oil pressure,0,12,48
2009,5,1,1,classified,Finished,10,1,66
2009,5,2,2,classified,Finished,8,3,66
2009,5,3,3,classified,Finished,6,5,66
2009,5,4,4,classified,Finished,5,2,66
2009,5,5,5,classified,Finished,4,8,66
2009,5,6,6,classified,Finished,3,4,66
2009,5,7,7,classified,Finished,2,13,66
2009,5,8,8,classified,Finished,1,9,66
2009,5,9,9,classified,+1 Lap,0,14,65
2009,5,10,10,classified,+1 Lap,0,6,65
2009,5,11,11,classified,+1 Lap,0,10,65
2009,5,12,12,classified,+1 Lap,0,12,65
2009,5,13,13,classified,+1 Lap,0,11,65
2009,5,14,14,classified,+1 Lap,0,20,65
2009,5,15,R,retired,Hydraulics,0,16,17
2009,5,16,R,retired,Gearbox,0,18,7
2009,5,17,R,retired,Collision,0,7,0
2009,5,18,R,retired,Collision,0,15,0
2009,5,19,R,retired,Collision,0,17,0
2009,5,20,R,retired,Collision,0,19,0
2009,6,1,1,classified,Finished,10,1,78
2009,6,2,2,classified,Finished,8,3,78
2009,6,3,3,classified,Finished,6,2,78
2009,6,4,4,classified,Finished,5,5,78
2009,6,5,5,classified,Finished,4,8,78
2009,6,6,6,classified,Finished,3,6,78
2009,6,7,7,classified,Finished,2,9,78
2009,6,8,8,classified,Finished,1,14,78
2009,6,9,9,classified,Finished,0,13,78
2009,6,10,10,classified,+1 Lap,0,20,77
2009,6,11,11,classified,+1 Lap,0,16,77
2009,6,12,12,classified,+1 Lap,0,19,77
2009,6,13,13,classified,+1 Lap,0,18,77
2009,6,14,14,classified,+1 Lap,0,15,77
2009,6,15,15,classified,Accident,0,10,76
2009,6,16,R,retired,Accident,0,7,51
2009,6,17,R,retired,Brakes,0,17,28
2009,6,18,R,retired,Accident,0,4,15
2009,6,19,R,retired,Collision,0,12,10
2009,6,20,R,retired,Collision,0,11,10
2009,7,1,1,classified,Finished,10,2,58
2009,7,2,2,classified,Finished,8,4,58
2009,7,3,3,classified,Finished,6,1,58
2009,7,4,4,classified,Finished,5,5,58
2009,7,5,5,classified,Finished,4,9,58
2009,7,6,6,classified,Finished,3,7,58
2009,7,7,7,classified,Finished,2,10,58
2009,7,8,8,classified,Finished,1,13,58
2009,7,9,9,classified,Finished,0,6,58
2009,7,10,10,classified,Finished,0,8,58
2009,7,11,11,classified,Finished,0,11,58
2009,7,12,12,classified,Finished,0,12,58
2009,7,13,13,classified,Finished,0,16,58
2009,7,14,14,classified,+1 Lap,0,14,57
2009,7,15,15,classified,+1 Lap,0,18,57
2009,7,16,16,classified,+1 Lap,0,17,57
2009,7,17,17,classified,+1 Lap,0,15,57
2009,7,18,18,classified,+1 Lap,0,20,57
2009,7,19,R,retired,Gearbox,0,3,47
2009,7,20,R,retired,Brakes,0,19,4
2009,8,1,1,classified,Finished,10,1,60
2009,8,2,2,classified,Finished,8,3,60
2009,8,3,3,classified,Finished,6,2,60
2009,8,4,4,classified,Finished,5,11,60
2009,8,5,5,classified,Finished,4,7,60
2009,8,6,6,classified,Finished,3,6,60
2009,8,7,7,classified,Finished,2,4,60
2009,8,8,8,classified,Finished,1,9,60
2009,8,9,9,classified,Finished,0,8,60
2009,8,10,10,classified,Finished,0,16,60
2009,8,11,11,classified,Finished,0,5,60
2009,8,12,12,classified,+1 Lap,0,14,59
2009,8,13,13,classified,+1 Lap,0,12,59
2009,8,14,14,classified,+1 Lap,0,10,59
2009,8,15,15,classified,+1 Lap,0,15,59
2009,8,16,16,classified,+1 Lap,0,18,59
2009,8,17,17,classified,+1 Lap,0,20,59
2009,8,18,18,classified,+1 Lap,0,19,59
2009,8,19,R,retired,Collision,0,17,37
2009,8,20,R,retired,Collision,0,13,36
2009,9,1,1,classified,Finished,10,1,60
2009,9,2,2,classified,Finished,8,4,60
2009,9,3,3,classified,Finished,6,8,60
2009,9,4,4,classified,Finished,5,15,60
2009,9,5,5,classified,Finished,4,3,60
2009,9,6,6,classified,Finished,3,2,60
2009,9,7,7,classified,Finished,2,12,60
2009,9,8,8,classified,Finished,1,6,60
2009,9,9,9,classified,Finished,0,20,60
2009,9,10,10,classified,Finished,0,11,60
2009,9,11,11,classified,Finished,0,18,60
2009,9,12,12,classified,Finished,0,13,60
2009,9,13,13,classified,Finished,0,10,60
2009,9,14,14,classified,Finished,0,16,60
2009,9,15,15,classified,Finished,0,7,60
2009,9,16,16,classified,Finished,0,17,60
2009,9,17,17,classified,Finished,0,14,60
2009,9,18,18,classified,+1 Lap,0,5,59
2009,9,19,R,retired,Engine,0,9,34
2009,9,20,R,retired,Hydraulics,0,19,18
2009,10,1,1,classified,Finished,10,4,70
2009,10,2,2,classified,Finished,8,7,70
2009,10,3,3,classified,Finished,6,3,70
2009,10,4,4,classified,Finished,5,5,70
2009,10,5,5,classified,Finished,4,6,70
2009,10,6,6,classified,Finished,3,13,70
2009,10,7,7,classified,Finished,2,8,70
2009,10,8,8,classified,Finished,1,11,70
2009,10,9,9,classified,Finished,0,9,70
2009,10,10,10,classified,Finished,0,12,70
2009,10,11,11,classified,Finished,0,15,70
2009,10,12,12,classified,Finished,0,14,70
2009,10,13,13,classified,Finished,0,18,70
2009,10,14,14,classified,+1 Lap,0,16,69
2009,10,15,15,classified,+1 Lap,0,19,69
2009,10,16,16,classified,+1 Lap,0,10,69
2009,10,17,R,retired,Suspension,0,2,29
2009,10,18,R,retired,Wheel,0,1,15
2009,10,19,R,retired,Overheating,0,17,1
2009,10,20,W,withdrawn,Withdrew,0,0,0
2009,11,1,1,classified,Finished,10,3,57
2009,11,2,2,classified,Finished,8,1,57
2009,11,3,3,classified,Finished,6,6,57
2009,11,4,4,classified,Finished,5,2,57
2009,11,5,5,classified,Finished,4,7,57
2009,11,6,6,classified,Finished,3,8,57
2009,11,7,7,classified,Finished,2,5,57
2009,11,8,8,classified,Finished,1,10,57
2009,11,9,9,classified,Finished,0,9,57
2009,11,10,10,classified,Finished,0,12,57
2009,11,11,11,classified,Finished,0,11,57
2009,11,12,12,classified,Finished,0,16,57
2009,11,13,13,classified,Finished,0,18,57
2009,11,14,14,classified,Finished,0,13,57
2009,11,15,15,classified,Finished,0,14,57
2009,11,16,16,classified,+1 Lap,0,19,56
2009,11,17,17,classified,+1 Lap,0,20,56
2009,11,18,18,classified,+3 Laps,0,17,54
2009,11,19,R,retired,Brakes,0,15,41
2009,11,20,R,retired,Engine,0,4,23
2009,12,1,1,classified,Finished,10,6,44
2009,12,2,2,classified,Finished,8,1,44
2009,12,3,3,classified,Finished,6,8,44
2009,12,4,4,classified,Finished,5,5,44
2009,12,5,5,classified,Finished,4,3,44
2009,12,6,6,classified,Finished,3,15,44
2009,12,7,7,classified,Finished,2,4,44
2009,12,8,8,classified,Finished,1,10,44
2009,12,9,9,classified,Finished,0,9,44
2009,12,10,10,classified,Finished,0,7,44
2009,12,11,11,classified,Finished,0,11,44
2009,12,12,12,classified,Finished,0,16,44
2009,12,13,13,classified,Finished,0,18,44
2009,12,14,14,classified,Finished,0,20,44
2009,12,15,R,retired,Retired,0,13,26
2009,12,16,R,retired,Brakes,0,2,21
2009,12,17,R,retired,Collision,0,14,0
2009,12,18,R,retired,Collision,0,19,0
2009,12,19,R,retired,Collision,0,12,0
2009,12,20,R,retired,Collision,0,17,0
2009,13,1,1,classified,Finished,10,5,53
2009,13,2,2,classified,Finished,8,6,53
2009,13,3,3,classified,Finished,6,3,53
2009,13,4,4,classified,Finished,5,2,53
2009,13,5,5,classified,Finished,4,8,53
2009,13,6,6,classified,Finished,3,4,53
2009,13,7,7,classified,Finished,2,15,53
2009,13,8,8,classified,Finished,1,9,53
2009,13,9,9,classified,Finished,0,14,53
2009,13,10,10,classified,Finished,0,17,53
2009,13,11,11,classified,Finished,0,16,53
2009,13,12,12,classified,Accident,0,1,52
2009,13,13,13,classified,+1 Lap,0,19,52
2009,13,14,14,classified,+1 Lap,0,11,52
2009,13,15,15,classified,+1 Lap,0,12,52
2009,13,16,16,classified,+2 Laps,0,18,51
2009,13,17,R,retired,Transmission,0,7,22
2009,13,18,R,retired,Retired,0,20,19
2009,13,19,R,retired,Oil leak,0,13,15
2009,13,20,R,retired,Collision,0,10,0
2009,14,1,1,classified,Finished,10,1,61
2009,14,2,2,classified,Finished,8,6,61
2009,14,3,3,classified,Finished,6,5,61
2009,14,4,4,classified,Finished,5,2,61
2009,14,5,5,classified,Finished,4,11,61
2009,14,6,6,classified,Finished,3,9,61
2009,14,7,7,classified,Finished,2,8,61
2009,14,8,8,classified,Finished,1,7,61
2009,14,9,9,classified,Finished,0,10,61
2009,14,10,10,classified,Finished,0,12,61
2009,14,11,11,classified,Finished,0,3,61
2009,14,12,12,classified,Finished,0,14,61
2009,14,13,13,classified,Finished,0,17,61
2009,14,14,14,classified,Finished,0,19,61
2009,14,15,R,retired,Brakes,0,16,47
2009,14,16,R,retired,Gearbox,0,13,47
2009,14,17,R,retired,Brakes,0,4,45
2009,14,18,R,retired,Collision,0,15,23
2009,14,19,R,retired,Collision,0,20,19
2009,14,20,R,retired,Brakes,0,18,3
2009,15,1,1,classified,Finished,10,1,53
2009,15,2,2,classified,Finished,8,2,53
2009,15,3,3,classified,Finished,6,3,53
2009,15,4,4,classified,Finished,5,5,53
2009,15,5,5,classified,Finished,4,7,53
2009,15,6,6,classified,Finished,3,4,53
2009,15,7,7,classified,Finished,2,6,53
2009,15,8,8,classified,Finished,1,10,53
2009,15,9,9,classified,Finished,0,9,53
2009,15,10,10,classified,Finished,0,16,53
2009,15,11,11,classified,Finished,0,11,53
2009,15,12,12,classified,Finished,0,14,53
2009,15,13,13,classified,Finished,0,8,53
2009,15,14,14,classified,Finished,0,18,53
2009,15,15,15,classified,Finished,0,15,53
2009,15,16,16,classified,+1 Lap,0,17,52
2009,15,17,17,classified,+2 Laps,0,19,51
2009,15,18,R,retired,Accident,0,12,43
2009,15,19,R,retired,Clutch,0,13,11
2009,15,20,W,withdrawn,Injured,0,20,0
2009,16,1,1,classified,Finished,10,2,71
2009,16,2,2,classified,Finished,8,8,71
2009,16,3,3,classified,Finished,6,17,71
2009,16,4,4,classified,Finished,5,15,71
2009,16,5,5,classified,Finished,4,14,71
2009,16,6,6,classified,Finished,3,5,71
2009,16,7,7,classified,Finished,2,6,71
2009,16,8,8,classified,Finished,1,1,71
2009,16,9,9,classified,Finished,0,16,71
2009,16,10,10,classified,Finished,0,11,71
2009,16,11,11,classified,Finished,0,19,71
2009,16,12,12,classified,Finished,0,20,71
2009,16,13,13,classified,+1 Lap,0,13,70
2009,16,14,14,classified,+1 Lap,0,12,70
2009,16,15,R,retired,Accident,0,9,30
2009,16,16,R,retired,Gearbox,0,7,27
2009,16,17,R,retired,Out of fuel,0,18,21
2009,16,18,R,retired,Accident,0,3,0
2009,16,19,R,retired,Accident,0,4,0
2009,16,20,R,retired,Accident,0,10,0
2009,17,1,1,classified,Finished,10,2,55
2009,17,2,2,classified,Finished,8,3,55
2009,17,3,3,classified,Finished,6,5,55
2009,17,4,4,classified,Finished,5,4,55
2009,17,5,5,classified,Finished,4,8,55
2009,17,6,6,classified,Finished,3,12,55
2009,17,7,7,classified,Finished,2,6,55
2009,17,8,8,classified,Finished,1,10,55
2009,17,9,9,classified,Finished,0,9,55
2009,17,10,10,classified,Finished,0,7,55
2009,17,11,11,classified,Finished,0,18,55
2009,17,12,12,classified,Finished,0,11,55
2009,17,13,13,classified,Finished,0,13,55
2009,17,14,14,classified,Finished,0,15,55
2009,17,15,15,classified,Finished,0,16,55
2009,17,16,16,classified,+1 Lap,0,20,54
2009,17,17,17,classified,+1 Lap,0,17,54
2009,17,18,18,classified,+1 Lap,0,19,54
2009,17,19,R,retired,Brakes,0,1,20
2009,17,20,R,retired,Gearbox,0,14,18
2010,1,1,1,classified,Finished,25,3,49
2010,1,2,2,classified,Finished,18,2,49
2010,1,3,3,classified,Finished,15,4,49
2010,1,4,4,classified,Finished,12,1,49
2010,1,5,5,classified,Finished,10,5,49
2010,1,6,6,classified,Finished,8,7,49
2010,1,7,7,classified,Finished,6,8,49
2010,1,8,8,classified,Finished,4,6,49
2010,1,9,9,classified,Finished,2,12,49
2010,1,10,10,classified,Finished,1,11,49
2010,1,11,11,classified,Finished,0,9,49
2010,1,12,12,classified,Finished,0,10,49
2010,1,13,13,classified,Finished,0,18,49
2010,1,14,14,classified,+1 Lap,0,13,48
2010,1,15,15,classified,+2 Laps,0,21,47
2010,1,16,16,classified,Electrical,0,15,46
2010,1,17,17,classified,Hydraulics,0,20,46
2010,1,18,R,retired,Hydraulics,0,14,28
2010,1,19,R,retired,Overheating,0,23,17
2010,1,20,R,retired,Gearbox,0,19,16
2010,1,21,R,retired,Suspension,0,17,13
2010,1,22,R,retired,Hydraulics,0,16,11
2010,1,23,R,retired,Hydraulics,0,22,2
2010,1,24,R,retired,Accident,0,24,1
2010,2,1,1,classified,Finished,25,4,58
2010,2,2,2,classified,Finished,18,9,58
2010,2,3,3,classified,Finished,15,5,58
2010,2,4,4,classified,Finished,12,3,58
2010,2,5,5,classified,Finished,10,6,58
2010,2,6,6,classified,Finished,8,11,58
2010,2,7,7,classified,Finished,6,13,58
2010,2,8,8,classified,Finished,4,8,58
2010,2,9,9,classified,Finished,2,2,58
2010,2,10,10,classified,Finished,1,7,58
2010,2,11,11,classified,Finished,0,17,58
2010,2,12,12,classified,Finished,0,14,58
2010,2,13,13,classified,+2 Laps,0,19,56
2010,2,14,14,classified,+5 Laps,0,22,53
2010,2,15,R,retired,Suspension,0,23,41
2010,2,16,R,retired,Hydraulics,0,24,26
2010,2,17,R,retired,Wheel,0,1,25
2010,2,18,R,retired,Engine,0,10,9
2010,2,19,R,retired,Spun off,0,18,9
2010,2,20,R,retired,Hydraulics,0,21,4
2010,2,21,R,retired,Collision,0,12,0
2010,2,22,R,retired,Collision,0,15,0
2010,2,23,R,retired,Collision,0,16,0
2010,2,24,W,withdrawn,Hydraulics,0,20,0
2010,3,1,1,classified,Finished,25,3,56
2010,3,2,2,classified,Finished,18,1,56
2010,3,3,3,classified,Finished,15,2,56
2010,3,4,4,classified,Finished,12,6,56
2010,3,5,5,classified,Finished,10,4,56
2010,3,6,6,classified,Finished,8,20,56
2010,3,7,7,classified,Finished,6,21,56
2010,3,8,8,classified,Finished,4,17,56
2010,3,9,9,classified,Finished,2,14,56
2010,3,10,10,classified,Finished,1,5,56
2010,3,11,11,classified,Finished,0,13,56
2010,3,12,12,classified,+1 Lap,0,7,55
2010,3,13,13,classified,Engine,0,19,54
2010,3,14,14,classified,+3 Laps,0,24,53
2010,3,15,15,classified,+3 Laps,0,22,53
2010,3,16,16,classified,+4 Laps,0,23,52
2010,3,17,17,classified,+5 Laps,0,18,51
2010,3,18,R,retired,+10 Laps,0,15,46
2010,3,19,R,retired,Gearbox,0,11,32
2010,3,20,R,retired,Throttle,0,10,12
2010,3,21,R,retired,Wheel,0,8,9
2010,3,22,R,retired,Engine,0,9,8
2010,3,23,R,retired,Spun off,0,16,2
2010,3,24,W,withdrawn,Engine,0,12,0
2010,4,1,1,classified,Finished,25,5,56
2010,4,2,2,classified,Finished,18,6,56
2010,4,3,3,classified,Finished,15,4,56
2010,4,4,4,classified,Finished,12,3,56
2010,4,5,5,classified,Finished,10,8,56
2010,4,6,6,classified,Finished,8,1,56
2010,4,7,7,classified,Finished,6,14,56
2010,4,8,8,classified,Finished,4,2,56
2010,4,9,9,classified,Finished,2,7,56
2010,4,10,10,classified,Finished,1,9,56
2010,4,11,11,classified,Finished,0,10,56
2010,4,12,12,classified,Finished,0,11,56
2010,4,13,13,classified,Finished,0,12,56
2010,4,14,14,classified,+1 Lap,0,21,55
2010,4,15,15,classified,+1 Lap,0,16,55
2010,4,16,16,classified,+2 Laps,0,23,54
2010,4,17,17,classified,+4 Laps,0,24,52
2010,4,18,R,retired,Hydraulics,0,20,26
2010,4,19,R,retired,Clutch,0,22,8
2010,4,20,R,retired,Technical,0,17,7
2010,4,21,R,retired,Accident,0,13,0
2010,4,22,R,retired,Accident,0,15,0
2010,4,23,R,retired,Accident,0,18,0
2010,4,24,W,withdrawn,Engine,0,19,0
2010,5,1,1,classified,Finished,25,1,66
2010,5,2,2,classified,Finished,18,4,66
2010,5,3,3,classified,Finished,15,2,66
2010,5,4,4,classified,Finished,12,6,66
2010,5,5,5,classified,Finished,10,5,66
2010,5,6,6,classified,Finished,8,9,66
2010,5,7,7,classified,Finished,6,11,66
2010,5,8,8,classified,Finished,4,7,66
2010,5,9,9,classified,+1 Lap,2,17,65
2010,5,10,10,classified,+1 Lap,1,15,65
2010,5,11,11,classified,+1 Lap,0,19,65
2010,5,12,12,classified,+1 Lap,0,10,65
2010,5,13,13,classified,+1 Lap,0,8,65
2010,5,14,14,classified,Puncture,0,3,64
2010,5,15,15,classified,Engine,0,16,64
2010,5,16,16,classified,+2 Laps,0,13,64
2010,5,17,17,classified,+3 Laps,0,18,63
2010,5,18,18,classified,+3 Laps,0,22,63
2010,5,19,19,classified,+4 Laps,0,23,62
2010,5,20,R,retired,Hydraulics,0,14,42
2010,5,21,R,retired,Suspension,0,24,27
2010,5,22,R,retired,Collision,0,12,18
2010,5,23,R,retired,Accident,0,21,0
2010,5,24,W,withdrawn,Gearbox,0,20,0
2010,6,1,1,classified,Finished,25,1,78
2010,6,2,2,classified,Finished,18,3,78
2010,6,3,3,classified,Finished,15,2,78
2010,6,4,4,classified,Finished,12,4,78
2010,6,5,5,classified,Finished,10,5,78
2010,6,6,6,classified,Finished,8,24,78
2010,6,7,7,classified,Finished,6,6,78
2010,6,8,8,classified,Finished,4,12,78
2010,6,9,9,classified,Finished,2,10,78
2010,6,10,10,classified,Finished,1,13,78
2010,6,11,11,classified,Finished,0,17,78
2010,6,12,12,classified,Finished,0,7,78
2010,6,13,13,classified,Brakes,0,14,73
2010,6,14,14,classified,Collision,0,23,70
2010,6,15,15,classified,Collision,0,19,70
2010,6,16,R,retired,Steering,0,18,58
2010,6,17,R,retired,Hydraulics,0,22,58
2010,6,18,R,retired,Suspension,0,9,30
2010,6,19,R,retired,Gearbox,0,16,26
2010,6,20,R,retired,Wheel,0,21,25
2010,6,21,R,retired,Track rod,0,20,22
2010,6,22,R,retired,Hydraulics,0,15,21
2010,6,23,R,retired,Engine,0,8,2
2010,6,24,R,retired,Front wing,0,11,0
2010,7,1,1,classified,Finished,25,2,58
2010,7,2,2,classified,Finished,18,4,58
2010,7,3,3,classified,Finished,15,1,58
2010,7,4,4,classified,Finished,12,5,58
2010,7,5,5,classified,Finished,10,6,58
2010,7,6,6,classified,Finished,8,7,58
2010,7,7,7,classified,Finished,6,8,58
2010,7,8,8,classified,Finished,4,12,58
2010,7,9,9,classified,Finished,2,11,58
2010,7,10,10,classified,Finished,1,10,58
2010,7,11,11,classified,Finished,0,13,58
2010,7,12,12,classified,Finished,0,16,58
2010,7,13,13,classified,+1 Lap,0,18,57
2010,7,14,14,classified,+1 Lap,0,15,57
2010,7,15,15,classified,+1 Lap,0,9,57
2010,7,16,16,classified,+1 Lap,0,14,57
2010,7,17,17,classified,+1 Lap,0,17,57
2010,7,18,18,classified,+3 Laps,0,21,55
2010,7,19,19,classified,+3 Laps,0,23,55
2010,7,20,20,classified,Fuel pump,0,24,52
2010,7,21,R,retired,Fuel pressure,0,22,46
2010,7,22,R,retired,Collision,0,3,39
2010,7,23,R,retired,Hydraulics,0,20,33
2010,7,24,R,retired,Hydraulics,0,19,32
2010,8,1,1,classified,Finished,25,1,70
2010,8,2,2,classified,Finished,18,4,70
2010,8,3,3,classified,Finished,15,3,70
2010,8,4,4,classified,Finished,12,2,70
2010,8,5,5,classified,Finished,10,7,70
2010,8,6,6,classified,Finished,8,10,70
2010,8,7,7,classified,Finished,6,8,70
2010,8,8,8,classified,+1 Lap,4,15,69
2010,8,9,9,classified,+1 Lap,2,5,69
2010,8,10,10,classified,+1 Lap,1,9,69
2010,8,11,11,classified,+1 Lap,0,13,69
2010,8,12,12,classified,+1 Lap,0,16,69
2010,8,13,13,classified,+1 Lap,0,12,69
2010,8,14,14,classified,+1 Lap,0,11,69
2010,8,15,15,classified,+1 Lap,0,6,69
2010,8,16,16,classified,+2 Laps,0,19,68
2010,8,17,17,classified,+2 Laps,0,14,68
2010,8,18,18,classified,+4 Laps,0,24,66
2010,8,19,19,classified,+5 Laps,0,23,65
2010,8,20,R,retired,Mechanical,0,21,55
2010,8,21,R,retired,Brakes,0,20,47
2010,8,22,R,retired,Engine,0,17,31
2010,8,23,R,retired,Hydraulics,0,22,14
2010,8,24,R,retired,Accident,0,18,1
2010,9,1,1,classified,Finished,25,1,57
2010,9,2,2,classified,Finished,18,3,57
2010,9,3,3,classified,Finished,15,7,57
2010,9,4,4,classified,Finished,12,9,57
2010,9,5,5,classified,Finished,10,6,57
2010,9,6,6,classified,Finished,8,13,57
2010,9,7,7,classified,Finished,6,18,57
2010,9,8,8,classified,Finished,4,4,57
2010,9,9,9,classified,Finished,2,11,57
2010,9,10,10,classified,Finished,1,12,57
2010,9,11,11,classified,Finished,0,5,57
2010,9,12,12,classified,Finished,0,16,57
2010,9,13,13,classified,Finished,0,17,57
2010,9,14,14,classified,Finished,0,10,57
2010,9,15,15,classified,Finished,0,15,57
2010,9,16,16,classified,Finished,0,14,57
2010,9,17,17,classified,+1 Lap,0,21,56
2010,9,18,18,classified,+2 Laps,0,23,55
2010,9,19,19,classified,+2 Laps,0,22,55
2010,9,20,20,classified,+2 Laps,0,24,55
2010,9,21,21,classified,+4 Laps,0,19,53
2010,9,22,R,retired,Exhaust,0,8,49
2010,9,23,R,retired,Collision,0,20,8
2010,9,24,R,retired,Collision,0,2,8
2010,10,1,1,classified,Finished,25,2,52
2010,10,2,2,classified,Finished,18,4,52
2010,10,3,3,classified,Finished,15,5,52
2010,10,4,4,classified,Finished,12,14,52
2010,10,5,5,classified,Finished,10,8,52
2010,10,6,6,classified,Finished,8,12,52
2010,10,7,7,classified,Finished,6,1,52
2010,10,8,8,classified,Finished,4,11,52
2010,10,9,9,classified,Finished,2,10,52
2010,10,10,10,classified,Finished,1,13,52
2010,10,11,11,classified,Finished,0,20,52
2010,10,12,12,classified,Finished,0,16,52
2010,10,13,13,classified,Finished,0,15,52
2010,10,14,14,classified,Finished,0,3,52
2010,10,15,15,classified,Finished,0,7,52
2010,10,16,16,classified,+1 Lap,0,21,51
2010,10,17,17,classified,+1 Lap,0,18,51
2010,10,18,18,classified,+2 Laps,0,19,50
2010,10,19,19,classified,+2 Laps,0,23,50
2010,10,20,20,classified,+2 Laps,0,24,50
2010,10,21,R,retired,Brakes,0,17,44
2010,10,22,R,retired,Collision,0,9,29
2010,10,23,R,retired,Driveshaft,0,6,19
2010,10,24,R,retired,Hydraulics,0,22,9
2010,11,1,1,classified,Finished,25,2,67
2010,11,2,2,classified,Finished,18,3,67
2010,11,3,3,classified,Finished,15,1,67
2010,11,4,4,classified,Finished,12,6,67
2010,11,5,5,classified,Finished,10,5,67
2010,11,6,6,classified,Finished,8,4,67
2010,11,7,7,classified,+1 Lap,6,7,66
2010,11,8,8,classified,+1 Lap,4,9,66
2010,11,9,9,classified,+1 Lap,2,11,66
2010,11,10,10,classified,+1 Lap,1,13,66
2010,11,11,11,classified,+1 Lap,0,12,66
2010,11,12,12,classified,+1 Lap,0,8,66
2010,11,13,13,classified,+1 Lap,0,10,66
2010,11,14,14,classified,+1 Lap,0,14,66
2010,11,15,15,classified,+1 Lap,0,15,66
2010,11,16,16,classified,+2 Laps,0,21,65
2010,11,17,17,classified,+2 Laps,0,19,65
2010,11,18,18,classified,+3 Laps,0,23,64
2010,11,19,19,classified,+4 Laps,0,20,63
2010,11,20,R,retired,Collision,0,18,56
2010,11,21,R,retired,Gearbox,0,24,50
2010,11,22,R,retired,Engine,0,22,19
2010,11,23,R,retired,Gearbox,0,17,3
2010,11,24,R,retired,Collision,0,16,1
2010,12,1,1,classified,Finished,25,2,70
2010,12,2,2,classified,Finished,18,3,70
2010,12,3,3,classified,Finished,15,1,70
2010,12,4,4,classified,Finished,12,4,70
2010,12,5,5,classified,Finished,10,7,70
2010,12,6,6,classified,Finished,8,10,70
2010,12,7,7,classified,+1 Lap,6,9,69
2010,12,8,8,classified,+1 Lap,4,11,69
2010,12,9,9,classified,+1 Lap,2,23,69
2010,12,10,10,classified,+1 Lap,1,12,69
2010,12,11,11,classified,+1 Lap,0,14,69
2010,12,12,12,classified,+1 Lap,0,15,69
2010,12,13,13,classified,+1 Lap,0,16,69
2010,12,14,14,classified,+3 Laps,0,19,67
2010,12,15,15,classified,+3 Laps,0,20,67
2010,12,16,16,classified,+3 Laps,0,18,67
2010,12,17,17,classified,+3 Laps,0,22,67
2010,12,18,18,classified,+4 Laps,0,21,66
2010,12,19,19,classified,+4 Laps,0,24,66
2010,12,20,R,retired,Gearbox,0,5,23
2010,12,21,R,retired,Retired,0,8,23
2010,12,22,R,retired,Wheel,0,6,15
2010,12,23,R,retired,Collision,0,13,15
2010,12,24,R,retired,Engine,0,17,1
2010,13,1,1,classified,Finished,25,2,44
2010,13,2,2,classified,Finished,18,1,44
2010,13,3,3,classified,Finished,15,3,44
2010,13,4,4,classified,Finished,12,6,44
2010,13,5,5,classified,Finished,10,8,44
2010,13,6,6,classified,Finished,8,14,44
2010,13,7,7,classified,Finished,6,21,44
2010,13,8,8,classified,Finished,4,17,44
2010,13,9,9,classified,Finished,2,23,44
2010,13,10,10,classified,Finished,1,12,44
2010,13,11,11,classified,Finished,0,24,44
2010,13,12,12,classified,Finished,0,16,44
2010,13,13,13,classified,Finished,0,11,44
2010,13,14,14,classified,+1 Lap,0,9,43
2010,13,15,15,classified,+1 Lap,0,4,43
2010,13,16,16,classified,+1 Lap,0,13,43
2010,13,17,17,classified,+1 Lap,0,22,43
2010,13,18,18,classified,+1 Lap,0,20,43
2010,13,19,19,classified,+1 Lap,0,15,43
2010,13,20,20,classified,+2 Laps,0,19,42
2010,13,21,R,retired,Accident,0,10,37
2010,13,22,R,retired,Collision,0,5,15
2010,13,23,R,retired,Retired,0,18,5
2010,13,24,R,retired,Collision,0,7,0
2010,14,1,1,classified,Finished,25,1,53
2010,14,2,2,classified,Finished,18,2,53
2010,14,3,3,classified,Finished,15,3,53
2010,14,4,4,classified,Finished,12,6,53
2010,14,5,5,classified,Finished,10,7,53
2010,14,6,6,classified,Finished,8,4,53
2010,14,7,7,classified,Finished,6,8,53
2010,14,8,8,classified,Finished,4,9,53
2010,14,9,9,classified,Finished,2,12,53
2010,14,10,10,classified,Finished,1,10,53
2010,14,11,11,classified,Finished,0,14,53
2010,14,12,12,classified,Finished,0,19,53
2010,14,13,13,classified,Finished,0,20,53
2010,14,14,14,classified,+1 Lap,0,16,52
2010,14,15,15,classified,+1 Lap,0,15,52
2010,14,16,16,classified,+1 Lap,0,11,52
2010,14,17,17,classified,+2 Laps,0,24,51
2010,14,18,18,classified,+2 Laps,0,18,51
2010,14,19,19,classified,+2 Laps,0,23,51
2010,14,20,20,classified,+3 Laps,0,21,50
2010,14,21,R,retired,Engine,0,17,46
2010,14,22,R,retired,Retired,0,22,11
2010,14,23,R,retired,Collision,0,5,0
2010,14,24,R,retired,Gearbox,0,13,0
2010,15,1,1,classified,Finished,25,1,61
2010,15,2,2,classified,Finished,18,2,61
2010,15,3,3,classified,Finished,15,5,61
2010,15,4,4,classified,Finished,12,4,61
2010,15,5,5,classified,Finished,10,7,61
2010,15,6,6,classified,Finished,8,6,61
2010,15,7,7,classified,Finished,6,8,61
2010,15,8,8,classified,Finished,4,24,61
2010,15,9,9,classified,Finished,2,15,61
2010,15,10,10,classified,Finished,1,17,61
2010,15,11,11,classified,+1 Lap,0,12,60
2010,15,12,12,classified,+1 Lap,0,11,60
2010,15,13,13,classified,+1 Lap,0,9,60
2010,15,14,14,classified,+1 Lap,0,13,60
2010,15,15,15,classified,+2 Laps,0,20,59
2010,15,16,16,classified,Engine,0,19,58
2010,15,17,R,retired,Hydraulics,0,18,49
2010,15,18,R,retired,Collision,0,14,36
2010,15,19,R,retired,Collision,0,3,35
2010,15,20,R,retired,Hydraulics,0,22,31
2010,15,21,R,retired,Accident,0,10,30
2010,15,22,R,retired,Accident,0,23,29
2010,15,23,R,retired,Hydraulics,0,21,27
2010,15,24,R,retired,Collision,0,16,1
2010,16,1,1,classified,Finished,25,1,53
2010,16,2,2,classified,Finished,18,2,53
2010,16,3,3,classified,Finished,15,4,53
2010,16,4,4,classified,Finished,12,5,53
2010,16,5,5,classified,Finished,10,8,53
2010,16,6,6,classified,Finished,8,10,53
2010,16,7,7,classified,Finished,6,14,53
2010,16,8,8,classified,Finished,4,11,53
2010,16,9,9,classified,Finished,2,7,53
2010,16,10,10,classified,Finished,1,18,53
2010,16,11,11,classified,+1 Lap,0,16,52
2010,16,12,12,classified,+1 Lap,0,20,52
2010,16,13,13,classified,+2 Laps,0,19,51
2010,16,14,14,classified,+2 Laps,0,22,51
2010,16,15,15,classified,+2 Laps,0,23,51
2010,16,16,16,classified,+3 Laps,0,24,50
2010,16,17,R,retired,Suspension,0,6,47
2010,16,18,R,retired,Oil leak,0,15,44
2010,16,19,R,retired,Wheel,0,3,2
2010,16,20,R,retired,Accident,0,9,0
2010,16,21,R,retired,Accident,0,12,0
2010,16,22,R,retired,Accident,0,13,0
2010,16,23,R,retired,Accident,0,17,0
2010,16,24,R,retired,Suspension,0,21,0
2010,17,1,1,classified,Finished,25,3,55
2010,17,2,2,classified,Finished,18,4,55
2010,17,3,3,classified,Finished,15,6,55
2010,17,4,4,classified,Finished,12,9,55
2010,17,5,5,classified,Finished,10,8,55
2010,17,6,6,classified,Finished,8,17,55
2010,17,7,7,classified,Finished,6,10,55
2010,17,8,8,classified,Finished,4,12,55
2010,17,9,9,classified,Finished,2,13,55
2010,17,10,10,classified,Finished,1,11,55
2010,17,11,11,classified,Finished,0,15,55
2010,17,12,12,classified,Finished,0,7,55
2010,17,13,13,classified,+1 Lap,0,21,54
2010,17,14,14,classified,+2 Laps,0,24,53
2010,17,15,15,classified,+2 Laps,0,23,53
2010,17,16,R,retired,Collision,0,14,46
2010,17,17,R,retired,Engine,0,1,45
2010,17,18,R,retired,Accident,0,20,39
2010,17,19,R,retired,Collision,0,19,31
2010,17,20,R,retired,Collision,0,16,30
2010,17,21,R,retired,Accident,0,22,25
2010,17,22,R,retired,Hydraulics,0,18,25
2010,17,23,R,retired,Accident,0,2,18
2010,17,24,R,retired,Collision,0,5,18
2010,18,1,1,classified,Finished,25,2,71
2010,18,2,2,classified,Finished,18,3,71
2010,18,3,3,classified,Finished,15,5,71
2010,18,4,4,classified,Finished,12,4,71
2010,18,5,5,classified,Finished,10,11,71
2010,18,6,6,classified,Finished,8,13,71
2010,18,7,7,classified,Finished,6,8,71
2010,18,8,8,classified,+1 Lap,4,1,70
2010,18,9,9,classified,+1 Lap,2,7,70
2010,18,10,10,classified,+1 Lap,1,12,70
2010,18,11,11,classified,+1 Lap,0,14,70
2010,18,12,12,classified,+1 Lap,0,22,70
2010,18,13,13,classified,+1 Lap,0,19,70
2010,18,14,14,classified,+1 Lap,0,6,70
2010,18,15,15,classified,+1 Lap,0,9,70
2010,18,16,16,classified,+1 Lap,0,10,70
2010,18,17,17,classified,+1 Lap,0,15,70
2010,18,18,18,classified,+2 Laps,0,20,69
2010,18,19,19,classified,+2 Laps,0,18,69
2010,18,20,20,classified,+2 Laps,0,17,69
2010,18,21,21,classified,+2 Laps,0,24,69
2010,18,22,22,classified,+6 Laps,0,23,65
2010,18,23,R,retired,+9 Laps,0,21,62
2010,18,24,R,retired,Accident,0,16,49
2010,19,1,1,classified,Finished,25,1,55
2010,19,2,2,classified,Finished,18,2,55
2010,19,3,3,classified,Finished,15,4,55
2010,19,4,4,classified,Finished,12,9,55
2010,19,5,5,classified,Finished,10,11,55
2010,19,6,6,classified,Finished,8,10,55
2010,19,7,7,classified,Finished,6,3,55
2010,19,8,8,classified,Finished,4,5,55
2010,19,9,9,classified,Finished,2,17,55
2010,19,10,10,classified,Finished,1,6,55
2010,19,11,11,classified,Finished,0,14,55
2010,19,12,12,classified,Finished,0,7,55
2010,19,13,13,classified,Finished,0,13,55
2010,19,14,14,classified,Finished,0,12,55
2010,19,15,15,classified,Finished,0,18,55
2010,19,16,16,classified,Finished,0,15,55
2010,19,17,17,classified,+1 Lap,0,20,54
2010,19,18,18,classified,+2 Laps,0,22,53
2010,19,19,19,classified,+2 Laps,0,23,53
2010,19,20,20,classified,+2 Laps,0,24,53
2010,19,21,21,classified,Rear wing,0,19,51
2010,19,22,R,retired,Gearbox,0,21,43
2010,19,23,R,retired,Collision,0,8,0
2010,19,24,R,retired,Collision,0,16,0
2011,1,1,1,classified,Finished,25,1,58
2011,1,2,2,classified,Finished,18,2,58
2011,1,3,3,classified,Finished,15,6,58
2011,1,4,4,classified,Finished,12,5,58
2011,1,5,5,classified,Finished,10,3,58
2011,1,6,6,classified,Finished,8,4,58
2011,1,7,7,classified,Finished,6,8,58
2011,1,8,8,classified,+1 Lap,4,10,57
2011,1,9,9,classified,+1 Lap,2,16,57
2011,1,10,10,classified,+1 Lap,1,14,57
2011,1,11,11,classified,+1 Lap,0,12,57
2011,1,12,12,classified,+1 Lap,0,18,57
2011,1,13,13,classified,+2 Laps,0,20,56
2011,1,14,14,classified,+4 Laps,0,22,54
2011,1,15,R,retired,+9 Laps,0,21,49
2011,1,16,R,retired,Transmission,0,17,48
2011,1,17,R,retired,Collision,0,7,22
2011,1,18,R,retired,Water leak,0,19,19
2011,1,19,R,retired,Collision,0,11,19
2011,1,20,R,retired,Transmission,0,15,9
2011,1,21,D,disqualified,Disqualified,0,9,58
2011,1,22,D,disqualified,Disqualified,0,13,58
2011,2,1,1,classified,Finished,25,1,56
2011,2,2,2,classified,Finished,18,4,56
2011,2,3,3,classified,Finished,15,6,56
2011,2,4,4,classified,Finished,12,3,56
2011,2,5,5,classified,Finished,10,7,56
2011,2,6,6,classified,Finished,8,5,56
2011,2,7,7,classified,Finished,6,10,56
2011,2,8,8,classified,Finished,4,2,56
2011,2,9,9,classified,Finished,2,11,56
2011,2,10,10,classified,Finished,1,14,56
2011,2,11,11,classified,+1 Lap,0,17,55
2011,2,12,12,classified,+1 Lap,0,9,55
2011,2,13,13,classified,+1 Lap,0,12,55
2011,2,14,14,classified,+1 Lap,0,13,55
2011,2,15,15,classified,+1 Lap,0,19,55
2011,2,16,16,classified,+2 Laps,0,21,54
2011,2,17,17,classified,Accident,0,8,52
2011,2,18,R,retired,+10 Laps,0,23,46
2011,2,19,R,retired,Accident,0,22,42
2011,2,20,R,retired,Clutch,0,20,31
2011,2,21,R,retired,Accident,0,16,23
2011,2,22,R,retired,Gearbox,0,15,22
2011,2,23,R,retired,+42 Laps,0,24,14
2011,2,24,R,retired,Engine misfire,0,18,8
2011,3,1,1,classified,Finished,25,3,56
2011,3,2,2,classified,Finished,18,1,56
2011,3,3,3,classified,Finished,15,18,56
2011,3,4,4,classified,Finished,12,2,56
2011,3,5,5,classified,Finished,10,4,56
2011,3,6,6,classified,Finished,8,6,56
2011,3,7,7,classified,Finished,6,5,56
2011,3,8,8,classified,Finished,4,14,56
2011,3,9,9,classified,Finished,2,10,56
2011,3,10,10,classified,Finished,1,13,56
2011,3,11,11,classified,Finished,0,8,56
2011,3,12,12,classified,Finished,0,16,56
2011,3,13,13,classified,Finished,0,15,56
2011,3,14,14,classified,Finished,0,9,56
2011,3,15,15,classified,+1 Lap,0,11,55
2011,3,16,16,classified,+1 Lap,0,19,55
2011,3,17,17,classified,+1 Lap,0,12,55
2011,3,18,18,classified,+1 Lap,0,17,55
2011,3,19,19,classified,+1 Lap,0,20,55
2011,3,20,20,classified,+2 Laps,0,21,54
2011,3,21,21,classified,+2 Laps,0,22,54
2011,3,22,22,classified,+2 Laps,0,23,54
2011,3,23,23,classified,+2 Laps,0,24,54
2011,3,24,R,retired,Wheel,0,7,9
2011,4,1,1,classified,Finished,25,1,58
2011,4,2,2,classified,Finished,18,2,58
2011,4,3,3,classified,Finished,15,5,58
2011,4,4,4,classified,Finished,12,4,58
2011,4,5,5,classified,Finished,10,3,58
2011,4,6,6,classified,Finished,8,6,58
2011,4,7,7,classified,Finished,6,9,58
2011,4,8,8,classified,Finished,4,7,58
2011,4,9,9,classified,Finished,2,16,58
2011,4,10,10,classified,Finished,1,24,58
2011,4,11,11,classified,Finished,0,10,58
2011,4,12,12,classified,Finished,0,8,58
2011,4,13,13,classified,+1 Lap,0,12,57
2011,4,14,14,classified,+1 Lap,0,15,57
2011,4,15,15,classified,+1 Lap,0,11,57
2011,4,16,16,classified,+1 Lap,0,17,57
2011,4,17,17,classified,+1 Lap,0,14,57
2011,4,18,18,classified,+1 Lap,0,19,57
2011,4,19,19,classified,+2 Laps,0,18,56
2011,4,20,20,classified,+2 Laps,0,23,56
2011,4,21,21,classified,+3 Laps,0,22,55
2011,4,22,22,classified,+5 Laps,0,20,53
2011,4,23,R,retired,Retired,0,13,44
2011,4,24,W,withdrawn,Gearbox,0,21,0
2011,5,1,1,classified,Finished,25,2,66
2011,5,2,2,classified,Finished,18,3,66
2011,5,3,3,classified,Finished,15,5,66
2011,5,4,4,classified,Finished,12,1,66
2011,5,5,5,classified,+1 Lap,10,4,65
2011,5,6,6,classified,+1 Lap,8,10,65
2011,5,7,7,classified,+1 Lap,6,7,65
2011,5,8,8,classified,+1 Lap,4,24,65
2011,5,9,9,classified,+1 Lap,2,12,65
2011,5,10,10,classified,+1 Lap,1,14,65
2011,5,11,11,classified,+1 Lap,0,6,65
2011,5,12,12,classified,+1 Lap,0,16,65
2011,5,13,13,classified,+1 Lap,0,17,65
2011,5,14,14,classified,+1 Lap,0,11,65
2011,5,15,15,classified,+1 Lap,0,9,65
2011,5,16,16,classified,+2 Laps,0,13,64
2011,5,17,17,classified,+2 Laps,0,19,64
2011,5,18,18,classified,+2 Laps,0,18,64
2011,5,19,19,classified,+3 Laps,0,20,63
2011,5,20,20,classified,+4 Laps,0,23,62
2011,5,21,21,classified,+5 Laps,0,22,61
2011,5,22,R,retired,Gearbox,0,8,58
2011,5,23,R,retired,Accident,0,15,48
2011,5,24,R,retired,Gearbox,0,21,28
2011,6,1,1,classified,Finished,25,1,78
2011,6,2,2,classified,Finished,18,4,78
2011,6,3,3,classified,Finished,15,2,78
2011,6,4,4,classified,Finished,12,3,78
2011,6,5,5,classified,Finished,10,12,78
2011,6,6,6,classified,Finished,8,9,78
2011,6,7,7,classified,+1 Lap,6,14,77
2011,6,8,8,classified,+1 Lap,4,15,77
2011,6,9,9,classified,+1 Lap,2,11,77
2011,6,10,10,classified,+1 Lap,1,16,77
2011,6,11,11,classified,+2 Laps,0,7,76
2011,6,12,12,classified,+2 Laps,0,13,76
2011,6,13,13,classified,+2 Laps,0,18,76
2011,6,14,14,classified,+2 Laps,0,17,76
2011,6,15,15,classified,+3 Laps,0,21,75
2011,6,16,16,classified,+3 Laps,0,23,75
2011,6,17,17,classified,+4 Laps,0,22,74
2011,6,18,18,classified,Accident,0,8,73
2011,6,19,R,retired,Collision,0,10,67
2011,6,20,R,retired,Collision,0,19,66
2011,6,21,R,retired,Accident,0,6,32
2011,6,22,R,retired,Engine,0,5,32
2011,6,23,R,retired,Suspension,0,20,30
2011,6,24,W,withdrawn,Injury,0,0,0
2011,7,1,1,classified,Finished,25,7,70
2011,7,2,2,classified,Finished,18,1,70
2011,7,3,3,classified,Finished,15,4,70
2011,7,4,4,classified,Finished,12,8,70
2011,7,5,5,classified,Finished,10,10,70
2011,7,6,6,classified,Finished,8,3,70
2011,7,7,7,classified,Finished,6,13,70
2011,7,8,8,classified,Finished,4,24,70
2011,7,9,9,classified,Finished,2,16,70
2011,7,10,10,classified,Finished,1,15,70
2011,7,11,11,classified,Finished,0,6,70
2011,7,12,12,classified,Finished,0,17,70
2011,7,13,13,classified,+1 Lap,0,20,69
2011,7,14,14,classified,+1 Lap,0,23,69
2011,7,15,15,classified,+1 Lap,0,21,69
2011,7,16,16,classified,+1 Lap,0,18,69
2011,7,17,17,classified,+1 Lap,0,22,69
2011,7,18,18,classified,Accident,0,11,67
2011,7,19,R,retired,Retired,0,12,61
2011,7,20,R,retired,Accident,0,9,55
2011,7,21,R,retired,Accident,0,14,49
2011,7,22,R,retired,Collision,0,2,36
2011,7,23,R,retired,Transmission,0,19,28
2011,7,24,R,retired,Collision,0,5,7
2011,8,1,1,classified,Finished,25,1,57
2011,8,2,2,classified,Finished,18,4,57
2011,8,3,3,classified,Finished,15,2,57
2011,8,4,4,classified,Finished,12,3,57
2011,8,5,5,classified,Finished,10,5,57
2011,8,6,6,classified,Finished,8,6,57
2011,8,7,7,classified,Finished,6,7,57
2011,8,8,8,classified,+1 Lap,4,18,56
2011,8,9,9,classified,+1 Lap,2,10,56
2011,8,10,10,classified,+1 Lap,1,9,56
2011,8,11,11,classified,+1 Lap,0,16,56
2011,8,12,12,classified,+1 Lap,0,13,56
2011,8,13,13,classified,+1 Lap,0,17,56
2011,8,14,14,classified,+1 Lap,0,12,56
2011,8,15,15,classified,+1 Lap,0,11,56
2011,8,16,16,classified,+1 Lap,0,14,56
2011,8,17,17,classified,+1 Lap,0,8,56
2011,8,18,18,classified,+1 Lap,0,15,56
2011,8,19,19,classified,+2 Laps,0,19,55
2011,8,20,20,classified,+2 Laps,0,20,55
2011,8,21,21,classified,+2 Laps,0,21,55
2011,8,22,22,classified,+2 Laps,0,23,55
2011,8,23,23,classified,+3 Laps,0,22,54
2011,8,24,24,classified,+3 Laps,0,24,54
2011,9,1,1,classified,Finished,25,3,52
2011,9,2,2,classified,Finished,18,2,52
2011,9,3,3,classified,Finished,15,1,52
2011,9,4,4,classified,Finished,12,10,52
2011,9,5,5,classified,Finished,10,4,52
2011,9,6,6,classified,Finished,8,9,52
2011,9,7,7,classified,Finished,6,12,52
2011,9,8,8,classified,Finished,4,16,52
2011,9,9,9,classified,Finished,2,13,52
2011,9,10,10,classified,Finished,1,18,52
2011,9,11,11,classified,Finished,0,11,52
2011,9,12,12,classified,Finished,0,14,52
2011,9,13,13,classified,+1 Lap,0,15,51
2011,9,14,14,classified,+1 Lap,0,7,51
2011,9,15,15,classified,+1 Lap,0,6,51
2011,9,16,16,classified,+2 Laps,0,20,50
2011,9,17,17,classified,+2 Laps,0,22,50
2011,9,18,18,classified,+2 Laps,0,23,50
2011,9,19,19,classified,+3 Laps,0,24,49
2011,9,20,R,retired,Wheel nut,0,5,39
2011,9,21,R,retired,Accident,0,19,25
2011,9,22,R,retired,Engine,0,8,23
2011,9,23,R,retired,Oil leak,0,21,10
2011,9,24,R,retired,Gearbox,0,17,2
2011,10,1,1,classified,Finished,25,2,60
2011,10,2,2,classified,Finished,18,4,60
2011,10,3,3,classified,Finished,15,1,60
2011,10,4,4,classified,Finished,12,3,60
2011,10,5,5,classified,Finished,10,5,60
2011,10,6,6,classified,Finished,8,8,60
2011,10,7,7,classified,+1 Lap,6,6,59
2011,10,8,8,classified,+1 Lap,4,10,59
2011,10,9,9,classified,+1 Lap,2,17,59
2011,10,10,10,classified,+1 Lap,1,9,59
2011,10,11,11,classified,+1 Lap,0,15,59
2011,10,12,12,classified,+1 Lap,0,16,59
2011,10,13,13,classified,+1 Lap,0,12,59
2011,10,14,14,classified,+1 Lap,0,13,59
2011,10,15,15,classified,+1 Lap,0,24,59
2011,10,16,16,classified,+2 Laps,0,18,58
2011,10,17,17,classified,+3 Laps,0,19,57
2011,10,18,18,classified,+3 Laps,0,21,57
2011,10,19,19,classified,+3 Laps,0,22,57
2011,10,20,20,classified,+4 Laps,0,20,56
2011,10,21,R,retired,Electrical,0,23,37
2011,10,22,R,retired,Hydraulics,0,7,35
2011,10,23,R,retired,Oil leak,0,14,16
2011,10,24,R,retired,Collision,0,11,9
2011,11,1,1,classified,Finished,25,3,70
2011,11,2,2,classified,Finished,18,1,70
2011,11,3,3,classified,Finished,15,5,70
2011,11,4,4,classified,Finished,12,2,70
2011,11,5,5,classified,Finished,10,6,70
2011,11,6,6,classified,Finished,8,4,70
2011,11,7,7,classified,+1 Lap,6,11,69
2011,11,8,8,classified,+1 Lap,4,23,69
2011,11,9,9,classified,+1 Lap,2,7,69
2011,11,10,10,classified,+1 Lap,1,16,69
2011,11,11,11,classified,+1 Lap,0,13,69
2011,11,12,12,classified,+1 Lap,0,12,69
2011,11,13,13,classified,+2 Laps,0,15,68
2011,11,14,14,classified,+2 Laps,0,8,68
2011,11,15,15,classified,+2 Laps,0,10,68
2011,11,16,16,classified,+2 Laps,0,17,68
2011,11,17,17,classified,+4 Laps,0,20,66
2011,11,18,18,classified,+4 Laps,0,22,66
2011,11,19,19,classified,+5 Laps,0,24,65
2011,11,20,20,classified,+5 Laps,0,21,65
2011,11,21,R,retired,Water leak,0,18,55
2011,11,22,R,retired,Gearbox,0,9,26
2011,11,23,R,retired,Heat shield fire,0,14,23
2011,11,24,R,retired,Oil leak,0,19,17
2011,12,1,1,classified,Finished,25,1,44
2011,12,2,2,classified,Finished,18,3,44
2011,12,3,3,classified,Finished,15,13,44
2011,12,4,4,classified,Finished,12,8,44
2011,12,5,5,classified,Finished,10,24,44
2011,12,6,6,classified,Finished,8,5,44
2011,12,7,7,classified,Finished,6,15,44
2011,12,8,8,classified,Finished,4,4,44
2011,12,9,9,classified,Finished,2,10,44
2011,12,10,10,classified,Finished,1,21,44
2011,12,11,11,classified,Finished,0,17,44
2011,12,12,12,classified,Finished,0,12,44
2011,12,13,13,classified,Finished,0,7,44
2011,12,14,14,classified,+1 Lap,0,18,43
2011,12,15,15,classified,+1 Lap,0,16,43
2011,12,16,16,classified,+1 Lap,0,14,43
2011,12,17,17,classified,+1 Lap,0,20,43
2011,12,18,18,classified,+1 Lap,0,19,43
2011,12,19,19,classified,+1 Lap,0,22,43
2011,12,20,R,retired,Suspension,0,9,27
2011,12,21,R,retired,Engine,0,23,13
2011,12,22,R,retired,Collision,0,2,12
2011,12,23,R,retired,Rear wing,0,11,6
2011,12,24,R,retired,Collision,0,6,0
2011,13,1,1,classified,Finished,25,1,53
2011,13,2,2,classified,Finished,18,3,53
2011,13,3,3,classified,Finished,15,4,53
2011,13,4,4,classified,Finished,12,2,53
2011,13,5,5,classified,Finished,10,8,53
2011,13,6,6,classified,Finished,8,6,53
2011,13,7,7,classified,+1 Lap,6,18,52
2011,13,8,8,classified,+1 Lap,4,11,52
2011,13,9,9,classified,+1 Lap,2,10,52
2011,13,10,10,classified,+1 Lap,1,16,52
2011,13,11,11,classified,+1 Lap,0,14,52
2011,13,12,12,classified,+1 Lap,0,13,52
2011,13,13,13,classified,+2 Laps,0,20,51
2011,13,14,14,classified,+2 Laps,0,19,51
2011,13,15,15,classified,+2 Laps,0,21,51
2011,13,16,R,retired,+14 Laps,0,23,39
2011,13,17,R,retired,Gearbox,0,15,32
2011,13,18,R,retired,Gearbox,0,17,21
2011,13,19,R,retired,Hydraulics,0,12,9
2011,13,20,R,retired,Accident,0,5,4
2011,13,21,R,retired,Gearbox,0,22,1
2011,13,22,R,retired,Collision,0,7,0
2011,13,23,R,retired,Collision,0,9,0
2011,13,24,R,retired,Collision,0,24,0
2011,14,1,1,classified,Finished,25,1,61
2011,14,2,2,classified,Finished,18,3,61
2011,14,3,3,classified,Finished,15,2,61
2011,14,4,4,classified,Finished,12,5,61
2011,14,5,5,classified,Finished,10,4,61
2011,14,6,6,classified,Finished,8,10,61
2011,14,7,7,classified,+1 Lap,6,7,60
2011,14,8,8,classified,+1 Lap,4,9,60
2011,14,9,9,classified,+1 Lap,2,6,60
2011,14,10,10,classified,+1 Lap,1,11,60
2011,14,11,11,classified,+1 Lap,0,13,60
2011,14,12,12,classified,+1 Lap,0,14,60
2011,14,13,13,classified,+1 Lap,0,12,60
2011,14,14,14,classified,+2 Laps,0,17,59
2011,14,15,15,classified,+2 Laps,0,15,59
2011,14,16,16,classified,+2 Laps,0,19,59
2011,14,17,17,classified,+2 Laps,0,18,59
2011,14,18,18,classified,+2 Laps,0,22,59
2011,14,19,19,classified,+4 Laps,0,23,57
2011,14,20,20,classified,+4 Laps,0,24,57
2011,14,21,21,classified,Accident,0,16,56
2011,14,22,R,retired,Gearbox,0,20,47
2011,14,23,R,retired,Accident,0,8,28
2011,14,24,R,retired,Accident,0,21,9
2011,15,1,1,classified,Finished,25,2,53
2011,15,2,2,classified,Finished,18,5,53
2011,15,3,3,classified,Finished,15,1,53
2011,15,4,4,classified,Finished,12,6,53
2011,15,5,5,classified,Finished,10,3,53
2011,15,6,6,classified,Finished,8,8,53
2011,15,7,7,classified,Finished,6,4,53
2011,15,8,8,classified,Finished,4,17,53
2011,15,9,9,classified,Finished,2,10,53
2011,15,10,10,classified,Finished,1,23,53
2011,15,11,11,classified,Finished,0,11,53
2011,15,12,12,classified,Finished,0,12,53
2011,15,13,13,classified,Finished,0,7,53
2011,15,14,14,classified,Finished,0,14,53
2011,15,15,15,classified,Finished,0,16,53
2011,15,16,16,classified,Finished,0,9,53
2011,15,17,17,classified,Finished,0,13,53
2011,15,18,18,classified,Finished,0,18,53
2011,15,19,19,classified,Finished,0,19,53
2011,15,20,20,classified,+2 Laps,0,21,51
2011,15,21,21,classified,+2 Laps,0,20,51
2011,15,22,22,classified,+2 Laps,0,22,51
2011,15,23,23,classified,+3 Laps,0,24,50
2011,15,24,R,retired,Wheel,0,15,11
2011,16,1,1,classified,Finished,25,2,55
2011,16,2,2,classified,Finished,18,1,55
2011,16,3,3,classified,Finished,15,4,55
2011,16,4,4,classified,Finished,12,3,55
2011,16,5,5,classified,Finished,10,6,55
2011,16,6,6,classified,Finished,8,5,55
2011,16,7,7,classified,Finished,6,11,55
2011,16,8,8,classified,Finished,4,7,55
2011,16,9,9,classified,Finished,2,13,55
2011,16,10,10,classified,Finished,1,9,55
2011,16,11,11,classified,Finished,0,10,55
2011,16,12,12,classified,Finished,0,18,55
2011,16,13,13,classified,+1 Lap,0,15,54
2011,16,14,14,classified,+1 Lap,0,19,54
2011,16,15,15,classified,+1 Lap,0,14,54
2011,16,16,16,classified,+1 Lap,0,17,54
2011,16,17,17,classified,+1 Lap,0,20,54
2011,16,18,18,classified,+1 Lap,0,21,54
2011,16,19,19,classified,+1 Lap,0,24,54
2011,16,20,20,classified,+1 Lap,0,22,54
2011,16,21,21,classified,+3 Laps,0,23,52
2011,16,22,R,retired,Clutch,0,16,30
2011,16,23,R,retired,Collision,0,8,16
2011,16,24,R,retired,Collision,0,12,15
2011,17,1,1,classified,Finished,25,1,60
2011,17,2,2,classified,Finished,18,4,60
2011,17,3,3,classified,Finished,15,3,60
2011,17,4,4,classified,Finished,12,2,60
2011,17,5,5,classified,Finished,10,11,60
2011,17,6,6,classified,Finished,8,7,60
2011,17,7,7,classified,Finished,6,5,60
2011,17,8,8,classified,+1 Lap,4,10,59
2011,17,9,9,classified,+1 Lap,2,8,59
2011,17,10,10,classified,+1 Lap,1,20,59
2011,17,11,11,classified,+1 Lap,0,16,59
2011,17,12,12,classified,+1 Lap,0,14,59
2011,17,13,13,classified,+1 Lap,0,12,59
2011,17,14,14,classified,+2 Laps,0,18,58
2011,17,15,15,classified,+2 Laps,0,15,58
2011,17,16,16,classified,+3 Laps,0,21,57
2011,17,17,17,classified,+3 Laps,0,24,57
2011,17,18,18,classified,+3 Laps,0,23,57
2011,17,19,19,classified,+5 Laps,0,19,55
2011,17,20,R,retired,Suspension,0,6,32
2011,17,21,R,retired,Engine,0,9,24
2011,17,22,R,retired,Gearbox,0,13,12
2011,17,23,R,retired,Collision,0,22,2
2011,17,24,R,retired,Collision,0,17,0
2011,18,1,1,classified,Finished,25,2,55
2011,18,2,2,classified,Finished,18,5,55
2011,18,3,3,classified,Finished,15,3,55
2011,18,4,4,classified,Finished,12,4,55
2011,18,5,5,classified,Finished,10,6,55
2011,18,6,6,classified,Finished,8,7,55
2011,18,7,7,classified,Finished,6,8,55
2011,18,8,8,classified,Finished,4,9,55
2011,18,9,9,classified,Finished,2,10,55
2011,18,10,10,classified,+1 Lap,1,16,54
2011,18,11,11,classified,+1 Lap,0,11,54
2011,18,12,12,classified,+1 Lap,0,24,54
2011,18,13,13,classified,+1 Lap,0,12,54
2011,18,14,14,classified,+1 Lap,0,23,54
2011,18,15,15,classified,+1 Lap,0,15,54
2011,18,16,16,classified,+1 Lap,0,14,54
2011,18,17,17,classified,+1 Lap,0,17,54
2011,18,18,18,classified,+2 Laps,0,18,53
2011,18,19,19,classified,+2 Laps,0,19,53
2011,18,20,20,classified,+2 Laps,0,22,53
2011,18,21,R,retired,Mechanical,0,20,48
2011,18,22,R,retired,Hydraulics,0,13,19
2011,18,23,R,retired,Brakes,0,21,18
2011,18,24,R,retired,Puncture,0,1,1
2011,19,1,1,classified,Finished,25,2,71
2011,19,2,2,classified,Finished,18,1,71
2011,19,3,3,classified,Finished,15,3,71
2011,19,4,4,classified,Finished,12,5,71
2011,19,5,5,classified,Finished,10,7,71
2011,19,6,6,classified,+1 Lap,8,8,70
2011,19,7,7,classified,+1 Lap,6,6,70
2011,19,8,8,classified,+1 Lap,4,11,70
2011,19,9,9,classified,+1 Lap,2,16,70
2011,19,10,10,classified,+1 Lap,1,15,70
2011,19,11,11,classified,+1 Lap,0,13,70
2011,19,12,12,classified,+1 Lap,0,14,70
2011,19,13,13,classified,+1 Lap,0,17,70
2011,19,14,14,classified,+1 Lap,0,12,70
2011,19,15,15,classified,+1 Lap,0,10,70
2011,19,16,16,classified,+2 Laps,0,19,69
2011,19,17,17,classified,+2 Laps,0,9,69
2011,19,18,18,classified,+2 Laps,0,20,69
2011,19,19,19,classified,+3 Laps,0,23,68
2011,19,20,20,classified,+3 Laps,0,22,68
2011,19,21,R,retired,Retired,0,21,61
2011,19,22,R,retired,Gearbox,0,4,46
2011,19,23,R,retired,Retired,0,18,26
2011,19,24,R,retired,Retired,0,24,21
2012,1,1,1,classified,Finished,25,2,58
2012,1,2,2,classified,Finished,18,6,58
2012,1,3,3,classified,Finished,15,1,58
2012,1,4,4,classified,Finished,12,5,58
2012,1,5,5,classified,Finished,10,12,58
2012,1,6,6,classified,Finished,8,13,58
2012,1,7,7,classified,Finished,6,17,58
2012,1,8,8,classified,Finished,4,22,58
2012,1,9,9,classified,Finished,2,10,58
2012,1,10,10,classified,Finished,1,15,58
2012,1,11,11,classified,Finished,0,11,58
2012,1,12,12,classified,Finished,0,7,58
2012,1,13,13,classified,Accident,0,8,57
2012,1,14,14,classified,+1 Lap,0,20,57
2012,1,15,15,classified,+5 Laps,0,21,53
2012,1,16,16,classified,Collision,0,14,52
2012,1,17,R,retired,Collision,0,16,46
2012,1,18,R,retired,Suspension,0,18,38
2012,1,19,R,retired,Steering,0,19,34
2012,1,20,R,retired,Gearbox,0,4,10
2012,1,21,R,retired,Collision,0,3,1
2012,1,22,R,retired,Collision,0,9,0
2012,2,1,1,classified,Finished,25,8,56
2012,2,2,2,classified,Finished,18,9,56
2012,2,3,3,classified,Finished,15,1,56
2012,2,4,4,classified,Finished,12,4,56
2012,2,5,5,classified,Finished,10,10,56
2012,2,6,6,classified,Finished,8,13,56
2012,2,7,7,classified,Finished,6,14,56
2012,2,8,8,classified,Finished,4,18,56
2012,2,9,9,classified,Finished,2,16,56
2012,2,10,10,classified,Finished,1,3,56
2012,2,11,11,classified,Finished,0,5,56
2012,2,12,12,classified,Finished,0,15,56
2012,2,13,13,classified,Finished,0,7,56
2012,2,14,14,classified,Finished,0,2,56
2012,2,15,15,classified,Finished,0,12,56
2012,2,16,16,classified,+1 Lap,0,19,55
2012,2,17,17,classified,+1 Lap,0,20,55
2012,2,18,18,classified,+1 Lap,0,24,55
2012,2,19,19,classified,Engine,0,11,54
2012,2,20,20,classified,+2 Laps,0,21,54
2012,2,21,21,classified,+2 Laps,0,23,54
2012,2,22,22,classified,+2 Laps,0,22,54
2012,2,23,R,retired,Retired,0,17,46
2012,2,24,R,retired,Collision,0,6,3
2012,3,1,1,classified,Finished,25,1,56
2012,3,2,2,classified,Finished,18,5,56
2012,3,3,3,classified,Finished,15,7,56
2012,3,4,4,classified,Finished,12,6,56
2012,3,5,5,classified,Finished,10,11,56
2012,3,6,6,classified,Finished,8,10,56
2012,3,7,7,classified,Finished,6,14,56
2012,3,8,8,classified,Finished,4,13,56
2012,3,9,9,classified,Finished,2,9,56
2012,3,10,10,classified,Finished,1,3,56
2012,3,11,11,classified,Finished,0,8,56
2012,3,12,12,classified,Finished,0,15,56
2012,3,13,13,classified,Finished,0,12,56
2012,3,14,14,classified,Finished,0,4,56
2012,3,15,15,classified,Finished,0,16,56
2012,3,16,16,classified,Finished,0,24,56
2012,3,17,17,classified,Finished,0,17,56
2012,3,18,18,classified,+1 Lap,0,19,55
2012,3,19,19,classified,+1 Lap,0,20,55
2012,3,20,20,classified,+1 Lap,0,21,55
2012,3,21,21,classified,+1 Lap,0,22,55
2012,3,22,22,classified,+2 Laps,0,23,54
2012,3,23,23,classified,+3 Laps,0,18,53
2012,3,24,R,retired,Wheel nut,0,2,12
2012,4,1,1,classified,Finished,25,1,57
2012,4,2,2,classified,Finished,18,11,57
2012,4,3,3,classified,Finished,15,7,57
2012,4,4,4,classified,Finished,12,3,57
2012,4,5,5,classified,Finished,10,5,57
2012,4,6,6,classified,Finished,8,10,57
2012,4,7,7,classified,Finished,6,9,57
2012,4,8,8,classified,Finished,4,2,57
2012,4,9,9,classified,Finished,2,14,57
2012,4,10,10,classified,Finished,1,22,57
2012,4,11,11,classified,Finished,0,8,57
2012,4,12,12,classified,Finished,0,13,57
2012,4,13,13,classified,Finished,0,12,57
2012,4,14,14,classified,Finished,0,17,57
2012,4,15,15,classified,+1 Lap,0,6,56
2012,4,16,16,classified,+1 Lap,0,18,56
2012,4,17,17,classified,+1 Lap,0,16,56
2012,4,18,18,classified,Exhaust,0,4,55
2012,4,19,19,classified,+2 Laps,0,23,55
2012,4,20,20,classified,+2 Laps,0,20,55
2012,4,21,21,classified,+2 Laps,0,24,55
2012,4,22,22,classified,Vibrations,0,15,54
2012,4,23,R,retired,Puncture,0,21,25
2012,4,24,R,retired,Engine,0,19,24
2012,5,1,1,classified,Finished,25,1,66
2012,5,2,2,classified,Finished,18,2,66
2012,5,3,3,classified,Finished,15,4,66
2012,5,4,4,classified,Finished,12,3,66
2012,5,5,5,classified,Finished,10,9,66
2012,5,6,6,classified,Finished,8,7,66
2012,5,7,7,classified,Finished,6,6,66
2012,5,8,8,classified,Finished,4,24,66
2012,5,9,9,classified,Finished,2,10,66
2012,5,10,10,classified,+1 Lap,1,13,65
2012,5,11,11,classified,+1 Lap,0,11,65
2012,5,12,12,classified,+1 Lap,0,14,65
2012,5,13,13,classified,+1 Lap,0,15,65
2012,5,14,14,classified,+1 Lap,0,12,65
2012,5,15,15,classified,+1 Lap,0,16,65
2012,5,16,16,classified,+1 Lap,0,19,65
2012,5,17,17,classified,+1 Lap,0,18,65
2012,5,18,18,classified,+2 Laps,0,21,64
2012,5,19,19,classified,+3 Laps,0,22,63
2012,5,20,R,retired,Wheel nut,0,5,37
2012,5,21,R,retired,Mechanical,0,20,35
2012,5,22,R,retired,Mechanical,0,23,22
2012,5,23,R,retired,Collision,0,17,12
2012,5,24,R,retired,Collision,0,8,12
2012,6,1,1,classified,Finished,25,1,78
2012,6,2,2,classified,Finished,18,2,78
2012,6,3,3,classified,Finished,15,5,78
2012,6,4,4,classified,Finished,12,9,78
2012,6,5,5,classified,Finished,10,3,78
2012,6,6,6,classified,Finished,8,7,78
2012,6,7,7,classified,Finished,6,14,78
2012,6,8,8,classified,Finished,4,10,78
2012,6,9,9,classified,Finished,2,8,78
2012,6,10,10,classified,Finished,1,13,78
2012,6,11,11,classified,+1 Lap,0,23,77
2012,6,12,12,classified,+1 Lap,0,16,77
2012,6,13,13,classified,+1 Lap,0,17,77
2012,6,14,14,classified,+1 Lap,0,19,77
2012,6,15,15,classified,+2 Laps,0,22,76
2012,6,16,16,classified,Collision,0,12,70
2012,6,17,R,retired,Retired,0,15,65
2012,6,18,R,retired,Retired,0,21,64
2012,6,19,R,retired,Fuel pressure,0,6,63
2012,6,20,R,retired,Electrical,0,18,15
2012,6,21,R,retired,Accident,0,11,5
2012,6,22,R,retired,Accident,0,20,0
2012,6,23,R,retired,Accident,0,24,0
2012,6,24,R,retired,Accident,0,4,0
2012,7,1,1,classified,Finished,25,2,70
2012,7,2,2,classified,Finished,18,7,70
2012,7,3,3,classified,Finished,15,15,70
2012,7,4,4,classified,Finished,12,1,70
2012,7,5,5,classified,Finished,10,3,70
2012,7,6,6,classified,Finished,8,5,70
2012,7,7,7,classified,Finished,6,4,70
2012,7,8,8,classified,Finished,4,12,70
2012,7,9,9,classified,Finished,2,11,70
2012,7,10,10,classified,Finished,1,6,70
2012,7,11,11,classified,Finished,0,8,70
2012,7,12,12,classified,Finished,0,13,70
2012,7,13,13,classified,Finished,0,22,70
2012,7,14,14,classified,Finished,0,14,70
2012,7,15,15,classified,+1 Lap,0,19,69
2012,7,16,16,classified,+1 Lap,0,10,69
2012,7,17,17,classified,+1 Lap,0,16,69
2012,7,18,18,classified,+1 Lap,0,17,69
2012,7,19,19,classified,+1 Lap,0,18,69
2012,7,20,20,classified,+3 Laps,0,23,69
2012,7,21,21,classified,Suspension,0,21,56
2012,7,22,R,retired,Rear wing,0,9,43
2012,7,23,R,retired,Brakes,0,20,24
2012,7,24,R,retired,Suspension,0,24,22
2012,8,1,1,classified,Finished,25,11,57
2012,8,2,2,classified,Finished,18,5,57
2012,8,3,3,classified,Finished,15,12,57
2012,8,4,4,classified,Finished,12,19,57
2012,8,5,5,classified,Finished,10,8,57
2012,8,6,6,classified,Finished,8,6,57
2012,8,7,7,classified,Finished,6,10,57
2012,8,8,8,classified,Finished,4,9,57
2012,8,9,9,classified,Finished,2,15,57
2012,8,10,10,classified,Finished,1,14,57
2012,8,11,11,classified,Finished,0,17,57
2012,8,12,12,classified,Finished,0,3,57
2012,8,13,13,classified,Finished,0,20,57
2012,8,14,14,classified,Finished,0,16,57
2012,8,15,15,classified,Finished,0,23,57
2012,8,16,16,classified,+1 Lap,0,13,56
2012,8,17,17,classified,+1 Lap,0,21,56
2012,8,18,18,classified,+1 Lap,0,22,56
2012,8,19,19,classified,Collision,0,2,55
2012,8,20,R,retired,Electronics,0,4,40
2012,8,21,R,retired,Gearbox,0,1,33
2012,8,22,R,retired,Collision,0,7,33
2012,8,23,R,retired,Collision,0,18,26
2012,8,24,W,withdrawn,Withdrew,0,0,0
2012,9,1,1,classified,Finished,25,2,52
2012,9,2,2,classified,Finished,18,1,52
2012,9,3,3,classified,Finished,15,4,52
2012,9,4,4,classified,Finished,12,5,52
2012,9,5,5,classified,Finished,10,6,52
2012,9,6,6,classified,Finished,8,9,52
2012,9,7,7,classified,Finished,6,3,52
2012,9,8,8,classified,Finished,4,8,52
2012,9,9,9,classified,Finished,2,13,52
2012,9,10,10,classified,Finished,1,16,52
2012,9,11,11,classified,Finished,0,17,52
2012,9,12,12,classified,Finished,0,14,52
2012,9,13,13,classified,Finished,0,12,52
2012,9,14,14,classified,Finished,0,23,52
2012,9,15,15,classified,Finished,0,11,52
2012,9,16,16,classified,+1 Lap,0,7,51
2012,9,17,17,classified,+1 Lap,0,19,51
2012,9,18,18,classified,+1 Lap,0,20,51
2012,9,19,19,classified,+1 Lap,0,24,51
2012,9,20,20,classified,+2 Laps,0,21,50
2012,9,21,21,classified,+2 Laps,0,22,50
2012,9,22,R,retired,Collision,0,15,11
2012,9,23,R,retired,Collision,0,10,2
2012,9,24,W,withdrawn,Engine,0,18,0
2012,10,1,1,classified,Finished,25,1,67
2012,10,2,2,classified,Finished,18,6,67
2012,10,3,3,classified,Finished,15,10,67
2012,10,4,4,classified,Finished,12,12,67
2012,10,5,5,classified,Finished,10,2,67
2012,10,6,6,classified,Finished,8,17,67
2012,10,7,7,classified,Finished,6,3,67
2012,10,8,8,classified,Finished,4,8,67
2012,10,9,9,classified,Finished,2,4,67
2012,10,10,10,classified,Finished,1,21,67
2012,10,11,11,classified,Finished,0,9,67
2012,10,12,12,classified,Finished,0,13,67
2012,10,13,13,classified,Finished,0,11,67
2012,10,14,14,classified,Finished,0,15,67
2012,10,15,15,classified,+1 Lap,0,5,66
2012,10,16,16,classified,+1 Lap,0,18,66
2012,10,17,17,classified,+1 Lap,0,14,66
2012,10,18,18,classified,+1 Lap,0,19,66
2012,10,19,19,classified,+2 Laps,0,16,65
2012,10,20,20,classified,+2 Laps,0,20,65
2012,10,21,21,classified,+3 Laps,0,23,64
2012,10,22,22,classified,+3 Laps,0,22,64
2012,10,23,23,classified,+3 Laps,0,24,64
2012,10,24,R,retired,Puncture,0,7,56
2012,11,1,1,classified,Finished,25,1,69
2012,11,2,2,classified,Finished,18,5,69
2012,11,3,3,classified,Finished,15,2,69
2012,11,4,4,classified,Finished,12,3,69
2012,11,5,5,classified,Finished,10,6,69
2012,11,6,6,classified,Finished,8,4,69
2012,11,7,7,classified,Finished,6,9,69
2012,11,8,8,classified,Finished,4,11,69
2012,11,9,9,classified,Finished,2,7,69
2012,11,10,10,classified,Finished,1,13,69
2012,11,11,11,classified,Finished,0,10,69
2012,11,12,12,classified,Finished,0,12,69
2012,11,13,13,classified,Finished,0,8,69
2012,11,14,14,classified,Finished,0,14,69
2012,11,15,15,classified,+1 Lap,0,18,68
2012,11,16,16,classified,+1 Lap,0,16,68
2012,11,17,17,classified,+1 Lap,0,19,68
2012,11,18,18,classified,+2 Laps,0,15,67
2012,11,19,19,classified,+2 Laps,0,20,67
2012,11,20,20,classified,+2 Laps,0,21,67
2012,11,21,21,classified,+3 Laps,0,22,66
2012,11,22,22,classified,+3 Laps,0,23,66
2012,11,23,R,retired,Suspension,0,24,60
2012,11,24,R,retired,+11 Laps,0,17,58
2012,12,1,1,classified,Finished,25,1,44
2012,12,2,2,classified,Finished,18,10,44
2012,12,3,3,classified,Finished,15,3,44
2012,12,4,4,classified,Finished,12,11,44
2012,12,5,5,classified,Finished,10,14,44
2012,12,6,6,classified,Finished,8,12,44
2012,12,7,7,classified,Finished,6,13,44
2012,12,8,8,classified,Finished,4,15,44
2012,12,9,9,classified,Finished,2,16,44
2012,12,10,10,classified,Finished,1,9,44
2012,12,11,11,classified,Finished,0,23,44
2012,12,12,12,classified,Finished,0,17,44
2012,12,13,13,classified,Finished,0,2,44
2012,12,14,14,classified,+1 Lap,0,19,43
2012,12,15,15,classified,+1 Lap,0,20,43
2012,12,16,16,classified,+1 Lap,0,22,43
2012,12,17,17,classified,+1 Lap,0,18,43
2012,12,18,18,classified,+1 Lap,0,21,43
2012,12,19,R,retired,Spun off,0,24,29
2012,12,20,R,retired,Collision,0,6,4
2012,12,21,R,retired,Collision,0,4,0
2012,12,22,R,retired,Collision,0,5,0
2012,12,23,R,retired,Collision,0,7,0
2012,12,24,R,retired,Collision,0,8,0
2012,13,1,1,classified,Finished,25,1,53
2012,13,2,2,classified,Finished,18,12,53
2012,13,3,3,classified,Finished,15,10,53
2012,13,4,4,classified,Finished,12,3,53
2012,13,5,5,classified,Finished,10,7,53
2012,13,6,6,classified,Finished,8,4,53
2012,13,7,7,classified,Finished,6,6,53
2012,13,8,8,classified,Finished,4,9,53
2012,13,9,9,classified,Finished,2,8,53
2012,13,10,10,classified,Finished,1,13,53
2012,13,11,11,classified,Finished,0,22,53
2012,13,12,12,classified,Finished,0,14,53
2012,13,13,13,classified,Finished,0,15,53
2012,13,14,14,classified,+1 Lap,0,17,52
2012,13,15,15,classified,+1 Lap,0,18,52
2012,13,16,16,classified,+1 Lap,0,20,52
2012,13,17,17,classified,+1 Lap,0,19,52
2012,13,18,18,classified,+1 Lap,0,23,52
2012,13,19,19,classified,+1 Lap,0,21,52
2012,13,20,20,classified,Vibrations,0,11,51
2012,13,21,21,classified,Brakes,0,24,50
2012,13,22,22,classified,Alternator,0,5,47
2012,13,23,R,retired,Fuel pressure,0,2,32
2012,13,24,R,retired,Suspension,0,16,8
2012,14,1,1,classified,Finished,25,3,59
2012,14,2,2,classified,Finished,18,4,59
2012,14,3,3,classified,Finished,15,5,59
2012,14,4,4,classified,Finished,12,6,59
2012,14,5,5,classified,Finished,10,10,59
2012,14,6,6,classified,Finished,8,12,59
2012,14,7,7,classified,Finished,6,8,59
2012,14,8,8,classified,Finished,4,13,59
2012,14,9,9,classified,Finished,2,15,59
2012,14,10,10,classified,Finished,1,14,59
2012,14,11,11,classified,Finished,0,7,59
2012,14,12,12,classified,Finished,0,20,59
2012,14,13,13,classified,Finished,0,17,59
2012,14,14,14,classified,Finished,0,11,59
2012,14,15,15,classified,Finished,0,19,59
2012,14,16,16,classified,Finished,0,21,59
2012,14,17,17,classified,+1 Lap,0,24,58
2012,14,18,18,classified,Retired,0,22,57
2012,14,19,19,classified,+2 Laps,0,18,57
2012,14,20,R,retired,Collision,0,16,38
2012,14,21,R,retired,Collision,0,9,38
2012,14,22,R,retired,Hydraulics,0,2,36
2012,14,23,R,retired,Accident,0,23,30
2012,14,24,R,retired,Gearbox,0,1,22
2012,15,1,1,classified,Finished,25,1,53
2012,15,2,2,classified,Finished,18,10,53
2012,15,3,3,classified,Finished,15,3,53
2012,15,4,4,classified,Finished,12,8,53
2012,15,5,5,classified,Finished,10,9,53
2012,15,6,6,classified,Finished,8,7,53
2012,15,7,7,classified,Finished,6,15,53
2012,15,8,8,classified,Finished,4,12,53
2012,15,9,9,classified,Finished,2,2,53
2012,15,10,10,classified,Finished,1,14,53
2012,15,11,11,classified,Finished,0,23,53
2012,15,12,12,classified,Finished,0,11,53
2012,15,13,13,classified,Finished,0,19,53
2012,15,14,14,classified,Finished,0,16,53
2012,15,15,15,classified,+1 Lap,0,17,52
2012,15,16,16,classified,+1 Lap,0,18,52
2012,15,17,17,classified,+1 Lap,0,22,52
2012,15,18,18,classified,+1 Lap,0,20,52
2012,15,19,19,classified,+2 Laps,0,4,51
2012,15,20,R,retired,Engine,0,21,37
2012,15,21,R,retired,Vibrations,0,24,32
2012,15,22,R,retired,Spun off,0,5,18
2012,15,23,R,retired,Collision,0,6,0
2012,15,24,R,retired,Collision,0,13,0
2012,16,1,1,classified,Finished,25,2,55
2012,16,2,2,classified,Finished,18,1,55
2012,16,3,3,classified,Finished,15,4,55
2012,16,4,4,classified,Finished,12,6,55
2012,16,5,5,classified,Finished,10,5,55
2012,16,6,6,classified,Finished,8,8,55
2012,16,7,7,classified,Finished,6,7,55
2012,16,8,8,classified,Finished,4,16,55
2012,16,9,9,classified,Finished,2,21,55
2012,16,10,10,classified,Finished,1,3,55
2012,16,11,11,classified,Finished,0,12,55
2012,16,12,12,classified,Finished,0,14,55
2012,16,13,13,classified,Finished,0,10,55
2012,16,14,14,classified,Finished,0,15,55
2012,16,15,15,classified,Finished,0,17,55
2012,16,16,16,classified,+1 Lap,0,18,54
2012,16,17,17,classified,+1 Lap,0,19,54
2012,16,18,18,classified,+1 Lap,0,20,54
2012,16,19,19,classified,+2 Laps,0,24,53
2012,16,20,20,classified,+2 Laps,0,23,53
2012,16,21,R,retired,Throttle,0,22,16
2012,16,22,R,retired,Collision damage,0,13,16
2012,16,23,R,retired,Collision,0,9,1
2012,16,24,R,retired,Collision,0,11,0
2012,17,1,1,classified,Finished,25,1,60
2012,17,2,2,classified,Finished,18,5,60
2012,17,3,3,classified,Finished,15,2,60
2012,17,4,4,classified,Finished,12,3,60
2012,17,5,5,classified,Finished,10,4,60
2012,17,6,6,classified,Finished,8,6,60
2012,17,7,7,classified,Finished,6,7,60
2012,17,8,8,classified,Finished,4,12,60
2012,17,9,9,classified,Finished,2,11,60
2012,17,10,10,classified,Finished,1,13,60
2012,17,11,11,classified,Finished,0,10,60
2012,17,12,12,classified,Finished,0,16,60
2012,17,13,13,classified,Finished,0,15,60
2012,17,14,14,classified,Finished,0,17,60
2012,17,15,15,classified,+1 Lap,0,18,59
2012,17,16,16,classified,+1 Lap,0,9,59
2012,17,17,17,classified,+1 Lap,0,19,59
2012,17,18,18,classified,+1 Lap,0,20,59
2012,17,19,19,classified,+1 Lap,0,24,59
2012,17,20,20,classified,+2 Laps,0,21,58
2012,17,21,21,classified,+2 Laps,0,23,58
2012,17,22,22,classified,Retired,0,14,55
2012,17,23,R,retired,Accident,0,22,43
2012,17,24,R,retired,Accident,0,8,21
2012,18,1,1,classified,Finished,25,4,55
2012,18,2,2,classified,Finished,18,6,55
2012,18,3,3,classified,Finished,15,24,55
2012,18,4,4,classified,Finished,12,5,55
2012,18,5,5,classified,Finished,10,3,55
2012,18,6,6,classified,Finished,8,15,55
2012,18,7,7,classified,Finished,6,8,55
2012,18,8,8,classified,Finished,4,14,55
2012,18,9,9,classified,Finished,2,12,55
2012,18,10,10,classified,Finished,1,16,55
2012,18,11,11,classified,Finished,0,13,55
2012,18,12,12,classified,Finished,0,17,55
2012,18,13,13,classified,Finished,0,18,55
2012,18,14,14,classified,Finished,0,21,55
2012,18,15,15,classified,Finished,0,11,55
2012,18,16,16,classified,Finished,0,20,55
2012,18,17,17,classified,Finished,0,22,55
2012,18,18,R,retired,Retired,0,19,41
2012,18,19,R,retired,Collision,0,9,37
2012,18,20,R,retired,Collision,0,2,37
2012,18,21,R,retired,Electrical,0,1,19
2012,18,22,R,retired,Collision,0,23,7
2012,18,23,R,retired,Collision,0,7,7
2012,18,24,R,retired,Collision,0,10,0
2012,19,1,1,classified,Finished,25,2,56
2012,19,2,2,classified,Finished,18,1,56
2012,19,3,3,classified,Finished,15,7,56
2012,19,4,4,classified,Finished,12,11,56
2012,19,5,5,classified,Finished,10,12,56
2012,19,6,6,classified,Finished,8,4,56
2012,19,7,7,classified,Finished,6,8,56
2012,19,8,8,classified,Finished,4,6,56
2012,19,9,9,classified,Finished,2,9,56
2012,19,10,10,classified,Finished,1,10,56
2012,19,11,11,classified,Finished,0,15,56
2012,19,12,12,classified,Finished,0,18,56
2012,19,13,13,classified,Finished,0,17,56
2012,19,14,14,classified,+1 Lap,0,16,55
2012,19,15,15,classified,+1 Lap,0,13,55
2012,19,16,16,classified,+1 Lap,0,5,55
2012,19,17,17,classified,+1 Lap,0,21,55
2012,19,18,18,classified,+1 Lap,0,22,55
2012,19,19,19,classified,+1 Lap,0,19,55
2012,19,20,20,classified,+2 Laps,0,20,54
2012,19,21,21,classified,+2 Laps,0,23,54
2012,19,22,22,classified,+2 Laps,0,24,54
2012,19,23,R,retired,Alternator,0,3,16
2012,19,24,R,retired,Suspension,0,14,14
2012,20,1,1,classified,Finished,25,2,71
2012,20,2,2,classified,Finished,18,7,71
2012,20,3,3,classified,Finished,15,5,71
2012,20,4,4,classified,Finished,12,3,71
2012,20,5,5,classified,Finished,10,6,71
2012,20,6,6,classified,Finished,8,4,71
2012,20,7,7,classified,Finished,6,13,71
2012,20,8,8,classified,Finished,4,17,71
2012,20,9,9,classified,Finished,2,14,71
2012,20,10,10,classified,+1 Lap,1,8,70
2012,20,11,11,classified,+1 Lap,0,19,70
2012,20,12,12,classified,+1 Lap,0,22,70
2012,20,13,13,classified,+1 Lap,0,15,70
2012,20,14,14,classified,+1 Lap,0,20,70
2012,20,15,15,classified,+1 Lap,0,9,70
2012,20,16,16,classified,+1 Lap,0,21,70
2012,20,17,17,classified,+2 Laps,0,24,69
2012,20,18,18,classified,+2 Laps,0,23,69
2012,20,19,19,classified,Accident,0,10,68
2012,20,20,R,retired,Collision,0,1,54
2012,20,21,R,retired,Accident,0,18,5
2012,20,22,R,retired,Collision,0,16,1
2012,20,23,R,retired,Collision,0,11,0
2012,20,24,R,retired,Collision,0,12,0
2013,1,1,1,classified,Finished,25,7,58
2013,1,2,2,classified,Finished,18,5,58
2013,1,3,3,classified,Finished,15,1,58
2013,1,4,4,classified,Finished,12,4,58
2013,1,5,5,classified,Finished,10,3,58
2013,1,6,6,classified,Finished,8,2,58
2013,1,7,7,classified,Finished,6,12,58
2013,1,8,8,classified,Finished,4,9,58
2013,1,9,9,classified,Finished,2,10,58
2013,1,10,10,classified,Finished,1,8,58
2013,1,11,11,classified,Finished,0,15,58
2013,1,12,12,classified,Finished,0,13,58
2013,1,13,13,classified,+1 Lap,0,18,57
2013,1,14,14,classified,+1 Lap,0,16,57
2013,1,15,15,classified,+1 Lap,0,19,57
2013,1,16,16,classified,+2 Laps,0,22,56
2013,1,17,17,classified,+2 Laps,0,20,56
2013,1,18,18,classified,+2 Laps,0,21,56
2013,1,19,R,retired,Hydraulics,0,14,39
2013,1,20,R,retired,Electrical,0,6,26
2013,1,21,R,retired,Spun off,0,17,24
2013,1,22,W,withdrawn,Fuel system,0,11,0
2013,2,1,1,classified,Finished,25,1,56
2013,2,2,2,classified,Finished,18,5,56
2013,2,3,3,classified,Finished,15,4,56
2013,2,4,4,classified,Finished,12,6,56
2013,2,5,5,classified,Finished,10,2,56
2013,2,6,6,classified,Finished,8,11,56
2013,2,7,7,classified,Finished,6,10,56
2013,2,8,8,classified,Finished,4,12,56
2013,2,9,9,classified,Finished,2,9,56
2013,2,10,10,classified,Finished,1,17,56
2013,2,11,11,classified,Finished,0,18,56
2013,2,12,12,classified,+1 Lap,0,14,55
2013,2,13,13,classified,+1 Lap,0,19,55
2013,2,14,14,classified,+1 Lap,0,20,55
2013,2,15,15,classified,+1 Lap,0,22,55
2013,2,16,16,classified,+2 Laps,0,21,54
2013,2,17,17,classified,Withdrew,0,7,53
2013,2,18,18,classified,Retired,0,13,51
2013,2,19,R,retired,Retired,0,16,45
2013,2,20,R,retired,Wheel nut,0,8,27
2013,2,21,R,retired,Wheel nut,0,15,22
2013,2,22,R,retired,Collision,0,3,1
2013,3,1,1,classified,Finished,25,3,56
2013,3,2,2,classified,Finished,18,2,56
2013,3,3,3,classified,Finished,15,1,56
2013,3,4,4,classified,Finished,12,9,56
2013,3,5,5,classified,Finished,10,8,56
2013,3,6,6,classified,Finished,8,5,56
2013,3,7,7,classified,Finished,6,7,56
2013,3,8,8,classified,Finished,4,11,56
2013,3,9,9,classified,Finished,2,6,56
2013,3,10,10,classified,Finished,1,10,56
2013,3,11,11,classified,Finished,0,12,56
2013,3,12,12,classified,Finished,0,15,56
2013,3,13,13,classified,Finished,0,16,56
2013,3,14,14,classified,Finished,0,14,56
2013,3,15,15,classified,+1 Lap,0,18,55
2013,3,16,16,classified,+1 Lap,0,20,55
2013,3,17,17,classified,+1 Lap,0,19,55
2013,3,18,18,classified,+1 Lap,0,21,55
2013,3,19,R,retired,Suspension,0,4,21
2013,3,20,R,retired,Wheel,0,22,15
2013,3,21,R,retired,Collision,0,13,5
2013,3,22,R,retired,Collision,0,17,4
2013,4,1,1,classified,Finished,25,2,57
2013,4,2,2,classified,Finished,18,8,57
2013,4,3,3,classified,Finished,15,11,57
2013,4,4,4,classified,Finished,12,5,57
2013,4,5,5,classified,Finished,10,9,57
2013,4,6,6,classified,Finished,8,12,57
2013,4,7,7,classified,Finished,6,7,57
2013,4,8,8,classified,Finished,4,3,57
2013,4,9,9,classified,Finished,2,1,57
2013,4,10,10,classified,Finished,1,10,57
2013,4,11,11,classified,Finished,0,17,57
2013,4,12,12,classified,Finished,0,14,57
2013,4,13,13,classified,Finished,0,6,57
2013,4,14,14,classified,Finished,0,15,57
2013,4,15,15,classified,Finished,0,4,57
2013,4,16,16,classified,+1 Lap,0,13,56
2013,4,17,17,classified,+1 Lap,0,18,56
2013,4,18,18,classified,+1 Lap,0,22,56
2013,4,19,19,classified,+1 Lap,0,19,56
2013,4,20,20,classified,+1 Lap,0,21,56
2013,4,21,21,classified,+2 Laps,0,20,55
2013,4,22,R,retired,Puncture,0,16,16
2013,5,1,1,classified,Finished,25,5,66
2013,5,2,2,classified,Finished,18,4,66
2013,5,3,3,classified,Finished,15,9,66
2013,5,4,4,classified,Finished,12,3,66
2013,5,5,5,classified,Finished,10,7,66
2013,5,6,6,classified,Finished,8,1,66
2013,5,7,7,classified,Finished,6,10,66
2013,5,8,8,classified,Finished,4,14,66
2013,5,9,9,classified,Finished,2,8,66
2013,5,10,10,classified,+1 Lap,1,11,65
2013,5,11,11,classified,+1 Lap,0,19,65
2013,5,12,12,classified,+1 Lap,0,2,65
2013,5,13,13,classified,+1 Lap,0,13,65
2013,5,14,14,classified,+1 Lap,0,17,65
2013,5,15,15,classified,+1 Lap,0,15,65
2013,5,16,16,classified,+1 Lap,0,16,65
2013,5,17,17,classified,+1 Lap,0,22,65
2013,5,18,18,classified,+2 Laps,0,20,64
2013,5,19,19,classified,+2 Laps,0,21,64
2013,5,20,20,classified,Accident,0,12,52
2013,5,21,21,classified,Wheel,0,18,21
2013,5,22,22,classified,Suspension,0,6,8
2013,6,1,1,classified,Finished,25,1,78
2013,6,2,2,classified,Finished,18,3,78
2013,6,3,3,classified,Finished,15,4,78
2013,6,4,4,classified,Finished,12,2,78
2013,6,5,5,classified,Finished,10,8,78
2013,6,6,6,classified,Finished,8,9,78
2013,6,7,7,classified,Finished,6,6,78
2013,6,8,8,classified,Finished,4,10,78
2013,6,9,9,classified,Finished,2,17,78
2013,6,10,10,classified,Finished,1,5,78
2013,6,11,11,classified,Finished,0,11,78
2013,6,12,12,classified,Finished,0,14,78
2013,6,13,13,classified,Finished,0,19,78
2013,6,14,14,classified,Finished,0,22,78
2013,6,15,15,classified,Finished,0,15,78
2013,6,16,16,classified,Suspension,0,7,72
2013,6,17,R,retired,Collision,0,13,63
2013,6,18,R,retired,Collision,0,12,61
2013,6,19,R,retired,Brakes,0,20,58
2013,6,20,R,retired,Collision,0,16,44
2013,6,21,R,retired,Accident,0,21,28
2013,6,22,R,retired,Gearbox,0,18,7
2013,7,1,1,classified,Finished,25,1,70
2013,7,2,2,classified,Finished,18,6,70
2013,7,3,3,classified,Finished,15,2,70
2013,7,4,4,classified,Finished,12,5,70
2013,7,5,5,classified,Finished,10,4,70
2013,7,6,6,classified,+1 Lap,8,7,69
2013,7,7,7,classified,+1 Lap,6,17,69
2013,7,8,8,classified,+1 Lap,4,16,69
2013,7,9,9,classified,+1 Lap,2,10,69
2013,7,10,10,classified,+1 Lap,1,8,69
2013,7,11,11,classified,+1 Lap,0,12,69
2013,7,12,12,classified,+1 Lap,0,14,69
2013,7,13,13,classified,+1 Lap,0,22,69
2013,7,14,14,classified,+1 Lap,0,3,69
2013,7,15,15,classified,+2 Laps,0,11,68
2013,7,16,16,classified,+2 Laps,0,13,68
2013,7,17,17,classified,+2 Laps,0,19,68
2013,7,18,18,classified,+3 Laps,0,18,67
2013,7,19,19,classified,+3 Laps,0,20,67
2013,7,20,20,classified,Accident,0,15,63
2013,7,21,R,retired,Collision,0,9,45
2013,7,22,R,retired,Collision,0,21,43
2013,8,1,1,classified,Finished,25,2,52
2013,8,2,2,classified,Finished,18,4,52
2013,8,3,3,classified,Finished,15,9,52
2013,8,4,4,classified,Finished,12,1,52
2013,8,5,5,classified,Finished,10,8,52
2013,8,6,6,classified,Finished,8,11,52
2013,8,7,7,classified,Finished,6,6,52
2013,8,8,8,classified,Finished,4,5,52
2013,8,9,9,classified,Finished,2,21,52
2013,8,10,10,classified,Finished,1,14,52
2013,8,11,11,classified,Finished,0,15,52
2013,8,12,12,classified,Finished,0,16,52
2013,8,13,13,classified,Finished,0,10,52
2013,8,14,14,classified,Finished,0,17,52
2013,8,15,15,classified,Finished,0,18,52
2013,8,16,16,classified,Finished,0,19,52
2013,8,17,17,classified,Finished,0,20,52
2013,8,18,18,classified,Finished,0,22,52
2013,8,19,19,classified,Retired,0,7,51
2013,8,20,20,classified,Wheel,0,13,46
2013,8,21,R,retired,Gearbox,0,3,41
2013,8,22,R,retired,Tyre,0,12,35
2013,9,1,1,classified,Finished,25,2,60
2013,9,2,2,classified,Finished,18,4,60
2013,9,3,3,classified,Finished,15,5,60
2013,9,4,4,classified,Finished,12,8,60
2013,9,5,5,classified,Finished,10,1,60
2013,9,6,6,classified,Finished,8,9,60
2013,9,7,7,classified,Finished,6,3,60
2013,9,8,8,classified,Finished,4,13,60
2013,9,9,9,classified,Finished,2,11,60
2013,9,10,10,classified,Finished,1,10,60
2013,9,11,11,classified,Finished,0,12,60
2013,9,12,12,classified,Finished,0,6,60
2013,9,13,13,classified,Finished,0,15,60
2013,9,14,14,classified,Finished,0,14,60
2013,9,15,15,classified,Finished,0,18,60
2013,9,16,16,classified,+1 Lap,0,17,59
2013,9,17,17,classified,+1 Lap,0,22,59
2013,9,18,18,classified,+1 Lap,0,20,59
2013,9,19,19,classified,+1 Lap,0,21,59
2013,9,20,R,retired,Hydraulics,0,16,22
2013,9,21,R,retired,Engine,0,19,21
2013,9,22,R,retired,Spun off,0,7,3
2013,10,1,1,classified,Finished,25,1,70
2013,10,2,2,classified,Finished,18,6,70
2013,10,3,3,classified,Finished,15,2,70
2013,10,4,4,classified,Finished,12,10,70
2013,10,5,5,classified,Finished,10,5,70
2013,10,6,6,classified,Finished,8,3,70
2013,10,7,7,classified,Finished,6,13,70
2013,10,8,8,classified,Finished,4,7,70
2013,10,9,9,classified,+1 Lap,2,9,69
2013,10,10,10,classified,+1 Lap,1,15,69
2013,10,11,11,classified,+1 Lap,0,12,69
2013,10,12,12,classified,+1 Lap,0,14,69
2013,10,13,13,classified,+1 Lap,0,8,69
2013,10,14,14,classified,+2 Laps,0,20,68
2013,10,15,15,classified,+2 Laps,0,19,68
2013,10,16,16,classified,+3 Laps,0,21,67
2013,10,17,17,classified,+3 Laps,0,22,67
2013,10,18,18,classified,Hydraulics,0,18,66
2013,10,19,19,classified,Engine,0,4,64
2013,10,20,R,retired,Hydraulics,0,16,42
2013,10,21,R,retired,Transmission,0,17,28
2013,10,22,R,retired,Hydraulics,0,11,19
2013,11,1,1,classified,Finished,25,2,44
2013,11,2,2,classified,Finished,18,9,44
2013,11,3,3,classified,Finished,15,1,44
2013,11,4,4,classified,Finished,12,4,44
2013,11,5,5,classified,Finished,10,3,44
2013,11,6,6,classified,Finished,8,6,44
2013,11,7,7,classified,Finished,6,10,44
2013,11,8,8,classified,Finished,4,7,44
2013,11,9,9,classified,Finished,2,12,44
2013,11,10,10,classified,Finished,1,19,44
2013,11,11,11,classified,Finished,0,13,44
2013,11,12,12,classified,Finished,0,18,44
2013,11,13,13,classified,Finished,0,11,44
2013,11,14,14,classified,Finished,0,21,44
2013,11,15,15,classified,Finished,0,20,44
2013,11,16,16,classified,+1 Lap,0,14,43
2013,11,17,17,classified,+1 Lap,0,17,43
2013,11,18,18,classified,+1 Lap,0,15,43
2013,11,19,19,classified,+2 Laps,0,16,42
2013,11,20,R,retired,Collision,0,5,26
2013,11,21,R,retired,Brakes,0,8,25
2013,11,22,R,retired,Oil leak,0,22,8
2013,12,1,1,classified,Finished,25,1,53
2013,12,2,2,classified,Finished,18,5,53
2013,12,3,3,classified,Finished,15,2,53
2013,12,4,4,classified,Finished,12,4,53
2013,12,5,5,classified,Finished,10,3,53
2013,12,6,6,classified,Finished,8,6,53
2013,12,7,7,classified,Finished,6,7,53
2013,12,8,8,classified,Finished,4,13,53
2013,12,9,9,classified,Finished,2,12,53
2013,12,10,10,classified,Finished,1,9,53
2013,12,11,11,classified,Finished,0,11,53
2013,12,12,12,classified,Finished,0,8,53
2013,12,13,13,classified,Finished,0,16,53
2013,12,14,14,classified,Finished,0,14,53
2013,12,15,15,classified,Finished,0,18,53
2013,12,16,16,classified,+1 Lap,0,17,52
2013,12,17,17,classified,+1 Lap,0,20,52
2013,12,18,18,classified,+1 Lap,0,19,52
2013,12,19,19,classified,+1 Lap,0,21,52
2013,12,20,20,classified,+1 Lap,0,22,52
2013,12,21,R,retired,Transmission,0,10,14
2013,12,22,R,retired,Accident,0,15,0
2013,13,1,1,classified,Finished,25,1,61
2013,13,2,2,classified,Finished,18,7,61
2013,13,3,3,classified,Finished,15,13,61
2013,13,4,4,classified,Finished,12,2,61
2013,13,5,5,classified,Finished,10,5,61
2013,13,6,6,classified,Finished,8,6,61
2013,13,7,7,classified,Finished,6,8,61
2013,13,8,8,classified,Finished,4,14,61
2013,13,9,9,classified,Finished,2,11,61
2013,13,10,10,classified,Finished,1,15,61
2013,13,11,11,classified,Finished,0,18,61
2013,13,12,12,classified,Finished,0,10,61
2013,13,13,13,classified,Finished,0,16,61
2013,13,14,14,classified,Finished,0,12,61
2013,13,15,15,classified,Water pressure,0,4,60
2013,13,16,16,classified,+1 Lap,0,20,60
2013,13,17,17,classified,+1 Lap,0,22,60
2013,13,18,18,classified,+1 Lap,0,21,60
2013,13,19,19,classified,+1 Lap,0,19,60
2013,13,20,20,classified,Accident,0,17,54
2013,13,21,R,retired,Pneumatics,0,3,37
2013,13,22,R,retired,Accident,0,9,23
2013,14,1,1,classified,Finished,25,1,55
2013,14,2,2,classified,Finished,18,9,55
2013,14,3,3,classified,Finished,15,3,55
2013,14,4,4,classified,Finished,12,7,55
2013,14,5,5,classified,Finished,10,2,55
2013,14,6,6,classified,Finished,8,5,55
2013,14,7,7,classified,Finished,6,4,55
2013,14,8,8,classified,Finished,4,11,55
2013,14,9,9,classified,Finished,2,6,55
2013,14,10,10,classified,Finished,1,10,55
2013,14,11,11,classified,Finished,0,8,55
2013,14,12,12,classified,Finished,0,17,55
2013,14,13,13,classified,Finished,0,18,55
2013,14,14,14,classified,Finished,0,19,55
2013,14,15,15,classified,Finished,0,20,55
2013,14,16,16,classified,Finished,0,22,55
2013,14,17,17,classified,Finished,0,21,55
2013,14,18,18,classified,+2 Laps,0,16,53
2013,14,19,19,classified,+3 Laps,0,12,52
2013,14,20,20,classified,Collision,0,14,50
2013,14,21,R,retired,Collision,0,13,36
2013,14,22,R,retired,Spun off,0,15,24
2013,15,1,1,classified,Finished,25,2,53
2013,15,2,2,classified,Finished,18,1,53
2013,15,3,3,classified,Finished,15,4,53
2013,15,4,4,classified,Finished,12,8,53
2013,15,5,5,classified,Finished,10,9,53
2013,15,6,6,classified,Finished,8,7,53
2013,15,7,7,classified,Finished,6,14,53
2013,15,8,8,classified,Finished,4,6,53
2013,15,9,9,classified,Finished,2,10,53
2013,15,10,10,classified,Finished,1,5,53
2013,15,11,11,classified,Finished,0,12,53
2013,15,12,12,classified,+1 Lap,0,17,52
2013,15,13,13,classified,+1 Lap,0,16,52
2013,15,14,14,classified,+1 Lap,0,22,52
2013,15,15,15,classified,+1 Lap,0,11,52
2013,15,16,16,classified,+1 Lap,0,15,52
2013,15,17,17,classified,+1 Lap,0,13,52
2013,15,18,18,classified,+1 Lap,0,20,52
2013,15,19,19,classified,+1 Lap,0,18,52
2013,15,20,R,retired,Puncture,0,3,7
2013,15,21,R,retired,Accident,0,19,0
2013,15,22,R,retired,Accident,0,21,0
2013,16,1,1,classified,Finished,25,1,60
2013,16,2,2,classified,Finished,18,2,60
2013,16,3,3,classified,Finished,15,17,60
2013,16,4,4,classified,Finished,12,5,60
2013,16,5,5,classified,Finished,10,9,60
2013,16,6,6,classified,Finished,8,3,60
2013,16,7,7,classified,Finished,6,6,60
2013,16,8,8,classified,Finished,4,12,60
2013,16,9,9,classified,Finished,2,13,60
2013,16,10,10,classified,Finished,1,11,60
2013,16,11,11,classified,Finished,0,8,60
2013,16,12,12,classified,Finished,0,18,60
2013,16,13,13,classified,+1 Lap,0,14,59
2013,16,14,14,classified,+1 Lap,0,10,59
2013,16,15,15,classified,+1 Lap,0,16,59
2013,16,16,16,classified,+1 Lap,0,15,59
2013,16,17,17,classified,+2 Laps,0,22,58
2013,16,18,18,classified,+2 Laps,0,19,58
2013,16,19,19,classified,Mechanical,0,7,54
2013,16,20,R,retired,Alternator,0,4,39
2013,16,21,R,retired,Hydraulics,0,21,35
2013,16,22,R,retired,Collision,0,20,1
2013,17,1,1,classified,Finished,25,2,55
2013,17,2,2,classified,Finished,18,1,55
2013,17,3,3,classified,Finished,15,3,55
2013,17,4,4,classified,Finished,12,6,55
2013,17,5,5,classified,Finished,10,10,55
2013,17,6,6,classified,Finished,8,11,55
2013,17,7,7,classified,Finished,6,4,55
2013,17,8,8,classified,Finished,4,7,55
2013,17,9,9,classified,Finished,2,8,55
2013,17,10,10,classified,Finished,1,17,55
2013,17,11,11,classified,Finished,0,14,55
2013,17,12,12,classified,Finished,0,12,55
2013,17,13,13,classified,Finished,0,16,55
2013,17,14,14,classified,+1 Lap,0,5,54
2013,17,15,15,classified,+1 Lap,0,15,54
2013,17,16,16,classified,+1 Lap,0,9,54
2013,17,17,17,classified,+1 Lap,0,13,54
2013,17,18,18,classified,+1 Lap,0,18,54
2013,17,19,19,classified,+1 Lap,0,19,54
2013,17,20,20,classified,+2 Laps,0,21,53
2013,17,21,21,classified,+2 Laps,0,20,53
2013,17,22,R,retired,Accident,0,22,0
2013,18,1,1,classified,Finished,25,1,56
2013,18,2,2,classified,Finished,18,3,56
2013,18,3,3,classified,Finished,15,2,56
2013,18,4,4,classified,Finished,12,5,56
2013,18,5,5,classified,Finished,10,6,56
2013,18,6,6,classified,Finished,8,4,56
2013,18,7,7,classified,Finished,6,7,56
2013,18,8,8,classified,Finished,4,9,56
2013,18,9,9,classified,Finished,2,12,56
2013,18,10,10,classified,Finished,1,15,56
2013,18,11,11,classified,Finished,0,10,56
2013,18,12,12,classified,Finished,0,14,56
2013,18,13,13,classified,Finished,0,13,56
2013,18,14,14,classified,Finished,0,20,56
2013,18,15,15,classified,Finished,0,8,56
2013,18,16,16,classified,Finished,0,11,56
2013,18,17,17,classified,+1 Lap,0,17,55
2013,18,18,18,classified,+1 Lap,0,19,55
2013,18,19,19,classified,+1 Lap,0,18,55
2013,18,20,20,classified,+1 Lap,0,22,55
2013,18,21,21,classified,+2 Laps,0,21,54
2013,18,22,R,retired,Accident,0,16,0
2013,19,1,1,classified,Finished,25,1,71
2013,19,2,2,classified,Finished,18,4,71
2013,19,3,3,classified,Finished,15,3,71
2013,19,4,4,classified,Finished,12,14,71
2013,19,5,5,classified,Finished,10,2,71
2013,19,6,6,classified,Finished,8,19,71
2013,19,7,7,classified,Finished,6,9,71
2013,19,8,8,classified,Finished,4,10,71
2013,19,9,9,classified,Finished,2,5,71
2013,19,10,10,classified,+1 Lap,1,7,70
2013,19,11,11,classified,+1 Lap,0,12,70
2013,19,12,12,classified,+1 Lap,0,17,70
2013,19,13,13,classified,+1 Lap,0,15,70
2013,19,14,14,classified,+1 Lap,0,11,70
2013,19,15,15,classified,+1 Lap,0,8,70
2013,19,16,16,classified,+1 Lap,0,16,70
2013,19,17,17,classified,+2 Laps,0,21,69
2013,19,18,18,classified,+2 Laps,0,20,69
2013,19,19,19,classified,+2 Laps,0,22,69
2013,19,20,R,retired,Mechanical,0,18,58
2013,19,21,R,retired,Accident,0,13,45
2013,19,22,R,retired,Engine,0,6,2
2014,1,1,1,classified,Finished,25,3,57
2014,1,2,2,classified,Finished,18,4,57
2014,1,3,3,classified,Finished,15,10,57
2014,1,4,4,classified,Finished,12,5,57
2014,1,5,5,classified,Finished,10,15,57
2014,1,6,6,classified,Finished,8,7,57
2014,1,7,7,classified,Finished,6,11,57
2014,1,8,8,classified,Finished,4,6,57
2014,1,9,9,classified,Finished,2,8,57
2014,1,10,10,classified,Finished,1,16,57
2014,1,11,11,classified,+1 Lap,0,13,56
2014,1,12,12,classified,+1 Lap,0,20,56
2014,1,13,13,classified,+2 Laps,0,17,55
2014,1,14,R,retired,+8 Laps,0,18,49
2014,1,15,R,retired,ERS,0,22,43
2014,1,16,R,retired,ERS,0,21,29
2014,1,17,R,retired,Oil pressure,0,19,27
2014,1,18,R,retired,Engine,0,12,3
2014,1,19,R,retired,Engine,0,1,2
2014,1,20,R,retired,Collision,0,9,0
2014,1,21,R,retired,Collision,0,14,0
2014,1,22,D,disqualified,Disqualified,0,2,57
2014,2,1,1,classified,Finished,25,1,56
2014,2,2,2,classified,Finished,18,3,56
2014,2,3,3,classified,Finished,15,2,56
2014,2,4,4,classified,Finished,12,4,56
2014,2,5,5,classified,Finished,10,7,56
2014,2,6,6,classified,Finished,8,10,56
2014,2,7,7,classified,Finished,6,13,56
2014,2,8,8,classified,Finished,4,18,56
2014,2,9,9,classified,+1 Lap,2,8,55
2014,2,10,10,classified,+1 Lap,1,11,55
2014,2,11,11,classified,+1 Lap,0,15,55
2014,2,12,12,classified,+1 Lap,0,6,55
2014,2,13,13,classified,+1 Lap,0,20,55
2014,2,14,14,classified,+2 Laps,0,22,54
2014,2,15,15,classified,+2 Laps,0,21,54
2014,2,16,R,retired,Technical,0,5,49
2014,2,17,R,retired,Gearbox,0,12,35
2014,2,18,R,retired,Electrical,0,17,32
2014,2,19,R,retired,Power Unit,0,9,18
2014,2,20,R,retired,Brakes,0,19,8
2014,2,21,R,retired,Engine,0,16,7
2014,2,22,W,withdrawn,Withdrew,0,14,0
2014,3,1,1,classified,Finished,25,2,57
2014,3,2,2,classified,Finished,18,1,57
2014,3,3,3,classified,Finished,15,4,57
2014,3,4,4,classified,Finished,12,13,57
2014,3,5,5,classified,Finished,10,11,57
2014,3,6,6,classified,Finished,8,10,57
2014,3,7,7,classified,Finished,6,7,57
2014,3,8,8,classified,Finished,4,3,57
2014,3,9,9,classified,Finished,2,9,57
2014,3,10,10,classified,Finished,1,5,57
2014,3,11,11,classified,Finished,0,12,57
2014,3,12,12,classified,Finished,0,16,57
2014,3,13,13,classified,Finished,0,21,57
2014,3,14,14,classified,Finished,0,17,57
2014,3,15,15,classified,Finished,0,18,57
2014,3,16,16,classified,+1 Lap,0,19,56
2014,3,17,17,classified,Clutch,0,6,55
2014,3,18,R,retired,Clutch,0,8,40
2014,3,19,R,retired,Collision,0,15,39
2014,3,20,R,retired,Retired,0,20,33
2014,3,21,R,retired,Retired,0,14,18
2014,3,22,R,retired,Collision,0,22,17
2014,4,1,1,classified,Finished,25,1,54
2014,4,2,2,classified,Finished,18,4,54
2014,4,3,3,classified,Finished,15,5,54
2014,4,4,4,classified,Finished,12,2,54
2014,4,5,5,classified,Finished,10,3,54
2014,4,6,6,classified,Finished,8,8,54
2014,4,7,7,classified,Finished,6,7,54
2014,4,8,8,classified,Finished,4,11,54
2014,4,9,9,classified,Finished,2,16,54
2014,4,10,10,classified,+1 Lap,1,13,53
2014,4,11,11,classified,+1 Lap,0,12,53
2014,4,12,12,classified,+1 Lap,0,9,53
2014,4,13,13,classified,+1 Lap,0,15,53
2014,4,14,14,classified,+1 Lap,0,22,53
2014,4,15,15,classified,+1 Lap,0,6,53
2014,4,16,16,classified,+1 Lap,0,17,53
2014,4,17,17,classified,+1 Lap,0,19,53
2014,4,18,18,classified,+1 Lap,0,18,53
2014,4,19,19,classified,+2 Laps,0,21,52
2014,4,20,20,classified,+2 Laps,0,20,52
2014,4,21,R,retired,Gearbox,0,10,28
2014,4,22,R,retired,Engine,0,14,5
2014,5,1,1,classified,Finished,25,1,66
2014,5,2,2,classified,Finished,18,2,66
2014,5,3,3,classified,Finished,15,3,66
2014,5,4,4,classified,Finished,12,15,66
2014,5,5,5,classified,Finished,10,4,66
2014,5,6,6,classified,Finished,8,7,66
2014,5,7,7,classified,+1 Lap,6,6,65
2014,5,8,8,classified,+1 Lap,4,5,65
2014,5,9,9,classified,+1 Lap,2,11,65
2014,5,10,10,classified,+1 Lap,1,10,65
2014,5,11,11,classified,+1 Lap,0,8,65
2014,5,12,12,classified,+1 Lap,0,14,65
2014,5,13,13,classified,+1 Lap,0,9,65
2014,5,14,14,classified,+1 Lap,0,12,65
2014,5,15,15,classified,+1 Lap,0,22,65
2014,5,16,16,classified,+1 Lap,0,13,65
2014,5,17,17,classified,+1 Lap,0,16,65
2014,5,18,18,classified,+2 Laps,0,18,64
2014,5,19,19,classified,+2 Laps,0,17,64
2014,5,20,20,classified,+2 Laps,0,19,64
2014,5,21,R,retired,Brakes,0,20,34
2014,5,22,R,retired,Exhaust,0,21,24
2014,6,1,1,classified,Finished,25,1,78
2014,6,2,2,classified,Finished,18,2,78
2014,6,3,3,classified,Finished,15,3,78
2014,6,4,4,classified,Finished,12,5,78
2014,6,5,5,classified,+1 Lap,10,11,77
2014,6,6,6,classified,+1 Lap,8,12,77
2014,6,7,7,classified,+1 Lap,6,16,77
2014,6,8,8,classified,+1 Lap,4,14,77
2014,6,9,9,classified,+1 Lap,2,21,77
2014,6,10,10,classified,+1 Lap,1,8,77
2014,6,11,11,classified,+1 Lap,0,22,77
2014,6,12,12,classified,+1 Lap,0,6,77
2014,6,13,13,classified,+2 Laps,0,20,75
2014,6,14,14,classified,+3 Laps,0,19,75
2014,6,15,R,retired,Accident,0,17,59
2014,6,16,R,retired,Engine,0,13,55
2014,6,17,R,retired,Engine,0,7,50
2014,6,18,R,retired,Accident,0,18,23
2014,6,19,R,retired,Mechanical,0,9,10
2014,6,20,R,retired,Turbo,0,4,5
2014,6,21,R,retired,Collision,0,10,0
2014,6,22,W,withdrawn,Withdrew,0,15,0
2014,7,1,1,classified,Finished,25,6,70
2014,7,2,2,classified,Finished,18,1,70
2014,7,3,3,classified,Finished,15,3,70
2014,7,4,4,classified,Finished,12,9,70
2014,7,5,5,classified,Finished,10,11,70
2014,7,6,6,classified,Finished,8,7,70
2014,7,7,7,classified,Finished,6,4,70
2014,7,8,8,classified,Finished,4,8,70
2014,7,9,9,classified,Finished,2,12,70
2014,7,10,10,classified,Finished,1,10,70
2014,7,11,11,classified,Collision,0,13,69
2014,7,12,12,classified,Collision,0,5,69
2014,7,13,13,classified,+1 Lap,0,16,69
2014,7,14,14,classified,ERS,0,22,64
2014,7,15,R,retired,Rear wing,0,14,59
2014,7,16,R,retired,Drivetrain,0,15,47
2014,7,17,R,retired,Brakes,0,2,46
2014,7,18,R,retired,Suspension,0,21,23
2014,7,19,R,retired,Power Unit,0,17,21
2014,7,20,R,retired,Turbo,0,20,7
2014,7,21,R,retired,Collision,0,18,0
2014,7,22,R,retired,Collision,0,19,0
2014,8,1,1,classified,Finished,25,3,71
2014,8,2,2,classified,Finished,18,9,71
2014,8,3,3,classified,Finished,15,2,71
2014,8,4,4,classified,Finished,12,1,71
2014,8,5,5,classified,Finished,10,4,71
2014,8,6,6,classified,Finished,8,15,71
2014,8,7,7,classified,Finished,6,6,71
2014,8,8,8,classified,Finished,4,5,71
2014,8,9,9,classified,Finished,2,10,71
2014,8,10,10,classified,Finished,1,8,71
2014,8,11,11,classified,Finished,0,11,71
2014,8,12,12,classified,+1 Lap,0,13,70
2014,8,13,13,classified,+1 Lap,0,16,70
2014,8,14,14,classified,+1 Lap,0,22,70
2014,8,15,15,classified,+2 Laps,0,18,69
2014,8,16,16,classified,+2 Laps,0,19,69
2014,8,17,17,classified,+2 Laps,0,21,69
2014,8,18,18,classified,+2 Laps,0,20,69
2014,8,19,19,classified,+2 Laps,0,17,69
2014,8,20,R,retired,Brakes,0,14,59
2014,8,21,R,retired,Electrical,0,12,34
2014,8,22,R,retired,Suspension,0,7,24
2014,9,1,1,classified,Finished,25,6,52
2014,9,2,2,classified,Finished,18,14,52
2014,9,3,3,classified,Finished,15,8,52
2014,9,4,4,classified,Finished,12,3,52
2014,9,5,5,classified,Finished,10,2,52
2014,9,6,6,classified,Finished,8,16,52
2014,9,7,7,classified,Finished,6,5,52
2014,9,8,8,classified,Finished,4,4,52
2014,9,9,9,classified,Finished,2,9,52
2014,9,10,10,classified,+1 Lap,1,10,51
2014,9,11,11,classified,+1 Lap,0,7,51
2014,9,12,12,classified,+1 Lap,0,11,51
2014,9,13,13,classified,+1 Lap,0,13,51
2014,9,14,14,classified,+1 Lap,0,12,51
2014,9,15,15,classified,+2 Laps,0,22,50
2014,9,16,16,classified,+2 Laps,0,17,50
2014,9,17,17,classified,+3 Laps,0,20,49
2014,9,18,R,retired,Gearbox,0,1,28
2014,9,19,R,retired,Suspension,0,21,11
2014,9,20,R,retired,Collision,0,19,9
2014,9,21,R,retired,Collision,0,15,0
2014,9,22,R,retired,Collision,0,18,0
2014,10,1,1,classified,Finished,25,1,67
2014,10,2,2,classified,Finished,18,2,67
2014,10,3,3,classified,Finished,15,20,67
2014,10,4,4,classified,Finished,12,6,67
2014,10,5,5,classified,Finished,10,7,67
2014,10,6,6,classified,Finished,8,5,67
2014,10,7,7,classified,Finished,6,9,67
2014,10,8,8,classified,Finished,4,11,67
2014,10,9,9,classified,+1 Lap,2,4,66
2014,10,10,10,classified,+1 Lap,1,10,66
2014,10,11,11,classified,+1 Lap,0,12,66
2014,10,12,12,classified,+1 Lap,0,18,66
2014,10,13,13,classified,+1 Lap,0,13,66
2014,10,14,14,classified,+1 Lap,0,16,66
2014,10,15,15,classified,+1 Lap,0,17,66
2014,10,16,16,classified,+2 Laps,0,19,65
2014,10,17,17,classified,+2 Laps,0,21,65
2014,10,18,18,classified,+2 Laps,0,22,65
2014,10,19,R,retired,Brakes,0,15,47
2014,10,20,R,retired,Oil leak,0,8,44
2014,10,21,R,retired,Water leak,0,14,26
2014,10,22,R,retired,Collision,0,3,0
2014,11,1,1,classified,Finished,25,4,70
2014,11,2,2,classified,Finished,18,5,70
2014,11,3,3,classified,Finished,15,22,70
2014,11,4,4,classified,Finished,12,1,70
2014,11,5,5,classified,Finished,10,6,70
2014,11,6,6,classified,Finished,8,16,70
2014,11,7,7,classified,Finished,6,2,70
2014,11,8,8,classified,Finished,4,3,70
2014,11,9,9,classified,Finished,2,8,70
2014,11,10,10,classified,Finished,1,7,70
2014,11,11,11,classified,Finished,0,11,70
2014,11,12,12,classified,Finished,0,21,70
2014,11,13,13,classified,Finished,0,20,70
2014,11,14,14,classified,+1 Lap,0,10,69
2014,11,15,15,classified,+1 Lap,0,15,69
2014,11,16,16,classified,+1 Lap,0,18,69
2014,11,17,R,retired,Retired,0,13,33
2014,11,18,R,retired,Retired,0,17,26
2014,11,19,R,retired,Accident,0,12,23
2014,11,20,R,retired,Accident,0,9,16
2014,11,21,R,retired,Accident,0,14,11
2014,11,22,R,retired,Accident,0,19,8
2014,12,1,1,classified,Finished,25,5,44
2014,12,2,2,classified,Finished,18,1,44
2014,12,3,3,classified,Finished,15,6,44
2014,12,4,4,classified,Finished,12,8,44
2014,12,5,5,classified,Finished,10,3,44
2014,12,6,6,classified,Finished,8,10,44
2014,12,7,7,classified,Finished,6,4,44
2014,12,8,8,classified,Finished,4,13,44
2014,12,9,9,classified,Finished,2,11,44
2014,12,10,10,classified,Finished,1,18,44
2014,12,11,11,classified,Finished,0,12,44
2014,12,12,12,classified,Finished,0,7,44
2014,12,13,13,classified,Finished,0,9,44
2014,12,14,14,classified,Finished,0,14,44
2014,12,15,15,classified,Finished,0,20,44
2014,12,16,16,classified,+1 Lap,0,19,43
2014,12,17,17,classified,+1 Lap,0,22,43
2014,12,18,18,classified,Gearbox,0,16,39
2014,12,19,R,retired,Retired,0,2,38
2014,12,20,R,retired,Retired,0,15,33
2014,12,21,R,retired,Mechanical,0,17,1
2014,12,22,R,retired,Power Unit,0,21,1
2014,13,1,1,classified,Finished,25,1,53
2014,13,2,2,classified,Finished,18,2,53
2014,13,3,3,classified,Finished,15,4,53
2014,13,4,4,classified,Finished,12,3,53
2014,13,5,5,classified,Finished,10,9,53
2014,13,6,6,classified,Finished,8,8,53
2014,13,7,7,classified,Finished,6,10,53
2014,13,8,8,classified,Finished,4,6,53
2014,13,9,9,classified,Finished,2,11,53
2014,13,10,10,classified,Finished,1,5,53
2014,13,11,11,classified,Finished,0,21,53
2014,13,12,12,classified,Finished,0,13,53
2014,13,13,13,classified,Finished,0,12,53
2014,13,14,14,classified,+1 Lap,0,16,52
2014,13,15,15,classified,+1 Lap,0,14,52
2014,13,16,16,classified,+1 Lap,0,17,52
2014,13,17,17,classified,+1 Lap,0,18,52
2014,13,18,18,classified,+1 Lap,0,19,52
2014,13,19,19,classified,+2 Laps,0,15,51
2014,13,20,20,classified,+2 Laps,0,22,51
2014,13,21,R,retired,Engine,0,7,28
2014,13,22,R,retired,Accident,0,20,5
2014,14,1,1,classified,Finished,25,1,60
2014,14,2,2,classified,Finished,18,4,60
2014,14,3,3,classified,Finished,15,3,60
2014,14,4,4,classified,Finished,12,5,60
2014,14,5,5,classified,Finished,10,6,60
2014,14,6,6,classified,Finished,8,12,60
2014,14,7,7,classified,Finished,6,15,60
2014,14,8,8,classified,Finished,4,7,60
2014,14,9,9,classified,Finished,2,13,60
2014,14,10,10,classified,Finished,1,9,60
2014,14,11,11,classified,Finished,0,8,60
2014,14,12,12,classified,Finished,0,18,60
2014,14,13,13,classified,Finished,0,16,60
2014,14,14,14,classified,Finished,0,10,60
2014,14,15,15,classified,Finished,0,22,60
2014,14,16,16,classified,Finished,0,19,60
2014,14,17,17,classified,+1 Lap,0,21,59
2014,14,18,R,retired,Retired,0,11,52
2014,14,19,R,retired,Water pressure,0,17,40
2014,14,20,R,retired,Electrical,0,14,17
2014,14,21,R,retired,Electrical,0,2,13
2014,14,22,W,withdrawn,Power Unit,0,20,0
2014,15,1,1,classified,Finished,25,2,44
2014,15,2,2,classified,Finished,18,1,44
2014,15,3,3,classified,Finished,15,9,44
2014,15,4,4,classified,Finished,12,6,44
2014,15,5,5,classified,Finished,10,8,44
2014,15,6,6,classified,Finished,8,3,44
2014,15,7,7,classified,Finished,6,4,44
2014,15,8,8,classified,Finished,4,13,44
2014,15,9,9,classified,Finished,2,20,44
2014,15,10,10,classified,+1 Lap,1,11,43
2014,15,11,11,classified,+1 Lap,0,12,43
2014,15,12,12,classified,+1 Lap,0,10,43
2014,15,13,13,classified,+1 Lap,0,15,43
2014,15,14,14,classified,+1 Lap,0,7,43
2014,15,15,15,classified,+1 Lap,0,16,43
2014,15,16,16,classified,+1 Lap,0,22,43
2014,15,17,17,classified,+1 Lap,0,17,43
2014,15,18,18,classified,+1 Lap,0,21,43
2014,15,19,19,classified,+1 Lap,0,19,43
2014,15,20,20,classified,Accident,0,18,41
2014,15,21,21,classified,Accident,0,14,40
2014,15,22,R,retired,Electronics,0,5,2
2014,16,1,1,classified,Finished,25,1,53
2014,16,2,2,classified,Finished,18,2,53
2014,16,3,3,classified,Finished,15,3,53
2014,16,4,4,classified,Finished,12,4,53
2014,16,5,5,classified,Finished,10,11,53
2014,16,6,6,classified,Finished,8,7,53
2014,16,7,7,classified,Finished,6,6,53
2014,16,8,8,classified,Finished,4,10,53
2014,16,9,9,classified,Finished,2,8,53
2014,16,10,10,classified,Finished,1,12,53
2014,16,11,11,classified,Finished,0,18,53
2014,16,12,12,classified,Finished,0,17,53
2014,16,13,13,classified,Finished,0,9,53
2014,16,14,14,classified,+1 Lap,0,5,52
2014,16,15,15,classified,+1 Lap,0,13,52
2014,16,16,16,classified,+1 Lap,0,14,52
2014,16,17,17,classified,+1 Lap,0,15,52
2014,16,18,18,classified,+1 Lap,0,21,52
2014,16,19,19,classified,+2 Laps,0,16,51
2014,16,20,R,retired,Brakes,0,19,21
2014,16,21,R,retired,Suspension,0,20,9
2014,17,1,1,classified,Finished,25,2,56
2014,17,2,2,classified,Finished,18,1,56
2014,17,3,3,classified,Finished,15,5,56
2014,17,4,4,classified,Finished,12,4,56
2014,17,5,5,classified,Finished,10,3,56
2014,17,6,6,classified,Finished,8,6,56
2014,17,7,7,classified,Finished,6,18,56
2014,17,8,8,classified,Finished,4,7,56
2014,17,9,9,classified,Finished,2,10,56
2014,17,10,10,classified,Finished,1,14,56
2014,17,11,11,classified,+1 Lap,0,16,55
2014,17,12,12,classified,+1 Lap,0,12,55
2014,17,13,13,classified,+1 Lap,0,8,55
2014,17,14,14,classified,+1 Lap,0,15,55
2014,17,15,15,classified,+1 Lap,0,17,55
2014,17,16,R,retired,Engine,0,13,16
2014,17,17,R,retired,Collision damage,0,11,1
2014,17,18,R,retired,Collision,0,9,0
2014,18,1,1,classified,Finished,25,1,71
2014,18,2,2,classified,Finished,18,2,71
2014,18,3,3,classified,Finished,15,3,71
2014,18,4,4,classified,Finished,12,5,71
2014,18,5,5,classified,Finished,10,6,71
2014,18,6,6,classified,Finished,8,8,71
2014,18,7,7,classified,Finished,6,10,71
2014,18,8,8,classified,Finished,4,12,71
2014,18,9,9,classified,Finished,2,7,71
2014,18,10,10,classified,+1 Lap,1,4,70
2014,18,11,11,classified,+1 Lap,0,17,70
2014,18,12,12,classified,+1 Lap,0,16,70
2014,18,13,13,classified,+1 Lap,0,15,70
2014,18,14,14,classified,+1 Lap,0,11,70
2014,18,15,15,classified,+1 Lap,0,18,70
2014,18,16,16,classified,+1 Lap,0,13,70
2014,18,17,17,classified,+8 Laps,0,14,63
2014,18,18,R,retired,Suspension,0,9,39
2014,19,1,1,classified,Finished,50,2,55
2014,19,2,2,classified,Finished,36,4,55
2014,19,3,3,classified,Finished,30,3,55
2014,19,4,4,classified,Finished,24,20,55
2014,19,5,5,classified,Finished,20,6,55
2014,19,6,6,classified,Finished,16,12,55
2014,19,7,7,classified,Finished,12,11,55
2014,19,8,8,classified,Finished,8,19,55
2014,19,9,9,classified,Finished,4,8,55
2014,19,10,10,classified,Finished,2,7,55
2014,19,11,11,classified,Finished,0,9,55
2014,19,12,12,classified,Finished,0,10,55
2014,19,13,13,classified,+1 Lap,0,18,54
2014,19,14,14,classified,+1 Lap,0,1,54
2014,19,15,15,classified,+1 Lap,0,14,54
2014,19,16,16,classified,+1 Lap,0,13,54
2014,19,17,17,classified,+1 Lap,0,17,54
2014,19,18,R,retired,Retired,0,16,42
2014,19,19,R,retired,Power Unit,0,15,26
2014,19,20,R,retired,Power Unit,0,5,14
2015,1,1,1,classified,Finished,25,1,58
2015,1,2,2,classified,Finished,18,2,58
2015,1,3,3,classified,Finished,15,4,58
2015,1,4,4,classified,Finished,12,3,58
2015,1,5,5,classified,Finished,10,10,58
2015,1,6,6,classified,+1 Lap,8,6,57
2015,1,7,7,classified,+1 Lap,6,13,57
2015,1,8,8,classified,+1 Lap,4,15,57
2015,1,9,9,classified,+1 Lap,2,7,57
2015,1,10,10,classified,+1 Lap,1,14,57
2015,1,11,11,classified,+2 Laps,0,16,56
2015,1,12,R,retired,Wheel,0,5,40
2015,1,13,R,retired,Engine,0,11,32
2015,1,14,R,retired,Power loss,0,8,0
2015,1,15,R,retired,Accident,0,9,0
2015,1,16,W,withdrawn,Withdrew,0,12,0
2015,1,17,W,withdrawn,Withdrew,0,17,0
2015,1,18,W,withdrawn,Withdrew,0,0,0
2015,2,1,1,classified,Finished,25,2,56
2015,2,2,2,classified,Finished,18,1,56
2015,2,3,3,classified,Finished,15,3,56
2015,2,4,4,classified,Finished,12,11,56
2015,2,5,5,classified,Finished,10,8,56
2015,2,6,6,classified,Finished,8,7,56
2015,2,7,7,classified,Finished,6,6,56
2015,2,8,8,classified,+1 Lap,4,15,55
2015,2,9,9,classified,+1 Lap,2,5,55
2015,2,10,10,classified,+1 Lap,1,4,55
2015,2,11,11,classified,+1 Lap,0,10,55
2015,2,12,12,classified,+1 Lap,0,16,55
2015,2,13,13,classified,+1 Lap,0,14,55
2015,2,14,14,classified,+1 Lap,0,13,55
2015,2,15,15,classified,+3 Laps,0,19,53
2015,2,16,R,retired,Retired,0,12,47
2015,2,17,R,retired,Turbo,0,17,41
2015,2,18,R,retired,ERS,0,18,21
2015,2,19,R,retired,Spun off,0,9,3
2015,2,20,W,withdrawn,Fuel system,0,0,0
2015,3,1,1,classified,Finished,25,1,56
2015,3,2,2,classified,Finished,18,2,56
2015,3,3,3,classified,Finished,15,3,56
2015,3,4,4,classified,Finished,12,6,56
2015,3,5,5,classified,Finished,10,4,56
2015,3,6,6,classified,Finished,8,5,56
2015,3,7,7,classified,Finished,6,8,56
2015,3,8,8,classified,Finished,4,9,56
2015,3,9,9,classified,Finished,2,7,56
2015,3,10,10,classified,+1 Lap,1,10,55
2015,3,11,11,classified,+1 Lap,0,15,55
2015,3,12,12,classified,+1 Lap,0,18,55
2015,3,13,13,classified,+1 Lap,0,14,55
2015,3,14,14,classified,+1 Lap,0,17,55
2015,3,15,15,classified,+2 Laps,0,19,54
2015,3,16,16,classified,+2 Laps,0,20,54
2015,3,17,17,classified,Transmission,0,13,52
2015,3,18,R,retired,Brakes,0,11,49
2015,3,19,R,retired,Power Unit,0,12,15
2015,3,20,R,retired,Gearbox,0,16,9
2015,4,1,1,classified,Finished,25,1,57
2015,4,2,2,classified,Finished,18,4,57
2015,4,3,3,classified,Finished,15,3,57
2015,4,4,4,classified,Finished,12,5,57
2015,4,5,5,classified,Finished,10,2,57
2015,4,6,6,classified,Finished,8,7,57
2015,4,7,7,classified,Finished,6,10,57
2015,4,8,8,classified,+1 Lap,4,11,56
2015,4,9,9,classified,+1 Lap,2,17,56
2015,4,10,10,classified,+1 Lap,1,6,56
2015,4,11,11,classified,+1 Lap,0,14,56
2015,4,12,12,classified,+1 Lap,0,12,56
2015,4,13,13,classified,+1 Lap,0,8,56
2015,4,14,14,classified,+1 Lap,0,13,56
2015,4,15,15,classified,+1 Lap,0,16,56
2015,4,16,16,classified,+2 Laps,0,18,55
2015,4,17,17,classified,+3 Laps,0,19,54
2015,4,18,R,retired,Electrical,0,15,34
2015,4,19,R,retired,Engine,0,9,29
2015,4,20,W,withdrawn,ERS,0,20,0
2015,5,1,1,classified,Finished,25,1,66
2015,5,2,2,classified,Finished,18,2,66
2015,5,3,3,classified,Finished,15,3,66
2015,5,4,4,classified,Finished,12,4,66
2015,5,5,5,classified,Finished,10,7,66
2015,5,6,6,classified,Finished,8,9,66
2015,5,7,7,classified,+1 Lap,6,10,65
2015,5,8,8,classified,+1 Lap,4,11,65
2015,5,9,9,classified,+1 Lap,2,5,65
2015,5,10,10,classified,+1 Lap,1,8,65
2015,5,11,11,classified,+1 Lap,0,6,65
2015,5,12,12,classified,+1 Lap,0,15,65
2015,5,13,13,classified,+1 Lap,0,18,65
2015,5,14,14,classified,+1 Lap,0,16,65
2015,5,15,15,classified,+1 Lap,0,17,65
2015,5,16,16,classified,+1 Lap,0,14,65
2015,5,17,17,classified,+3 Laps,0,19,63
2015,5,18,18,classified,+4 Laps,0,20,62
2015,5,19,R,retired,Accident,0,12,45
2015,5,20,R,retired,Brakes,0,13,26
2015,6,1,1,classified,Finished,25,2,78
2015,6,2,2,classified,Finished,18,3,78
2015,6,3,3,classified,Finished,15,1,78
2015,6,4,4,classified,Finished,12,5,78
2015,6,5,5,classified,Finished,10,4,78
2015,6,6,6,classified,Finished,8,6,78
2015,6,7,7,classified,Finished,6,7,78
2015,6,8,8,classified,Finished,4,10,78
2015,6,9,9,classified,Finished,2,14,78
2015,6,10,10,classified,Finished,1,0,78
2015,6,11,11,classified,Finished,0,11,78
2015,6,12,12,classified,Finished,0,15,78
2015,6,13,13,classified,Finished,0,17,78
2015,6,14,14,classified,Finished,0,16,78
2015,6,15,15,classified,+1 Lap,0,12,77
2015,6,16,16,classified,+2 Laps,0,19,76
2015,6,17,17,classified,+2 Laps,0,18,76
2015,6,18,R,retired,Accident,0,9,62
2015,6,19,R,retired,Gearbox,0,13,41
2015,6,20,R,retired,Brakes,0,8,5
2015,7,1,1,classified,Finished,25,1,70
2015,7,2,2,classified,Finished,18,2,70
2015,7,3,3,classified,Finished,15,4,70
2015,7,4,4,classified,Finished,12,3,70
2015,7,5,5,classified,Finished,10,18,70
2015,7,6,6,classified,Finished,8,15,70
2015,7,7,7,classified,Finished,6,6,70
2015,7,8,8,classified,+1 Lap,4,7,69
2015,7,9,9,classified,+1 Lap,2,8,69
2015,7,10,10,classified,+1 Lap,1,5,69
2015,7,11,11,classified,+1 Lap,0,10,69
2015,7,12,12,classified,+1 Lap,0,11,69
2015,7,13,13,classified,+1 Lap,0,9,69
2015,7,14,14,classified,+1 Lap,0,12,69
2015,7,15,15,classified,+1 Lap,0,19,69
2015,7,16,16,classified,+2 Laps,0,14,68
2015,7,17,17,classified,+4 Laps,0,17,66
2015,7,18,R,retired,Retired,0,16,57
2015,7,19,R,retired,Retired,0,20,54
2015,7,20,R,retired,Engine,0,13,44
2015,8,1,1,classified,Finished,25,2,71
2015,8,2,2,classified,Finished,18,1,71
2015,8,3,3,classified,Finished,15,4,71
2015,8,4,4,classified,Finished,12,3,71
2015,8,5,5,classified,Finished,10,6,71
2015,8,6,6,classified,Finished,8,5,71
2015,8,7,7,classified,+1 Lap,6,10,70
2015,8,8,8,classified,+1 Lap,4,7,70
2015,8,9,9,classified,+1 Lap,2,13,70
2015,8,10,10,classified,+1 Lap,1,18,70
2015,8,11,11,classified,+1 Lap,0,8,70
2015,8,12,12,classified,+1 Lap,0,15,70
2015,8,13,13,classified,+2 Laps,0,11,69
2015,8,14,14,classified,+3 Laps,0,16,68
2015,8,15,R,retired,Gearbox,0,9,35
2015,8,16,R,retired,Power loss,0,12,35
2015,8,17,R,retired,Retired,0,20,8
2015,8,18,R,retired,Oil leak,0,17,1
2015,8,19,R,retired,Collision,0,14,0
2015,8,20,R,retired,Collision,0,19,0
2015,9,1,1,classified,Finished,25,1,52
2015,9,2,2,classified,Finished,18,2,52
2015,9,3,3,classified,Finished,15,6,52
2015,9,4,4,classified,Finished,12,3,52
2015,9,5,5,classified,Finished,10,4,52
2015,9,6,6,classified,Finished,8,7,52
2015,9,7,7,classified,Finished,6,9,52
2015,9,8,8,classified,+1 Lap,4,5,51
2015,9,9,9,classified,+1 Lap,2,11,51
2015,9,10,10,classified,+1 Lap,1,17,51
2015,9,11,11,classified,+1 Lap,0,15,51
2015,9,12,12,classified,+3 Laps,0,20,49
2015,9,13,13,classified,+3 Laps,0,19,49
2015,9,14,R,retired,Electrical,0,8,31
2015,9,15,R,retired,Electrical,0,10,21
2015,9,16,R,retired,Spun off,0,13,3
2015,9,17,R,retired,Collision,0,12,0
2015,9,18,R,retired,Collision,0,14,0
2015,9,19,R,retired,Collision,0,18,0
2015,9,20,W,withdrawn,Gearbox,0,16,0
2015,10,1,1,classified,Finished,25,3,69
2015,10,2,2,classified,Finished,18,7,69
2015,10,3,3,classified,Finished,15,4,69
2015,10,4,4,classified,Finished,12,9,69
2015,10,5,5,classified,Finished,10,15,69
2015,10,6,6,classified,Finished,8,1,69
2015,10,7,7,classified,Finished,6,10,69
2015,10,8,8,classified,Finished,4,2,69
2015,10,9,9,classified,Finished,2,16,69
2015,10,10,10,classified,Finished,1,17,69
2015,10,11,11,classified,Finished,0,18,69
2015,10,12,12,classified,Finished,0,8,69
2015,10,13,13,classified,Finished,0,6,69
2015,10,14,14,classified,Finished,0,14,69
2015,10,15,15,classified,+2 Laps,0,19,67
2015,10,16,16,classified,+4 Laps,0,20,65
2015,10,17,R,retired,Electrical,0,12,60
2015,10,18,R,retired,Power Unit,0,5,55
2015,10,19,R,retired,Suspension,0,13,53
2015,10,20,R,retired,Front wing,0,11,41
2015,11,1,1,classified,Finished,25,1,43
2015,11,2,2,classified,Finished,18,2,43
2015,11,3,3,classified,Finished,15,9,43
2015,11,4,4,classified,Finished,12,12,43
2015,11,5,5,classified,Finished,10,4,43
2015,11,6,6,classified,Finished,8,6,43
2015,11,7,7,classified,Finished,6,16,43
2015,11,8,8,classified,Finished,4,18,43
2015,11,9,9,classified,Power Unit,2,3,43
2015,11,10,10,classified,Finished,1,13,43
2015,11,11,11,classified,Finished,0,14,43
2015,11,12,12,classified,Tyre,0,8,42
2015,11,13,13,classified,+1 Lap,0,20,42
2015,11,14,14,classified,+1 Lap,0,19,42
2015,11,15,15,classified,+1 Lap,0,17,42
2015,11,16,16,classified,+1 Lap,0,15,42
2015,11,17,R,retired,Power Unit,0,10,32
2015,11,18,R,retired,Power Unit,0,5,19
2015,11,19,R,retired,Engine,0,7,2
2015,11,20,W,withdrawn,Power loss,0,11,0
2015,12,1,1,classified,Finished,25,1,53
2015,12,2,2,classified,Finished,18,3,53
2015,12,3,3,classified,Finished,15,5,53
2015,12,4,4,classified,Finished,12,6,53
2015,12,5,5,classified,Finished,10,2,53
2015,12,6,6,classified,Finished,8,7,53
2015,12,7,7,classified,+1 Lap,6,9,52
2015,12,8,8,classified,+1 Lap,4,19,52
2015,12,9,9,classified,+1 Lap,2,12,52
2015,12,10,10,classified,+1 Lap,1,18,52
2015,12,11,11,classified,+1 Lap,0,17,52
2015,12,12,12,classified,+1 Lap,0,20,52
2015,12,13,13,classified,+1 Lap,0,17,52
2015,12,14,14,classified,+1 Lap,0,15,52
2015,12,15,15,classified,+2 Laps,0,13,51
2015,12,16,16,classified,+2 Laps,0,14,51
2015,12,17,17,classified,+3 Laps,0,4,50
2015,12,18,18,classified,+6 Laps,0,16,47
2015,12,19,R,retired,Collision damage,0,8,1
2015,12,20,R,retired,Collision damage,0,10,1
2015,13,1,1,classified,Finished,25,1,61
2015,13,2,2,classified,Finished,18,2,61
2015,13,3,3,classified,Finished,15,3,61
2015,13,4,4,classified,Finished,12,6,61
2015,13,5,5,classified,Finished,10,7,61
2015,13,6,6,classified,Finished,8,4,61
2015,13,7,7,classified,Finished,6,13,61
2015,13,8,8,classified,Finished,4,8,61
2015,13,9,9,classified,Finished,2,14,61
2015,13,10,10,classified,Finished,1,16,61
2015,13,11,11,classified,Finished,0,17,61
2015,13,12,12,classified,Finished,0,18,61
2015,13,13,13,classified,Tyre,0,10,59
2015,13,14,14,classified,+2 Laps,0,20,59
2015,13,15,15,classified,+2 Laps,0,19,59
2015,13,16,R,retired,Gearbox,0,15,52
2015,13,17,R,retired,Gearbox,0,12,33
2015,13,18,R,retired,Throttle,0,5,32
2015,13,19,R,retired,Gearbox,0,9,30
2015,13,20,R,retired,Collision,0,11,12
2015,14,1,1,classified,Finished,25,2,53
2015,14,2,2,classified,Finished,18,1,53
2015,14,3,3,classified,Finished,15,4,53
2015,14,4,4,classified,Finished,12,6,53
2015,14,5,5,classified,Finished,10,3,53
2015,14,6,6,classified,Finished,8,13,53
2015,14,7,7,classified,Finished,6,8,53
2015,14,8,8,classified,Finished,4,11,53
2015,14,9,9,classified,Finished,2,17,53
2015,14,10,10,classified,+1 Lap,1,10,52
2015,14,11,11,classified,+1 Lap,0,12,52
2015,14,12,12,classified,+1 Lap,0,9,52
2015,14,13,13,classified,+1 Lap,0,20,52
2015,14,14,14,classified,+1 Lap,0,15,52
2015,14,15,15,classified,+1 Lap,0,7,52
2015,14,16,16,classified,+1 Lap,0,14,52
2015,14,17,17,classified,+2 Laps,0,5,51
2015,14,18,18,classified,+2 Laps,0,19,51
2015,14,19,19,classified,+3 Laps,0,18,50
2015,14,20,R,retired,Retired,0,16,49
2015,15,1,1,classified,Finished,25,2,53
2015,15,2,2,classified,Finished,18,4,53
2015,15,3,3,classified,Finished,15,7,53
2015,15,4,4,classified,Finished,12,15,53
2015,15,5,5,classified,Finished,10,11,53
2015,15,6,6,classified,Finished,8,12,53
2015,15,7,7,classified,Finished,6,14,53
2015,15,8,8,classified,Finished,4,5,53
2015,15,9,9,classified,Finished,2,13,53
2015,15,10,10,classified,Finished,1,9,53
2015,15,11,11,classified,Finished,0,19,53
2015,15,12,12,classified,Collision,0,3,52
2015,15,13,13,classified,+1 Lap,0,18,52
2015,15,14,14,classified,+2 Laps,0,17,51
2015,15,15,15,classified,Suspension,0,10,47
2015,15,16,R,retired,Brakes,0,20,45
2015,15,17,R,retired,Accident,0,8,11
2015,15,18,R,retired,Throttle,0,1,7
2015,15,19,R,retired,Collision,0,6,0
2015,15,20,R,retired,Collision,0,17,0
2015,16,1,1,classified,Finished,25,2,56
2015,16,2,2,classified,Finished,18,1,56
2015,16,3,3,classified,Finished,15,13,56
2015,16,4,4,classified,Finished,12,8,56
2015,16,5,5,classified,Finished,10,5,56
2015,16,6,6,classified,Finished,8,11,56
2015,16,7,7,classified,Finished,6,20,56
2015,16,8,8,classified,Finished,4,12,56
2015,16,9,9,classified,Finished,2,15,56
2015,16,10,10,classified,Finished,1,3,56
2015,16,11,11,classified,Finished,0,9,56
2015,16,12,12,classified,Finished,0,17,56
2015,16,13,R,retired,Accident,0,4,41
2015,16,14,R,retired,Accident,0,6,35
2015,16,15,R,retired,Retired,0,14,25
2015,16,16,R,retired,Brake duct,0,18,25
2015,16,17,R,retired,Retired,0,7,23
2015,16,18,R,retired,Retired,0,10,10
2015,16,19,R,retired,Retired,0,16,5
2015,16,20,R,retired,Retired,0,19,1
2015,17,1,1,classified,Finished,25,1,71
2015,17,2,2,classified,Finished,18,2,71
2015,17,3,3,classified,Finished,15,6,71
2015,17,4,4,classified,Finished,12,4,71
2015,17,5,5,classified,Finished,10,5,71
2015,17,6,6,classified,Finished,8,7,71
2015,17,7,7,classified,Finished,6,10,71
2015,17,8,8,classified,Finished,4,9,71
2015,17,9,9,classified,Finished,2,8,71
2015,17,10,10,classified,Finished,1,12,71
2015,17,11,11,classified,Finished,0,13,71
2015,17,12,12,classified,Finished,0,14,71
2015,17,13,13,classified,Finished,0,11,71
2015,17,14,14,classified,Finished,0,20,71
2015,17,15,15,classified,+2 Laps,0,16,69
2015,17,16,16,classified,+2 Laps,0,17,69
2015,17,17,R,retired,Brakes,0,15,57
2015,17,18,R,retired,Accident,0,3,50
2015,17,19,R,retired,Collision,0,19,21
2015,17,20,R,retired,Retired,0,18,1
2015,18,1,1,classified,Finished,25,1,71
2015,18,2,2,classified,Finished,18,2,71
2015,18,3,3,classified,Finished,15,3,71
2015,18,4,4,classified,Finished,12,4,71
2015,18,5,5,classified,+1 Lap,10,7,70
2015,18,6,6,classified,+1 Lap,8,5,70
2015,18,7,7,classified,+1 Lap,6,6,70
2015,18,8,8,classified,+1 Lap,4,14,70
2015,18,9,9,classified,+1 Lap,2,9,70
2015,18,10,10,classified,+1 Lap,1,15,70
2015,18,11,11,classified,+1 Lap,0,19,70
2015,18,12,12,classified,+1 Lap,0,11,70
2015,18,13,13,classified,+1 Lap,0,13,70
2015,18,14,14,classified,+1 Lap,0,16,70
2015,18,15,15,classified,+1 Lap,0,20,70
2015,18,16,16,classified,+2 Laps,0,12,69
2015,18,17,17,classified,+4 Laps,0,18,67
2015,18,18,18,classified,+4 Laps,0,17,67
2015,18,19,R,retired,Retired,0,10,0
2015,18,20,D,disqualified,Excluded,0,8,70
2015,19,1,1,classified,Finished,25,1,55
2015,19,2,2,classified,Finished,18,2,55
2015,19,3,3,classified,Finished,15,3,55
2015,19,4,4,classified,Finished,12,15,55
2015,19,5,5,classified,Finished,10,4,55
2015,19,6,6,classified,Finished,8,5,55
2015,19,7,7,classified,Finished,6,7,55
2015,19,8,8,classified,Finished,4,8,55
2015,19,9,9,classified,Finished,2,18,55
2015,19,10,10,classified,Finished,1,9,55
2015,19,11,11,classified,Finished,0,10,55
2015,19,12,12,classified,+1 Lap,0,12,54
2015,19,13,13,classified,+1 Lap,0,6,54
2015,19,14,14,classified,+1 Lap,0,17,54
2015,19,15,15,classified,+1 Lap,0,14,54
2015,19,16,16,classified,+1 Lap,0,11,54
2015,19,17,17,classified,+2 Laps,0,16,53
2015,19,18,18,classified,+2 Laps,0,19,53
2015,19,19,19,classified,+3 Laps,0,20,52
2015,19,20,R,retired,Collision,0,13,0
2016,1,1,1,classified,Finished,25,2,57
2016,1,2,2,classified,Finished,18,1,57
2016,1,3,3,classified,Finished,15,3,57
2016,1,4,4,classified,Finished,12,8,57
2016,1,5,5,classified,Finished,10,6,57
2016,1,6,6,classified,Finished,8,19,57
2016,1,7,7,classified,Finished,6,10,57
2016,1,8,8,classified,Finished,4,16,57
2016,1,9,9,classified,Finished,2,7,57
2016,1,10,10,classified,Finished,1,5,57
2016,1,11,11,classified,Finished,0,13,57
2016,1,12,12,classified,Finished,0,14,57
2016,1,13,13,classified,Finished,0,9,57
2016,1,14,14,classified,+1 Lap,0,12,56
2016,1,15,15,classified,+1 Lap,0,17,56
2016,1,16,16,classified,+1 Lap,0,21,56
2016,1,17,R,retired,Engine,0,15,38
2016,1,18,R,retired,Engine,0,4,21
2016,1,19,R,retired,Mechanical,0,22,17
2016,1,20,R,retired,Collision,0,20,16
2016,1,21,R,retired,Collision,0,11,16
2016,1,22,W,withdrawn,Retired,0,18,0
2016,2,1,1,classified,Finished,25,2,57
2016,2,2,2,classified,Finished,18,4,57
2016,2,3,3,classified,Finished,15,1,57
2016,2,4,4,classified,Finished,12,5,57
2016,2,5,5,classified,Finished,10,9,57
2016,2,6,6,classified,Finished,8,10,57
2016,2,7,7,classified,+1 Lap,6,15,56
2016,2,8,8,classified,+1 Lap,4,7,56
2016,2,9,9,classified,+1 Lap,2,6,56
2016,2,10,10,classified,+1 Lap,1,12,56
2016,2,11,11,classified,+1 Lap,0,22,56
2016,2,12,12,classified,+1 Lap,0,17,56
2016,2,13,13,classified,+1 Lap,0,16,56
2016,2,14,14,classified,+1 Lap,0,21,56
2016,2,15,15,classified,+1 Lap,0,8,56
2016,2,16,16,classified,+1 Lap,0,18,56
2016,2,17,17,classified,+1 Lap,0,20,56
2016,2,18,R,retired,Retired,0,11,29
2016,2,19,R,retired,Retired,0,13,9
2016,2,20,R,retired,Power Unit,0,14,6
2016,2,21,W,withdrawn,Engine,0,3,0
2016,2,22,W,withdrawn,Hydraulics,0,19,0
2016,3,1,1,classified,Finished,25,1,56
2016,3,2,2,classified,Finished,18,4,56
2016,3,3,3,classified,Finished,15,6,56
2016,3,4,4,classified,Finished,12,2,56
2016,3,5,5,classified,Finished,10,3,56
2016,3,6,6,classified,Finished,8,10,56
2016,3,7,7,classified,Finished,6,22,56
2016,3,8,8,classified,Finished,4,9,56
2016,3,9,9,classified,Finished,2,8,56
2016,3,10,10,classified,Finished,1,5,56
2016,3,11,11,classified,Finished,0,7,56
2016,3,12,12,classified,Finished,0,11,56
2016,3,13,13,classified,Finished,0,12,56
2016,3,14,14,classified,+1 Lap,0,18,55
2016,3,15,15,classified,+1 Lap,0,13,55
2016,3,16,16,classified,+1 Lap,0,15,55
2016,3,17,17,classified,+1 Lap,0,17,55
2016,3,18,18,classified,+1 Lap,0,21,55
2016,3,19,19,classified,+1 Lap,0,14,55
2016,3,20,20,classified,+1 Lap,0,16,55
2016,3,21,21,classified,+1 Lap,0,20,55
2016,3,22,22,classified,+1 Lap,0,19,55
2016,4,1,1,classified,Finished,25,1,53
2016,4,2,2,classified,Finished,18,10,53
2016,4,3,3,classified,Finished,15,3,53
2016,4,4,4,classified,Finished,12,2,53
2016,4,5,5,classified,Finished,10,4,53
2016,4,6,6,classified,+1 Lap,8,14,52
2016,4,7,7,classified,+1 Lap,6,17,52
2016,4,8,8,classified,+1 Lap,4,15,52
2016,4,9,9,classified,+1 Lap,2,6,52
2016,4,10,10,classified,+1 Lap,1,12,52
2016,4,11,11,classified,+1 Lap,0,5,52
2016,4,12,12,classified,+1 Lap,0,11,52
2016,4,13,13,classified,+1 Lap,0,18,52
2016,4,14,14,classified,+1 Lap,0,22,52
2016,4,15,15,classified,+1 Lap,0,8,52
2016,4,16,16,classified,+1 Lap,0,19,52
2016,4,17,17,classified,+1 Lap,0,16,52
2016,4,18,18,classified,+2 Laps,0,20,51
2016,4,19,R,retired,Power Unit,0,9,33
2016,4,20,R,retired,Collision,0,7,0
2016,4,21,R,retired,Collision,0,13,0
2016,4,22,R,retired,Collision,0,21,0
2016,5,1,1,classified,Finished,25,4,66
2016,5,2,2,classified,Finished,18,5,66
2016,5,3,3,classified,Finished,15,6,66
2016,5,4,4,classified,Finished,12,3,66
2016,5,5,5,classified,Finished,10,7,66
2016,5,6,6,classified,Finished,8,8,66
2016,5,7,7,classified,Finished,6,9,66
2016,5,8,8,classified,Finished,4,18,66
2016,5,9,9,classified,+1 Lap,2,12,65
2016,5,10,10,classified,+1 Lap,1,13,65
2016,5,11,11,classified,+1 Lap,0,16,65
2016,5,12,12,classified,+1 Lap,0,19,65
2016,5,13,13,classified,+1 Lap,0,17,65
2016,5,14,14,classified,+1 Lap,0,15,65
2016,5,15,15,classified,+1 Lap,0,20,65
2016,5,16,16,classified,+1 Lap,0,21,65
2016,5,17,17,classified,+1 Lap,0,22,65
2016,5,18,R,retired,Engine,0,14,56
2016,5,19,R,retired,Engine,0,10,45
2016,5,20,R,retired,Engine,0,11,20
2016,5,21,R,retired,Collision,0,1,0
2016,5,22,R,retired,Collision,0,2,0
2016,6,1,1,classified,Finished,25,3,78
2016,6,2,2,classified,Finished,18,1,78
2016,6,3,3,classified,Finished,15,7,78
2016,6,4,4,classified,Finished,12,4,78
2016,6,5,5,classified,Finished,10,9,78
2016,6,6,6,classified,Finished,8,5,78
2016,6,7,7,classified,Finished,6,2,78
2016,6,8,8,classified,+1 Lap,4,6,77
2016,6,9,9,classified,+1 Lap,2,13,77
2016,6,10,10,classified,+1 Lap,1,14,77
2016,6,11,11,classified,+1 Lap,0,12,77
2016,6,12,12,classified,+1 Lap,0,10,77
2016,6,13,13,classified,+2 Laps,0,15,76
2016,6,14,14,classified,+2 Laps,0,20,76
2016,6,15,15,classified,+4 Laps,0,19,74
2016,6,16,R,retired,Collision,0,17,51
2016,6,17,R,retired,Retired,0,0,48
2016,6,18,R,retired,Accident,0,0,34
2016,6,19,R,retired,Retired,0,16,32
2016,6,20,R,retired,Accident,0,8,18
2016,6,21,R,retired,Accident,0,11,10
2016,6,22,R,retired,Accident,0,18,7
2016,7,1,1,classified,Finished,25,1,70
2016,7,2,2,classified,Finished,18,3,70
2016,7,3,3,classified,Finished,15,7,70
2016,7,4,4,classified,Finished,12,5,70
2016,7,5,5,classified,Finished,10,2,70
2016,7,6,6,classified,Finished,8,6,70
2016,7,7,7,classified,Finished,6,4,70
2016,7,8,8,classified,+1 Lap,4,9,69
2016,7,9,9,classified,+1 Lap,2,20,69
2016,7,10,10,classified,+1 Lap,1,11,69
2016,7,11,11,classified,+1 Lap,0,10,69
2016,7,12,12,classified,+1 Lap,0,15,69
2016,7,13,13,classified,+2 Laps,0,13,68
2016,7,14,14,classified,+2 Laps,0,14,68
2016,7,15,15,classified,+2 Laps,0,21,68
2016,7,16,16,classified,+2 Laps,0,22,68
2016,7,17,17,classified,+2 Laps,0,17,68
2016,7,18,18,classified,+2 Laps,0,18,68
2016,7,19,19,classified,+2 Laps,0,19,68
2016,7,20,R,retired,Retired,0,8,35
2016,7,21,R,retired,Retired,0,16,16
2016,7,22,R,retired,Power Unit,0,12,9
2016,8,1,1,classified,Finished,25,1,51
2016,8,2,2,classified,Finished,18,3,51
2016,8,3,3,classified,Finished,15,7,51
2016,8,4,4,classified,Finished,12,4,51
2016,8,5,5,classified,Finished,10,10,51
2016,8,6,6,classified,Finished,8,8,51
2016,8,7,7,classified,Finished,6,2,51
2016,8,8,8,classified,Finished,4,9,51
2016,8,9,9,classified,Finished,2,12,51
2016,8,10,10,classified,Finished,1,5,51
2016,8,11,11,classified,Finished,0,19,51
2016,8,12,12,classified,+1 Lap,0,15,50
2016,8,13,13,classified,+1 Lap,0,11,50
2016,8,14,14,classified,+1 Lap,0,22,50
2016,8,15,15,classified,+1 Lap,0,21,50
2016,8,16,16,classified,+1 Lap,0,14,50
2016,8,17,17,classified,+1 Lap,0,20,50
2016,8,18,18,classified,+2 Laps,0,16,49
2016,8,19,R,retired,Gearbox,0,13,42
2016,8,20,R,retired,Brakes,0,17,39
2016,8,21,R,retired,Suspension,0,18,31
2016,8,22,R,retired,Suspension,0,6,6
2016,9,1,1,classified,Finished,25,1,71
2016,9,2,2,classified,Finished,18,8,71
2016,9,3,3,classified,Finished,15,4,71
2016,9,4,4,classified,Finished,12,6,71
2016,9,5,5,classified,Finished,10,5,71
2016,9,6,6,classified,Finished,8,3,71
2016,9,7,7,classified,Finished,6,13,71
2016,9,8,8,classified,Finished,4,15,71
2016,9,9,9,classified,+1 Lap,2,7,70
2016,9,10,10,classified,+1 Lap,1,12,70
2016,9,11,11,classified,+1 Lap,0,11,70
2016,9,12,12,classified,+1 Lap,0,19,70
2016,9,13,13,classified,+1 Lap,0,21,70
2016,9,14,14,classified,+1 Lap,0,17,70
2016,9,15,15,classified,+1 Lap,0,18,70
2016,9,16,16,classified,+1 Lap,0,20,70
2016,9,17,17,classified,Brakes,0,16,69
2016,9,18,18,classified,Battery,0,14,64
2016,9,19,19,classified,Brakes,0,2,64
2016,9,20,20,classified,Brakes,0,0,63
2016,9,21,R,retired,Tyre,0,9,26
2016,9,22,R,retired,Retired,0,0,2
2016,10,1,1,classified,Finished,25,1,52
2016,10,2,2,classified,Finished,18,3,52
2016,10,3,3,classified,Finished,15,2,52
2016,10,4,4,classified,Finished,12,4,52
2016,10,5,5,classified,Finished,10,5,52
2016,10,6,6,classified,Finished,8,10,52
2016,10,7,7,classified,Finished,6,8,52
2016,10,8,8,classified,Finished,4,7,52
2016,10,9,9,classified,Finished,2,11,52
2016,10,10,10,classified,Finished,1,15,52
2016,10,11,11,classified,+1 Lap,0,12,51
2016,10,12,12,classified,+1 Lap,0,17,51
2016,10,13,13,classified,+1 Lap,0,9,51
2016,10,14,14,classified,+1 Lap,0,6,51
2016,10,15,15,classified,+1 Lap,0,21,51
2016,10,16,16,classified,+1 Lap,0,14,51
2016,10,17,17,classified,Gearbox,0,16,49
2016,10,18,R,retired,Gearbox,0,18,37
2016,10,19,R,retired,Spun off,0,19,24
2016,10,20,R,retired,Retired,0,13,17
2016,10,21,R,retired,Power Unit,0,22,11
2016,10,22,R,retired,Spun off,0,20,6
2016,11,1,1,classified,Finished,25,2,70
2016,11,2,2,classified,Finished,18,1,70
2016,11,3,3,classified,Finished,15,3,70
2016,11,4,4,classified,Finished,12,5,70
2016,11,5,5,classified,Finished,10,4,70
2016,11,6,6,classified,Finished,8,14,70
2016,11,7,7,classified,+1 Lap,6,7,69
2016,11,8,8,classified,+1 Lap,4,6,69
2016,11,9,9,classified,+1 Lap,2,10,69
2016,11,10,10,classified,+1 Lap,1,9,69
2016,11,11,11,classified,+1 Lap,0,13,69
2016,11,12,12,classified,+1 Lap,0,17,69
2016,11,13,13,classified,+1 Lap,0,15,69
2016,11,14,14,classified,+1 Lap,0,11,69
2016,11,15,15,classified,+1 Lap,0,19,69
2016,11,16,16,classified,+1 Lap,0,12,69
2016,11,17,17,classified,+1 Lap,0,16,69
2016,11,18,18,classified,+2 Laps,0,18,68
2016,11,19,19,classified,+2 Laps,0,20,68
2016,11,20,20,classified,+2 Laps,0,22,68
2016,11,21,21,classified,+2 Laps,0,21,68
2016,11,22,R,retired,Oil leak,0,8,60
2016,12,1,1,classified,Finished,25,2,67
2016,12,2,2,classified,Finished,18,3,67
2016,12,3,3,classified,Finished,15,4,67
2016,12,4,4,classified,Finished,12,1,67
2016,12,5,5,classified,Finished,10,6,67
2016,12,6,6,classified,Finished,8,5,67
2016,12,7,7,classified,Finished,6,8,67
2016,12,8,8,classified,+1 Lap,4,12,66
2016,12,9,9,classified,+1 Lap,2,7,66
2016,12,10,10,classified,+1 Lap,1,9,66
2016,12,11,11,classified,+1 Lap,0,11,66
2016,12,12,12,classified,+1 Lap,0,13,66
2016,12,13,13,classified,+1 Lap,0,20,66
2016,12,14,14,classified,+1 Lap,0,15,66
2016,12,15,15,classified,+1 Lap,0,18,66
2016,12,16,16,classified,+1 Lap,0,16,66
2016,12,17,17,classified,+2 Laps,0,17,65
2016,12,18,18,classified,+2 Laps,0,22,65
2016,12,19,19,classified,+2 Laps,0,14,65
2016,12,20,20,classified,+2 Laps,0,19,65
2016,12,21,R,retired,Power Unit,0,21,57
2016,12,22,R,retired,Suspension,0,10,36
2016,13,1,1,classified,Finished,25,1,44
2016,13,2,2,classified,Finished,18,5,44
2016,13,3,3,classified,Finished,15,21,44
2016,13,4,4,classified,Finished,12,7,44
2016,13,5,5,classified,Finished,10,6,44
2016,13,6,6,classified,Finished,8,4,44
2016,13,7,7,classified,Finished,6,22,44
2016,13,8,8,classified,Finished,4,8,44
2016,13,9,9,classified,Finished,2,3,44
2016,13,10,10,classified,Finished,1,10,44
2016,13,11,11,classified,Finished,0,2,44
2016,13,12,12,classified,Finished,0,18,44
2016,13,13,13,classified,Finished,0,11,44
2016,13,14,14,classified,Finished,0,19,44
2016,13,15,15,classified,Finished,0,13,44
2016,13,16,16,classified,+1 Lap,0,17,43
2016,13,17,17,classified,+1 Lap,0,16,43
2016,13,18,R,retired,Accident,0,12,5
2016,13,19,R,retired,Gearbox,0,20,3
2016,13,20,R,retired,Puncture,0,14,1
2016,13,21,R,retired,Collision damage,0,9,1
2016,13,22,R,retired,Collision damage,0,15,0
2016,14,1,1,classified,Finished,25,2,53
2016,14,2,2,classified,Finished,18,1,53
2016,14,3,3,classified,Finished,15,3,53
2016,14,4,4,classified,Finished,12,4,53
2016,14,5,5,classified,Finished,10,6,53
2016,14,6,6,classified,Finished,8,5,53
2016,14,7,7,classified,Finished,6,7,53
2016,14,8,8,classified,Finished,4,8,53
2016,14,9,9,classified,Finished,2,11,53
2016,14,10,10,classified,Finished,1,9,53
2016,14,11,11,classified,+1 Lap,0,17,52
2016,14,12,12,classified,+1 Lap,0,14,52
2016,14,13,13,classified,+1 Lap,0,10,52
2016,14,14,14,classified,+1 Lap,0,12,52
2016,14,15,15,classified,+1 Lap,0,15,52
2016,14,16,16,classified,+1 Lap,0,19,52
2016,14,17,17,classified,+1 Lap,0,21,52
2016,14,18,18,classified,+2 Laps,0,22,51
2016,14,19,R,retired,Battery,0,16,36
2016,14,20,R,retired,Oil leak,0,13,26
2016,14,21,R,retired,Collision damage,0,20,7
2016,14,22,R,retired,Collision damage,0,18,6
2016,15,1,1,classified,Finished,25,1,61
2016,15,2,2,classified,Finished,18,2,61
2016,15,3,3,classified,Finished,15,3,61
2016,15,4,4,classified,Finished,12,5,61
2016,15,5,5,classified,Finished,10,22,61
2016,15,6,6,classified,Finished,8,4,61
2016,15,7,7,classified,Finished,6,9,61
2016,15,8,8,classified,Finished,4,17,61
2016,15,9,9,classified,Finished,2,7,61
2016,15,10,10,classified,Finished,1,15,61
2016,15,11,11,classified,+1 Lap,0,13,60
2016,15,12,12,classified,+1 Lap,0,11,60
2016,15,13,13,classified,+1 Lap,0,16,60
2016,15,14,14,classified,+1 Lap,0,6,60
2016,15,15,15,classified,+1 Lap,0,18,60
2016,15,16,16,classified,+1 Lap,0,19,60
2016,15,17,17,classified,+1 Lap,0,14,60
2016,15,18,18,classified,+2 Laps,0,21,59
2016,15,19,R,retired,Brakes,0,12,43
2016,15,20,R,retired,Overheating,0,10,35
2016,15,21,R,retired,Collision,0,8,0
2016,15,22,W,withdrawn,Withdrew,0,20,0
2016,16,1,1,classified,Finished,25,4,56
2016,16,2,2,classified,Finished,18,3,56
2016,16,3,3,classified,Finished,15,2,56
2016,16,4,4,classified,Finished,12,6,56
2016,16,5,5,classified,Finished,10,11,56
2016,16,6,6,classified,Finished,8,7,56
2016,16,7,7,classified,Finished,6,22,56
2016,16,8,8,classified,Finished,4,8,56
2016,16,9,9,classified,Finished,2,9,56
2016,16,10,10,classified,Finished,1,19,56
2016,16,11,11,classified,Finished,0,16,56
2016,16,12,12,classified,+1 Lap,0,17,55
2016,16,13,13,classified,+1 Lap,0,10,55
2016,16,14,14,classified,+1 Lap,0,15,55
2016,16,15,15,classified,+1 Lap,0,21,55
2016,16,16,16,classified,+1 Lap,0,20,55
2016,16,17,R,retired,Brakes,0,18,46
2016,16,18,R,retired,Engine,0,1,40
2016,16,19,R,retired,Wheel nut,0,13,39
2016,16,20,R,retired,Power loss,0,14,17
2016,16,21,R,retired,Brakes,0,12,7
2016,16,22,R,retired,Collision,0,5,0
2016,17,1,1,classified,Finished,25,1,53
2016,17,2,2,classified,Finished,18,3,53
2016,17,3,3,classified,Finished,15,2,53
2016,17,4,4,classified,Finished,12,6,53
2016,17,5,5,classified,Finished,10,8,53
2016,17,6,6,classified,Finished,8,4,53
2016,17,7,7,classified,Finished,6,5,53
2016,17,8,8,classified,Finished,4,9,53
2016,17,9,9,classified,Finished,2,12,53
2016,17,10,10,classified,Finished,1,11,53
2016,17,11,11,classified,Finished,0,7,53
2016,17,12,12,classified,+1 Lap,0,16,52
2016,17,13,13,classified,+1 Lap,0,13,52
2016,17,14,14,classified,+1 Lap,0,17,52
2016,17,15,15,classified,+1 Lap,0,18,52
2016,17,16,16,classified,+1 Lap,0,15,52
2016,17,17,17,classified,+1 Lap,0,14,52
2016,17,18,18,classified,+1 Lap,0,22,52
2016,17,19,19,classified,+1 Lap,0,19,52
2016,17,20,20,classified,+1 Lap,0,10,52
2016,17,21,21,classified,+1 Lap,0,20,52
2016,17,22,22,classified,+1 Lap,0,21,52
2016,18,1,1,classified,Finished,25,1,56
2016,18,2,2,classified,Finished,18,2,56
2016,18,3,3,classified,Finished,15,3,56
2016,18,4,4,classified,Finished,12,6,56
2016,18,5,5,classified,Finished,10,12,56
2016,18,6,6,classified,Finished,8,10,56
2016,18,7,7,classified,+1 Lap,6,9,55
2016,18,8,8,classified,+1 Lap,4,11,55
2016,18,9,9,classified,+1 Lap,2,19,55
2016,18,10,10,classified,+1 Lap,1,17,55
2016,18,11,11,classified,+1 Lap,0,13,55
2016,18,12,12,classified,+1 Lap,0,18,55
2016,18,13,13,classified,+1 Lap,0,15,55
2016,18,14,14,classified,+1 Lap,0,16,55
2016,18,15,15,classified,+1 Lap,0,21,55
2016,18,16,16,classified,+1 Lap,0,8,55
2016,18,17,17,classified,+1 Lap,0,20,55
2016,18,18,18,classified,+2 Laps,0,22,54
2016,18,19,R,retired,Wheel,0,5,38
2016,18,20,R,retired,Gearbox,0,4,28
2016,18,21,R,retired,Brakes,0,14,16
2016,18,22,R,retired,Collision,0,7,1
2016,19,1,1,classified,Finished,25,1,71
2016,19,2,2,classified,Finished,18,2,71
2016,19,3,3,classified,Finished,15,4,71
2016,19,4,4,classified,Finished,12,3,71
2016,19,5,5,classified,Finished,10,7,71
2016,19,6,6,classified,Finished,8,6,71
2016,19,7,7,classified,Finished,6,5,71
2016,19,8,8,classified,Finished,4,8,71
2016,19,9,9,classified,Finished,2,9,71
2016,19,10,10,classified,Finished,1,12,71
2016,19,11,11,classified,+1 Lap,0,15,70
2016,19,12,12,classified,+1 Lap,0,13,70
2016,19,13,13,classified,+1 Lap,0,11,70
2016,19,14,14,classified,+1 Lap,0,21,70
2016,19,15,15,classified,+1 Lap,0,19,70
2016,19,16,16,classified,+1 Lap,0,10,70
2016,19,17,17,classified,+1 Lap,0,14,70
2016,19,18,18,classified,+1 Lap,0,18,70
2016,19,19,19,classified,+1 Lap,0,17,70
2016,19,20,20,classified,+1 Lap,0,22,70
2016,19,21,21,classified,+2 Laps,0,20,69
2016,19,22,R,retired,Collision,0,16,0
2016,20,1,1,classified,Finished,25,1,71
2016,20,2,2,classified,Finished,18,2,71
2016,20,3,3,classified,Finished,15,4,71
2016,20,4,4,classified,Finished,12,9,71
2016,20,5,5,classified,Finished,10,5,71
2016,20,6,6,classified,Finished,8,15,71
2016,20,7,7,classified,Finished,6,8,71
2016,20,8,8,classified,Finished,4,6,71
2016,20,9,9,classified,Finished,2,21,71
2016,20,10,10,classified,Finished,1,10,71
2016,20,11,11,classified,Finished,0,11,71
2016,20,12,12,classified,Finished,0,22,71
2016,20,13,13,classified,Finished,0,14,71
2016,20,14,14,classified,Finished,0,18,71
2016,20,15,15,classified,Finished,0,19,71
2016,20,16,16,classified,Finished,0,17,71
2016,20,17,R,retired,Retired,0,12,60
2016,20,18,R,retired,Collision,0,13,46
2016,20,19,R,retired,Collision damage,0,16,20
2016,20,20,R,retired,Collision,0,3,19
2016,20,21,R,retired,Collision,0,20,11
2016,20,22,W,withdrawn,Withdrew,0,7,0
2016,21,1,1,classified,Finished,25,1,55
2016,21,2,2,classified,Finished,18,2,55
2016,21,3,3,classified,Finished,15,5,55
2016,21,4,4,classified,Finished,12,6,55
2016,21,5,5,classified,Finished,10,3,55
2016,21,6,6,classified,Finished,8,4,55
2016,21,7,7,classified,Finished,6,7,55
2016,21,8,8,classified,Finished,4,8,55
2016,21,9,9,classified,Finished,2,10,55
2016,21,10,10,classified,Finished,1,9,55
2016,21,11,11,classified,Finished,0,14,55
2016,21,12,12,classified,Finished,0,13,55
2016,21,13,13,classified,+1 Lap,0,20,54
2016,21,14,14,classified,+1 Lap,0,16,54
2016,21,15,15,classified,+1 Lap,0,22,54
2016,21,16,16,classified,+1 Lap,0,19,54
2016,21,17,17,classified,+1 Lap,0,15,54
2016,21,18,R,retired,Collision damage,0,21,41
2016,21,19,R,retired,Gearbox,0,17,14
2016,21,20,R,retired,Suspension,0,12,12
2016,21,21,R,retired,Suspension,0,11,6
2016,21,22,R,retired,Suspension,0,18,5
2017,1,1,1,classified,Finished,25,2,57
2017,1,2,2,classified,Finished,18,1,57
2017,1,3,3,classified,Finished,15,3,57
2017,1,4,4,classified,Finished,12,4,57
2017,1,5,5,classified,Finished,10,5,57
2017,1,6,6,classified,Finished,8,7,57
2017,1,7,7,classified,+1 Lap,6,10,56
2017,1,8,8,classified,+1 Lap,4,8,56
2017,1,9,9,classified,+1 Lap,2,9,56
2017,1,10,10,classified,+1 Lap,1,13,56
2017,1,11,11,classified,+1 Lap,0,11,56
2017,1,12,12,classified,+2 Laps,0,16,55
2017,1,13,13,classified,+2 Laps,0,18,55
2017,1,14,R,retired,Vibrations,0,12,50
2017,1,15,R,retired,Suspension,0,17,46
2017,1,16,R,retired,Brakes,0,20,40
2017,1,17,R,retired,Power Unit,0,0,25
2017,1,18,R,retired,Hydraulics,0,14,21
2017,1,19,R,retired,Brakes,0,19,15
2017,1,20,R,retired,Water leak,0,6,13
2017,2,1,1,classified,Finished,25,1,56
2017,2,2,2,classified,Finished,18,2,56
2017,2,3,3,classified,Finished,15,16,56
2017,2,4,4,classified,Finished,12,5,56
2017,2,5,5,classified,Finished,10,4,56
2017,2,6,6,classified,Finished,8,3,56
2017,2,7,7,classified,Finished,6,11,56
2017,2,8,8,classified,+1 Lap,4,12,55
2017,2,9,9,classified,+1 Lap,2,8,55
2017,2,10,10,classified,+1 Lap,1,17,55
2017,2,11,11,classified,+1 Lap,0,19,55
2017,2,12,12,classified,+1 Lap,0,7,55
2017,2,13,13,classified,+1 Lap,0,20,55
2017,2,14,14,classified,+1 Lap,0,6,55
2017,2,15,15,classified,+1 Lap,0,14,55
2017,2,16,R,retired,Driveshaft,0,13,33
2017,2,17,R,retired,Hydraulics,0,9,18
2017,2,18,R,retired,Fuel pressure,0,15,17
2017,2,19,R,retired,Accident,0,18,3
2017,2,20,R,retired,Collision,0,10,0
2017,3,1,1,classified,Finished,25,3,57
2017,3,2,2,classified,Finished,18,2,57
2017,3,3,3,classified,Finished,15,1,57
2017,3,4,4,classified,Finished,12,5,57
2017,3,5,5,classified,Finished,10,4,57
2017,3,6,6,classified,Finished,8,8,57
2017,3,7,7,classified,Finished,6,18,57
2017,3,8,8,classified,Finished,4,9,57
2017,3,9,9,classified,Finished,2,7,57
2017,3,10,10,classified,Finished,1,14,57
2017,3,11,11,classified,+1 Lap,0,13,56
2017,3,12,12,classified,+1 Lap,0,11,56
2017,3,13,13,classified,+1 Lap,0,10,56
2017,3,14,14,classified,Power Unit,0,15,54
2017,3,15,R,retired,Gearbox,0,19,50
2017,3,16,R,retired,Collision,0,16,12
2017,3,17,R,retired,Collision,0,12,12
2017,3,18,R,retired,Brakes,0,6,11
2017,3,19,R,retired,Electrical,0,20,8
2017,3,20,R,retired,Power Unit,0,17,0
2017,4,1,1,classified,Finished,25,3,52
2017,4,2,2,classified,Finished,18,1,52
2017,4,3,3,classified,Finished,15,2,52
2017,4,4,4,classified,Finished,12,4,52
2017,4,5,5,classified,Finished,10,7,52
2017,4,6,6,classified,Finished,8,9,52
2017,4,7,7,classified,Finished,6,10,52
2017,4,8,8,classified,Finished,4,8,52
2017,4,9,9,classified,+1 Lap,2,6,51
2017,4,10,10,classified,+1 Lap,1,14,51
2017,4,11,11,classified,+1 Lap,0,11,51
2017,4,12,12,classified,+1 Lap,0,12,51
2017,4,13,13,classified,+1 Lap,0,13,51
2017,4,14,14,classified,+1 Lap,0,20,51
2017,4,15,15,classified,+1 Lap,0,18,51
2017,4,16,16,classified,+2 Laps,0,17,50
2017,4,17,R,retired,Brakes,0,5,5
2017,4,18,R,retired,Collision,0,16,0
2017,4,19,R,retired,Collision,0,19,0
2017,4,20,W,withdrawn,Power Unit,0,15,0
2017,5,1,1,classified,Finished,25,1,66
2017,5,2,2,classified,Finished,18,2,66
2017,5,3,3,classified,Finished,15,6,66
2017,5,4,4,classified,+1 Lap,12,8,65
2017,5,5,5,classified,+1 Lap,10,10,65
2017,5,6,6,classified,+1 Lap,8,13,65
2017,5,7,7,classified,+1 Lap,6,12,65
2017,5,8,8,classified,+1 Lap,4,15,65
2017,5,9,9,classified,+1 Lap,2,19,65
2017,5,10,10,classified,+1 Lap,1,14,65
2017,5,11,11,classified,+2 Laps,0,16,64
2017,5,12,12,classified,+2 Laps,0,7,64
2017,5,13,13,classified,+2 Laps,0,9,64
2017,5,14,14,classified,+2 Laps,0,11,64
2017,5,15,15,classified,+2 Laps,0,17,64
2017,5,16,16,classified,+2 Laps,0,18,64
2017,5,17,R,retired,Power Unit,0,3,38
2017,5,18,R,retired,Collision,0,20,32
2017,5,19,R,retired,Collision damage,0,5,1
2017,5,20,R,retired,Collision damage,0,4,0
2017,6,1,1,classified,Finished,25,2,78
2017,6,2,2,classified,Finished,18,1,78
2017,6,3,3,classified,Finished,15,5,78
2017,6,4,4,classified,Finished,12,3,78
2017,6,5,5,classified,Finished,10,4,78
2017,6,6,6,classified,Finished,8,6,78
2017,6,7,7,classified,Finished,6,13,78
2017,6,8,8,classified,Finished,4,8,78
2017,6,9,9,classified,Finished,2,14,78
2017,6,10,10,classified,Finished,1,11,78
2017,6,11,11,classified,Finished,0,16,78
2017,6,12,12,classified,Finished,0,15,78
2017,6,13,13,classified,Finished,0,7,78
2017,6,14,14,classified,Collision damage,0,9,71
2017,6,15,15,classified,Brakes,0,17,71
2017,6,16,R,retired,Accident,0,12,66
2017,6,17,R,retired,Accident,0,19,63
2017,6,18,R,retired,Collision damage,0,20,57
2017,6,19,R,retired,Collision,0,18,57
2017,6,20,R,retired,Gearbox,0,10,15
2017,7,1,1,classified,Finished,25,1,70
2017,7,2,2,classified,Finished,18,3,70
2017,7,3,3,classified,Finished,15,6,70
2017,7,4,4,classified,Finished,12,2,70
2017,7,5,5,classified,Finished,10,8,70
2017,7,6,6,classified,Finished,8,9,70
2017,7,7,7,classified,Finished,6,4,70
2017,7,8,8,classified,Finished,4,10,70
2017,7,9,9,classified,+1 Lap,2,17,69
2017,7,10,10,classified,+1 Lap,1,14,69
2017,7,11,11,classified,+1 Lap,0,15,69
2017,7,12,12,classified,+1 Lap,0,18,69
2017,7,13,13,classified,+1 Lap,0,19,69
2017,7,14,14,classified,+1 Lap,0,16,69
2017,7,15,15,classified,+2 Laps,0,20,68
2017,7,16,16,classified,Power Unit,0,12,66
2017,7,17,R,retired,Power Unit,0,11,54
2017,7,18,R,retired,Electrical,0,5,10
2017,7,19,R,retired,Collision,0,7,0
2017,7,20,R,retired,Collision,0,13,0
2017,8,1,1,classified,Finished,25,10,51
2017,8,2,2,classified,Finished,18,2,51
2017,8,3,3,classified,Finished,15,8,51
2017,8,4,4,classified,Finished,12,4,51
2017,8,5,5,classified,Finished,10,1,51
2017,8,6,6,classified,Finished,8,7,51
2017,8,7,7,classified,Finished,6,12,51
2017,8,8,8,classified,Finished,4,15,51
2017,8,9,9,classified,Finished,2,19,51
2017,8,10,10,classified,Finished,1,14,51
2017,8,11,11,classified,Finished,0,17,51
2017,8,12,12,classified,Finished,0,18,51
2017,8,13,13,classified,+1 Lap,0,16,50
2017,8,14,14,classified,Water pressure,0,3,46
2017,8,15,R,retired,Seat,0,6,39
2017,8,16,R,retired,Suspension,0,9,25
2017,8,17,R,retired,Accident,0,13,24
2017,8,18,R,retired,Oil pressure,0,5,12
2017,8,19,R,retired,Battery,0,11,9
2017,8,20,R,retired,Power Unit,0,20,7
2017,9,1,1,classified,Finished,25,1,71
2017,9,2,2,classified,Finished,18,2,71
2017,9,3,3,classified,Finished,15,4,71
2017,9,4,4,classified,Finished,12,8,71
2017,9,5,5,classified,Finished,10,3,71
2017,9,6,6,classified,Finished,8,6,71
2017,9,7,7,classified,+1 Lap,6,7,70
2017,9,8,8,classified,+1 Lap,4,9,70
2017,9,9,9,classified,+1 Lap,2,17,70
2017,9,10,10,classified,+1 Lap,1,18,70
2017,9,11,11,classified,+1 Lap,0,16,70
2017,9,12,12,classified,+1 Lap,0,13,70
2017,9,13,13,classified,+1 Lap,0,11,70
2017,9,14,14,classified,+1 Lap,0,20,70
2017,9,15,15,classified,+2 Laps,0,19,69
2017,9,16,16,classified,+3 Laps,0,14,68
2017,9,17,R,retired,Engine,0,10,44
2017,9,18,R,retired,Hydraulics,0,15,29
2017,9,19,R,retired,Collision damage,0,12,1
2017,9,20,R,retired,Collision damage,0,5,0
2017,10,1,1,classified,Finished,25,1,51
2017,10,2,2,classified,Finished,18,9,51
2017,10,3,3,classified,Finished,15,2,51
2017,10,4,4,classified,Finished,12,4,51
2017,10,5,5,classified,Finished,10,19,51
2017,10,6,6,classified,Finished,8,5,51
2017,10,7,7,classified,Finished,6,3,51
2017,10,8,8,classified,+1 Lap,4,7,50
2017,10,9,9,classified,+1 Lap,2,6,50
2017,10,10,10,classified,+1 Lap,1,14,50
2017,10,11,11,classified,+1 Lap,0,8,50
2017,10,12,12,classified,+1 Lap,0,16,50
2017,10,13,13,classified,+1 Lap,0,10,50
2017,10,14,14,classified,+1 Lap,0,18,50
2017,10,15,15,classified,+1 Lap,0,12,50
2017,10,16,16,classified,+1 Lap,0,15,50
2017,10,17,17,classified,+1 Lap,0,17,50
2017,10,18,R,retired,Power Unit,0,20,32
2017,10,19,R,retired,Collision damage,0,13,0
2017,10,20,R,retired,Hydraulics,0,11,0
2017,11,1,1,classified,Finished,25,1,70
2017,11,2,2,classified,Finished,18,2,70
2017,11,3,3,classified,Finished,15,3,70
2017,11,4,4,classified,Finished,12,4,70
2017,11,5,5,classified,Finished,10,5,70
2017,11,6,6,classified,Finished,8,7,70
2017,11,7,7,classified,+1 Lap,6,9,69
2017,11,8,8,classified,+1 Lap,4,13,69
2017,11,9,9,classified,+1 Lap,2,11,69
2017,11,10,10,classified,+1 Lap,1,8,69
2017,11,11,11,classified,+1 Lap,0,16,69
2017,11,12,12,classified,+1 Lap,0,10,69
2017,11,13,13,classified,+1 Lap,0,15,69
2017,11,14,14,classified,+1 Lap,0,17,69
2017,11,15,15,classified,+2 Laps,0,18,68
2017,11,16,16,classified,+2 Laps,0,20,68
2017,11,17,17,classified,Brakes,0,12,67
2017,11,18,R,retired,Oil leak,0,19,60
2017,11,19,R,retired,Wheel nut,0,14,20
2017,11,20,R,retired,Collision,0,6,0
2017,12,1,1,classified,Finished,25,1,44
2017,12,2,2,classified,Finished,18,2,44
2017,12,3,3,classified,Finished,15,6,44
2017,12,4,4,classified,Finished,12,4,44
2017,12,5,5,classified,Finished,10,3,44
2017,12,6,6,classified,Finished,8,7,44
2017,12,7,7,classified,Finished,6,11,44
2017,12,8,8,classified,Finished,4,16,44
2017,12,9,9,classified,Finished,2,9,44
2017,12,10,10,classified,Finished,1,13,44
2017,12,11,11,classified,Finished,0,15,44
2017,12,12,12,classified,Finished,0,19,44
2017,12,13,13,classified,Finished,0,14,44
2017,12,14,14,classified,Finished,0,20,44
2017,12,15,15,classified,Finished,0,12,44
2017,12,16,16,classified,Finished,0,17,44
2017,12,17,17,classified,Gearbox,0,8,42
2017,12,18,R,retired,Engine,0,10,25
2017,12,19,R,retired,Engine,0,5,7
2017,12,20,R,retired,Collision,0,18,2
2017,13,1,1,classified,Finished,25,1,53
2017,13,2,2,classified,Finished,18,4,53
2017,13,3,3,classified,Finished,15,6,53
2017,13,4,4,classified,Finished,12,16,53
2017,13,5,5,classified,Finished,10,5,53
2017,13,6,6,classified,Finished,8,3,53
2017,13,7,7,classified,Finished,6,2,53
2017,13,8,8,classified,Finished,4,7,53
2017,13,9,9,classified,Finished,2,10,53
2017,13,10,10,classified,+1 Lap,1,13,52
2017,13,11,11,classified,+1 Lap,0,9,52
2017,13,12,12,classified,+1 Lap,0,8,52
2017,13,13,13,classified,+1 Lap,0,14,52
2017,13,14,14,classified,+1 Lap,0,15,52
2017,13,15,15,classified,+1 Lap,0,20,52
2017,13,16,16,classified,+2 Laps,0,12,51
2017,13,17,17,classified,Gearbox,0,19,50
2017,13,18,18,classified,Gearbox,0,11,49
2017,13,19,R,retired,Engine,0,18,33
2017,13,20,R,retired,Engine,0,17,29
2017,14,1,1,classified,Finished,25,5,58
2017,14,2,2,classified,Finished,18,3,58
2017,14,3,3,classified,Finished,15,6,58
2017,14,4,4,classified,Finished,12,10,58
2017,14,5,5,classified,Finished,10,12,58
2017,14,6,6,classified,Finished,8,11,58
2017,14,7,7,classified,Finished,6,9,58
2017,14,8,8,classified,Finished,4,18,58
2017,14,9,9,classified,Finished,2,15,58
2017,14,10,10,classified,Finished,1,14,58
2017,14,11,11,classified,Finished,0,17,58
2017,14,12,12,classified,+2 Laps,0,19,56
2017,14,13,R,retired,Engine,0,16,50
2017,14,14,R,retired,Engine,0,7,48
2017,14,15,R,retired,Accident,0,20,35
2017,14,16,R,retired,Accident,0,13,10
2017,14,17,R,retired,Collision damage,0,8,8
2017,14,18,R,retired,Accident,0,1,0
2017,14,19,R,retired,Accident,0,2,0
2017,14,20,R,retired,Accident,0,4,0
2017,15,1,1,classified,Finished,25,3,56
2017,15,2,2,classified,Finished,18,1,56
2017,15,3,3,classified,Finished,15,4,56
2017,15,4,4,classified,Finished,12,20,56
2017,15,5,5,classified,Finished,10,5,56
2017,15,6,6,classified,Finished,8,9,56
2017,15,7,7,classified,+1 Lap,6,7,55
2017,15,8,8,classified,+1 Lap,4,13,55
2017,15,9,9,classified,+1 Lap,2,11,55
2017,15,10,10,classified,+1 Lap,1,6,55
2017,15,11,11,classified,+1 Lap,0,10,55
2017,15,12,12,classified,+1 Lap,0,17,55
2017,15,13,13,classified,+1 Lap,0,16,55
2017,15,14,14,classified,+1 Lap,0,15,55
2017,15,15,15,classified,+1 Lap,0,12,55
2017,15,16,16,classified,+1 Lap,0,8,55
2017,15,17,17,classified,+1 Lap,0,18,55
2017,15,18,18,classified,+2 Laps,0,19,54
2017,15,19,R,retired,Engine,0,14,29
2017,15,20,R,retired,Battery,0,0,0
2017,16,1,1,classified,Finished,25,1,53
2017,16,2,2,classified,Finished,18,4,53
2017,16,3,3,classified,Finished,15,3,53
2017,16,4,4,classified,Finished,12,6,53
2017,16,5,5,classified,Finished,10,10,53
2017,16,6,6,classified,Finished,8,5,53
2017,16,7,7,classified,Finished,6,7,53
2017,16,8,8,classified,Finished,4,12,53
2017,16,9,9,classified,Finished,2,13,53
2017,16,10,10,classified,+1 Lap,1,8,52
2017,16,11,11,classified,+1 Lap,0,20,52
2017,16,12,12,classified,+1 Lap,0,18,52
2017,16,13,13,classified,+1 Lap,0,14,52
2017,16,14,14,classified,+1 Lap,0,9,52
2017,16,15,15,classified,+2 Laps,0,17,51
2017,16,16,R,retired,Wheel,0,15,45
2017,16,17,R,retired,Front wing,0,11,40
2017,16,18,R,retired,Accident,0,16,7
2017,16,19,R,retired,Spark plugs,0,2,4
2017,16,20,R,retired,Accident,0,19,0
2017,17,1,1,classified,Finished,25,1,56
2017,17,2,2,classified,Finished,18,2,56
2017,17,3,3,classified,Finished,15,5,56
2017,17,4,4,classified,Finished,12,16,56
2017,17,5,5,classified,Finished,10,3,56
2017,17,6,6,classified,Finished,8,6,56
2017,17,7,7,classified,Finished,6,7,56
2017,17,8,8,classified,+1 Lap,4,9,55
2017,17,9,9,classified,+1 Lap,2,10,55
2017,17,10,10,classified,+1 Lap,1,11,55
2017,17,11,11,classified,+1 Lap,0,15,55
2017,17,12,12,classified,+1 Lap,0,20,55
2017,17,13,13,classified,+1 Lap,0,19,55
2017,17,14,14,classified,+1 Lap,0,12,55
2017,17,15,15,classified,+1 Lap,0,13,55
2017,17,16,16,classified,+1 Lap,0,17,55
2017,17,17,R,retired,Engine,0,8,24
2017,17,18,R,retired,Engine,0,4,14
2017,17,19,R,retired,Collision,0,14,5
2017,17,20,R,retired,Engine,0,18,3
2017,18,1,1,classified,Finished,25,2,71
2017,18,2,2,classified,Finished,18,4,71
2017,18,3,3,classified,Finished,15,5,71
2017,18,4,4,classified,Finished,12,1,71
2017,18,5,5,classified,+1 Lap,10,6,70
2017,18,6,6,classified,+1 Lap,8,11,70
2017,18,7,7,classified,+1 Lap,6,9,70
2017,18,8,8,classified,+1 Lap,4,14,70
2017,18,9,9,classified,+1 Lap,2,3,70
2017,18,10,10,classified,+1 Lap,1,18,70
2017,18,11,11,classified,+1 Lap,0,10,70
2017,18,12,12,classified,+1 Lap,0,19,70
2017,18,13,13,classified,+1 Lap,0,20,70
2017,18,14,14,classified,+2 Laps,0,13,69
2017,18,15,15,classified,+2 Laps,0,15,69
2017,18,16,R,retired,Engine,0,8,59
2017,18,17,R,retired,Engine,0,12,55
2017,18,18,R,retired,Engine,0,17,30
2017,18,19,R,retired,Electrical,0,7,24
2017,18,20,R,retired,Engine,0,16,5
2017,19,1,1,classified,Finished,25,2,71
2017,19,2,2,classified,Finished,18,1,71
2017,19,3,3,classified,Finished,15,3,71
2017,19,4,4,classified,Finished,12,20,71
2017,19,5,5,classified,Finished,10,4,71
2017,19,6,6,classified,Finished,8,14,71
2017,19,7,7,classified,Finished,6,9,71
2017,19,8,8,classified,Finished,4,6,71
2017,19,9,9,classified,Finished,2,5,71
2017,19,10,10,classified,+1 Lap,1,7,70
2017,19,11,11,classified,+1 Lap,0,8,70
2017,19,12,12,classified,+1 Lap,0,19,70
2017,19,13,13,classified,+1 Lap,0,17,70
2017,19,14,14,classified,+1 Lap,0,15,70
2017,19,15,15,classified,+2 Laps,0,11,69
2017,19,16,16,classified,+2 Laps,0,16,69
2017,19,17,R,retired,Engine,0,18,40
2017,19,18,R,retired,Accident,0,10,0
2017,19,19,R,retired,Accident,0,12,0
2017,19,20,R,retired,Accident,0,13,0
2017,20,1,1,classified,Finished,25,1,55
2017,20,2,2,classified,Finished,18,2,55
2017,20,3,3,classified,Finished,15,3,55
2017,20,4,4,classified,Finished,12,5,55
2017,20,5,5,classified,Finished,10,6,55
2017,20,6,6,classified,Finished,8,7,55
2017,20,7,7,classified,Finished,6,8,55
2017,20,8,8,classified,Finished,4,9,55
2017,20,9,9,classified,+1 Lap,2,11,54
2017,20,10,10,classified,+1 Lap,1,10,54
2017,20,11,11,classified,+1 Lap,0,16,54
2017,20,12,12,classified,+1 Lap,0,13,54
2017,20,13,13,classified,+1 Lap,0,14,54
2017,20,14,14,classified,+1 Lap,0,18,54
2017,20,15,15,classified,+1 Lap,0,20,54
2017,20,16,16,classified,+1 Lap,0,17,54
2017,20,17,17,classified,+1 Lap,0,19,54
2017,20,18,18,classified,+1 Lap,0,15,54
2017,20,19,R,retired,Wheel,0,12,31
2017,20,20,R,retired,Hydraulics,0,4,20
2018,1,1,1,classified,Finished,25,3,58
2018,1,2,2,classified,Finished,18,1,58
2018,1,3,3,classified,Finished,15,2,58
2018,1,4,4,classified,Finished,12,8,58
2018,1,5,5,classified,Finished,10,10,58
2018,1,6,6,classified,Finished,8,4,58
2018,1,7,7,classified,Finished,6,7,58
2018,1,8,8,classified,Finished,4,15,58
2018,1,9,9,classified,Finished,2,11,58
2018,1,10,10,classified,Finished,1,9,58
2018,1,11,11,classified,Finished,0,12,58
2018,1,12,12,classified,Finished,0,14,58
2018,1,13,13,classified,Finished,0,18,58
2018,1,14,14,classified,Finished,0,13,58
2018,1,15,15,classified,+1 Lap,0,16,57
2018,1,16,R,retired,Wheel,0,6,24
2018,1,17,R,retired,Wheel,0,5,22
2018,1,18,R,retired,Engine,0,20,13
2018,1,19,R,retired,Steering,0,17,5
2018,1,20,R,retired,Brakes,0,19,4
2018,2,1,1,classified,Finished,25,1,57
2018,2,2,2,classified,Finished,18,3,57
2018,2,3,3,classified,Finished,15,9,57
2018,2,4,4,classified,Finished,12,5,57
2018,2,5,5,classified,Finished,10,6,57
2018,2,6,6,classified,Finished,8,7,57
2018,2,7,7,classified,+1 Lap,6,13,56
2018,2,8,8,classified,+1 Lap,4,14,56
2018,2,9,9,classified,+1 Lap,2,17,56
2018,2,10,10,classified,+1 Lap,1,8,56
2018,2,11,11,classified,+1 Lap,0,10,56
2018,2,12,12,classified,+1 Lap,0,19,56
2018,2,13,13,classified,+1 Lap,0,16,56
2018,2,14,14,classified,+1 Lap,0,20,56
2018,2,15,15,classified,+1 Lap,0,18,56
2018,2,16,16,classified,+1 Lap,0,12,56
2018,2,17,17,classified,+1 Lap,0,11,56
2018,2,18,R,retired,Wheel,0,2,35
2018,2,19,R,retired,Puncture,0,15,3
2018,2,20,R,retired,Electrical,0,4,1
2018,3,1,1,classified,Finished,25,6,56
2018,3,2,2,classified,Finished,18,3,56
2018,3,3,3,classified,Finished,15,2,56
2018,3,4,4,classified,Finished,12,4,56
2018,3,5,5,classified,Finished,10,5,56
2018,3,6,6,classified,Finished,8,7,56
2018,3,7,7,classified,Finished,6,13,56
2018,3,8,8,classified,Finished,4,1,56
2018,3,9,9,classified,Finished,2,9,56
2018,3,10,10,classified,Finished,1,11,56
2018,3,11,11,classified,Finished,0,12,56
2018,3,12,12,classified,Finished,0,8,56
2018,3,13,13,classified,Finished,0,14,56
2018,3,14,14,classified,Finished,0,18,56
2018,3,15,15,classified,Finished,0,16,56
2018,3,16,16,classified,Finished,0,20,56
2018,3,17,17,classified,Finished,0,10,56
2018,3,18,18,classified,Finished,0,17,56
2018,3,19,19,classified,Finished,0,19,56
2018,3,20,20,classified,Collision damage,0,15,51
2018,4,1,1,classified,Finished,25,2,51
2018,4,2,2,classified,Finished,18,6,51
2018,4,3,3,classified,Finished,15,8,51
2018,4,4,4,classified,Finished,12,1,51
2018,4,5,5,classified,Finished,10,9,51
2018,4,6,6,classified,Finished,8,13,51
2018,4,7,7,classified,Finished,6,12,51
2018,4,8,8,classified,Finished,4,10,51
2018,4,9,9,classified,Finished,2,16,51
2018,4,10,10,classified,Finished,1,19,51
2018,4,11,11,classified,Finished,0,18,51
2018,4,12,12,classified,Finished,0,17,51
2018,4,13,13,classified,Finished,0,15,51
2018,4,14,R,retired,Puncture,0,3,48
2018,4,15,R,retired,Accident,0,20,42
2018,4,16,R,retired,Collision,0,5,39
2018,4,17,R,retired,Collision,0,4,39
2018,4,18,R,retired,Accident,0,14,10
2018,4,19,R,retired,Collision,0,7,0
2018,4,20,R,retired,Collision,0,11,0
2018,5,1,1,classified,Finished,25,1,66
2018,5,2,2,classified,Finished,18,2,66
2018,5,3,3,classified,Finished,15,5,66
2018,5,4,4,classified,Finished,12,3,66
2018,5,5,5,classified,Finished,10,6,66
2018,5,6,6,classified,+1 Lap,8,7,65
2018,5,7,7,classified,+1 Lap,6,9,65
2018,5,8,8,classified,+1 Lap,4,8,65
2018,5,9,9,classified,+2 Laps,2,15,64
2018,5,10,10,classified,+2 Laps,1,14,64
2018,5,11,11,classified,+2 Laps,0,18,64
2018,5,12,12,classified,+2 Laps,0,20,64
2018,5,13,13,classified,+2 Laps,0,17,64
2018,5,14,14,classified,+3 Laps,0,19,63
2018,5,15,R,retired,Gearbox,0,11,45
2018,5,16,R,retired,Oil leak,0,13,38
2018,5,17,R,retired,Turbo,0,4,25
2018,5,18,R,retired,Collision,0,10,0
2018,5,19,R,retired,Collision,0,12,0
2018,5,20,R,retired,Collision,0,16,0
2018,6,1,1,classified,Finished,25,1,78
2018,6,2,2,classified,Finished,18,2,78
2018,6,3,3,classified,Finished,15,3,78
2018,6,4,4,classified,Finished,12,4,78
2018,6,5,5,classified,Finished,10,5,78
2018,6,6,6,classified,Finished,8,6,78
2018,6,7,7,classified,Finished,6,10,78
2018,6,8,8,classified,Finished,4,11,78
2018,6,9,9,classified,Finished,2,20,78
2018,6,10,10,classified,Finished,1,8,78
2018,6,11,11,classified,Finished,0,16,78
2018,6,12,12,classified,Finished,0,9,78
2018,6,13,13,classified,Finished,0,19,78
2018,6,14,14,classified,+1 Lap,0,12,77
2018,6,15,15,classified,+1 Lap,0,18,77
2018,6,16,16,classified,+1 Lap,0,13,77
2018,6,17,17,classified,+2 Laps,0,17,76
2018,6,18,R,retired,Collision,0,14,70
2018,6,19,R,retired,Collision,0,15,70
2018,6,20,R,retired,Gearbox,0,7,52
2018,7,1,1,classified,Finished,25,1,68
2018,7,2,2,classified,Finished,18,2,68
2018,7,3,3,classified,Finished,15,3,68
2018,7,4,4,classified,Finished,12,6,68
2018,7,5,5,classified,Finished,10,4,68
2018,7,6,6,classified,Finished,8,5,68
2018,7,7,7,classified,+1 Lap,6,7,67
2018,7,8,8,classified,+1 Lap,4,9,67
2018,7,9,9,classified,+1 Lap,2,8,67
2018,7,10,10,classified,+1 Lap,1,13,67
2018,7,11,11,classified,+1 Lap,0,16,67
2018,7,12,12,classified,+1 Lap,0,20,67
2018,7,13,13,classified,+1 Lap,0,11,67
2018,7,14,14,classified,+1 Lap,0,10,67
2018,7,15,15,classified,+2 Laps,0,19,66
2018,7,16,16,classified,+2 Laps,0,15,66
2018,7,17,17,classified,+2 Laps,0,18,66
2018,7,18,R,retired,Exhaust,0,14,40
2018,7,19,R,retired,Collision,0,12,0
2018,7,20,R,retired,Collision,0,17,0
2018,8,1,1,classified,Finished,25,1,53
2018,8,2,2,classified,Finished,18,4,53
2018,8,3,3,classified,Finished,15,6,53
2018,8,4,4,classified,Finished,12,5,53
2018,8,5,5,classified,Finished,10,3,53
2018,8,6,6,classified,Finished,8,9,53
2018,8,7,7,classified,Finished,6,2,53
2018,8,8,8,classified,Finished,4,7,53
2018,8,9,9,classified,Finished,2,12,53
2018,8,10,10,classified,Finished,1,8,53
2018,8,11,11,classified,+1 Lap,0,10,52
2018,8,12,12,classified,+1 Lap,0,17,52
2018,8,13,13,classified,+1 Lap,0,15,52
2018,8,14,14,classified,+1 Lap,0,20,52
2018,8,15,15,classified,+1 Lap,0,18,52
2018,8,16,16,classified,Wheel,0,16,50
2018,8,17,17,classified,Puncture,0,19,48
2018,8,18,R,retired,Engine,0,13,27
2018,8,19,R,retired,Collision,0,11,0
2018,8,20,R,retired,Collision,0,14,0
2018,9,1,1,classified,Finished,25,4,71
2018,9,2,2,classified,Finished,18,3,71
2018,9,3,3,classified,Finished,15,6,71
2018,9,4,4,classified,+1 Lap,12,5,70
2018,9,5,5,classified,+1 Lap,10,8,70
2018,9,6,6,classified,+1 Lap,8,11,70
2018,9,7,7,classified,+1 Lap,6,16,70
2018,9,8,8,classified,+1 Lap,4,13,70
2018,9,9,9,classified,+1 Lap,2,18,70
2018,9,10,10,classified,+1 Lap,1,20,70
2018,9,11,11,classified,+1 Lap,0,12,70
2018,9,12,12,classified,+1 Lap,0,9,70
2018,9,13,13,classified,+2 Laps,0,17,69
2018,9,14,14,classified,+2 Laps,0,14,69
2018,9,15,15,classified,Collision damage,0,15,65
2018,9,16,R,retired,Fuel pressure,0,2,62
2018,9,17,R,retired,Hydraulics,0,19,54
2018,9,18,R,retired,Exhaust,0,7,53
2018,9,19,R,retired,Hydraulics,0,1,13
2018,9,20,R,retired,Engine,0,10,11
2018,10,1,1,classified,Finished,25,2,52
2018,10,2,2,classified,Finished,18,1,52
2018,10,3,3,classified,Finished,15,3,52
2018,10,4,4,classified,Finished,12,4,52
2018,10,5,5,classified,Finished,10,6,52
2018,10,6,6,classified,Finished,8,11,52
2018,10,7,7,classified,Finished,6,10,52
2018,10,8,8,classified,Finished,4,13,52
2018,10,9,9,classified,Finished,2,7,52
2018,10,10,10,classified,Finished,1,12,52
2018,10,11,11,classified,Finished,0,17,52
2018,10,12,12,classified,Finished,0,19,52
2018,10,13,13,classified,Finished,0,14,52
2018,10,14,14,classified,Finished,0,18,52
2018,10,15,R,retired,Brakes,0,5,46
2018,10,16,R,retired,Collision,0,8,37
2018,10,17,R,retired,Collision,0,16,37
2018,10,18,R,retired,Accident,0,15,31
2018,10,19,R,retired,Tyre,0,9,18
2018,10,20,R,retired,Power Unit,0,0,1
2018,11,1,1,classified,Finished,25,14,67
2018,11,2,2,classified,Finished,18,2,67
2018,11,3,3,classified,Finished,15,3,67
2018,11,4,4,classified,Finished,12,4,67
2018,11,5,5,classified,Finished,10,7,67
2018,11,6,6,classified,Finished,8,6,67
2018,11,7,7,classified,Finished,6,10,67
2018,11,8,8,classified,Finished,4,15,67
2018,11,9,9,classified,Finished,2,13,67
2018,11,10,10,classified,Finished,1,17,67
2018,11,11,11,classified,Finished,0,5,67
2018,11,12,12,classified,Finished,0,8,67
2018,11,13,13,classified,Finished,0,19,67
2018,11,14,14,classified,+1 Lap,0,16,66
2018,11,15,15,classified,+1 Lap,0,9,66
2018,11,16,16,classified,Retired,0,11,65
2018,11,17,R,retired,Engine,0,18,53
2018,11,18,R,retired,Accident,0,1,51
2018,11,19,R,retired,Engine,0,12,51
2018,11,20,R,retired,Engine,0,20,27
2018,12,1,1,classified,Finished,25,1,70
2018,12,2,2,classified,Finished,18,4,70
2018,12,3,3,classified,Finished,15,3,70
2018,12,4,4,classified,Finished,12,12,70
2018,12,5,5,classified,Finished,10,2,70
2018,12,6,6,classified,Finished,8,6,70
2018,12,7,7,classified,+1 Lap,6,9,69
2018,12,8,8,classified,+1 Lap,4,11,69
2018,12,9,9,classified,+1 Lap,2,5,69
2018,12,10,10,classified,+1 Lap,1,10,69
2018,12,11,11,classified,+1 Lap,0,8,69
2018,12,12,12,classified,+1 Lap,0,13,69
2018,12,13,13,classified,+1 Lap,0,18,69
2018,12,14,14,classified,+1 Lap,0,19,69
2018,12,15,15,classified,+2 Laps,0,14,68
2018,12,16,16,classified,+2 Laps,0,20,68
2018,12,17,17,classified,+2 Laps,0,15,68
2018,12,18,R,retired,Gearbox,0,16,49
2018,12,19,R,retired,Power loss,0,7,5
2018,12,20,R,retired,Suspension,0,17,0
2018,13,1,1,classified,Finished,25,2,44
2018,13,2,2,classified,Finished,18,1,44
2018,13,3,3,classified,Finished,15,7,44
2018,13,4,4,classified,Finished,12,19,44
2018,13,5,5,classified,Finished,10,4,44
2018,13,6,6,classified,Finished,8,3,44
2018,13,7,7,classified,Finished,6,5,44
2018,13,8,8,classified,Finished,4,9,44
2018,13,9,9,classified,Finished,2,10,44
2018,13,10,10,classified,+1 Lap,1,13,43
2018,13,11,11,classified,+1 Lap,0,14,43
2018,13,12,12,classified,+1 Lap,0,16,43
2018,13,13,13,classified,+1 Lap,0,17,43
2018,13,14,14,classified,+1 Lap,0,11,43
2018,13,15,15,classified,+1 Lap,0,18,43
2018,13,16,R,retired,Retired,0,8,28
2018,13,17,R,retired,Brakes,0,6,8
2018,13,18,R,retired,Accident,0,12,0
2018,13,19,R,retired,Accident,0,15,0
2018,13,20,R,retired,Accident,0,20,0
2018,14,1,1,classified,Finished,25,3,53
2018,14,2,2,classified,Finished,18,1,53
2018,14,3,3,classified,Finished,15,4,53
2018,14,4,4,classified,Finished,12,2,53
2018,14,5,5,classified,Finished,10,5,53
2018,14,6,6,classified,Finished,8,8,53
2018,14,7,7,classified,Finished,6,14,53
2018,14,8,8,classified,Finished,4,7,53
2018,14,9,9,classified,+1 Lap,2,10,52
2018,14,10,10,classified,+1 Lap,1,12,52
2018,14,11,11,classified,+1 Lap,0,15,52
2018,14,12,12,classified,+1 Lap,0,17,52
2018,14,13,13,classified,+1 Lap,0,20,52
2018,14,14,14,classified,+1 Lap,0,9,52
2018,14,15,15,classified,+1 Lap,0,18,52
2018,14,16,16,classified,+1 Lap,0,11,52
2018,14,17,R,retired,Engine,0,19,23
2018,14,18,R,retired,Engine,0,13,9
2018,14,19,R,retired,Brakes,0,16,0
2018,14,20,D,disqualified,Disqualified,0,6,53
2018,15,1,1,classified,Finished,25,1,61
2018,15,2,2,classified,Finished,18,2,61
2018,15,3,3,classified,Finished,15,3,61
2018,15,4,4,classified,Finished,12,4,61
2018,15,5,5,classified,Finished,10,5,61
2018,15,6,6,classified,Finished,8,6,61
2018,15,7,7,classified,Finished,6,11,61
2018,15,8,8,classified,+1 Lap,4,12,60
2018,15,9,9,classified,+1 Lap,2,13,60
2018,15,10,10,classified,+1 Lap,1,10,60
2018,15,11,11,classified,+1 Lap,0,14,60
2018,15,12,12,classified,+1 Lap,0,18,60
2018,15,13,13,classified,+1 Lap,0,15,60
2018,15,14,14,classified,+1 Lap,0,20,60
2018,15,15,15,classified,+1 Lap,0,8,60
2018,15,16,16,classified,+1 Lap,0,7,60
2018,15,17,17,classified,+1 Lap,0,17,60
2018,15,18,18,classified,+2 Laps,0,16,59
2018,15,19,19,classified,+2 Laps,0,19,59
2018,15,20,R,retired,Collision,0,9,0
2018,16,1,1,classified,Finished,25,2,53
2018,16,2,2,classified,Finished,18,1,53
2018,16,3,3,classified,Finished,15,3,53
2018,16,4,4,classified,Finished,12,4,53
2018,16,5,5,classified,Finished,10,19,53
2018,16,6,6,classified,Finished,8,18,53
2018,16,7,7,classified,Finished,6,7,53
2018,16,8,8,classified,+1 Lap,4,5,52
2018,16,9,9,classified,+1 Lap,2,6,52
2018,16,10,10,classified,+1 Lap,1,8,52
2018,16,11,11,classified,+1 Lap,0,9,52
2018,16,12,12,classified,+1 Lap,0,12,52
2018,16,13,13,classified,+1 Lap,0,10,52
2018,16,14,14,classified,+1 Lap,0,16,52
2018,16,15,15,classified,+1 Lap,0,14,52
2018,16,16,16,classified,+2 Laps,0,15,51
2018,16,17,17,classified,+2 Laps,0,11,51
2018,16,18,18,classified,+2 Laps,0,13,51
2018,16,19,R,retired,Brakes,0,17,4
2018,16,20,R,retired,Brakes,0,20,4
2018,17,1,1,classified,Finished,25,1,53
2018,17,2,2,classified,Finished,18,2,53
2018,17,3,3,classified,Finished,15,3,53
2018,17,4,4,classified,Finished,12,15,53
2018,17,5,5,classified,Finished,10,4,53
2018,17,6,6,classified,Finished,8,8,53
2018,17,7,7,classified,Finished,6,9,53
2018,17,8,8,classified,Finished,4,5,53
2018,17,9,9,classified,Finished,2,11,53
2018,17,10,10,classified,+1 Lap,1,13,52
2018,17,11,11,classified,+1 Lap,0,7,52
2018,17,12,12,classified,+1 Lap,0,20,52
2018,17,13,13,classified,+1 Lap,0,6,52
2018,17,14,14,classified,+1 Lap,0,18,52
2018,17,15,15,classified,+1 Lap,0,19,52
2018,17,16,16,classified,+1 Lap,0,17,52
2018,17,17,17,classified,+1 Lap,0,14,52
2018,17,18,R,retired,Mechanical,0,10,38
2018,17,19,R,retired,Engine,0,16,37
2018,17,20,R,retired,Collision damage,0,12,8
2018,18,1,1,classified,Finished,25,2,56
2018,18,2,2,classified,Finished,18,18,56
2018,18,3,3,classified,Finished,15,1,56
2018,18,4,4,classified,Finished,12,5,56
2018,18,5,5,classified,Finished,10,3,56
2018,18,6,6,classified,Finished,8,7,56
2018,18,7,7,classified,Finished,6,11,56
2018,18,8,8,classified,Finished,4,10,56
2018,18,9,9,classified,+1 Lap,2,20,55
2018,18,10,10,classified,+1 Lap,1,16,55
2018,18,11,11,classified,+1 Lap,0,17,55
2018,18,12,12,classified,+1 Lap,0,19,55
2018,18,13,13,classified,+1 Lap,0,14,55
2018,18,14,14,classified,+2 Laps,0,15,54
2018,18,15,R,retired,Collision damage,0,9,31
2018,18,16,R,retired,Battery,0,4,8
2018,18,17,R,retired,Collision damage,0,8,2
2018,18,18,R,retired,Collision,0,13,1
2018,18,19,D,disqualified,Disqualified,0,6,56
2018,18,20,D,disqualified,Disqualified,0,12,56
2018,19,1,1,classified,Finished,25,2,71
2018,19,2,2,classified,Finished,18,4,71
2018,19,3,3,classified,Finished,15,6,71
2018,19,4,4,classified,Finished,12,3,71
2018,19,5,5,classified,+1 Lap,10,5,70
2018,19,6,6,classified,+2 Laps,8,7,69
2018,19,7,7,classified,+2 Laps,6,9,69
2018,19,8,8,classified,+2 Laps,4,15,69
2018,19,9,9,classified,+2 Laps,2,10,69
2018,19,10,10,classified,+2 Laps,1,20,69
2018,19,11,11,classified,+2 Laps,0,11,69
2018,19,12,12,classified,+2 Laps,0,17,69
2018,19,13,13,classified,+2 Laps,0,19,69
2018,19,14,14,classified,+2 Laps,0,14,69
2018,19,15,15,classified,+2 Laps,0,16,69
2018,19,16,16,classified,+3 Laps,0,18,68
2018,19,17,R,retired,Engine,0,1,61
2018,19,18,R,retired,Brakes,0,13,38
2018,19,19,R,retired,Suspension,0,8,28
2018,19,20,R,retired,Engine,0,12,3
2018,20,1,1,classified,Finished,25,1,71
2018,20,2,2,classified,Finished,18,5,71
2018,20,3,3,classified,Finished,15,4,71
2018,20,4,4,classified,Finished,12,11,71
2018,20,5,5,classified,Finished,10,3,71
2018,20,6,6,classified,Finished,8,2,71
2018,20,7,7,classified,Finished,6,7,71
2018,20,8,8,classified,Finished,4,8,71
2018,20,9,9,classified,Finished,2,10,71
2018,20,10,10,classified,+1 Lap,1,12,70
2018,20,11,11,classified,+1 Lap,0,16,70
2018,20,12,12,classified,+1 Lap,0,15,70
2018,20,13,13,classified,+1 Lap,0,9,70
2018,20,14,14,classified,+1 Lap,0,20,70
2018,20,15,15,classified,+1 Lap,0,18,70
2018,20,16,16,classified,+2 Laps,0,14,69
2018,20,17,17,classified,+2 Laps,0,17,69
2018,20,18,18,classified,+2 Laps,0,19,69
2018,20,19,R,retired,Overheating,0,13,32
2018,20,20,R,retired,Collision,0,6,20
2018,21,1,1,classified,Finished,25,1,55
2018,21,2,2,classified,Finished,18,3,55
2018,21,3,3,classified,Finished,15,6,55
2018,21,4,4,classified,Finished,12,5,55
2018,21,5,5,classified,Finished,10,2,55
2018,21,6,6,classified,Finished,8,11,55
2018,21,7,7,classified,Finished,6,8,55
2018,21,8,8,classified,Finished,4,14,55
2018,21,9,9,classified,+1 Lap,2,7,54
2018,21,10,10,classified,+1 Lap,1,13,54
2018,21,11,11,classified,+1 Lap,0,15,54
2018,21,12,12,classified,+1 Lap,0,16,54
2018,21,13,13,classified,+1 Lap,0,20,54
2018,21,14,14,classified,+1 Lap,0,18,54
2018,21,15,15,classified,+1 Lap,0,19,54
2018,21,16,R,retired,Engine,0,17,46
2018,21,17,R,retired,Engine,0,9,44
2018,21,18,R,retired,Power loss,0,12,24
2018,21,19,R,retired,Power loss,0,4,6
2018,21,20,R,retired,Collision,0,10,0
2019,1,1,1,classified,Finished,26,2,58
2019,1,2,2,classified,Finished,18,1,58
2019,1,3,3,classified,Finished,15,4,58
2019,1,4,4,classified,Finished,12,3,58
2019,1,5,5,classified,Finished,10,5,58
2019,1,6,6,classified,Finished,8,7,58
2019,1,7,7,classified,+1 Lap,6,11,57
2019,1,8,8,classified,+1 Lap,4,9,57
2019,1,9,9,classified,+1 Lap,2,16,57
2019,1,10,10,classified,+1 Lap,1,15,57
2019,1,11,11,classified,+1 Lap,0,17,57
2019,1,12,12,classified,+1 Lap,0,8,57
2019,1,13,13,classified,+1 Lap,0,10,57
2019,1,14,14,classified,+1 Lap,0,13,57
2019,1,15,15,classified,+1 Lap,0,14,57
2019,1,16,16,classified,+2 Laps,0,19,56
2019,1,17,17,classified,+3 Laps,0,20,55
2019,1,18,R,retired,Wheel,0,6,29
2019,1,19,R,retired,Damage,0,12,28
2019,1,20,R,retired,Engine,0,18,9
2019,2,1,1,classified,Finished,25,3,57
2019,2,2,2,classified,Finished,18,4,57
2019,2,3,3,classified,Finished,16,1,57
2019,2,4,4,classified,Finished,12,5,57
2019,2,5,5,classified,Finished,10,2,57
2019,2,6,6,classified,Finished,8,9,57
2019,2,7,7,classified,Finished,6,8,57
2019,2,8,8,classified,Finished,4,13,57
2019,2,9,9,classified,Finished,2,12,57
2019,2,10,10,classified,Finished,1,14,57
2019,2,11,11,classified,Finished,0,16,57
2019,2,12,12,classified,+1 Lap,0,15,56
2019,2,13,13,classified,+1 Lap,0,6,56
2019,2,14,14,classified,+1 Lap,0,18,56
2019,2,15,15,classified,+1 Lap,0,19,56
2019,2,16,16,classified,+2 Laps,0,20,55
2019,2,17,R,retired,Engine,0,17,53
2019,2,18,R,retired,Out of fuel,0,10,53
2019,2,19,R,retired,Collision damage,0,7,53
2019,2,20,R,retired,Retired,0,11,16
2019,3,1,1,classified,Finished,25,2,56
2019,3,2,2,classified,Finished,18,1,56
2019,3,3,3,classified,Finished,15,3,56
2019,3,4,4,classified,Finished,12,5,56
2019,3,5,5,classified,Finished,10,4,56
2019,3,6,6,classified,Finished,9,6,56
2019,3,7,7,classified,+1 Lap,6,7,55
2019,3,8,8,classified,+1 Lap,4,12,55
2019,3,9,9,classified,+1 Lap,2,13,55
2019,3,10,10,classified,+1 Lap,1,0,55
2019,3,11,11,classified,+1 Lap,0,10,55
2019,3,12,12,classified,+1 Lap,0,16,55
2019,3,13,13,classified,+1 Lap,0,9,55
2019,3,14,14,classified,+1 Lap,0,14,55
2019,3,15,15,classified,+1 Lap,0,19,55
2019,3,16,16,classified,+2 Laps,0,17,54
2019,3,17,17,classified,+2 Laps,0,18,54
2019,3,18,18,classified,Collision,0,15,50
2019,3,19,R,retired,Collision,0,11,41
2019,3,20,R,retired,Power Unit,0,8,16
2019,4,1,1,classified,Finished,25,1,51
2019,4,2,2,classified,Finished,18,2,51
2019,4,3,3,classified,Finished,15,3,51
2019,4,4,4,classified,Finished,12,4,51
2019,4,5,5,classified,Finished,11,8,51
2019,4,6,6,classified,Finished,8,5,51
2019,4,7,7,classified,Finished,6,9,51
2019,4,8,8,classified,Finished,4,7,51
2019,4,9,9,classified,Finished,2,13,51
2019,4,10,10,classified,+1 Lap,1,0,50
2019,4,11,11,classified,+1 Lap,0,11,50
2019,4,12,12,classified,+1 Lap,0,17,50
2019,4,13,13,classified,+1 Lap,0,12,50
2019,4,14,14,classified,+1 Lap,0,15,50
2019,4,15,15,classified,+2 Laps,0,16,49
2019,4,16,16,classified,+2 Laps,0,0,49
2019,4,17,R,retired,Transmission,0,0,38
2019,4,18,R,retired,Brakes,0,14,38
2019,4,19,R,retired,Collision,0,6,33
2019,4,20,R,retired,Collision,0,10,31
2019,5,1,1,classified,Finished,26,2,66
2019,5,2,2,classified,Finished,18,1,66
2019,5,3,3,classified,Finished,15,4,66
2019,5,4,4,classified,Finished,12,3,66
2019,5,5,5,classified,Finished,10,5,66
2019,5,6,6,classified,Finished,8,6,66
2019,5,7,7,classified,Finished,6,8,66
2019,5,8,8,classified,Finished,4,12,66
2019,5,9,9,classified,Finished,2,9,66
2019,5,10,10,classified,Finished,1,7,66
2019,5,11,11,classified,Finished,0,11,66
2019,5,12,12,classified,Finished,0,13,66
2019,5,13,13,classified,Finished,0,0,66
2019,5,14,14,classified,Finished,0,14,66
2019,5,15,15,classified,Finished,0,15,66
2019,5,16,16,classified,Finished,0,18,66
2019,5,17,17,classified,+1 Lap,0,19,65
2019,5,18,18,classified,+1 Lap,0,17,65
2019,5,19,R,retired,Collision,0,16,44
2019,5,20,R,retired,Collision,0,10,44
2019,6,1,1,classified,Finished,25,1,78
2019,6,2,2,classified,Finished,18,4,78
2019,6,3,3,classified,Finished,15,2,78
2019,6,4,4,classified,Finished,12,3,78
2019,6,5,5,classified,Finished,11,8,78
2019,6,6,6,classified,Finished,8,9,78
2019,6,7,7,classified,Finished,6,7,78
2019,6,8,8,classified,Finished,4,10,78
2019,6,9,9,classified,Finished,2,6,78
2019,6,10,10,classified,Finished,1,13,78
2019,6,11,11,classified,Finished,0,12,78
2019,6,12,12,classified,+1 Lap,0,16,77
2019,6,13,13,classified,+1 Lap,0,11,77
2019,6,14,14,classified,+1 Lap,0,5,77
2019,6,15,15,classified,+1 Lap,0,19,77
2019,6,16,16,classified,+1 Lap,0,17,77
2019,6,17,17,classified,+1 Lap,0,14,77
2019,6,18,18,classified,+1 Lap,0,20,77
2019,6,19,19,classified,+2 Laps,0,18,76
2019,6,20,R,retired,Collision,0,15,16
2019,7,1,1,classified,Finished,25,2,70
2019,7,2,2,classified,Finished,18,1,70
2019,7,3,3,classified,Finished,15,3,70
2019,7,4,4,classified,Finished,13,6,70
2019,7,5,5,classified,Finished,10,9,70
2019,7,6,6,classified,+1 Lap,8,4,69
2019,7,7,7,classified,+1 Lap,6,7,69
2019,7,8,8,classified,+1 Lap,4,5,69
2019,7,9,9,classified,+1 Lap,2,17,69
2019,7,10,10,classified,+1 Lap,1,10,69
2019,7,11,11,classified,+1 Lap,0,11,69
2019,7,12,12,classified,+1 Lap,0,15,69
2019,7,13,13,classified,+1 Lap,0,12,69
2019,7,14,14,classified,+1 Lap,0,14,69
2019,7,15,15,classified,+1 Lap,0,16,69
2019,7,16,16,classified,+2 Laps,0,18,68
2019,7,17,17,classified,+2 Laps,0,0,68
2019,7,18,18,classified,+3 Laps,0,19,67
2019,7,19,R,retired,Collision damage,0,13,59
2019,7,20,R,retired,Suspension,0,8,8
2019,8,1,1,classified,Finished,25,1,53
2019,8,2,2,classified,Finished,18,2,53
2019,8,3,3,classified,Finished,15,3,53
2019,8,4,4,classified,Finished,12,4,53
2019,8,5,5,classified,Finished,11,7,53
2019,8,6,6,classified,Finished,8,6,53
2019,8,7,7,classified,+1 Lap,6,12,52
2019,8,8,8,classified,+1 Lap,4,13,52
2019,8,9,9,classified,+1 Lap,2,5,52
2019,8,10,10,classified,+1 Lap,1,9,52
2019,8,11,11,classified,+1 Lap,0,8,52
2019,8,12,12,classified,+1 Lap,0,14,52
2019,8,13,13,classified,+1 Lap,0,17,52
2019,8,14,14,classified,+1 Lap,0,19,52
2019,8,15,15,classified,+1 Lap,0,11,52
2019,8,16,16,classified,+1 Lap,0,10,52
2019,8,17,17,classified,+1 Lap,0,15,52
2019,8,18,18,classified,+2 Laps,0,18,51
2019,8,19,19,classified,+2 Laps,0,20,51
2019,8,20,20,classified,Retired,0,16,44
2019,9,1,1,classified,Finished,26,2,71
2019,9,2,2,classified,Finished,18,1,71
2019,9,3,3,classified,Finished,15,3,71
2019,9,4,4,classified,Finished,12,9,71
2019,9,5,5,classified,Finished,10,4,71
2019,9,6,6,classified,+1 Lap,8,5,70
2019,9,7,7,classified,+1 Lap,6,8,70
2019,9,8,8,classified,+1 Lap,4,19,70
2019,9,9,9,classified,+1 Lap,2,6,70
2019,9,10,10,classified,+1 Lap,1,7,70
2019,9,11,11,classified,+1 Lap,0,13,70
2019,9,12,12,classified,+1 Lap,0,12,70
2019,9,13,13,classified,+1 Lap,0,15,70
2019,9,14,14,classified,+1 Lap,0,14,70
2019,9,15,15,classified,+1 Lap,0,18,70
2019,9,16,16,classified,+1 Lap,0,11,70
2019,9,17,17,classified,+1 Lap,0,16,70
2019,9,18,18,classified,+2 Laps,0,0,69
2019,9,19,19,classified,+2 Laps,0,10,69
2019,9,20,20,classified,+3 Laps,0,17,68
2019,10,1,1,classified,Finished,26,2,52
2019,10,2,2,classified,Finished,18,1,52
2019,10,3,3,classified,Finished,15,3,52
2019,10,4,4,classified,Finished,12,5,52
2019,10,5,5,classified,Finished,10,4,52
2019,10,6,6,classified,Finished,8,13,52
2019,10,7,7,classified,Finished,6,7,52
2019,10,8,8,classified,Finished,4,12,52
2019,10,9,9,classified,Finished,2,17,52
2019,10,10,10,classified,Finished,1,10,52
2019,10,11,11,classified,Finished,0,8,52
2019,10,12,12,classified,Finished,0,9,52
2019,10,13,13,classified,Finished,0,18,52
2019,10,14,14,classified,+1 Lap,0,19,51
2019,10,15,15,classified,+1 Lap,0,20,51
2019,10,16,16,classified,+1 Lap,0,6,51
2019,10,17,17,classified,+1 Lap,0,15,51
2019,10,18,R,retired,Spun off,0,11,18
2019,10,19,R,retired,Collision,0,14,9
2019,10,20,R,retired,Collision,0,16,6
2019,11,1,1,classified,Finished,26,2,64
2019,11,2,2,classified,Finished,18,20,64
2019,11,3,3,classified,Finished,15,14,64
2019,11,4,4,classified,Finished,12,15,64
2019,11,5,5,classified,Finished,10,7,64
2019,11,6,6,classified,Finished,8,16,64
2019,11,7,7,classified,Finished,6,6,64
2019,11,8,8,classified,Finished,4,12,64
2019,11,9,9,classified,Finished,2,1,64
2019,11,10,10,classified,Finished,1,18,64
2019,11,11,11,classified,Finished,0,17,64
2019,11,12,12,classified,Finished,0,5,64
2019,11,13,13,classified,Finished,0,11,64
2019,11,14,14,classified,Collision,0,4,61
2019,11,15,R,retired,Accident,0,3,56
2019,11,16,R,retired,Accident,0,9,39
2019,11,17,R,retired,Accident,0,10,27
2019,11,18,R,retired,Power loss,0,19,25
2019,11,19,R,retired,Exhaust,0,13,13
2019,11,20,R,retired,Spun off,0,8,1
2019,12,1,1,classified,Finished,25,3,70
2019,12,2,2,classified,Finished,19,1,70
2019,12,3,3,classified,Finished,15,5,70
2019,12,4,4,classified,Finished,12,4,70
2019,12,5,5,classified,+1 Lap,10,8,69
2019,12,6,6,classified,+1 Lap,8,6,69
2019,12,7,7,classified,+1 Lap,6,10,69
2019,12,8,8,classified,+1 Lap,4,2,69
2019,12,9,9,classified,+1 Lap,2,7,69
2019,12,10,10,classified,+1 Lap,1,12,69
2019,12,11,11,classified,+1 Lap,0,16,69
2019,12,12,12,classified,+1 Lap,0,11,69
2019,12,13,13,classified,+1 Lap,0,14,69
2019,12,14,14,classified,+1 Lap,0,20,69
2019,12,15,15,classified,+2 Laps,0,13,68
2019,12,16,16,classified,+2 Laps,0,15,68
2019,12,17,17,classified,+2 Laps,0,18,68
2019,12,18,18,classified,+2 Laps,0,17,68
2019,12,19,19,classified,+3 Laps,0,19,67
2019,12,20,R,retired,Water pressure,0,9,49
2019,13,1,1,classified,Finished,25,1,44
2019,13,2,2,classified,Finished,18,3,44
2019,13,3,3,classified,Finished,15,4,44
2019,13,4,4,classified,Finished,13,2,44
2019,13,5,5,classified,Finished,10,17,44
2019,13,6,6,classified,Finished,8,7,44
2019,13,7,7,classified,Finished,6,19,44
2019,13,8,8,classified,Finished,4,12,44
2019,13,9,9,classified,Finished,2,13,44
2019,13,10,10,classified,Finished,1,16,44
2019,13,11,11,classified,Engine,0,11,43
2019,13,12,12,classified,+1 Lap,0,8,43
2019,13,13,13,classified,+1 Lap,0,9,43
2019,13,14,14,classified,+1 Lap,0,10,43
2019,13,15,15,classified,+1 Lap,0,14,43
2019,13,16,16,classified,+1 Lap,0,6,43
2019,13,17,17,classified,+1 Lap,0,0,43
2019,13,18,18,classified,Accident,0,18,42
2019,13,19,R,retired,Power loss,0,15,1
2019,13,20,R,retired,Accident,0,5,0
2019,14,1,1,classified,Finished,25,1,53
2019,14,2,2,classified,Finished,18,3,53
2019,14,3,3,classified,Finished,16,2,53
2019,14,4,4,classified,Finished,12,5,53
2019,14,5,5,classified,Finished,10,6,53
2019,14,6,6,classified,Finished,8,8,53
2019,14,7,7,classified,Finished,6,18,53
2019,14,8,8,classified,Finished,4,19,53
2019,14,9,9,classified,+1 Lap,2,10,52
2019,14,10,10,classified,+1 Lap,1,16,52
2019,14,11,11,classified,+1 Lap,0,17,52
2019,14,12,12,classified,+1 Lap,0,9,52
2019,14,13,13,classified,+1 Lap,0,4,52
2019,14,14,14,classified,+1 Lap,0,14,52
2019,14,15,15,classified,+1 Lap,0,0,52
2019,14,16,16,classified,+1 Lap,0,13,52
2019,14,17,17,classified,+2 Laps,0,15,51
2019,14,18,R,retired,Hydraulics,0,11,43
2019,14,19,R,retired,Engine,0,12,29
2019,14,20,R,retired,Wheel,0,7,27
2019,15,1,1,classified,Finished,25,3,61
2019,15,2,2,classified,Finished,18,1,61
2019,15,3,3,classified,Finished,15,4,61
2019,15,4,4,classified,Finished,12,2,61
2019,15,5,5,classified,Finished,10,5,61
2019,15,6,6,classified,Finished,8,6,61
2019,15,7,7,classified,Finished,6,9,61
2019,15,8,8,classified,Finished,4,11,61
2019,15,9,9,classified,Finished,2,8,61
2019,15,10,10,classified,Finished,1,10,61
2019,15,11,11,classified,Finished,0,17,61
2019,15,12,12,classified,Finished,0,7,61
2019,15,13,13,classified,Finished,0,16,61
2019,15,14,14,classified,Finished,0,20,61
2019,15,15,15,classified,Finished,0,14,61
2019,15,16,16,classified,Finished,0,19,61
2019,15,17,17,classified,Finished,0,13,61
2019,15,18,R,retired,Collision,0,12,49
2019,15,19,R,retired,Engine,0,15,42
2019,15,20,R,retired,Collision,0,18,34
2019,16,1,1,classified,Finished,26,2,53
2019,16,2,2,classified,Finished,18,4,53
2019,16,3,3,classified,Finished,15,1,53
2019,16,4,4,classified,Finished,12,9,53
2019,16,5,5,classified,Finished,10,0,53
2019,16,6,6,classified,Finished,8,5,53
2019,16,7,7,classified,Finished,6,11,53
2019,16,8,8,classified,Finished,4,7,53
2019,16,9,9,classified,Finished,2,13,53
2019,16,10,10,classified,Finished,1,6,53
2019,16,11,11,classified,Finished,0,14,53
2019,16,12,12,classified,Finished,0,19,53
2019,16,13,13,classified,Finished,0,15,53
2019,16,14,14,classified,Finished,0,16,53
2019,16,15,15,classified,Finished,0,12,53
2019,16,16,R,retired,Brakes,0,18,28
2019,16,17,R,retired,Brakes,0,17,27
2019,16,18,R,retired,Power loss,0,3,26
2019,16,19,R,retired,Collision,0,10,24
2019,16,20,R,retired,Collision,0,8,0
2019,17,1,1,classified,Finished,25,3,52
2019,17,2,2,classified,Finished,18,1,52
2019,17,3,3,classified,Finished,16,4,52
2019,17,4,4,classified,Finished,12,6,52
2019,17,5,5,classified,Finished,10,7,52
2019,17,6,6,classified,+1 Lap,8,2,51
2019,17,7,7,classified,+1 Lap,6,9,51
2019,17,8,8,classified,+1 Lap,4,17,51
2019,17,9,9,classified,+1 Lap,2,12,51
2019,17,10,10,classified,+1 Lap,1,14,51
2019,17,11,11,classified,+1 Lap,0,8,51
2019,17,12,12,classified,+1 Lap,0,13,51
2019,17,13,13,classified,+1 Lap,0,10,51
2019,17,14,14,classified,+1 Lap,0,11,51
2019,17,15,15,classified,+1 Lap,0,19,51
2019,17,16,16,classified,+2 Laps,0,18,50
2019,17,17,17,classified,+2 Laps,0,0,50
2019,17,18,R,retired,Brakes,0,5,14
2019,17,19,D,disqualified,Disqualified,0,16,51
2019,17,20,D,disqualified,Disqualified,0,15,51
2019,18,1,1,classified,Finished,25,3,71
2019,18,2,2,classified,Finished,18,2,71
2019,18,3,3,classified,Finished,15,6,71
2019,18,4,4,classified,Finished,13,1,71
2019,18,5,5,classified,Finished,10,5,71
2019,18,6,6,classified,Finished,8,4,71
2019,18,7,7,classified,Finished,6,11,71
2019,18,8,8,classified,Finished,4,13,71
2019,18,9,9,classified,+1 Lap,2,10,70
2019,18,10,10,classified,+1 Lap,1,12,70
2019,18,11,11,classified,+1 Lap,0,9,70
2019,18,12,12,classified,+1 Lap,0,16,70
2019,18,13,13,classified,+1 Lap,0,7,70
2019,18,14,14,classified,+1 Lap,0,15,70
2019,18,15,15,classified,+2 Laps,0,17,69
2019,18,16,16,classified,+2 Laps,0,19,69
2019,18,17,17,classified,+2 Laps,0,18,69
2019,18,18,18,classified,+2 Laps,0,20,69
2019,18,19,R,retired,Overheating,0,14,58
2019,18,20,W,withdrawn,Withdrew,0,8,48
2019,19,1,1,classified,Finished,25,1,56
2019,19,2,2,classified,Finished,18,5,56
2019,19,3,3,classified,Finished,15,3,56
2019,19,4,4,classified,Finished,13,4,56
2019,19,5,5,classified,Finished,10,6,56
2019,19,6,6,classified,Finished,8,9,56
2019,19,7,7,classified,Finished,6,8,56
2019,19,8,8,classified,+1 Lap,4,7,55
2019,19,9,9,classified,+1 Lap,2,11,55
2019,19,10,10,classified,+1 Lap,1,0,55
2019,19,11,11,classified,+1 Lap,0,17,55
2019,19,12,12,classified,+1 Lap,0,13,55
2019,19,13,13,classified,+1 Lap,0,14,55
2019,19,14,14,classified,+1 Lap,0,16,55
2019,19,15,15,classified,+1 Lap,0,15,55
2019,19,16,16,classified,Suspension,0,10,54
2019,19,17,17,classified,+2 Laps,0,18,54
2019,19,18,18,classified,Brakes,0,12,52
2019,19,19,R,retired,Oil leak,0,19,31
2019,19,20,R,retired,Suspension,0,2,7
2019,20,1,1,classified,Finished,25,1,71
2019,20,2,2,classified,Finished,18,6,71
2019,20,3,3,classified,Finished,15,20,71
2019,20,4,4,classified,Finished,12,8,71
2019,20,5,5,classified,Finished,10,12,71
2019,20,6,6,classified,Finished,8,11,71
2019,20,7,7,classified,Finished,6,3,71
2019,20,8,8,classified,Finished,4,10,71
2019,20,9,9,classified,Finished,2,15,71
2019,20,10,10,classified,Finished,1,16,71
2019,20,11,11,classified,Finished,0,9,71
2019,20,12,12,classified,Finished,0,18,71
2019,20,13,13,classified,Finished,0,7,71
2019,20,14,14,classified,Finished,0,5,71
2019,20,15,15,classified,Finished,0,13,71
2019,20,16,16,classified,+1 Lap,0,19,70
2019,20,17,17,classified,Collision,0,2,65
2019,20,18,18,classified,Collision,0,14,65
2019,20,19,19,classified,Suspension,0,17,65
2019,20,20,R,retired,Power Unit,0,4,51
2019,21,1,1,classified,Finished,26,1,55
2019,21,2,2,classified,Finished,18,2,55
2019,21,3,3,classified,Finished,15,3,55
2019,21,4,4,classified,Finished,12,20,55
2019,21,5,5,classified,Finished,10,4,55
2019,21,6,6,classified,Finished,8,5,55
2019,21,7,7,classified,+1 Lap,6,10,54
2019,21,8,8,classified,+1 Lap,4,6,54
2019,21,9,9,classified,+1 Lap,2,13,54
2019,21,10,10,classified,+1 Lap,1,8,54
2019,21,11,11,classified,+1 Lap,0,7,54
2019,21,12,12,classified,+1 Lap,0,9,54
2019,21,13,13,classified,+1 Lap,0,17,54
2019,21,14,14,classified,+1 Lap,0,14,54
2019,21,15,15,classified,+1 Lap,0,15,54
2019,21,16,16,classified,+1 Lap,0,16,54
2019,21,17,17,classified,+1 Lap,0,18,54
2019,21,18,18,classified,+2 Laps,0,11,53
2019,21,19,19,classified,+2 Laps,0,19,53
2019,21,20,R,retired,Brakes,0,12,45
2020,1,1,1,classified,Finished,25,1,71
2020,1,2,2,classified,Finished,18,7,71
2020,1,3,3,classified,Finished,16,3,71
2020,1,4,4,classified,Finished,12,5,71
2020,1,5,5,classified,Finished,10,8,71
2020,1,6,6,classified,Finished,8,6,71
2020,1,7,7,classified,Finished,6,12,71
2020,1,8,8,classified,Finished,4,14,71
2020,1,9,9,classified,Finished,2,18,71
2020,1,10,10,classified,Finished,1,11,71
2020,1,11,11,classified,Finished,0,20,71
2020,1,12,12,classified,Suspension,0,13,69
2020,1,13,13,classified,Electronics,0,4,67
2020,1,14,R,retired,Wheel,0,19,53
2020,1,15,R,retired,Fuel pressure,0,17,49
2020,1,16,R,retired,Brakes,0,15,49
2020,1,17,R,retired,Brakes,0,16,24
2020,1,18,R,retired,Engine,0,9,20
2020,1,19,R,retired,Overheating,0,10,17
2020,1,20,R,retired,Electronics,0,2,11
2020,2,1,1,classified,Finished,25,1,71
2020,2,2,2,classified,Finished,18,4,71
2020,2,3,3,classified,Finished,15,2,71
2020,2,4,4,classified,Finished,12,6,71
2020,2,5,5,classified,Finished,10,9,71
2020,2,6,6,classified,Finished,8,17,71
2020,2,7,7,classified,Finished,6,12,71
2020,2,8,8,classified,Finished,4,8,71
2020,2,9,9,classified,+1 Lap,3,3,70
2020,2,10,10,classified,+1 Lap,1,13,70
2020,2,11,11,classified,+1 Lap,0,16,70
2020,2,12,12,classified,+1 Lap,0,15,70
2020,2,13,13,classified,+1 Lap,0,0,70
2020,2,14,14,classified,+1 Lap,0,19,70
2020,2,15,15,classified,+1 Lap,0,7,70
2020,2,16,16,classified,+2 Laps,0,11,69
2020,2,17,17,classified,+2 Laps,0,18,69
2020,2,18,R,retired,Overheating,0,5,25
2020,2,19,R,retired,Collision damage,0,14,4
2020,2,20,R,retired,Collision damage,0,10,1
2020,3,1,1,classified,Finished,26,1,70
2020,3,2,2,classified,Finished,18,7,70
2020,3,3,3,classified,Finished,15,2,70
2020,3,4,4,classified,Finished,12,3,70
2020,3,5,5,classified,Finished,10,13,70
2020,3,6,6,classified,+1 Lap,8,5,69
2020,3,7,7,classified,+1 Lap,6,4,69
2020,3,8,8,classified,+1 Lap,4,11,69
2020,3,9,9,classified,+1 Lap,2,9,69
2020,3,10,10,classified,+1 Lap,1,0,69
2020,3,11,11,classified,+1 Lap,0,6,69
2020,3,12,12,classified,+1 Lap,0,17,69
2020,3,13,13,classified,+1 Lap,0,8,69
2020,3,14,14,classified,+1 Lap,0,14,69
2020,3,15,15,classified,+1 Lap,0,20,69
2020,3,16,16,classified,+1 Lap,0,0,69
2020,3,17,17,classified,+1 Lap,0,19,69
2020,3,18,18,classified,+1 Lap,0,12,69
2020,3,19,19,classified,+5 Laps,0,15,65
2020,3,20,R,retired,Engine,0,10,15
2020,4,1,1,classified,Finished,25,1,52
2020,4,2,2,classified,Finished,19,3,52
2020,4,3,3,classified,Finished,15,4,52
2020,4,4,4,classified,Finished,12,8,52
2020,4,5,5,classified,Finished,10,5,52
2020,4,6,6,classified,Finished,8,9,52
2020,4,7,7,classified,Finished,6,11,52
2020,4,8,8,classified,Finished,4,12,52
2020,4,9,9,classified,Finished,2,6,52
2020,4,10,10,classified,Finished,1,10,52
2020,4,11,11,classified,Finished,0,2,52
2020,4,12,12,classified,Finished,0,20,52
2020,4,13,13,classified,Finished,0,7,52
2020,4,14,14,classified,Finished,0,15,52
2020,4,15,15,classified,Finished,0,18,52
2020,4,16,16,classified,Finished,0,17,52
2020,4,17,17,classified,+1 Lap,0,16,51
2020,4,18,R,retired,Accident,0,19,11
2020,4,19,R,retired,Collision,0,14,1
2020,4,20,W,withdrawn,Power Unit,0,13,0
2020,5,1,1,classified,Finished,25,4,52
2020,5,2,2,classified,Finished,19,2,52
2020,5,3,3,classified,Finished,15,1,52
2020,5,4,4,classified,Finished,12,8,52
2020,5,5,5,classified,Finished,10,9,52
2020,5,6,6,classified,Finished,8,6,52
2020,5,7,7,classified,Finished,6,3,52
2020,5,8,8,classified,Finished,4,14,52
2020,5,9,9,classified,Finished,2,10,52
2020,5,10,10,classified,Finished,1,16,52
2020,5,11,11,classified,Finished,0,7,52
2020,5,12,12,classified,Finished,0,11,52
2020,5,13,13,classified,Finished,0,12,52
2020,5,14,14,classified,+1 Lap,0,5,51
2020,5,15,15,classified,+1 Lap,0,20,51
2020,5,16,16,classified,+1 Lap,0,13,51
2020,5,17,17,classified,+1 Lap,0,19,51
2020,5,18,18,classified,+1 Lap,0,15,51
2020,5,19,19,classified,+1 Lap,0,18,51
2020,5,20,R,retired,Retired,0,17,43
2020,6,1,1,classified,Finished,25,1,66
2020,6,2,2,classified,Finished,18,3,66
2020,6,3,3,classified,Finished,16,2,66
2020,6,4,4,classified,+1 Lap,12,5,65
2020,6,5,5,classified,+1 Lap,10,4,65
2020,6,6,6,classified,+1 Lap,8,7,65
2020,6,7,7,classified,+1 Lap,6,11,65
2020,6,8,8,classified,+1 Lap,4,6,65
2020,6,9,9,classified,+1 Lap,2,10,65
2020,6,10,10,classified,+1 Lap,1,8,65
2020,6,11,11,classified,+1 Lap,0,13,65
2020,6,12,12,classified,+1 Lap,0,12,65
2020,6,13,13,classified,+1 Lap,0,15,65
2020,6,14,14,classified,+1 Lap,0,14,65
2020,6,15,15,classified,+1 Lap,0,16,65
2020,6,16,16,classified,+1 Lap,0,20,65
2020,6,17,17,classified,+1 Lap,0,18,65
2020,6,18,18,classified,+2 Laps,0,19,64
2020,6,19,19,classified,+2 Laps,0,17,64
2020,6,20,R,retired,Electronics,0,9,38
2020,7,1,1,classified,Finished,25,1,44
2020,7,2,2,classified,Finished,18,2,44
2020,7,3,3,classified,Finished,15,3,44
2020,7,4,4,classified,Finished,13,4,44
2020,7,5,5,classified,Finished,10,6,44
2020,7,6,6,classified,Finished,8,5,44
2020,7,7,7,classified,Finished,6,10,44
2020,7,8,8,classified,Finished,4,12,44
2020,7,9,9,classified,Finished,2,9,44
2020,7,10,10,classified,Finished,1,8,44
2020,7,11,11,classified,Finished,0,11,44
2020,7,12,12,classified,Finished,0,16,44
2020,7,13,13,classified,Finished,0,14,44
2020,7,14,14,classified,Finished,0,13,44
2020,7,15,15,classified,Finished,0,17,44
2020,7,16,16,classified,Finished,0,19,44
2020,7,17,17,classified,Finished,0,20,44
2020,7,18,R,retired,Accident,0,18,9
2020,7,19,R,retired,Debris,0,15,9
2020,7,20,W,withdrawn,Exhaust,0,7,0
2020,8,1,1,classified,Finished,25,10,53
2020,8,2,2,classified,Finished,18,3,53
2020,8,3,3,classified,Finished,15,8,53
2020,8,4,4,classified,Finished,12,6,53
2020,8,5,5,classified,Finished,10,2,53
2020,8,6,6,classified,Finished,8,7,53
2020,8,7,7,classified,Finished,7,1,53
2020,8,8,8,classified,Finished,4,12,53
2020,8,9,9,classified,Finished,2,11,53
2020,8,10,10,classified,Finished,1,4,53
2020,8,11,11,classified,Finished,0,20,53
2020,8,12,12,classified,Finished,0,16,53
2020,8,13,13,classified,Finished,0,14,53
2020,8,14,14,classified,Finished,0,19,53
2020,8,15,15,classified,Finished,0,9,53
2020,8,16,16,classified,Finished,0,18,53
2020,8,17,R,retired,Power Unit,0,5,30
2020,8,18,R,retired,Accident,0,13,23
2020,8,19,R,retired,Power Unit,0,15,17
2020,8,20,R,retired,Brakes,0,17,6
2020,9,1,1,classified,Finished,26,1,59
2020,9,2,2,classified,Finished,18,2,59
2020,9,3,3,classified,Finished,15,4,59
2020,9,4,4,classified,Finished,12,8,59
2020,9,5,5,classified,Finished,10,7,59
2020,9,6,6,classified,Finished,8,11,59
2020,9,7,7,classified,Finished,6,12,59
2020,9,8,8,classified,Finished,4,5,59
2020,9,9,9,classified,Finished,2,13,59
2020,9,10,10,classified,Finished,1,14,59
2020,9,11,11,classified,Finished,0,18,59
2020,9,12,12,classified,Finished,0,15,59
2020,9,13,R,retired,Puncture,0,6,42
2020,9,14,R,retired,Brakes,0,10,7
2020,9,15,R,retired,Collision,0,19,6
2020,9,16,R,retired,Collision,0,20,5
2020,9,17,R,retired,Collision,0,17,5
2020,9,18,R,retired,Collision,0,9,5
2020,9,19,R,retired,Collision,0,3,0
2020,9,20,R,retired,Collision,0,16,0
2020,10,1,1,classified,Finished,26,3,53
2020,10,2,2,classified,Finished,18,2,53
2020,10,3,3,classified,Finished,15,1,53
2020,10,4,4,classified,Finished,12,4,53
2020,10,5,5,classified,Finished,10,5,53
2020,10,6,6,classified,Finished,8,10,53
2020,10,7,7,classified,Finished,6,7,53
2020,10,8,8,classified,Finished,4,11,53
2020,10,9,9,classified,Finished,2,9,53
2020,10,10,10,classified,Finished,1,15,53
2020,10,11,11,classified,+1 Lap,0,17,52
2020,10,12,12,classified,+1 Lap,0,18,52
2020,10,13,13,classified,+1 Lap,0,14,52
2020,10,14,14,classified,+1 Lap,0,19,52
2020,10,15,15,classified,+1 Lap,0,8,52
2020,10,16,16,classified,+1 Lap,0,20,52
2020,10,17,17,classified,+1 Lap,0,16,52
2020,10,18,18,classified,+1 Lap,0,13,52
2020,10,19,R,retired,Accident,0,6,0
2020,10,20,R,retired,Collision,0,12,0
2020,11,1,1,classified,Finished,25,2,60
2020,11,2,2,classified,Finished,19,3,60
2020,11,3,3,classified,Finished,15,6,60
2020,11,4,4,classified,Finished,12,9,60
2020,11,5,5,classified,Finished,10,10,60
2020,11,6,6,classified,Finished,8,12,60
2020,11,7,7,classified,Finished,6,4,60
2020,11,8,8,classified,Finished,4,20,60
2020,11,9,9,classified,Finished,2,16,60
2020,11,10,10,classified,Finished,1,14,60
2020,11,11,11,classified,Finished,0,11,60
2020,11,12,12,classified,Finished,0,19,60
2020,11,13,13,classified,Finished,0,15,60
2020,11,14,14,classified,Finished,0,18,60
2020,11,15,15,classified,Finished,0,13,60
2020,11,16,R,retired,Power Unit,0,8,42
2020,11,17,R,retired,Radiator,0,5,23
2020,11,18,R,retired,Gearbox,0,7,22
2020,11,19,R,retired,Power Unit,0,1,18
2020,11,20,R,retired,Collision,0,17,12
2020,12,1,1,classified,Finished,26,1,66
2020,12,2,2,classified,Finished,18,2,66
2020,12,3,3,classified,Finished,15,3,66
2020,12,4,4,classified,Finished,12,4,66
2020,12,5,5,classified,+1 Lap,10,9,65
2020,12,6,6,classified,+1 Lap,8,7,65
2020,12,7,7,classified,+1 Lap,6,5,65
2020,12,8,8,classified,+1 Lap,4,11,65
2020,12,9,9,classified,+1 Lap,2,10,65
2020,12,10,10,classified,+1 Lap,1,15,65
2020,12,11,11,classified,+1 Lap,0,16,65
2020,12,12,12,classified,+1 Lap,0,6,65
2020,12,13,13,classified,+1 Lap,0,8,65
2020,12,14,14,classified,+1 Lap,0,14,65
2020,12,15,15,classified,+1 Lap,0,17,65
2020,12,16,16,classified,+1 Lap,0,19,65
2020,12,17,17,classified,+1 Lap,0,18,65
2020,12,18,18,classified,+2 Laps,0,20,64
2020,12,19,19,classified,+2 Laps,0,13,64
2020,12,20,R,retired,Collision damage,0,12,51
2020,13,1,1,classified,Finished,26,2,63
2020,13,2,2,classified,Finished,18,1,63
2020,13,3,3,classified,Finished,15,5,63
2020,13,4,4,classified,Finished,12,8,63
2020,13,5,5,classified,Finished,10,7,63
2020,13,6,6,classified,Finished,8,11,63
2020,13,7,7,classified,Finished,6,10,63
2020,13,8,8,classified,Finished,4,9,63
2020,13,9,9,classified,Finished,2,18,63
2020,13,10,10,classified,Finished,1,20,63
2020,13,11,11,classified,Finished,0,19,63
2020,13,12,12,classified,Finished,0,14,63
2020,13,13,13,classified,Finished,0,15,63
2020,13,14,14,classified,Finished,0,16,63
2020,13,15,15,classified,Finished,0,6,63
2020,13,16,R,retired,Accident,0,13,51
2020,13,17,R,retired,Puncture,0,3,50
2020,13,18,R,retired,Illness,0,17,47
2020,13,19,R,retired,Gearbox,0,12,27
2020,13,20,R,retired,Water pressure,0,4,8
2020,14,1,1,classified,Finished,25,6,58
2020,14,2,2,classified,Finished,18,3,58
2020,14,3,3,classified,Finished,15,11,58
2020,14,4,4,classified,Finished,12,12,58
2020,14,5,5,classified,Finished,10,15,58
2020,14,6,6,classified,Finished,8,2,58
2020,14,7,7,classified,Finished,6,4,58
2020,14,8,8,classified,Finished,5,14,58
2020,14,9,9,classified,Finished,2,1,58
2020,14,10,10,classified,Finished,1,5,58
2020,14,11,11,classified,+1 Lap,0,7,57
2020,14,12,12,classified,+1 Lap,0,16,57
2020,14,13,13,classified,+1 Lap,0,19,57
2020,14,14,14,classified,+1 Lap,0,9,57
2020,14,15,15,classified,+1 Lap,0,8,57
2020,14,16,16,classified,+1 Lap,0,0,57
2020,14,17,17,classified,Withdrew,0,13,55
2020,14,18,R,retired,Collision damage,0,17,49
2020,14,19,R,retired,Collision damage,0,0,39
2020,14,20,R,retired,Gearbox,0,10,11
2020,15,1,1,classified,Finished,25,1,57
2020,15,2,2,classified,Finished,19,3,57
2020,15,3,3,classified,Finished,15,4,57
2020,15,4,4,classified,Finished,12,9,57
2020,15,5,5,classified,Finished,10,15,57
2020,15,6,6,classified,Finished,8,8,57
2020,15,7,7,classified,Finished,6,6,57
2020,15,8,8,classified,Finished,4,2,57
2020,15,9,9,classified,Finished,2,7,57
2020,15,10,10,classified,+1 Lap,1,12,56
2020,15,11,11,classified,+1 Lap,0,10,56
2020,15,12,12,classified,+1 Lap,0,14,56
2020,15,13,13,classified,+1 Lap,0,11,56
2020,15,14,14,classified,+1 Lap,0,20,56
2020,15,15,15,classified,+1 Lap,0,17,56
2020,15,16,16,classified,+1 Lap,0,16,56
2020,15,17,17,classified,+1 Lap,0,18,56
2020,15,18,18,classified,Engine,0,5,53
2020,15,19,R,retired,Collision,0,13,2
2020,15,20,R,retired,Collision,0,19,0
2020,16,1,1,classified,Finished,25,5,87
2020,16,2,2,classified,Finished,18,11,87
2020,16,3,3,classified,Finished,15,10,87
2020,16,4,4,classified,Finished,12,8,87
2020,16,5,5,classified,Finished,10,7,87
2020,16,6,6,classified,Finished,8,12,87
2020,16,7,7,classified,Finished,6,6,87
2020,16,8,8,classified,Finished,4,1,87
2020,16,9,9,classified,Finished,3,2,87
2020,16,10,10,classified,Finished,1,19,87
2020,16,11,11,classified,Finished,0,9,87
2020,16,12,12,classified,Finished,0,13,87
2020,16,13,13,classified,Finished,0,14,87
2020,16,14,14,classified,Finished,0,18,87
2020,16,15,15,classified,Finished,0,15,87
2020,16,16,16,classified,Finished,0,17,87
2020,16,17,17,classified,Finished,0,20,87
2020,16,18,R,retired,Engine,0,16,52
2020,16,19,R,retired,Accident,0,3,0
2020,16,20,R,retired,Collision,0,4,0
2020,17,1,1,classified,Finished,25,1,55
2020,17,2,2,classified,Finished,18,2,55
2020,17,3,3,classified,Finished,15,3,55
2020,17,4,4,classified,Finished,12,5,55
2020,17,5,5,classified,Finished,10,4,55
2020,17,6,6,classified,Finished,8,6,55
2020,17,7,7,classified,Finished,7,11,55
2020,17,8,8,classified,Finished,4,9,55
2020,17,9,9,classified,Finished,2,10,55
2020,17,10,10,classified,Finished,1,8,55
2020,17,11,11,classified,+1 Lap,0,7,54
2020,17,12,12,classified,+1 Lap,0,15,54
2020,17,13,13,classified,+1 Lap,0,12,54
2020,17,14,14,classified,+1 Lap,0,13,54
2020,17,15,15,classified,+1 Lap,0,16,54
2020,17,16,16,classified,+1 Lap,0,14,54
2020,17,17,17,classified,+1 Lap,0,18,54
2020,17,18,18,classified,+1 Lap,0,20,54
2020,17,19,19,classified,+2 Laps,0,17,53
2020,17,20,R,retired,Transmission,0,19,8
2021,1,1,1,classified,Finished,25,2,56
2021,1,2,2,classified,Finished,18,1,56
2021,1,3,3,classified,Finished,16,3,56
2021,1,4,4,classified,Finished,12,7,56
2021,1,5,5,classified,Finished,10,0,56
2021,1,6,6,classified,Finished,8,4,56
2021,1,7,7,classified,Finished,6,6,56
2021,1,8,8,classified,Finished,4,8,56
2021,1,9,9,classified,Finished,2,13,56
2021,1,10,10,classified,Finished,1,10,56
2021,1,11,11,classified,Finished,0,14,56
2021,1,12,12,classified,+1 Lap,0,12,55
2021,1,13,13,classified,+1 Lap,0,16,55
2021,1,14,14,classified,+1 Lap,0,15,55
2021,1,15,15,classified,+1 Lap,0,20,55
2021,1,16,16,classified,+1 Lap,0,18,55
2021,1,17,17,classified,Retired,0,5,52
2021,1,18,18,classified,Retired,0,17,51
2021,1,19,R,retired,Brakes,0,9,32
2021,1,20,R,retired,Accident,0,19,0
2021,2,1,1,classified,Finished,25,3,63
2021,2,2,2,classified,Finished,19,1,63
2021,2,3,3,classified,Finished,15,7,63
2021,2,4,4,classified,Finished,12,4,63
2021,2,5,5,classified,Finished,10,11,63
2021,2,6,6,classified,Finished,8,6,63
2021,2,7,7,classified,Finished,6,5,63
2021,2,8,8,classified,Finished,4,10,63
2021,2,9,9,classified,Finished,2,9,63
2021,2,10,10,classified,Finished,1,15,63
2021,2,11,11,classified,Finished,0,2,63
2021,2,12,12,classified,Finished,0,20,63
2021,2,13,13,classified,Finished,0,16,63
2021,2,14,14,classified,+1 Lap,0,17,62
2021,2,15,15,classified,Gearbox,0,0,61
2021,2,16,16,classified,+2 Laps,0,18,61
2021,2,17,17,classified,+2 Laps,0,19,61
2021,2,18,R,retired,Collision,0,8,30
2021,2,19,R,retired,Collision,0,12,30
2021,2,20,R,retired,Collision,0,14,0
2021,3,1,1,classified,Finished,25,2,66
2021,3,2,2,classified,Finished,18,3,66
2021,3,3,3,classified,Finished,16,1,66
2021,3,4,4,classified,Finished,12,4,66
2021,3,5,5,classified,Finished,10,7,66
2021,3,6,6,classified,Finished,8,8,66
2021,3,7,7,classified,Finished,6,6,66
2021,3,8,8,classified,Finished,4,13,66
2021,3,9,9,classified,Finished,2,16,66
2021,3,10,10,classified,Finished,1,9,66
2021,3,11,11,classified,Finished,0,5,66
2021,3,12,12,classified,+1 Lap,0,12,65
2021,3,13,13,classified,+1 Lap,0,10,65
2021,3,14,14,classified,+1 Lap,0,17,65
2021,3,15,15,classified,+1 Lap,0,14,65
2021,3,16,16,classified,+1 Lap,0,11,65
2021,3,17,17,classified,+2 Laps,0,19,64
2021,3,18,18,classified,+2 Laps,0,18,64
2021,3,19,19,classified,+2 Laps,0,20,64
2021,3,20,R,retired,Collision damage,0,15,1
2021,4,1,1,classified,Finished,25,1,66
2021,4,2,2,classified,Finished,19,2,66
2021,4,3,3,classified,Finished,15,3,66
2021,4,4,4,classified,Finished,12,4,66
2021,4,5,5,classified,Finished,10,8,66
2021,4,6,6,classified,Finished,8,7,66
2021,4,7,7,classified,Finished,6,6,66
2021,4,8,8,classified,+1 Lap,4,9,65
2021,4,9,9,classified,+1 Lap,2,5,65
2021,4,10,10,classified,+1 Lap,1,12,65
2021,4,11,11,classified,+1 Lap,0,11,65
2021,4,12,12,classified,+1 Lap,0,17,65
2021,4,13,13,classified,+1 Lap,0,13,65
2021,4,14,14,classified,+1 Lap,0,15,65
2021,4,15,15,classified,+1 Lap,0,14,65
2021,4,16,16,classified,+1 Lap,0,19,65
2021,4,17,17,classified,+1 Lap,0,10,65
2021,4,18,18,classified,+2 Laps,0,18,64
2021,4,19,19,classified,+2 Laps,0,20,64
2021,4,20,R,retired,Electrical,0,16,6
2021,5,1,1,classified,Finished,25,2,78
2021,5,2,2,classified,Finished,18,4,78
2021,5,3,3,classified,Finished,15,5,78
2021,5,4,4,classified,Finished,12,9,78
2021,5,5,5,classified,Finished,10,8,78
2021,5,6,6,classified,Finished,8,6,78
2021,5,7,7,classified,Finished,7,7,78
2021,5,8,8,classified,+1 Lap,4,13,77
2021,5,9,9,classified,+1 Lap,2,11,77
2021,5,10,10,classified,+1 Lap,1,10,77
2021,5,11,11,classified,+1 Lap,0,14,77
2021,5,12,12,classified,+1 Lap,0,12,77
2021,5,13,13,classified,+1 Lap,0,17,77
2021,5,14,14,classified,+1 Lap,0,15,77
2021,5,15,15,classified,+1 Lap,0,18,77
2021,5,16,16,classified,+1 Lap,0,16,77
2021,5,17,17,classified,+3 Laps,0,19,75
2021,5,18,18,classified,+3 Laps,0,20,75
2021,5,19,R,retired,Wheel nut,0,3,29
2021,5,20,W,withdrawn,Driveshaft,0,1,0
2021,6,1,1,classified,Finished,25,6,51
2021,6,2,2,classified,Finished,18,11,51
2021,6,3,3,classified,Finished,15,4,51
2021,6,4,4,classified,Finished,12,1,51
2021,6,5,5,classified,Finished,10,9,51
2021,6,6,6,classified,Finished,8,8,51
2021,6,7,7,classified,Finished,6,7,51
2021,6,8,8,classified,Finished,4,5,51
2021,6,9,9,classified,Finished,2,13,51
2021,6,10,10,classified,Finished,1,14,51
2021,6,11,11,classified,Finished,0,20,51
2021,6,12,12,classified,Finished,0,10,51
2021,6,13,13,classified,Finished,0,17,51
2021,6,14,14,classified,Finished,0,18,51
2021,6,15,15,classified,Finished,0,2,51
2021,6,16,16,classified,Finished,0,16,51
2021,6,17,R,retired,Gearbox,0,15,48
2021,6,18,R,retired,Accident,0,3,45
2021,6,19,R,retired,Accident,0,19,29
2021,6,20,R,retired,Turbo,0,12,3
2021,7,1,1,classified,Finished,26,1,53
2021,7,2,2,classified,Finished,18,2,53
2021,7,3,3,classified,Finished,15,4,53
2021,7,4,4,classified,Finished,12,3,53
2021,7,5,5,classified,Finished,10,8,53
2021,7,6,6,classified,Finished,8,10,53
2021,7,7,7,classified,Finished,6,6,53
2021,7,8,8,classified,Finished,4,9,53
2021,7,9,9,classified,Finished,2,12,53
2021,7,10,10,classified,Finished,1,19,53
2021,7,11,11,classified,Finished,0,5,53
2021,7,12,12,classified,+1 Lap,0,14,52
2021,7,13,13,classified,+1 Lap,0,0,52
2021,7,14,14,classified,+1 Lap,0,11,52
2021,7,15,15,classified,+1 Lap,0,13,52
2021,7,16,16,classified,+1 Lap,0,7,52
2021,7,17,17,classified,+1 Lap,0,17,52
2021,7,18,18,classified,+1 Lap,0,16,52
2021,7,19,19,classified,+1 Lap,0,15,52
2021,7,20,20,classified,+1 Lap,0,18,52
2021,8,1,1,classified,Finished,25,1,71
2021,8,2,2,classified,Finished,19,2,71
2021,8,3,3,classified,Finished,15,5,71
2021,8,4,4,classified,Finished,12,4,71
2021,8,5,5,classified,+1 Lap,10,3,70
2021,8,6,6,classified,+1 Lap,8,12,70
2021,8,7,7,classified,+1 Lap,6,7,70
2021,8,8,8,classified,+1 Lap,4,9,70
2021,8,9,9,classified,+1 Lap,2,8,70
2021,8,10,10,classified,+1 Lap,1,11,70
2021,8,11,11,classified,+1 Lap,0,18,70
2021,8,12,12,classified,+1 Lap,0,14,70
2021,8,13,13,classified,+1 Lap,0,13,70
2021,8,14,14,classified,+1 Lap,0,17,70
2021,8,15,15,classified,+1 Lap,0,15,70
2021,8,16,16,classified,+2 Laps,0,19,69
2021,8,17,17,classified,+3 Laps,0,16,68
2021,8,18,18,classified,+3 Laps,0,20,68
2021,8,19,R,retired,Engine,0,10,36
2021,8,20,R,retired,Collision,0,6,1
2021,9,1,1,classified,Finished,26,1,71
2021,9,2,2,classified,Finished,18,5,71
2021,9,3,3,classified,Finished,15,2,71
2021,9,4,4,classified,Finished,12,4,71
2021,9,5,5,classified,Finished,10,10,71
2021,9,6,6,classified,Finished,8,3,71
2021,9,7,7,classified,Finished,6,13,71
2021,9,8,8,classified,Finished,4,12,71
2021,9,9,9,classified,Finished,2,6,71
2021,9,10,10,classified,+1 Lap,1,14,70
2021,9,11,11,classified,+1 Lap,0,8,70
2021,9,12,12,classified,+1 Lap,0,7,70
2021,9,13,13,classified,+1 Lap,0,9,70
2021,9,14,14,classified,+1 Lap,0,15,70
2021,9,15,15,classified,+1 Lap,0,16,70
2021,9,16,16,classified,+1 Lap,0,18,70
2021,9,17,17,classified,Collision,0,11,69
2021,9,18,18,classified,+2 Laps,0,19,69
2021,9,19,19,classified,+2 Laps,0,20,69
2021,9,20,R,retired,Collision,0,17,0
2021,10,1,1,classified,Finished,25,2,52
2021,10,2,2,classified,Finished,18,4,52
2021,10,3,3,classified,Finished,15,3,52
2021,10,4,4,classified,Finished,12,5,52
2021,10,5,5,classified,Finished,10,6,52
2021,10,6,6,classified,Finished,8,10,52
2021,10,7,7,classified,Finished,6,7,52
2021,10,8,8,classified,Finished,4,14,52
2021,10,9,9,classified,Finished,2,9,52
2021,10,10,10,classified,Finished,1,16,52
2021,10,11,11,classified,Finished,0,11,52
2021,10,12,12,classified,+1 Lap,0,12,51
2021,10,13,13,classified,+1 Lap,0,15,51
2021,10,14,14,classified,+1 Lap,0,17,51
2021,10,15,15,classified,+1 Lap,0,13,51
2021,10,16,16,classified,+1 Lap,0,0,51
2021,10,17,17,classified,+1 Lap,0,19,51
2021,10,18,18,classified,+1 Lap,0,18,51
2021,10,19,R,retired,Retired,0,8,40
2021,10,20,R,retired,Collision,0,1,0
2021,11,1,1,classified,Finished,25,8,70
2021,11,2,2,classified,Finished,18,1,70
2021,11,3,3,classified,Finished,15,15,70
2021,11,4,4,classified,Finished,12,9,70
2021,11,5,5,classified,Finished,11,5,70
2021,11,6,6,classified,Finished,8,16,70
2021,11,7,7,classified,Finished,6,18,70
2021,11,8,8,classified,Finished,4,17,70
2021,11,9,9,classified,Finished,2,3,70
2021,11,10,10,classified,+1 Lap,1,13,69
2021,11,11,11,classified,+1 Lap,0,11,69
2021,11,12,12,classified,+1 Lap,0,20,69
2021,11,13,13,classified,+1 Lap,0,0,69
2021,11,14,R,retired,Collision,0,19,3
2021,11,15,R,retired,Collision,0,6,2
2021,11,16,R,retired,Collision,0,2,0
2021,11,17,R,retired,Collision,0,4,0
2021,11,18,R,retired,Collision,0,7,0
2021,11,19,R,retired,Collision,0,12,0
2021,11,20,D,disqualified,Disqualified,0,10,70
2021,12,1,1,classified,Finished,12.5,1,1
2021,12,2,2,classified,Finished,9,2,1
2021,12,3,3,classified,Finished,7.5,3,1
2021,12,4,4,classified,Finished,6,4,1
2021,12,5,5,classified,Finished,5,5,1
2021,12,6,6,classified,Finished,4,6,1
2021,12,7,7,classified,Finished,3,8,1
2021,12,8,8,classified,Finished,2,9,1
2021,12,9,9,classified,Finished,1,10,1
2021,12,10,10,classified,Finished,0.5,11,1
2021,12,11,11,classified,Finished,0,12,1
2021,12,12,12,classified,Finished,0,13,1
2021,12,13,13,classified,Finished,0,14,1
2021,12,14,14,classified,Finished,0,15,1
2021,12,15,15,classified,Finished,0,16,1
2021,12,16,16,classified,Finished,0,17,1
2021,12,17,17,classified,Finished,0,18,1
2021,12,18,18,classified,Finished,0,0,1
2021,12,19,19,classified,Finished,0,0,1
2021,12,20,20,classified,Finished,0,19,1
2021,13,1,1,classified,Finished,25,1,72
2021,13,2,2,classified,Finished,19,2,72
2021,13,3,3,classified,Finished,15,3,72
2021,13,4,4,classified,+1 Lap,12,4,71
2021,13,5,5,classified,+1 Lap,10,5,71
2021,13,6,6,classified,+1 Lap,8,9,71
2021,13,7,7,classified,+1 Lap,6,6,71
2021,13,8,8,classified,+1 Lap,4,0,71
2021,13,9,9,classified,+1 Lap,2,8,71
2021,13,10,10,classified,+1 Lap,1,13,71
2021,13,11,11,classified,+1 Lap,0,10,71
2021,13,12,12,classified,+2 Laps,0,12,70
2021,13,13,13,classified,+2 Laps,0,15,70
2021,13,14,14,classified,+2 Laps,0,7,70
2021,13,15,15,classified,+2 Laps,0,16,70
2021,13,16,16,classified,+2 Laps,0,0,70
2021,13,17,17,classified,Gearbox,0,11,69
2021,13,18,18,classified,+3 Laps,0,17,69
2021,13,19,R,retired,Power Unit,0,14,48
2021,13,20,R,retired,Hydraulics,0,18,41
2021,14,1,1,classified,Finished,26,2,53
2021,14,2,2,classified,Finished,18,3,53
2021,14,3,3,classified,Finished,15,19,53
2021,14,4,4,classified,Finished,12,5,53
2021,14,5,5,classified,Finished,10,8,53
2021,14,6,6,classified,Finished,8,6,53
2021,14,7,7,classified,Finished,6,9,53
2021,14,8,8,classified,Finished,4,10,53
2021,14,9,9,classified,Finished,2,14,53
2021,14,10,10,classified,Finished,1,12,53
2021,14,11,11,classified,Finished,0,13,53
2021,14,12,12,classified,Finished,0,11,53
2021,14,13,13,classified,Finished,0,7,53
2021,14,14,14,classified,Finished,0,17,53
2021,14,15,15,classified,Finished,0,18,53
2021,14,16,R,retired,Power Unit,0,16,41
2021,14,17,R,retired,Collision,0,4,25
2021,14,18,R,retired,Collision,0,1,25
2021,14,19,R,retired,Suspension,0,0,3
2021,14,20,W,withdrawn,Brakes,0,0,0
2021,15,1,1,classified,Finished,25,4,53
2021,15,2,2,classified,Finished,18,20,53
2021,15,3,3,classified,Finished,15,2,53
2021,15,4,4,classified,Finished,12,5,53
2021,15,5,5,classified,Finished,10,16,53
2021,15,6,6,classified,Finished,8,6,53
2021,15,7,7,classified,Finished,7,1,53
2021,15,8,8,classified,Finished,4,13,53
2021,15,9,9,classified,Finished,2,8,53
2021,15,10,10,classified,Finished,1,3,53
2021,15,11,11,classified,Finished,0,7,53
2021,15,12,12,classified,+1 Lap,0,10,52
2021,15,13,13,classified,+1 Lap,0,11,52
2021,15,14,14,classified,+1 Lap,0,9,52
2021,15,15,15,classified,+1 Lap,0,19,52
2021,15,16,16,classified,+1 Lap,0,17,52
2021,15,17,17,classified,+1 Lap,0,12,52
2021,15,18,18,classified,+2 Laps,0,15,51
2021,15,19,19,classified,Accident,0,18,47
2021,15,20,R,retired,Oil leak,0,14,32
2021,16,1,1,classified,Finished,26,1,58
2021,16,2,2,classified,Finished,18,2,58
2021,16,3,3,classified,Finished,15,6,58
2021,16,4,4,classified,Finished,12,3,58
2021,16,5,5,classified,Finished,10,11,58
2021,16,6,6,classified,Finished,8,4,58
2021,16,7,7,classified,Finished,6,7,58
2021,16,8,8,classified,Finished,4,19,58
2021,16,9,9,classified,Finished,2,8,58
2021,16,10,10,classified,+1 Lap,1,12,57
2021,16,11,11,classified,+1 Lap,0,16,57
2021,16,12,12,classified,+1 Lap,0,17,57
2021,16,13,13,classified,+1 Lap,0,20,57
2021,16,14,14,classified,+1 Lap,0,9,57
2021,16,15,15,classified,+1 Lap,0,13,57
2021,16,16,16,classified,+1 Lap,0,5,57
2021,16,17,17,classified,+1 Lap,0,15,57
2021,16,18,18,classified,+1 Lap,0,10,57
2021,16,19,19,classified,+2 Laps,0,14,56
2021,16,20,20,classified,+2 Laps,0,18,56
2021,17,1,1,classified,Finished,25,1,56
2021,17,2,2,classified,Finished,19,2,56
2021,17,3,3,classified,Finished,15,3,56
2021,17,4,4,classified,Finished,12,4,56
2021,17,5,5,classified,Finished,10,6,56
2021,17,6,6,classified,Finished,8,9,56
2021,17,7,7,classified,Finished,6,5,56
2021,17,8,8,classified,Finished,4,7,56
2021,17,9,9,classified,+1 Lap,2,10,55
2021,17,10,10,classified,+1 Lap,1,18,55
2021,17,11,11,classified,+1 Lap,0,12,55
2021,17,12,12,classified,+1 Lap,0,13,55
2021,17,13,13,classified,+1 Lap,0,15,55
2021,17,14,14,classified,+1 Lap,0,20,55
2021,17,15,15,classified,+1 Lap,0,14,55
2021,17,16,16,classified,+2 Laps,0,16,54
2021,17,17,17,classified,+2 Laps,0,17,54
2021,17,18,R,retired,Rear wing,0,19,49
2021,17,19,R,retired,Mechanical,0,11,40
2021,17,20,R,retired,Suspension,0,8,14
2021,18,1,1,classified,Finished,25,3,71
2021,18,2,2,classified,Finished,18,2,71
2021,18,3,3,classified,Finished,15,4,71
2021,18,4,4,classified,Finished,12,5,71
2021,18,5,5,classified,Finished,10,8,71
2021,18,6,6,classified,+1 Lap,8,6,70
2021,18,7,7,classified,+1 Lap,6,9,70
2021,18,8,8,classified,+1 Lap,4,10,70
2021,18,9,9,classified,+1 Lap,2,12,70
2021,18,10,10,classified,+1 Lap,1,18,70
2021,18,11,11,classified,+1 Lap,0,11,70
2021,18,12,12,classified,+1 Lap,0,7,70
2021,18,13,13,classified,+1 Lap,0,19,70
2021,18,14,14,classified,+2 Laps,0,20,69
2021,18,15,15,classified,+2 Laps,0,1,69
2021,18,16,16,classified,+2 Laps,0,16,69
2021,18,17,17,classified,+2 Laps,0,13,69
2021,18,18,18,classified,+3 Laps,0,15,68
2021,18,19,R,retired,Collision,0,14,0
2021,18,20,R,retired,Collision,0,17,0
2021,19,1,1,classified,Finished,25,10,71
2021,19,2,2,classified,Finished,18,2,71
2021,19,3,3,classified,Finished,15,1,71
2021,19,4,4,classified,Finished,13,4,71
2021,19,5,5,classified,Finished,10,6,71
2021,19,6,6,classified,Finished,8,3,71
2021,19,7,7,classified,+1 Lap,6,7,70
2021,19,8,8,classified,+1 Lap,4,8,70
2021,19,9,9,classified,+1 Lap,2,12,70
2021,19,10,10,classified,+1 Lap,1,5,70
2021,19,11,11,classified,+1 Lap,0,9,70
2021,19,12,12,classified,+1 Lap,0,0,70
2021,19,13,13,classified,+1 Lap,0,17,70
2021,19,14,14,classified,+1 Lap,0,13,70
2021,19,15,15,classified,+1 Lap,0,15,70
2021,19,16,16,classified,+1 Lap,0,16,70
2021,19,17,17,classified,+2 Laps,0,19,69
2021,19,18,18,classified,+2 Laps,0,18,69
2021,19,19,R,retired,Power loss,0,11,49
2021,19,20,R,retired,Collision damage,0,14,47
2021,20,1,1,classified,Finished,25,1,57
2021,20,2,2,classified,Finished,19,7,57
2021,20,3,3,classified,Finished,15,3,57
2021,20,4,4,classified,Finished,12,11,57
2021,20,5,5,classified,Finished,10,9,57
2021,20,6,6,classified,Finished,8,12,57
2021,20,7,7,classified,Finished,6,5,57
2021,20,8,8,classified,Finished,4,13,57
2021,20,9,9,classified,+1 Lap,2,4,56
2021,20,10,10,classified,+1 Lap,1,10,56
2021,20,11,11,classified,+1 Lap,0,2,56
2021,20,12,12,classified,+1 Lap,0,14,56
2021,20,13,13,classified,+1 Lap,0,8,56
2021,20,14,14,classified,+1 Lap,0,16,56
2021,20,15,15,classified,+1 Lap,0,18,56
2021,20,16,16,classified,+1 Lap,0,19,56
2021,20,17,17,classified,+2 Laps,0,15,55
2021,20,18,18,classified,+2 Laps,0,20,55
2021,20,19,R,retired,Puncture,0,17,50
2021,20,20,R,retired,Damage,0,6,48
2021,21,1,1,classified,Finished,26,1,50
2021,21,2,2,classified,Finished,18,3,50
2021,21,3,3,classified,Finished,15,2,50
2021,21,4,4,classified,Finished,12,9,50
2021,21,5,5,classified,Finished,10,11,50
2021,21,6,6,classified,Finished,8,6,50
2021,21,7,7,classified,Finished,6,4,50
2021,21,8,8,classified,Finished,4,15,50
2021,21,9,9,classified,Finished,2,10,50
2021,21,10,10,classified,Finished,1,7,50
2021,21,11,11,classified,Finished,0,18,50
2021,21,12,12,classified,Finished,0,16,50
2021,21,13,13,classified,+1 Lap,0,13,49
2021,21,14,14,classified,+1 Lap,0,8,49
2021,21,15,15,classified,+1 Lap,0,12,49
2021,21,16,R,retired,Collision damage,0,17,44
2021,21,17,R,retired,Collision,0,5,14
2021,21,18,R,retired,Collision,0,20,14
2021,21,19,R,retired,Collision,0,14,14
2021,21,20,R,retired,Accident,0,19,8
2021,22,1,1,classified,Finished,26,1,58
2021,22,2,2,classified,Finished,18,2,58
2021,22,3,3,classified,Finished,15,5,58
2021,22,4,4,classified,Finished,12,8,58
2021,22,5,5,classified,Finished,10,12,58
2021,22,6,6,classified,Finished,8,6,58
2021,22,7,7,classified,Finished,6,3,58
2021,22,8,8,classified,Finished,4,11,58
2021,22,9,9,classified,Finished,2,9,58
2021,22,10,10,classified,Finished,1,7,58
2021,22,11,11,classified,Finished,0,15,58
2021,22,12,12,classified,+1 Lap,0,10,57
2021,22,13,13,classified,+1 Lap,0,13,57
2021,22,14,14,classified,+1 Lap,0,19,57
2021,22,15,15,classified,Engine,0,4,55
2021,22,16,R,retired,Accident,0,16,50
2021,22,17,R,retired,Gearbox,0,14,33
2021,22,18,R,retired,Gearbox,0,17,26
2021,22,19,R,retired,Brakes,0,18,25
2021,22,20,W,withdrawn,Illness,0,20,0
2022,1,1,1,classified,Finished,26,1,57
2022,1,2,2,classified,Finished,18,3,57
2022,1,3,3,classified,Finished,15,5,57
2022,1,4,4,classified,Finished,12,9,57
2022,1,5,5,classified,Finished,10,7,57
2022,1,6,6,classified,Finished,8,6,57
2022,1,7,7,classified,Finished,6,11,57
2022,1,8,8,classified,Finished,4,16,57
2022,1,9,9,classified,Finished,2,8,57
2022,1,10,10,classified,Finished,1,15,57
2022,1,11,11,classified,Finished,0,12,57
2022,1,12,12,classified,Finished,0,19,57
2022,1,13,13,classified,Finished,0,14,57
2022,1,14,14,classified,Finished,0,18,57
2022,1,15,15,classified,Finished,0,13,57
2022,1,16,16,classified,Finished,0,20,57
2022,1,17,17,classified,Finished,0,17,57
2022,1,18,18,classified,Fuel pressure,0,4,56
2022,1,19,19,classified,Fuel pressure,0,2,54
2022,1,20,R,retired,Power Unit,0,10,44
2022,2,1,1,classified,Finished,25,4,50
2022,2,2,2,classified,Finished,19,2,50
2022,2,3,3,classified,Finished,15,3,50
2022,2,4,4,classified,Finished,12,1,50
2022,2,5,5,classified,Finished,10,6,50
2022,2,6,6,classified,Finished,8,5,50
2022,2,7,7,classified,Finished,6,11,50
2022,2,8,8,classified,Finished,4,9,50
2022,2,9,9,classified,Finished,2,10,50
2022,2,10,10,classified,Finished,1,15,50
2022,2,11,11,classified,Finished,0,12,50
2022,2,12,12,classified,Finished,0,17,50
2022,2,13,13,classified,+1 Lap,0,13,49
2022,2,14,14,classified,Collision damage,0,16,47
2022,2,15,R,retired,Cooling system,0,8,36
2022,2,16,R,retired,Water pump,0,7,35
2022,2,17,R,retired,Gearbox,0,14,35
2022,2,18,R,retired,Accident,0,18,14
2022,2,19,R,retired,Power Unit,0,19,0
2022,2,20,W,withdrawn,Withdrew,0,0,0
2022,3,1,1,classified,Finished,26,1,58
2022,3,2,2,classified,Finished,18,3,58
2022,3,3,3,classified,Finished,15,6,58
2022,3,4,4,classified,Finished,12,5,58
2022,3,5,5,classified,Finished,10,4,58
2022,3,6,6,classified,Finished,8,7,58
2022,3,7,7,classified,Finished,6,8,58
2022,3,8,8,classified,Finished,4,12,58
2022,3,9,9,classified,Finished,2,11,58
2022,3,10,10,classified,Finished,1,20,58
2022,3,11,11,classified,Finished,0,14,58
2022,3,12,12,classified,Finished,0,19,58
2022,3,13,13,classified,+1 Lap,0,15,57
2022,3,14,14,classified,+1 Lap,0,16,57
2022,3,15,15,classified,+1 Lap,0,13,57
2022,3,16,16,classified,+1 Lap,0,18,57
2022,3,17,17,classified,+1 Lap,0,10,57
2022,3,18,R,retired,Fuel leak,0,2,38
2022,3,19,R,retired,Accident,0,17,22
2022,3,20,R,retired,Spun off,0,9,1
2022,4,1,1,classified,Finished,26,1,63
2022,4,2,2,classified,Finished,18,3,63
2022,4,3,3,classified,Finished,15,5,63
2022,4,4,4,classified,Finished,12,11,63
2022,4,5,5,classified,Finished,10,7,63
2022,4,6,6,classified,Finished,8,2,63
2022,4,7,7,classified,Finished,6,12,63
2022,4,8,8,classified,Finished,4,13,63
2022,4,9,9,classified,Finished,2,8,63
2022,4,10,10,classified,+1 Lap,1,15,62
2022,4,11,11,classified,+1 Lap,0,18,62
2022,4,12,12,classified,+1 Lap,0,17,62
2022,4,13,13,classified,+1 Lap,0,14,62
2022,4,14,14,classified,+1 Lap,0,16,62
2022,4,15,15,classified,+1 Lap,0,0,62
2022,4,16,16,classified,+1 Lap,0,19,62
2022,4,17,17,classified,+1 Lap,0,10,62
2022,4,18,18,classified,+1 Lap,0,6,62
2022,4,19,R,retired,Collision damage,0,9,6
2022,4,20,R,retired,Collision,0,4,0
2022,5,1,1,classified,Finished,26,3,57
2022,5,2,2,classified,Finished,18,1,57
2022,5,3,3,classified,Finished,15,2,57
2022,5,4,4,classified,Finished,12,4,57
2022,5,5,5,classified,Finished,10,12,57
2022,5,6,6,classified,Finished,8,6,57
2022,5,7,7,classified,Finished,6,5,57
2022,5,8,8,classified,Finished,4,20,57
2022,5,9,9,classified,Finished,2,18,57
2022,5,10,10,classified,Finished,1,0,57
2022,5,11,11,classified,Finished,0,11,57
2022,5,12,12,classified,Finished,0,9,57
2022,5,13,13,classified,Finished,0,14,57
2022,5,14,14,classified,Finished,0,19,57
2022,5,15,15,classified,Finished,0,15,57
2022,5,16,16,classified,Front wing,0,16,56
2022,5,17,17,classified,Collision,0,0,54
2022,5,18,R,retired,Suspension,0,7,45
2022,5,19,R,retired,Collision,0,8,39
2022,5,20,R,retired,Water leak,0,17,6
2022,6,1,1,classified,Finished,25,2,66
2022,6,2,2,classified,Finished,19,5,66
2022,6,3,3,classified,Finished,15,4,66
2022,6,4,4,classified,Finished,12,3,66
2022,6,5,5,classified,Finished,10,6,66
2022,6,6,6,classified,Finished,8,7,66
2022,6,7,7,classified,Finished,6,12,66
2022,6,8,8,classified,Finished,4,11,66
2022,6,9,9,classified,+1 Lap,2,20,65
2022,6,10,10,classified,+1 Lap,1,13,65
2022,6,11,11,classified,+1 Lap,0,16,65
2022,6,12,12,classified,+1 Lap,0,9,65
2022,6,13,13,classified,+1 Lap,0,14,65
2022,6,14,14,classified,+1 Lap,0,10,65
2022,6,15,15,classified,+1 Lap,0,17,65
2022,6,16,16,classified,+2 Laps,0,19,64
2022,6,17,17,classified,+2 Laps,0,8,64
2022,6,18,18,classified,+2 Laps,0,18,64
2022,6,19,R,retired,Power loss,0,15,28
2022,6,20,R,retired,Turbo,0,1,27
2022,7,1,1,classified,Finished,25,3,64
2022,7,2,2,classified,Finished,18,2,64
2022,7,3,3,classified,Finished,15,4,64
2022,7,4,4,classified,Finished,12,1,64
2022,7,5,5,classified,Finished,10,6,64
2022,7,6,6,classified,Finished,9,5,64
2022,7,7,7,classified,Finished,6,7,64
2022,7,8,8,classified,Finished,4,8,64
2022,7,9,9,classified,Finished,2,12,64
2022,7,10,10,classified,Finished,1,9,64
2022,7,11,11,classified,Finished,0,17,64
2022,7,12,12,classified,Finished,0,10,64
2022,7,13,13,classified,Finished,0,14,64
2022,7,14,14,classified,Finished,0,18,64
2022,7,15,15,classified,+1 Lap,0,19,63
2022,7,16,16,classified,+1 Lap,0,20,63
2022,7,17,17,classified,+1 Lap,0,11,63
2022,7,18,R,retired,Mechanical,0,16,48
2022,7,19,R,retired,Accident,0,15,24
2022,7,20,R,retired,Water pressure,0,13,19
2022,8,1,1,classified,Finished,25,3,51
2022,8,2,2,classified,Finished,19,2,51
2022,8,3,3,classified,Finished,15,5,51
2022,8,4,4,classified,Finished,12,7,51
2022,8,5,5,classified,Finished,10,6,51
2022,8,6,6,classified,Finished,8,9,51
2022,8,7,7,classified,Finished,6,10,51
2022,8,8,8,classified,Finished,4,12,51
2022,8,9,9,classified,Finished,2,11,51
2022,8,10,10,classified,Finished,1,13,51
2022,8,11,11,classified,+1 Lap,0,15,50
2022,8,12,12,classified,+1 Lap,0,17,50
2022,8,13,13,classified,+1 Lap,0,8,50
2022,8,14,14,classified,+1 Lap,0,20,50
2022,8,15,15,classified,+1 Lap,0,18,50
2022,8,16,16,classified,Vibrations,0,19,46
2022,8,17,R,retired,Power Unit,0,16,31
2022,8,18,R,retired,Hydraulics,0,14,23
2022,8,19,R,retired,Power Unit,0,1,21
2022,8,20,R,retired,Hydraulics,0,4,8
2022,9,1,1,classified,Finished,25,1,70
2022,9,2,2,classified,Finished,19,3,70
2022,9,3,3,classified,Finished,15,4,70
2022,9,4,4,classified,Finished,12,8,70
2022,9,5,5,classified,Finished,10,19,70
2022,9,6,6,classified,Finished,8,7,70
2022,9,7,7,classified,Finished,6,11,70
2022,9,8,8,classified,Finished,4,10,70
2022,9,9,9,classified,Finished,2,2,70
2022,9,10,10,classified,Finished,1,17,70
2022,9,11,11,classified,Finished,0,9,70
2022,9,12,12,classified,Finished,0,16,70
2022,9,13,13,classified,Finished,0,12,70
2022,9,14,14,classified,Finished,0,15,70
2022,9,15,15,classified,Finished,0,14,70
2022,9,16,16,classified,Finished,0,18,70
2022,9,17,17,classified,Finished,0,5,70
2022,9,18,R,retired,Accident,0,20,47
2022,9,19,R,retired,Engine,0,6,18
2022,9,20,R,retired,Gearbox,0,13,7
2022,10,1,1,classified,Finished,25,1,52
2022,10,2,2,classified,Finished,18,4,52
2022,10,3,3,classified,Finished,16,5,52
2022,10,4,4,classified,Finished,12,3,52
2022,10,5,5,classified,Finished,10,7,52
2022,10,6,6,classified,Finished,8,6,52
2022,10,7,7,classified,Finished,6,2,52
2022,10,8,8,classified,Finished,4,19,52
2022,10,9,9,classified,Finished,2,18,52
2022,10,10,10,classified,Finished,1,17,52
2022,10,11,11,classified,Finished,0,20,52
2022,10,12,12,classified,Finished,0,10,52
2022,10,13,13,classified,Finished,0,14,52
2022,10,14,14,classified,Finished,0,13,52
2022,10,15,R,retired,Fuel pump,0,15,37
2022,10,16,R,retired,Collision damage,0,11,26
2022,10,17,R,retired,Gearbox,0,12,20
2022,10,18,R,retired,Collision,0,8,0
2022,10,19,R,retired,Collision,0,9,0
2022,10,20,R,retired,Collision,0,16,0
2022,11,1,1,classified,Finished,25,2,71
2022,11,2,2,classified,Finished,19,1,71
2022,11,3,3,classified,Finished,15,8,71
2022,11,4,4,classified,Finished,12,4,71
2022,11,5,5,classified,Finished,10,6,71
2022,11,6,6,classified,+1 Lap,8,9,70
2022,11,7,7,classified,+1 Lap,6,10,70
2022,11,8,8,classified,+1 Lap,4,7,70
2022,11,9,9,classified,+1 Lap,2,11,70
2022,11,10,10,classified,+1 Lap,1,19,70
2022,11,11,11,classified,+1 Lap,0,0,70
2022,11,12,12,classified,+1 Lap,0,15,70
2022,11,13,13,classified,+1 Lap,0,12,70
2022,11,14,14,classified,+1 Lap,0,13,70
2022,11,15,15,classified,+1 Lap,0,14,70
2022,11,16,16,classified,+1 Lap,0,16,70
2022,11,17,17,classified,+1 Lap,0,18,70
2022,11,18,R,retired,Power Unit,0,3,56
2022,11,19,R,retired,Undertray,0,17,48
2022,11,20,R,retired,Collision damage,0,5,24
2022,12,1,1,classified,Finished,25,2,53
2022,12,2,2,classified,Finished,18,4,53
2022,12,3,3,classified,Finished,15,6,53
2022,12,4,4,classified,Finished,12,3,53
2022,12,5,5,classified,Finished,11,19,53
2022,12,6,6,classified,Finished,8,7,53
2022,12,7,7,classified,Finished,6,5,53
2022,12,8,8,classified,Finished,4,10,53
2022,12,9,9,classified,Finished,2,9,53
2022,12,10,10,classified,Finished,1,15,53
2022,12,11,11,classified,Finished,0,12,53
2022,12,12,12,classified,Finished,0,14,53
2022,12,13,13,classified,Finished,0,13,53
2022,12,14,14,classified,Finished,0,11,53
2022,12,15,15,classified,Finished,0,17,53
2022,12,16,16,classified,+6 Laps,0,16,47
2022,12,17,R,retired,Collision damage,0,18,40
2022,12,18,R,retired,Collision damage,0,20,37
2022,12,19,R,retired,Accident,0,1,17
2022,12,20,R,retired,Undertray,0,8,17
2022,13,1,1,classified,Finished,25,10,70
2022,13,2,2,classified,Finished,19,7,70
2022,13,3,3,classified,Finished,15,1,70
2022,13,4,4,classified,Finished,12,2,70
2022,13,5,5,classified,Finished,10,11,70
2022,13,6,6,classified,Finished,8,3,70
2022,13,7,7,classified,Finished,6,4,70
2022,13,8,8,classified,+1 Lap,4,6,69
2022,13,9,9,classified,+1 Lap,2,5,69
2022,13,10,10,classified,+1 Lap,1,18,69
2022,13,11,11,classified,+1 Lap,0,14,69
2022,13,12,12,classified,+1 Lap,0,0,69
2022,13,13,13,classified,+1 Lap,0,12,69
2022,13,14,14,classified,+1 Lap,0,15,69
2022,13,15,15,classified,+1 Lap,0,9,69
2022,13,16,16,classified,+1 Lap,0,13,69
2022,13,17,17,classified,+1 Lap,0,17,69
2022,13,18,18,classified,+1 Lap,0,19,69
2022,13,19,19,classified,+2 Laps,0,16,68
2022,13,20,20,classified,Power Unit,0,8,65
2022,14,1,1,classified,Finished,26,14,44
2022,14,2,2,classified,Finished,18,2,44
2022,14,3,3,classified,Finished,15,1,44
2022,14,4,4,classified,Finished,12,5,44
2022,14,5,5,classified,Finished,10,3,44
2022,14,6,6,classified,Finished,8,15,44
2022,14,7,7,classified,Finished,6,16,44
2022,14,8,8,classified,Finished,4,10,44
2022,14,9,9,classified,Finished,2,0,44
2022,14,10,10,classified,Finished,1,6,44
2022,14,11,11,classified,Finished,0,9,44
2022,14,12,12,classified,Finished,0,17,44
2022,14,13,13,classified,Finished,0,0,44
2022,14,14,14,classified,Finished,0,18,44
2022,14,15,15,classified,Finished,0,7,44
2022,14,16,16,classified,+1 Lap,0,12,43
2022,14,17,17,classified,+1 Lap,0,19,43
2022,14,18,18,classified,+1 Lap,0,11,43
2022,14,19,R,retired,Accident,0,13,1
2022,14,20,R,retired,Collision damage,0,4,0
2022,15,1,1,classified,Finished,26,1,72
2022,15,2,2,classified,Finished,18,6,72
2022,15,3,3,classified,Finished,15,2,72
2022,15,4,4,classified,Finished,12,4,72
2022,15,5,5,classified,Finished,10,5,72
2022,15,6,6,classified,Finished,8,13,72
2022,15,7,7,classified,Finished,6,7,72
2022,15,8,8,classified,Finished,4,3,72
2022,15,9,9,classified,Finished,2,12,72
2022,15,10,10,classified,Finished,1,10,72
2022,15,11,11,classified,Finished,0,11,72
2022,15,12,12,classified,Finished,0,15,72
2022,15,13,13,classified,Finished,0,8,72
2022,15,14,14,classified,Finished,0,19,72
2022,15,15,15,classified,Finished,0,18,72
2022,15,16,16,classified,Finished,0,14,72
2022,15,17,17,classified,Finished,0,17,72
2022,15,18,18,classified,+1 Lap,0,20,71
2022,15,19,R,retired,Engine,0,16,53
2022,15,20,R,retired,Differential,0,9,43
2022,16,1,1,classified,Finished,25,7,53
2022,16,2,2,classified,Finished,18,1,53
2022,16,3,3,classified,Finished,15,2,53
2022,16,4,4,classified,Finished,12,18,53
2022,16,5,5,classified,Finished,10,19,53
2022,16,6,6,classified,Finished,9,13,53
2022,16,7,7,classified,Finished,6,3,53
2022,16,8,8,classified,Finished,4,5,53
2022,16,9,9,classified,Finished,2,8,53
2022,16,10,10,classified,Finished,1,9,53
2022,16,11,11,classified,Finished,0,14,53
2022,16,12,12,classified,Finished,0,17,53
2022,16,13,13,classified,+1 Lap,0,15,52
2022,16,14,14,classified,+1 Lap,0,20,52
2022,16,15,15,classified,+1 Lap,0,10,52
2022,16,16,16,classified,+1 Lap,0,16,52
2022,16,17,R,retired,Oil leak,0,4,45
2022,16,18,R,retired,Engine,0,12,39
2022,16,19,R,retired,Water pressure,0,6,31
2022,16,20,R,retired,Engine,0,11,10
2022,17,1,1,classified,Finished,25,2,59
2022,17,2,2,classified,Finished,18,1,59
2022,17,3,3,classified,Finished,15,4,59
2022,17,4,4,classified,Finished,12,6,59
2022,17,5,5,classified,Finished,10,16,59
2022,17,6,6,classified,Finished,8,11,59
2022,17,7,7,classified,Finished,6,8,59
2022,17,8,8,classified,Finished,4,13,59
2022,17,9,9,classified,Finished,2,3,59
2022,17,10,10,classified,Finished,1,7,59
2022,17,11,11,classified,Finished,0,15,59
2022,17,12,12,classified,Finished,0,9,59
2022,17,13,13,classified,+1 Lap,0,12,58
2022,17,14,14,classified,+2 Laps,0,0,57
2022,17,15,R,retired,Accident,0,10,34
2022,17,16,R,retired,Engine,0,17,26
2022,17,17,R,retired,Collision damage,0,18,25
2022,17,18,R,retired,Engine,0,5,20
2022,17,19,R,retired,Collision damage,0,19,7
2022,17,20,R,retired,Collision,0,14,6
2022,18,1,1,classified,Finished,25,1,28
2022,18,2,2,classified,Finished,18,4,28
2022,18,3,3,classified,Finished,15,2,28
2022,18,4,4,classified,Finished,12,5,28
2022,18,5,5,classified,Finished,10,6,28
2022,18,6,6,classified,Finished,8,9,28
2022,18,7,7,classified,Finished,6,7,28
2022,18,8,8,classified,Finished,4,8,28
2022,18,9,9,classified,Finished,2,20,28
2022,18,10,10,classified,Finished,1,10,28
2022,18,11,11,classified,Finished,0,11,28
2022,18,12,12,classified,Finished,0,19,28
2022,18,13,13,classified,Finished,0,13,28
2022,18,14,14,classified,Finished,0,18,28
2022,18,15,15,classified,Finished,0,12,28
2022,18,16,16,classified,Finished,0,14,28
2022,18,17,17,classified,Finished,0,15,28
2022,18,18,18,classified,Finished,0,17,28
2022,18,19,R,retired,Accident,0,3,0
2022,18,20,R,retired,Hydraulics,0,16,0
2022,19,1,1,classified,Finished,25,2,56
2022,19,2,2,classified,Finished,18,3,56
2022,19,3,3,classified,Finished,15,12,56
2022,19,4,4,classified,Finished,12,9,56
2022,19,5,5,classified,Finished,11,4,56
2022,19,6,6,classified,Finished,8,6,56
2022,19,7,7,classified,Finished,6,14,56
2022,19,8,8,classified,Finished,4,10,56
2022,19,9,9,classified,Finished,2,13,56
2022,19,10,10,classified,Finished,1,19,56
2022,19,11,11,classified,Finished,0,0,56
2022,19,12,12,classified,Finished,0,18,56
2022,19,13,13,classified,Finished,0,8,56
2022,19,14,14,classified,Finished,0,11,56
2022,19,15,15,classified,Finished,0,16,56
2022,19,16,16,classified,Finished,0,15,56
2022,19,17,17,classified,Finished,0,17,56
2022,19,18,R,retired,Collision,0,5,21
2022,19,19,R,retired,Spun off,0,7,16
2022,19,20,R,retired,Collision damage,0,1,1
2022,20,1,1,classified,Finished,25,1,71
2022,20,2,2,classified,Finished,18,3,71
2022,20,3,3,classified,Finished,15,4,71
2022,20,4,4,classified,Finished,13,2,71
2022,20,5,5,classified,Finished,10,5,71
2022,20,6,6,classified,Finished,8,7,71
2022,20,7,7,classified,+1 Lap,6,11,70
2022,20,8,8,classified,+1 Lap,4,10,70
2022,20,9,9,classified,+1 Lap,2,8,70
2022,20,10,10,classified,+1 Lap,1,6,70
2022,20,11,11,classified,+1 Lap,0,14,70
2022,20,12,12,classified,+1 Lap,0,17,70
2022,20,13,13,classified,+1 Lap,0,12,70
2022,20,14,14,classified,+1 Lap,0,16,70
2022,20,15,15,classified,+1 Lap,0,20,70
2022,20,16,16,classified,+1 Lap,0,15,70
2022,20,17,17,classified,+1 Lap,0,19,70
2022,20,18,18,classified,+2 Laps,0,18,69
2022,20,19,19,classified,Engine,0,9,63
2022,20,20,R,retired,Collision damage,0,13,50
2022,21,1,1,classified,Finished,26,1,71
2022,21,2,2,classified,Finished,18,2,71
2022,21,3,3,classified,Finished,15,7,71
2022,21,4,4,classified,Finished,12,5,71
2022,21,5,5,classified,Finished,10,17,71
2022,21,6,6,classified,Finished,8,3,71
2022,21,7,7,classified,Finished,6,4,71
2022,21,8,8,classified,Finished,4,16,71
2022,21,9,9,classified,Finished,2,14,71
2022,21,10,10,classified,Finished,1,15,71
2022,21,11,11,classified,Finished,0,9,71
2022,21,12,12,classified,Finished,0,13,71
2022,21,13,13,classified,Finished,0,12,71
2022,21,14,14,classified,Finished,0,10,71
2022,21,15,15,classified,Finished,0,19,71
2022,21,16,16,classified,Finished,0,18,71
2022,21,17,17,classified,+1 Lap,0,0,70
2022,21,18,R,retired,Gearbox,0,6,50
2022,21,19,R,retired,Collision,0,8,0
2022,21,20,R,retired,Collision,0,11,0
2022,22,1,1,classified,Finished,25,1,58
2022,22,2,2,classified,Finished,18,3,58
2022,22,3,3,classified,Finished,15,2,58
2022,22,4,4,classified,Finished,12,4,58
2022,22,5,5,classified,Finished,10,6,58
2022,22,6,6,classified,Finished,9,7,58
2022,22,7,7,classified,Finished,6,8,58
2022,22,8,8,classified,Finished,4,14,58
2022,22,9,9,classified,Finished,2,13,58
2022,22,10,10,classified,Finished,1,9,58
2022,22,11,11,classified,Finished,0,11,58
2022,22,12,12,classified,+1 Lap,0,15,57
2022,22,13,13,classified,+1 Lap,0,19,57
2022,22,14,14,classified,+1 Lap,0,17,57
2022,22,15,15,classified,+1 Lap,0,18,57
2022,22,16,16,classified,+1 Lap,0,12,57
2022,22,17,17,classified,+1 Lap,0,16,57
2022,22,18,18,classified,Hydraulics,0,5,55
2022,22,19,19,classified,Collision damage,0,20,55
2022,22,20,R,retired,Water leak,0,10,27
2023,1,1,1,classified,Finished,25,1,57
2023,1,2,2,classified,Finished,18,2,57
2023,1,3,3,classified,Finished,15,5,57
2023,1,4,4,classified,Finished,12,4,57
2023,1,5,5,classified,Finished,10,7,57
2023,1,6,6,classified,Finished,8,8,57
2023,1,7,7,classified,Finished,6,6,57
2023,1,8,8,classified,Finished,4,12,57
2023,1,9,9,classified,Finished,2,20,57
2023,1,10,10,classified,Finished,1,15,57
2023,1,11,11,classified,Finished,0,14,57
2023,1,12,12,classified,Lapped,0,16,56
2023,1,13,13,classified,Lapped,0,17,56
2023,1,14,14,classified,Lapped,0,19,56
2023,1,15,15,classified,Lapped,0,10,56
2023,1,16,16,classified,Lapped,0,13,56
2023,1,17,17,classified,Lapped,0,11,55
2023,1,18,R,retired,Retired,0,9,41
2023,1,19,R,retired,Retired,0,3,39
2023,1,20,R,retired,Retired,0,18,13
2023,2,1,1,classified,Finished,25,1,50
2023,2,2,2,classified,Finished,19,15,50
2023,2,3,3,classified,Finished,15,2,50
2023,2,4,4,classified,Finished,12,3,50
2023,2,5,5,classified,Finished,10,7,50
2023,2,6,6,classified,Finished,8,4,50
2023,2,7,7,classified,Finished,6,12,50
2023,2,8,8,classified,Finished,4,6,50
2023,2,9,9,classified,Finished,2,9,50
2023,2,10,10,classified,Finished,1,13,50
2023,2,11,11,classified,Finished,0,16,50
2023,2,12,12,classified,Finished,0,10,50
2023,2,13,13,classified,Finished,0,11,50
2023,2,14,14,classified,Finished,0,18,50
2023,2,15,15,classified,Finished,0,8,50
2023,2,16,16,classified,Finished,0,20,50
2023,2,17,17,classified,Finished,0,19,50
2023,2,18,18,classified,Lapped,0,14,49
2023,2,19,R,retired,Retired,0,17,27
2023,2,20,R,retired,Retired,0,5,16
2023,3,1,1,classified,Finished,25,1,58
2023,3,2,2,classified,Finished,18,3,58
2023,3,3,3,classified,Finished,15,4,58
2023,3,4,4,classified,Finished,12,6,58
2023,3,5,5,classified,Finished,11,20,58
2023,3,6,6,classified,Finished,8,13,58
2023,3,7,7,classified,Finished,6,10,58
2023,3,8,8,classified,Finished,4,16,58
2023,3,9,9,classified,Finished,2,17,58
2023,3,10,10,classified,Finished,1,12,58
2023,3,11,11,classified,Finished,0,19,58
2023,3,12,12,classified,Finished,0,5,58
2023,3,13,13,classified,Retired,0,9,56
2023,3,14,14,classified,Retired,0,11,56
2023,3,15,15,classified,Retired,0,15,56
2023,3,16,16,classified,Retired,0,18,56
2023,3,17,17,classified,Retired,0,14,52
2023,3,18,R,retired,Retired,0,2,17
2023,3,19,R,retired,Retired,0,8,6
2023,3,20,R,retired,Retired,0,7,0
2023,4,1,1,classified,Finished,25,3,51
2023,4,2,2,classified,Finished,18,2,51
2023,4,3,3,classified,Finished,15,1,51
2023,4,4,4,classified,Finished,12,6,51
2023,4,5,5,classified,Finished,10,4,51
2023,4,6,6,classified,Finished,8,5,51
2023,4,7,7,classified,Finished,6,9,51
2023,4,8,8,classified,Finished,5,11,51
2023,4,9,9,classified,Finished,2,7,51
2023,4,10,10,classified,Finished,1,8,51
2023,4,11,11,classified,Finished,0,10,51
2023,4,12,12,classified,Finished,0,12,51
2023,4,13,13,classified,Finished,0,16,51
2023,4,14,14,classified,Finished,0,17,51
2023,4,15,15,classified,Finished,0,19,51
2023,4,16,16,classified,Finished,0,14,51
2023,4,17,17,classified,Lapped,0,20,50
2023,4,18,18,classified,Lapped,0,13,50
2023,4,19,R,retired,Retired,0,15,36
2023,4,20,R,retired,Retired,0,18,9
2023,5,1,1,classified,Finished,26,9,57
2023,5,2,2,classified,Finished,18,1,57
2023,5,3,3,classified,Finished,15,2,57
2023,5,4,4,classified,Finished,12,6,57
2023,5,5,5,classified,Finished,10,3,57
2023,5,6,6,classified,Finished,8,13,57
2023,5,7,7,classified,Finished,6,7,57
2023,5,8,8,classified,Finished,4,5,57
2023,5,9,9,classified,Finished,2,8,57
2023,5,10,10,classified,Finished,1,4,57
2023,5,11,11,classified,Finished,0,17,57
2023,5,12,12,classified,Finished,0,18,57
2023,5,13,13,classified,Finished,0,10,57
2023,5,14,14,classified,Finished,0,11,57
2023,5,15,15,classified,Finished,0,12,57
2023,5,16,16,classified,Finished,0,14,57
2023,5,17,17,classified,Finished,0,16,57
2023,5,18,18,classified,Finished,0,15,57
2023,5,19,19,classified,Lapped,0,19,56
2023,5,20,20,classified,Lapped,0,20,56
2023,6,1,1,classified,Finished,25,1,78
2023,6,2,2,classified,Finished,18,2,78
2023,6,3,3,classified,Finished,15,3,78
2023,6,4,4,classified,Finished,13,5,78
2023,6,5,5,classified,Finished,10,8,78
2023,6,6,6,classified,Finished,8,6,78
2023,6,7,7,classified,Finished,6,7,78
2023,6,8,8,classified,Finished,4,4,78
2023,6,9,9,classified,Lapped,2,10,77
2023,6,10,10,classified,Lapped,1,11,77
2023,6,11,11,classified,Lapped,0,15,77
2023,6,12,12,classified,Lapped,0,12,77
2023,6,13,13,classified,Lapped,0,19,77
2023,6,14,14,classified,Lapped,0,13,77
2023,6,15,15,classified,Lapped,0,9,76
2023,6,16,16,classified,Lapped,0,20,76
2023,6,17,17,classified,Lapped,0,18,76
2023,6,18,18,classified,Lapped,0,16,76
2023,6,19,19,classified,Retired,0,17,70
2023,6,20,R,retired,Retired,0,14,53
2023,7,1,1,classified,Finished,26,1,66
2023,7,2,2,classified,Finished,18,4,66
2023,7,3,3,classified,Finished,15,12,66
2023,7,4,4,classified,Finished,12,11,66
2023,7,5,5,classified,Finished,10,2,66
2023,7,6,6,classified,Finished,8,5,66
2023,7,7,7,classified,Finished,6,8,66
2023,7,8,8,classified,Finished,4,6,66
2023,7,9,9,classified,Finished,2,13,66
2023,7,10,10,classified,Finished,1,10,66
2023,7,11,11,classified,Finished,0,19,66
2023,7,12,12,classified,Finished,0,15,66
2023,7,13,13,classified,Lapped,0,9,65
2023,7,14,14,classified,Lapped,0,14,65
2023,7,15,15,classified,Lapped,0,7,65
2023,7,16,16,classified,Lapped,0,18,65
2023,7,17,17,classified,Lapped,0,3,65
2023,7,18,18,classified,Lapped,0,17,65
2023,7,19,19,classified,Lapped,0,16,65
2023,7,20,20,classified,Lapped,0,20,65
2023,8,1,1,classified,Finished,25,1,70
2023,8,2,2,classified,Finished,18,2,70
2023,8,3,3,classified,Finished,15,3,70
2023,8,4,4,classified,Finished,12,10,70
2023,8,5,5,classified,Finished,10,11,70
2023,8,6,6,classified,Finished,9,12,70
2023,8,7,7,classified,Finished,6,9,70
2023,8,8,8,classified,Finished,4,6,70
2023,8,9,9,classified,Finished,2,16,70
2023,8,10,10,classified,Finished,1,14,70
2023,8,11,11,classified,Finished,0,8,70
2023,8,12,12,classified,Finished,0,15,70
2023,8,13,13,classified,Finished,0,7,70
2023,8,14,14,classified,Finished,0,19,70
2023,8,15,15,classified,Lapped,0,5,69
2023,8,16,16,classified,Lapped,0,20,69
2023,8,17,17,classified,Lapped,0,13,69
2023,8,18,18,classified,Lapped,0,17,69
2023,8,19,R,retired,Retired,0,4,53
2023,8,20,R,retired,Retired,0,18,6
2023,9,1,1,classified,Finished,26,1,71
2023,9,2,2,classified,Finished,18,2,71
2023,9,3,3,classified,Finished,15,15,71
2023,9,4,4,classified,Finished,12,4,71
2023,9,5,5,classified,Finished,10,7,71
2023,9,6,6,classified,Finished,8,3,71
2023,9,7,7,classified,Finished,6,11,71
2023,9,8,8,classified,Finished,4,5,71
2023,9,9,9,classified,Finished,2,6,71
2023,9,10,10,classified,Finished,1,9,71
2023,9,11,11,classified,Finished,0,10,71
2023,9,12,12,classified,Lapped,0,17,70
2023,9,13,13,classified,Lapped,0,18,70
2023,9,14,14,classified,Lapped,0,12,70
2023,9,15,15,classified,Lapped,0,14,70
2023,9,16,16,classified,Lapped,0,13,70
2023,9,17,17,classified,Lapped,0,20,70
2023,9,18,18,classified,Lapped,0,19,70
2023,9,19,19,classified,Lapped,0,16,70
2023,9,20,R,retired,Retired,0,8,12
2023,10,1,1,classified,Finished,26,1,52
2023,10,2,2,classified,Finished,18,2,52
2023,10,3,3,classified,Finished,15,7,52
2023,10,4,4,classified,Finished,12,3,52
2023,10,5,5,classified,Finished,10,6,52
2023,10,6,6,classified,Finished,8,15,52
2023,10,7,7,classified,Finished,6,9,52
2023,10,8,8,classified,Finished,4,8,52
2023,10,9,9,classified,Finished,2,4,52
2023,10,10,10,classified,Finished,1,5,52
2023,10,11,11,classified,Finished,0,14,52
2023,10,12,12,classified,Finished,0,20,52
2023,10,13,13,classified,Finished,0,11,52
2023,10,14,14,classified,Finished,0,12,52
2023,10,15,15,classified,Finished,0,17,52
2023,10,16,16,classified,Finished,0,16,52
2023,10,17,17,classified,Finished,0,18,52
2023,10,18,18,classified,Retired,0,10,46
2023,10,19,R,retired,Retired,0,19,31
2023,10,20,R,retired,Retired,0,13,9
2023,11,1,1,classified,Finished,26,2,70
2023,11,2,2,classified,Finished,18,3,70
2023,11,3,3,classified,Finished,15,9,70
2023,11,4,4,classified,Finished,12,1,70
2023,11,5,5,classified,Finished,10,4,70
2023,11,6,6,classified,Finished,8,18,70
2023,11,7,7,classified,Finished,6,6,70
2023,11,8,8,classified,Finished,4,11,70
2023,11,9,9,classified,Finished,2,8,70
2023,11,10,10,classified,Lapped,1,14,69
2023,11,11,11,classified,Lapped,0,16,69
2023,11,12,12,classified,Lapped,0,7,69
2023,11,13,13,classified,Lapped,0,13,69
2023,11,14,14,classified,Lapped,0,10,69
2023,11,15,15,classified,Lapped,0,17,69
2023,11,16,16,classified,Lapped,0,5,69
2023,11,17,17,classified,Lapped,0,19,69
2023,11,18,18,classified,Retired,0,20,67
2023,11,19,R,retired,Retired,0,12,2
2023,11,20,R,retired,Retired,0,15,1
2023,12,1,1,classified,Finished,25,6,44
2023,12,2,2,classified,Finished,18,2,44
2023,12,3,3,classified,Finished,15,1,44
2023,12,4,4,classified,Finished,13,3,44
2023,12,5,5,classified,Finished,10,9,44
2023,12,6,6,classified,Finished,8,8,44
2023,12,7,7,classified,Finished,6,7,44
2023,12,8,8,classified,Finished,4,14,44
2023,12,9,9,classified,Finished,2,10,44
2023,12,10,10,classified,Finished,1,11,44
2023,12,11,11,classified,Finished,0,12,44
2023,12,12,12,classified,Finished,0,13,44
2023,12,13,13,classified,Finished,0,17,44
2023,12,14,14,classified,Finished,0,15,44
2023,12,15,15,classified,Finished,0,16,44
2023,12,16,16,classified,Finished,0,19,44
2023,12,17,17,classified,Finished,0,18,44
2023,12,18,18,classified,Finished,0,20,44
2023,12,19,R,retired,Retired,0,4,23
2023,12,20,R,retired,Retired,0,5,0
2023,13,1,1,classified,Finished,25,1,72
2023,13,2,2,classified,Finished,19,5,72
2023,13,3,3,classified,Finished,15,12,72
2023,13,4,4,classified,Finished,12,7,72
2023,13,5,5,classified,Finished,10,6,72
2023,13,6,6,classified,Finished,8,13,72
2023,13,7,7,classified,Finished,6,2,72
2023,13,8,8,classified,Finished,4,4,72
2023,13,9,9,classified,Finished,2,8,72
2023,13,10,10,classified,Finished,1,16,72
2023,13,11,11,classified,Finished,0,11,72
2023,13,12,12,classified,Finished,0,14,72
2023,13,13,13,classified,Finished,0,19,72
2023,13,14,14,classified,Finished,0,18,72
2023,13,15,15,classified,Finished,0,17,72
2023,13,16,16,classified,Finished,0,0,72
2023,13,17,17,classified,Finished,0,3,72
2023,13,18,R,retired,Accident,0,15,62
2023,13,19,R,retired,Undertray,0,9,41
2023,13,20,R,retired,Accident,0,10,14
2023,14,1,1,classified,Finished,25,2,51
2023,14,2,2,classified,Finished,18,5,51
2023,14,3,3,classified,Finished,15,1,51
2023,14,4,4,classified,Finished,12,3,51
2023,14,5,5,classified,Finished,10,4,51
2023,14,6,6,classified,Finished,8,8,51
2023,14,7,7,classified,Finished,6,6,51
2023,14,8,8,classified,Finished,4,9,51
2023,14,9,9,classified,Finished,2,10,51
2023,14,10,10,classified,Finished,1,14,51
2023,14,11,11,classified,Finished,0,12,51
2023,14,12,12,classified,Finished,0,7,51
2023,14,13,13,classified,Finished,0,15,51
2023,14,14,14,classified,Finished,0,16,51
2023,14,15,15,classified,Finished,0,17,51
2023,14,16,16,classified,Finished,0,20,51
2023,14,17,17,classified,Lapped,0,13,50
2023,14,18,18,classified,Lapped,0,19,50
2023,14,19,R,retired,Retired,0,18,39
2023,14,20,W,withdrawn,Did not start,0,11,0
2023,15,1,1,classified,Finished,25,1,62
2023,15,2,2,classified,Finished,18,4,62
2023,15,3,3,classified,Finished,16,5,62
2023,15,4,4,classified,Finished,12,3,62
2023,15,5,5,classified,Finished,10,11,62
2023,15,6,6,classified,Finished,8,12,62
2023,15,7,7,classified,Finished,6,17,62
2023,15,8,8,classified,Finished,4,13,62
2023,15,9,9,classified,Finished,2,10,62
2023,15,10,10,classified,Finished,1,6,62
2023,15,11,11,classified,Finished,0,14,62
2023,15,12,12,classified,Finished,0,19,62
2023,15,13,13,classified,Finished,0,9,62
2023,15,14,14,classified,Finished,0,18,62
2023,15,15,15,classified,Finished,0,7,62
2023,15,16,16,classified,Retired,0,2,61
2023,15,17,R,retired,Retired,0,16,51
2023,15,18,R,retired,Retired,0,8,42
2023,15,19,R,retired,Retired,0,15,0
2023,15,20,W,withdrawn,Withdrew,0,0,0
2023,16,1,1,classified,Finished,26,1,53
2023,16,2,2,classified,Finished,18,3,53
2023,16,3,3,classified,Finished,15,2,53
2023,16,4,4,classified,Finished,12,4,53
2023,16,5,5,classified,Finished,10,7,53
2023,16,6,6,classified,Finished,8,6,53
2023,16,7,7,classified,Finished,6,8,53
2023,16,8,8,classified,Finished,4,10,53
2023,16,9,9,classified,Finished,2,14,53
2023,16,10,10,classified,Finished,1,12,53
2023,16,11,11,classified,Lapped,0,11,52
2023,16,12,12,classified,Lapped,0,9,52
2023,16,13,13,classified,Lapped,0,19,52
2023,16,14,14,classified,Lapped,0,18,52
2023,16,15,15,classified,Lapped,0,15,52
2023,16,16,R,retired,Retired,0,13,26
2023,16,17,R,retired,Retired,0,20,22
2023,16,18,R,retired,Retired,0,17,20
2023,16,19,R,retired,Retired,0,5,15
2023,16,20,R,retired,Retired,0,16,7
2023,17,1,1,classified,Finished,26,1,57
2023,17,2,2,classified,Finished,18,6,57
2023,17,3,3,classified,Finished,15,10,57
2023,17,4,4,classified,Finished,12,2,57
2023,17,5,5,classified,Finished,10,5,57
2023,17,6,6,classified,Finished,8,4,57
2023,17,7,7,classified,Finished,6,8,57
2023,17,8,8,classified,Finished,4,9,57
2023,17,9,9,classified,Finished,2,19,57
2023,17,10,10,classified,Finished,1,20,57
2023,17,11,11,classified,Finished,0,16,57
2023,17,12,12,classified,Finished,0,7,57
2023,17,13,13,classified,Finished,0,13,57
2023,17,14,14,classified,Lapped,0,18,56
2023,17,15,15,classified,Lapped,0,11,56
2023,17,16,16,classified,Lapped,0,14,56
2023,17,17,17,classified,Lapped,0,17,56
2023,17,18,R,retired,Retired,0,15,40
2023,17,19,R,retired,Retired,0,3,0
2023,17,20,W,withdrawn,Did not start,0,12,0
2023,18,1,1,classified,Finished,25,6,56
2023,18,2,2,classified,Finished,18,2,56
2023,18,3,3,classified,Finished,15,4,56
2023,18,4,4,classified,Finished,12,9,56
2023,18,5,5,classified,Finished,10,5,56
2023,18,6,6,classified,Finished,8,7,56
2023,18,7,7,classified,Finished,6,20,56
2023,18,8,8,classified,Finished,5,11,56
2023,18,9,9,classified,Finished,2,15,56
2023,18,10,10,classified,Finished,1,16,56
2023,18,11,11,classified,Finished,0,18,56
2023,18,12,12,classified,Finished,0,13,56
2023,18,13,13,classified,Lapped,0,12,55
2023,18,14,14,classified,Lapped,0,17,55
2023,18,15,15,classified,Lapped,0,14,55
2023,18,16,R,retired,Retired,0,19,49
2023,18,17,R,retired,Retired,0,10,10
2023,18,18,R,retired,Retired,0,8,6
2023,18,19,19,classified,Disqualified,0,3,56
2023,18,20,20,classified,Disqualified,0,1,56
2023,19,1,1,classified,Finished,25,3,71
2023,19,2,2,classified,Finished,19,6,71
2023,19,3,3,classified,Finished,15,1,71
2023,19,4,4,classified,Finished,12,2,71
2023,19,5,5,classified,Finished,10,17,71
2023,19,6,6,classified,Finished,8,8,71
2023,19,7,7,classified,Finished,6,4,71
2023,19,8,8,classified,Finished,4,7,71
2023,19,9,9,classified,Finished,2,14,71
2023,19,10,10,classified,Finished,1,15,71
2023,19,11,11,classified,Finished,0,11,71
2023,19,12,12,classified,Finished,0,18,71
2023,19,13,13,classified,Finished,0,12,71
2023,19,14,14,classified,Finished,0,10,71
2023,19,15,15,classified,Finished,0,9,71
2023,19,16,16,classified,Retired,0,19,70
2023,19,17,17,classified,Collision damage,0,0,66
2023,19,18,W,withdrawn,Withdrew,0,13,47
2023,19,19,R,retired,Accident,0,16,31
2023,19,20,R,retired,Collision damage,0,5,1
2023,20,1,1,classified,Finished,25,1,71
2023,20,2,2,classified,Finished,19,6,71
2023,20,3,3,classified,Finished,15,4,71
2023,20,4,4,classified,Finished,12,9,71
2023,20,5,5,classified,Finished,10,3,71
2023,20,6,6,classified,Finished,8,7,71
2023,20,7,7,classified,Finished,6,15,71
2023,20,8,8,classified,Finished,4,5,71
2023,20,9,9,classified,Finished,2,16,71
2023,20,10,10,classified,Lapped,1,14,70
2023,20,11,11,classified,Lapped,0,19,70
2023,20,12,12,classified,Lapped,0,11,70
2023,20,13,13,classified,Lapped,0,17,70
2023,20,14,14,classified,Lapped,0,10,69
2023,20,15,R,retired,Retired,0,8,57
2023,20,16,R,retired,Retired,0,18,39
2023,20,17,R,retired,Retired,0,20,22
2023,20,18,R,retired,Retired,0,12,0
2023,20,19,R,retired,Retired,0,13,0
2023,20,20,W,withdrawn,Did not start,0,2,0
2023,21,1,1,classified,Finished,25,2,50
2023,21,2,2,classified,Finished,18,1,50
2023,21,3,3,classified,Finished,15,11,50
2023,21,4,4,classified,Finished,12,16,50
2023,21,5,5,classified,Finished,10,19,50
2023,21,6,6,classified,Finished,8,12,50
2023,21,7,7,classified,Finished,6,10,50
2023,21,8,8,classified,Finished,4,3,50
2023,21,9,9,classified,Finished,2,9,50
2023,21,10,10,classified,Finished,2,18,50
2023,21,11,11,classified,Finished,0,4,50
2023,21,12,12,classified,Finished,0,5,50
2023,21,13,13,classified,Finished,0,8,50
2023,21,14,14,classified,Finished,0,14,50
2023,21,15,15,classified,Finished,0,17,50
2023,21,16,16,classified,Finished,0,6,50
2023,21,17,17,classified,Finished,0,7,50
2023,21,18,18,classified,Retired,0,20,46
2023,21,19,19,classified,Retired,0,13,45
2023,21,20,R,retired,Retired,0,15,2
2023,22,1,1,classified,Finished,26,1,58
2023,22,2,2,classified,Finished,18,2,58
2023,22,3,3,classified,Finished,15,4,58
2023,22,4,4,classified,Finished,12,9,58
2023,22,5,5,classified,Finished,10,5,58
2023,22,6,6,classified,Finished,8,3,58
2023,22,7,7,classified,Finished,6,7,58
2023,22,8,8,classified,Finished,4,6,58
2023,22,9,9,classified,Finished,2,11,58
2023,22,10,10,classified,Finished,1,13,58
2023,22,11,11,classified,Finished,0,15,58
2023,22,12,12,classified,Finished,0,12,58
2023,22,13,13,classified,Finished,0,10,58
2023,22,14,14,classified,Finished,0,14,58
2023,22,15,15,classified,Finished,0,8,58
2023,22,16,16,classified,Finished,0,20,58
2023,22,17,17,classified,Finished,0,19,58
2023,22,18,18,classified,Retired,0,16,57
2023,22,19,19,classified,Lapped,0,18,57
2023,22,20,20,classified,Lapped,0,17,57
2024,1,1,1,classified,Finished,26,1,57
2024,1,2,2,classified,Finished,18,5,57
2024,1,3,3,classified,Finished,15,4,57
2024,1,4,4,classified,Finished,12,2,57
2024,1,5,5,classified,Finished,10,3,57
2024,1,6,6,classified,Finished,8,7,57
2024,1,7,7,classified,Finished,6,9,57
2024,1,8,8,classified,Finished,4,8,57
2024,1,9,9,classified,Finished,2,6,57
2024,1,10,10,classified,Finished,1,12,57
2024,1,11,11,classified,Lapped,0,17,56
2024,1,12,12,classified,Lapped,0,15,56
2024,1,13,13,classified,Lapped,0,14,56
2024,1,14,14,classified,Lapped,0,11,56
2024,1,15,15,classified,Lapped,0,13,56
2024,1,16,16,classified,Lapped,0,10,56
2024,1,17,17,classified,Lapped,0,19,56
2024,1,18,18,classified,Lapped,0,20,56
2024,1,19,19,classified,Lapped,0,16,56
2024,1,20,20,classified,Lapped,0,18,55
2024,2,1,1,classified,Finished,25,1,50
2024,2,2,2,classified,Finished,18,3,50
2024,2,3,3,classified,Finished,16,2,50
2024,2,4,4,classified,Finished,12,5,50
2024,2,5,5,classified,Finished,10,4,50
2024,2,6,6,classified,Finished,8,7,50
2024,2,7,7,classified,Finished,6,11,50
2024,2,8,8,classified,Finished,4,6,50
2024,2,9,9,classified,Finished,2,8,50
2024,2,10,10,classified,Finished,1,15,50
2024,2,11,11,classified,Finished,0,12,50
2024,2,12,12,classified,Finished,0,13,50
2024,2,13,13,classified,Lapped,0,17,49
2024,2,14,14,classified,Lapped,0,19,49
2024,2,15,15,classified,Lapped,0,9,49
2024,2,16,16,classified,Lapped,0,14,49
2024,2,17,17,classified,Lapped,0,16,49
2024,2,18,18,classified,Lapped,0,20,49
2024,2,19,R,retired,Retired,0,10,5
2024,2,20,R,retired,Retired,0,18,1
2024,3,1,1,classified,Finished,25,2,58
2024,3,2,2,classified,Finished,19,4,58
2024,3,3,3,classified,Finished,15,3,58
2024,3,4,4,classified,Finished,12,5,58
2024,3,5,5,classified,Finished,10,6,58
2024,3,6,6,classified,Finished,8,9,58
2024,3,7,7,classified,Finished,6,8,58
2024,3,8,8,classified,Finished,4,10,58
2024,3,9,9,classified,Finished,2,16,58
2024,3,10,10,classified,Lapped,1,14,57
2024,3,11,11,classified,Lapped,0,12,57
2024,3,12,12,classified,Lapped,0,18,57
2024,3,13,13,classified,Lapped,0,17,57
2024,3,14,14,classified,Lapped,0,13,57
2024,3,15,15,classified,Lapped,0,19,57
2024,3,16,16,classified,Lapped,0,15,57
2024,3,17,17,classified,Retired,0,7,56
2024,3,18,R,retired,Retired,0,11,15
2024,3,19,R,retired,Retired,0,1,3
2024,4,1,1,classified,Finished,26,1,53
2024,4,2,2,classified,Finished,18,2,53
2024,4,3,3,classified,Finished,15,4,53
2024,4,4,4,classified,Finished,12,8,53
2024,4,5,5,classified,Finished,10,3,53
2024,4,6,6,classified,Finished,8,5,53
2024,4,7,7,classified,Finished,6,9,53
2024,4,8,8,classified,Finished,4,6,53
2024,4,9,9,classified,Finished,2,7,53
2024,4,10,10,classified,Lapped,1,10,52
2024,4,11,11,classified,Lapped,0,12,52
2024,4,12,12,classified,Lapped,0,16,52
2024,4,13,13,classified,Lapped,0,18,52
2024,4,14,14,classified,Lapped,0,13,52
2024,4,15,15,classified,Lapped,0,15,52
2024,4,16,16,classified,Lapped,0,17,52
2024,4,17,17,classified,Lapped,0,19,52
2024,4,18,R,retired,Retired,0,20,12
2024,4,19,R,retired,Retired,0,11,0
2024,4,20,R,retired,Retired,0,14,0
2024,5,1,1,classified,Finished,25,1,56
2024,5,2,2,classified,Finished,18,4,56
2024,5,3,3,classified,Finished,15,2,56
2024,5,4,4,classified,Finished,12,6,56
2024,5,5,5,classified,Finished,10,7,56
2024,5,6,6,classified,Finished,8,8,56
2024,5,7,7,classified,Finished,7,3,56
2024,5,8,8,classified,Finished,4,5,56
2024,5,9,9,classified,Finished,2,18,56
2024,5,10,10,classified,Finished,1,9,56
2024,5,11,11,classified,Finished,0,13,56
2024,5,12,12,classified,Finished,0,14,56
2024,5,13,13,classified,Finished,0,15,56
2024,5,14,14,classified,Finished,0,16,56
2024,5,15,15,classified,Finished,0,11,56
2024,5,16,16,classified,Finished,0,17,56
2024,5,17,17,classified,Finished,0,20,56
2024,5,18,R,retired,Retired,0,12,33
2024,5,19,R,retired,Retired,0,19,26
2024,5,20,R,retired,Retired,0,10,19
2024,6,1,1,classified,Finished,25,5,57
2024,6,2,2,classified,Finished,18,1,57
2024,6,3,3,classified,Finished,15,2,57
2024,6,4,4,classified,Finished,12,4,57
2024,6,5,5,classified,Finished,10,3,57
2024,6,6,6,classified,Finished,8,8,57
2024,6,7,7,classified,Finished,6,10,57
2024,6,8,8,classified,Finished,4,7,57
2024,6,9,9,classified,Finished,2,15,57
2024,6,10,10,classified,Finished,1,13,57
2024,6,11,11,classified,Finished,0,9,57
2024,6,12,12,classified,Finished,0,12,57
2024,6,13,13,classified,Finished,0,6,57
2024,6,14,14,classified,Finished,0,19,57
2024,6,15,15,classified,Finished,0,20,57
2024,6,16,16,classified,Finished,0,16,57
2024,6,17,17,classified,Finished,0,11,57
2024,6,18,18,classified,Finished,0,14,57
2024,6,19,19,classified,Finished,0,18,57
2024,6,20,R,retired,Retired,0,17,27
2024,7,1,1,classified,Finished,25,1,63
2024,7,2,2,classified,Finished,18,2,63
2024,7,3,3,classified,Finished,15,3,63
2024,7,4,4,classified,Finished,12,5,63
2024,7,5,5,classified,Finished,10,4,63
2024,7,6,6,classified,Finished,8,8,63
2024,7,7,7,classified,Finished,7,6,63
2024,7,8,8,classified,Finished,4,11,63
2024,7,9,9,classified,Finished,2,13,63
2024,7,10,10,classified,Lapped,1,7,62
2024,7,11,11,classified,Lapped,0,10,62
2024,7,12,12,classified,Lapped,0,18,62
2024,7,13,13,classified,Lapped,0,9,62
2024,7,14,14,classified,Lapped,0,12,62
2024,7,15,15,classified,Lapped,0,17,62
2024,7,16,16,classified,Lapped,0,15,62
2024,7,17,17,classified,Lapped,0,19,62
2024,7,18,18,classified,Lapped,0,16,62
2024,7,19,19,classified,Lapped,0,20,62
2024,7,20,R,retired,Retired,0,14,51
2024,8,1,1,classified,Finished,25,1,78
2024,8,2,2,classified,Finished,18,2,78
2024,8,3,3,classified,Finished,15,3,78
2024,8,4,4,classified,Finished,12,4,78
2024,8,5,5,classified,Finished,10,5,78
2024,8,6,6,classified,Finished,8,6,78
2024,8,7,7,classified,Finished,7,7,78
2024,8,8,8,classified,Lapped,4,8,77
2024,8,9,9,classified,Lapped,2,9,77
2024,8,10,10,classified,Lapped,1,10,77
2024,8,11,11,classified,Lapped,0,14,76
2024,8,12,12,classified,Lapped,0,12,76
2024,8,13,13,classified,Lapped,0,17,76
2024,8,14,14,classified,Lapped,0,13,76
2024,8,15,15,classified,Lapped,0,15,76
2024,8,16,16,classified,Lapped,0,18,76
2024,8,17,R,retired,Retired,0,11,0
2024,8,18,R,retired,Retired,0,16,0
2024,8,19,R,retired,Retired,0,19,0
2024,8,20,R,retired,Retired,0,20,0
2024,9,1,1,classified,Finished,25,2,70
2024,9,2,2,classified,Finished,18,3,70
2024,9,3,3,classified,Finished,15,1,70
2024,9,4,4,classified,Finished,13,7,70
2024,9,5,5,classified,Finished,10,4,70
2024,9,6,6,classified,Finished,8,6,70
2024,9,7,7,classified,Finished,6,9,70
2024,9,8,8,classified,Finished,4,5,70
2024,9,9,9,classified,Finished,2,15,70
2024,9,10,10,classified,Finished,1,18,70
2024,9,11,11,classified,Finished,0,17,70
2024,9,12,12,classified,Finished,0,14,70
2024,9,13,13,classified,Finished,0,19,70
2024,9,14,14,classified,Finished,0,8,70
2024,9,15,15,classified,Lapped,0,20,69
2024,9,16,R,retired,Retired,0,12,52
2024,9,17,R,retired,Retired,0,10,52
2024,9,18,R,retired,Retired,0,16,51
2024,9,19,R,retired,Retired,0,11,40
2024,9,20,R,retired,Retired,0,13,23
2024,10,1,1,classified,Finished,25,2,66
2024,10,2,2,classified,Finished,19,1,66
2024,10,3,3,classified,Finished,15,3,66
2024,10,4,4,classified,Finished,12,4,66
2024,10,5,5,classified,Finished,10,5,66
2024,10,6,6,classified,Finished,8,6,66
2024,10,7,7,classified,Finished,6,9,66
2024,10,8,8,classified,Finished,4,11,66
2024,10,9,9,classified,Finished,2,7,66
2024,10,10,10,classified,Finished,1,8,66
2024,10,11,11,classified,Finished,0,13,66
2024,10,12,12,classified,Lapped,0,10,65
2024,10,13,13,classified,Lapped,0,15,65
2024,10,14,14,classified,Lapped,0,14,65
2024,10,15,15,classified,Lapped,0,18,65
2024,10,16,16,classified,Lapped,0,12,65
2024,10,17,17,classified,Lapped,0,16,65
2024,10,18,18,classified,Lapped,0,20,65
2024,10,19,19,classified,Lapped,0,17,65
2024,10,20,20,classified,Lapped,0,19,64
2024,11,1,1,classified,Finished,25,3,71
2024,11,2,2,classified,Finished,18,7,71
2024,11,3,3,classified,Finished,15,4,71
2024,11,4,4,classified,Finished,12,5,71
2024,11,5,5,classified,Finished,10,1,71
2024,11,6,6,classified,Finished,8,9,71
2024,11,7,7,classified,Finished,6,8,71
2024,11,8,8,classified,Finished,4,12,71
2024,11,9,9,classified,Finished,2,11,71
2024,11,10,10,classified,Finished,1,13,71
2024,11,11,11,classified,Finished,0,6,71
2024,11,12,12,classified,Finished,0,10,71
2024,11,13,13,classified,Lapped,0,17,70
2024,11,14,14,classified,Lapped,0,14,70
2024,11,15,15,classified,Lapped,0,16,70
2024,11,16,16,classified,Lapped,0,18,70
2024,11,17,17,classified,Lapped,0,20,70
2024,11,18,18,classified,Lapped,0,15,70
2024,11,19,19,classified,Lapped,0,19,69
2024,11,20,20,classified,Lapped,0,2,64
2024,12,1,1,classified,Finished,25,2,52
2024,12,2,2,classified,Finished,18,4,52
2024,12,3,3,classified,Finished,15,3,52
2024,12,4,4,classified,Finished,12,5,52
2024,12,5,5,classified,Finished,11,7,52
2024,12,6,6,classified,Finished,8,6,52
2024,12,7,7,classified,Finished,6,8,52
2024,12,8,8,classified,Finished,4,10,52
2024,12,9,9,classified,Finished,2,9,52
2024,12,10,10,classified,Finished,1,13,52
2024,12,11,11,classified,Finished,0,12,52
2024,12,12,12,classified,Finished,0,17,52
2024,12,13,13,classified,Lapped,0,15,51
2024,12,14,14,classified,Lapped,0,11,51
2024,12,15,15,classified,Lapped,0,16,51
2024,12,16,16,classified,Lapped,0,18,50
2024,12,17,17,classified,Lapped,0,20,50
2024,12,18,18,classified,Lapped,0,14,50
2024,12,19,R,retired,Retired,0,1,33
2024,12,20,W,withdrawn,Did not start,0,19,0
2024,13,1,1,classified,Finished,25,2,70
2024,13,2,2,classified,Finished,18,1,70
2024,13,3,3,classified,Finished,15,5,70
2024,13,4,4,classified,Finished,12,6,70
2024,13,5,5,classified,Finished,10,3,70
2024,13,6,6,classified,Finished,8,4,70
2024,13,7,7,classified,Finished,6,16,70
2024,13,8,8,classified,Finished,5,17,70
2024,13,9,9,classified,Finished,2,10,70
2024,13,10,10,classified,Finished,1,8,70
2024,13,11,11,classified,Finished,0,7,70
2024,13,12,12,classified,Lapped,0,9,69
2024,13,13,13,classified,Lapped,0,11,69
2024,13,14,14,classified,Lapped,0,13,69
2024,13,15,15,classified,Lapped,0,15,69
2024,13,16,16,classified,Lapped,0,12,69
2024,13,17,17,classified,Lapped,0,14,69
2024,13,18,18,classified,Lapped,0,19,69
2024,13,19,19,classified,Lapped,0,18,69
2024,13,20,R,retired,Retired,0,20,33
2024,14,1,1,classified,Finished,25,3,44
2024,14,2,2,classified,Finished,18,5,44
2024,14,3,3,classified,Finished,15,1,44
2024,14,4,4,classified,Finished,12,11,44
2024,14,5,5,classified,Finished,10,4,44
2024,14,6,6,classified,Finished,8,7,44
2024,14,7,7,classified,Finished,7,2,44
2024,14,8,8,classified,Finished,4,8,44
2024,14,9,9,classified,Finished,2,9,44
2024,14,10,10,classified,Finished,1,13,44
2024,14,11,11,classified,Finished,0,15,44
2024,14,12,12,classified,Finished,0,10,44
2024,14,13,13,classified,Finished,0,12,44
2024,14,14,14,classified,Finished,0,17,44
2024,14,15,15,classified,Finished,0,14,44
2024,14,16,16,classified,Finished,0,20,44
2024,14,17,17,classified,Finished,0,18,44
2024,14,18,18,classified,Finished,0,16,44
2024,14,19,R,retired,Retired,0,19,5
2024,14,20,20,classified,Disqualified,0,6,44
2024,15,1,1,classified,Finished,26,1,72
2024,15,2,2,classified,Finished,18,2,72
2024,15,3,3,classified,Finished,15,6,72
2024,15,4,4,classified,Finished,12,3,72
2024,15,5,5,classified,Finished,10,10,72
2024,15,6,6,classified,Finished,8,5,72
2024,15,7,7,classified,Finished,6,4,72
2024,15,8,8,classified,Finished,4,14,72
2024,15,9,9,classified,Lapped,2,9,71
2024,15,10,10,classified,Lapped,1,7,71
2024,15,11,11,classified,Lapped,0,12,71
2024,15,12,12,classified,Lapped,0,13,71
2024,15,13,13,classified,Lapped,0,8,71
2024,15,14,14,classified,Lapped,0,19,71
2024,15,15,15,classified,Lapped,0,15,71
2024,15,16,16,classified,Lapped,0,18,71
2024,15,17,17,classified,Lapped,0,11,71
2024,15,18,18,classified,Lapped,0,20,71
2024,15,19,19,classified,Lapped,0,16,70
2024,15,20,20,classified,Lapped,0,17,70
2024,16,1,1,classified,Finished,25,4,53
2024,16,2,2,classified,Finished,18,2,53
2024,16,3,3,classified,Finished,16,1,53
2024,16,4,4,classified,Finished,12,5,53
2024,16,5,5,classified,Finished,10,6,53
2024,16,6,6,classified,Finished,8,7,53
2024,16,7,7,classified,Finished,6,3,53
2024,16,8,8,classified,Finished,4,8,53
2024,16,9,9,classified,Finished,2,9,53
2024,16,10,10,classified,Finished,1,13,53
2024,16,11,11,classified,Finished,0,11,53
2024,16,12,12,classified,Finished,0,18,53
2024,16,13,13,classified,Finished,0,12,53
2024,16,14,14,classified,Lapped,0,15,52
2024,16,15,15,classified,Lapped,0,14,52
2024,16,16,16,classified,Lapped,0,19,52
2024,16,17,17,classified,Lapped,0,10,52
2024,16,18,18,classified,Lapped,0,20,52
2024,16,19,19,classified,Lapped,0,17,52
2024,16,20,R,retired,Retired,0,16,7
2024,17,1,1,classified,Finished,25,2,51
2024,17,2,2,classified,Finished,18,1,51
2024,17,3,3,classified,Finished,15,5,51
2024,17,4,4,classified,Finished,13,15,51
2024,17,5,5,classified,Finished,10,6,51
2024,17,6,6,classified,Finished,8,7,51
2024,17,7,7,classified,Finished,6,9,51
2024,17,8,8,classified,Finished,4,8,51
2024,17,9,9,classified,Finished,2,19,51
2024,17,10,10,classified,Finished,1,10,51
2024,17,11,11,classified,Finished,0,12,51
2024,17,12,12,classified,Finished,0,18,51
2024,17,13,13,classified,Finished,0,14,51
2024,17,14,14,classified,Finished,0,17,51
2024,17,15,15,classified,Lapped,0,20,50
2024,17,16,16,classified,Lapped,0,16,50
2024,17,17,17,classified,Retired,0,4,49
2024,17,18,18,classified,Retired,0,3,49
2024,17,19,19,classified,Retired,0,13,45
2024,17,20,R,retired,Retired,0,11,14
2024,18,1,1,classified,Finished,25,1,62
2024,18,2,2,classified,Finished,18,2,62
2024,18,3,3,classified,Finished,15,5,62
2024,18,4,4,classified,Finished,12,4,62
2024,18,5,5,classified,Finished,10,9,62
2024,18,6,6,classified,Finished,8,3,62
2024,18,7,7,classified,Finished,6,10,62
2024,18,8,8,classified,Lapped,4,7,61
2024,18,9,9,classified,Lapped,2,6,61
2024,18,10,10,classified,Lapped,1,13,61
2024,18,11,11,classified,Lapped,0,12,61
2024,18,12,12,classified,Lapped,0,8,61
2024,18,13,13,classified,Lapped,0,15,61
2024,18,14,14,classified,Lapped,0,17,61
2024,18,15,15,classified,Lapped,0,20,61
2024,18,16,16,classified,Lapped,0,19,61
2024,18,17,17,classified,Lapped,0,18,61
2024,18,18,18,classified,Lapped,0,16,61
2024,18,19,19,classified,Retired,0,14,57
2024,18,20,R,retired,Retired,0,11,15
2024,19,1,1,classified,Finished,25,4,56
2024,19,2,2,classified,Finished,18,3,56
2024,19,3,3,classified,Finished,15,2,56
2024,19,4,4,classified,Finished,12,1,56
2024,19,5,5,classified,Finished,10,5,56
2024,19,6,6,classified,Finished,8,20,56
2024,19,7,7,classified,Finished,6,9,56
2024,19,8,8,classified,Finished,4,11,56
2024,19,9,9,classified,Finished,2,19,56
2024,19,10,10,classified,Finished,1,15,56
2024,19,11,11,classified,Finished,0,8,56
2024,19,12,12,classified,Finished,0,6,56
2024,19,13,13,classified,Lapped,0,7,55
2024,19,14,14,classified,Lapped,0,10,55
2024,19,15,15,classified,Lapped,0,13,55
2024,19,16,16,classified,Lapped,0,14,55
2024,19,17,17,classified,Lapped,0,16,55
2024,19,18,18,classified,Lapped,0,12,55
2024,19,19,19,classified,Lapped,0,18,55
2024,19,20,R,retired,Retired,0,17,1
2024,20,1,1,classified,Finished,25,1,71
2024,20,2,2,classified,Finished,18,3,71
2024,20,3,3,classified,Finished,16,4,71
2024,20,4,4,classified,Finished,12,6,71
2024,20,5,5,classified,Finished,10,5,71
2024,20,6,6,classified,Finished,8,2,71
2024,20,7,7,classified,Finished,6,7,71
2024,20,8,8,classified,Finished,4,17,71
2024,20,9,9,classified,Lapped,2,10,70
2024,20,10,10,classified,Lapped,1,8,70
2024,20,11,11,classified,Lapped,0,14,70
2024,20,12,12,classified,Lapped,0,16,70
2024,20,13,13,classified,Lapped,0,0,70
2024,20,14,14,classified,Lapped,0,15,70
2024,20,15,15,classified,Lapped,0,19,70
2024,20,16,16,classified,Lapped,0,12,70
2024,20,17,17,classified,Lapped,0,18,70
2024,20,18,R,retired,Retired,0,13,15
2024,20,19,R,retired,Retired,0,9,0
2024,20,20,R,retired,Retired,0,11,0
2024,21,1,1,classified,Finished,26,17,69
2024,21,2,2,classified,Finished,18,4,69
2024,21,3,3,classified,Finished,15,13,69
2024,21,4,4,classified,Finished,12,2,69
2024,21,5,5,classified,Finished,10,6,69
2024,21,6,6,classified,Finished,8,1,69
2024,21,7,7,classified,Finished,6,3,69
2024,21,8,8,classified,Finished,4,8,69
2024,21,9,9,classified,Finished,2,5,69
2024,21,10,10,classified,Finished,1,14,69
2024,21,11,11,classified,Finished,0,12,69
2024,21,12,12,classified,Finished,0,15,69
2024,21,13,13,classified,Finished,0,11,69
2024,21,14,14,classified,Finished,0,9,69
2024,21,15,15,classified,Finished,0,19,69
2024,21,16,R,retired,Retired,0,20,38
2024,21,17,R,retired,Retired,0,16,30
2024,21,18,W,withdrawn,Did not start,0,7,0
2024,21,19,W,withdrawn,Did not start,0,10,0
2024,21,20,D,disqualified,Disqualified,0,18,0
2024,22,1,1,classified,Finished,25,1,50
2024,22,2,2,classified,Finished,18,10,50
2024,22,3,3,classified,Finished,15,2,50
2024,22,4,4,classified,Finished,12,4,50
2024,22,5,5,classified,Finished,10,5,50
2024,22,6,6,classified,Finished,9,6,50
2024,22,7,7,classified,Finished,6,8,50
2024,22,8,8,classified,Finished,4,9,50
2024,22,9,9,classified,Finished,2,7,50
2024,22,10,10,classified,Finished,1,15,50
2024,22,11,11,classified,Finished,0,16,50
2024,22,12,12,classified,Finished,0,12,50
2024,22,13,13,classified,Finished,0,13,50
2024,22,14,14,classified,Finished,0,20,50
2024,22,15,15,classified,Finished,0,18,50
2024,22,16,16,classified,Finished,0,14,50
2024,22,17,17,classified,Lapped,0,11,49
2024,22,18,18,classified,Lapped,0,19,49
2024,22,19,R,retired,Retired,0,17,25
2024,22,20,R,retired,Retired,0,3,15
2024,23,1,1,classified,Finished,25,2,57
2024,23,2,2,classified,Finished,18,5,57
2024,23,3,3,classified,Finished,15,4,57
2024,23,4,4,classified,Finished,12,1,57
2024,23,5,5,classified,Finished,10,11,57
2024,23,6,6,classified,Finished,8,7,57
2024,23,7,7,classified,Finished,6,8,57
2024,23,8,8,classified,Finished,4,12,57
2024,23,9,9,classified,Finished,2,10,57
2024,23,10,10,classified,Finished,2,3,57
2024,23,11,11,classified,Finished,0,13,57
2024,23,12,12,classified,Finished,0,6,57
2024,23,13,13,classified,Finished,0,14,57
2024,23,14,14,classified,Finished,0,17,57
2024,23,15,15,classified,Lapped,0,16,56
2024,23,16,R,retired,Retired,0,18,39
2024,23,17,R,retired,Retired,0,9,38
2024,23,18,R,retired,Retired,0,15,8
2024,23,19,R,retired,Retired,0,19,0
2024,23,20,R,retired,Retired,0,20,0
2024,24,1,1,classified,Finished,25,1,58
2024,24,2,2,classified,Finished,18,3,58
2024,24,3,3,classified,Finished,15,19,58
2024,24,4,4,classified,Finished,12,16,58
2024,24,5,5,classified,Finished,10,6,58
2024,24,6,6,classified,Finished,8,4,58
2024,24,7,7,classified,Finished,6,5,58
2024,24,8,8,classified,Finished,4,7,58
2024,24,9,9,classified,Finished,2,8,58
2024,24,10,10,classified,Finished,1,2,58
2024,24,11,11,classified,Lapped,0,18,57
2024,24,12,12,classified,Lapped,0,11,57
2024,24,13,13,classified,Lapped,0,15,57
2024,24,14,14,classified,Lapped,0,13,57
2024,24,15,15,classified,Lapped,0,17,57
2024,24,16,16,classified,Lapped,0,14,57
2024,24,17,17,classified,Retired,0,12,55
2024,24,18,R,retired,Retired,0,9,30
2024,24,19,R,retired,Retired,0,20,26
2024,24,20,R,retired,Retired,0,10,0
2025,1,1,1,classified,Finished,25,1,57
2025,1,2,2,classified,Finished,18,3,57
2025,1,3,3,classified,Finished,15,4,57
2025,1,4,4,classified,Finished,12,16,57
2025,1,5,5,classified,Finished,10,6,57
2025,1,6,6,classified,Finished,8,13,57
2025,1,7,7,classified,Finished,6,17,57
2025,1,8,8,classified,Finished,4,7,57
2025,1,9,9,classified,Finished,2,2,57
2025,1,10,10,classified,Finished,1,8,57
2025,1,11,11,classified,Finished,0,9,57
2025,1,12,12,classified,Finished,0,5,57
2025,1,13,13,classified,Finished,0,19,57
2025,1,14,14,classified,Finished,0,20,57
2025,1,15,R,retired,Retired,0,18,46
2025,1,16,R,retired,Retired,0,15,45
2025,1,17,R,retired,Retired,0,12,32
2025,1,18,R,retired,Retired,0,10,0
2025,1,19,R,retired,Retired,0,14,0
2025,1,20,R,retired,Retired,0,11,0
2025,2,1,1,classified,Finished,25,1,56
2025,2,2,2,classified,Finished,18,3,56
2025,2,3,3,classified,Finished,15,2,56
2025,2,4,4,classified,Finished,12,4,56
2025,2,5,5,classified,Finished,10,11,56
2025,2,6,6,classified,Finished,8,8,56
2025,2,7,7,classified,Finished,6,10,56
2025,2,8,8,classified,Finished,4,17,56
2025,2,9,9,classified,Finished,2,14,56
2025,2,10,10,classified,Finished,1,15,56
2025,2,11,11,classified,Finished,0,7,56
2025,2,12,12,classified,Finished,0,20,56
2025,2,13,13,classified,Finished,0,18,56
2025,2,14,14,classified,Lapped,0,19,55
2025,2,15,15,classified,Lapped,0,12,55
2025,2,16,16,classified,Lapped,0,9,55
2025,2,17,R,retired,Retired,0,13,4
2025,2,18,D,disqualified,Disqualified,0,6,0
2025,2,19,D,disqualified,Disqualified,0,5,0
2025,2,20,D,disqualified,Disqualified,0,16,0
2025,3,1,1,classified,Finished,25,1,53
2025,3,2,2,classified,Finished,18,2,53
2025,3,3,3,classified,Finished,15,3,53
2025,3,4,4,classified,Finished,12,4,53
2025,3,5,5,classified,Finished,10,5,53
2025,3,6,6,classified,Finished,8,6,53
2025,3,7,7,classified,Finished,6,8,53
2025,3,8,8,classified,Finished,4,7,53
2025,3,9,9,classified,Finished,2,9,53
2025,3,10,10,classified,Finished,1,10,53
2025,3,11,11,classified,Finished,0,12,53
2025,3,12,12,classified,Finished,0,14,53
2025,3,13,13,classified,Finished,0,11,53
2025,3,14,14,classified,Finished,0,15,53
2025,3,15,15,classified,Finished,0,19,53
2025,3,16,16,classified,Finished,0,16,53
2025,3,17,17,classified,Finished,0,13,53
2025,3,18,18,classified,Finished,0,18,53
2025,3,19,19,classified,Finished,0,17,53
2025,3,20,20,classified,Lapped,0,20,52
2025,4,1,1,classified,Finished,25,1,57
2025,4,2,2,classified,Finished,18,3,57
2025,4,3,3,classified,Finished,15,6,57
2025,4,4,4,classified,Finished,12,2,57
2025,4,5,5,classified,Finished,10,9,57
2025,4,6,6,classified,Finished,8,7,57
2025,4,7,7,classified,Finished,6,4,57
2025,4,8,8,classified,Finished,4,14,57
2025,4,9,9,classified,Finished,2,10,57
2025,4,10,10,classified,Finished,1,20,57
2025,4,11,11,classified,Finished,0,5,57
2025,4,12,12,classified,Finished,0,15,57
2025,4,13,13,classified,Finished,0,12,57
2025,4,14,14,classified,Finished,0,11,57
2025,4,15,15,classified,Finished,0,13,57
2025,4,16,16,classified,Finished,0,17,57
2025,4,17,17,classified,Finished,0,19,57
2025,4,18,18,classified,Finished,0,18,57
2025,4,19,R,retired,Retired,0,8,45
2025,4,20,D,disqualified,Disqualified,0,16,0
2025,5,1,1,classified,Finished,25,2,50
2025,5,2,2,classified,Finished,18,1,50
2025,5,3,3,classified,Finished,15,4,50
2025,5,4,4,classified,Finished,12,10,50
2025,5,5,5,classified,Finished,10,3,50
2025,5,6,6,classified,Finished,8,5,50
2025,5,7,7,classified,Finished,6,7,50
2025,5,8,8,classified,Finished,4,6,50
2025,5,9,9,classified,Finished,2,11,50
2025,5,10,10,classified,Finished,1,14,50
2025,5,11,11,classified,Finished,0,13,50
2025,5,12,12,classified,Finished,0,12,50
2025,5,13,13,classified,Finished,0,15,50
2025,5,14,14,classified,Finished,0,19,50
2025,5,15,15,classified,Lapped,0,18,49
2025,5,16,16,classified,Lapped,0,16,49
2025,5,17,17,classified,Lapped,0,17,49
2025,5,18,18,classified,Lapped,0,20,49
2025,5,19,R,retired,Retired,0,8,1
2025,5,20,R,retired,Retired,0,9,0
2025,6,1,1,classified,Finished,25,4,57
2025,6,2,2,classified,Finished,18,2,57
2025,6,3,3,classified,Finished,15,5,57
2025,6,4,4,classified,Finished,12,1,57
2025,6,5,5,classified,Finished,10,7,57
2025,6,6,6,classified,Finished,8,3,57
2025,6,7,7,classified,Finished,6,8,57
2025,6,8,8,classified,Finished,4,12,57
2025,6,9,9,classified,Finished,2,6,57
2025,6,10,10,classified,Finished,1,10,57
2025,6,11,11,classified,Finished,0,11,57
2025,6,12,12,classified,Finished,0,9,57
2025,6,13,13,classified,Finished,0,20,57
2025,6,14,14,classified,Lapped,0,16,56
2025,6,15,15,classified,Lapped,0,17,56
2025,6,16,16,classified,Lapped,0,18,56
2025,6,17,R,retired,Retired,0,15,36
2025,6,18,R,retired,Retired,0,13,30
2025,6,19,R,retired,Retired,0,19,27
2025,6,20,R,retired,Retired,0,14,0
2025,7,1,1,classified,Finished,25,2,63
2025,7,2,2,classified,Finished,18,4,63
2025,7,3,3,classified,Finished,15,1,63
2025,7,4,4,classified,Finished,12,12,63
2025,7,5,5,classified,Finished,10,7,63
2025,7,6,6,classified,Finished,8,11,63
2025,7,7,7,classified,Finished,6,3,63
2025,7,8,8,classified,Finished,4,6,63
2025,7,9,9,classified,Finished,2,9,63
2025,7,10,10,classified,Finished,1,20,63
2025,7,11,11,classified,Finished,0,5,63
2025,7,12,12,classified,Finished,0,17,63
2025,7,13,13,classified,Finished,0,10,63
2025,7,14,14,classified,Finished,0,15,63
2025,7,15,15,classified,Finished,0,8,63
2025,7,16,16,classified,Finished,0,16,63
2025,7,17,17,classified,Finished,0,19,63
2025,7,18,18,classified,Finished,0,14,63
2025,7,19,R,retired,Retired,0,13,44
2025,7,20,R,retired,Retired,0,18,27
2025,8,1,1,classified,Finished,25,1,78
2025,8,2,2,classified,Finished,18,2,78
2025,8,3,3,classified,Finished,15,3,78
2025,8,4,4,classified,Finished,12,4,78
2025,8,5,5,classified,Finished,10,7,78
2025,8,6,6,classified,Lapped,8,5,77
2025,8,7,7,classified,Lapped,6,8,77
2025,8,8,8,classified,Lapped,4,9,77
2025,8,9,9,classified,Lapped,2,10,76
2025,8,10,10,classified,Lapped,1,11,76
2025,8,11,11,classified,Lapped,0,14,76
2025,8,12,12,classified,Lapped,0,20,76
2025,8,13,13,classified,Lapped,0,18,76
2025,8,14,14,classified,Lapped,0,16,76
2025,8,15,15,classified,Lapped,0,19,76
2025,8,16,16,classified,Lapped,0,13,76
2025,8,17,17,classified,Lapped,0,12,76
2025,8,18,18,classified,Lapped,0,15,75
2025,8,19,R,retired,Retired,0,6,36
2025,8,20,R,retired,Retired,0,17,7
2025,9,1,1,classified,Finished,25,1,66
2025,9,2,2,classified,Finished,18,2,66
2025,9,3,3,classified,Finished,15,7,66
2025,9,4,4,classified,Finished,12,4,66
2025,9,5,5,classified,Finished,10,15,66
2025,9,6,6,classified,Finished,8,5,66
2025,9,7,7,classified,Finished,6,9,66
2025,9,8,8,classified,Finished,4,8,66
2025,9,9,9,classified,Finished,2,10,66
2025,9,10,10,classified,Finished,1,3,66
2025,9,11,11,classified,Finished,0,13,66
2025,9,12,12,classified,Finished,0,12,66
2025,9,13,13,classified,Finished,0,19,66
2025,9,14,14,classified,Finished,0,17,66
2025,9,15,15,classified,Finished,0,18,66
2025,9,16,16,classified,Finished,0,16,66
2025,9,17,17,classified,Finished,0,14,66
2025,9,18,R,retired,Retired,0,6,53
2025,9,19,R,retired,Retired,0,11,27
2025,10,1,1,classified,Finished,25,1,70
2025,10,2,2,classified,Finished,18,2,70
2025,10,3,3,classified,Finished,15,4,70
2025,10,4,4,classified,Finished,12,3,70
2025,10,5,5,classified,Finished,10,8,70
2025,10,6,6,classified,Finished,8,5,70
2025,10,7,7,classified,Finished,6,6,70
2025,10,8,8,classified,Finished,4,11,70
2025,10,9,9,classified,Lapped,2,14,69
2025,10,10,10,classified,Lapped,1,16,69
2025,10,11,11,classified,Lapped,0,13,69
2025,10,12,12,classified,Lapped,0,18,69
2025,10,13,13,classified,Lapped,0,10,69
2025,10,14,14,classified,Lapped,0,15,69
2025,10,15,15,classified,Lapped,0,20,69
2025,10,16,16,classified,Lapped,0,12,69
2025,10,17,17,classified,Lapped,0,17,69
2025,10,18,18,classified,Retired,0,7,66
2025,10,19,R,retired,Retired,0,19,53
2025,10,20,R,retired,Retired,0,9,46
2025,11,1,1,classified,Finished,25,1,70
2025,11,2,2,classified,Finished,18,3,70
2025,11,3,3,classified,Finished,15,2,70
2025,11,4,4,classified,Finished,12,4,70
2025,11,5,5,classified,Finished,10,5,70
2025,11,6,6,classified,Finished,8,6,70
2025,11,7,7,classified,Lapped,6,11,69
2025,11,8,8,classified,Lapped,4,8,69
2025,11,9,9,classified,Lapped,2,20,69
2025,11,10,10,classified,Lapped,1,17,69
2025,11,11,11,classified,Lapped,0,15,69
2025,11,12,12,classified,Lapped,0,13,69
2025,11,13,13,classified,Lapped,0,10,69
2025,11,14,14,classified,Lapped,0,16,69
2025,11,15,15,classified,Lapped,0,14,69
2025,11,16,16,classified,Lapped,0,18,68
2025,11,17,R,retired,Retired,0,12,15
2025,11,18,R,retired,Retired,0,7,0
2025,11,19,R,retired,Retired,0,9,0
2025,11,20,W,withdrawn,Did not start,0,19,0
2025,12,1,1,classified,Finished,25,3,52
2025,12,2,2,classified,Finished,18,2,52
2025,12,3,3,classified,Finished,15,19,52
2025,12,4,4,classified,Finished,12,5,52
2025,12,5,5,classified,Finished,10,1,52
2025,12,6,6,classified,Finished,8,8,52
2025,12,7,7,classified,Finished,6,17,52
2025,12,8,8,classified,Finished,4,13,52
2025,12,9,9,classified,Finished,2,7,52
2025,12,10,10,classified,Finished,1,4,52
2025,12,11,11,classified,Finished,0,18,52
2025,12,12,12,classified,Finished,0,9,52
2025,12,13,13,classified,Finished,0,14,52
2025,12,14,14,classified,Finished,0,6,52
2025,12,15,15,classified,Lapped,0,11,51
2025,12,16,R,retired,Retired,0,10,23
2025,12,17,R,retired,Retired,0,12,17
2025,12,18,R,retired,Retired,0,16,3
2025,12,19,R,retired,Retired,0,15,0
2025,12,20,W,withdrawn,Did not start,0,20,0
2025,13,1,1,classified,Finished,25,2,44
2025,13,2,2,classified,Finished,18,1,44
2025,13,3,3,classified,Finished,15,3,44
2025,13,4,4,classified,Finished,12,4,44
2025,13,5,5,classified,Finished,10,6,44
2025,13,6,6,classified,Finished,8,5,44
2025,13,7,7,classified,Finished,6,18,44
2025,13,8,8,classified,Finished,4,9,44
2025,13,9,9,classified,Finished,2,10,44
2025,13,10,10,classified,Finished,1,13,44
2025,13,11,11,classified,Finished,0,12,44
2025,13,12,12,classified,Finished,0,14,44
2025,13,13,13,classified,Finished,0,7,44
2025,13,14,14,classified,Finished,0,16,44
2025,13,15,15,classified,Finished,0,11,44
2025,13,16,16,classified,Finished,0,19,44
2025,13,17,17,classified,Finished,0,20,44
2025,13,18,18,classified,Finished,0,17,44
2025,13,19,19,classified,Finished,0,15,44
2025,13,20,20,classified,Lapped,0,8,43
2025,14,1,1,classified,Finished,25,3,70
2025,14,2,2,classified,Finished,18,2,70
2025,14,3,3,classified,Finished,15,4,70
2025,14,4,4,classified,Finished,12,1,70
2025,14,5,5,classified,Finished,10,5,70
2025,14,6,6,classified,Finished,8,7,70
2025,14,7,7,classified,Finished,6,6,70
2025,14,8,8,classified,Finished,4,9,70
2025,14,9,9,classified,Finished,2,8,70
2025,14,10,10,classified,Lapped,1,15,69
2025,14,11,11,classified,Lapped,0,10,69
2025,14,12,12,classified,Lapped,0,12,69
2025,14,13,13,classified,Lapped,0,18,69
2025,14,14,14,classified,Lapped,0,13,69
2025,14,15,15,classified,Lapped,0,19,69
2025,14,16,16,classified,Lapped,0,17,69
2025,14,17,17,classified,Lapped,0,20,69
2025,14,18,18,classified,Lapped,0,14,69
2025,14,19,19,classified,Lapped,0,16,69
2025,14,20,R,retired,Retired,0,11,48
2025,15,1,1,classified,Finished,25,1,72
2025,15,2,2,classified,Finished,18,3,72
2025,15,3,3,classified,Finished,15,4,72
2025,15,4,4,classified,Finished,12,5,72
2025,15,5,5,classified,Finished,10,15,72
2025,15,6,6,classified,Finished,8,20,72
2025,15,7,7,classified,Finished,6,19,72
2025,15,8,8,classified,Finished,4,10,72
2025,15,9,9,classified,Finished,2,12,72
2025,15,10,10,classified,Finished,1,18,72
2025,15,11,11,classified,Finished,0,16,72
2025,15,12,12,classified,Finished,0,8,72
2025,15,13,13,classified,Finished,0,9,72
2025,15,14,14,classified,Finished,0,17,72
2025,15,15,15,classified,Finished,0,13,72
2025,15,16,16,classified,Finished,0,11,72
2025,15,17,17,classified,Finished,0,14,72
2025,15,18,18,classified,Retired,0,2,64
2025,15,19,R,retired,Retired,0,6,52
2025,15,20,R,retired,Retired,0,7,22
2025,16,1,1,classified,Finished,25,1,53
2025,16,2,2,classified,Finished,18,2,53
2025,16,3,3,classified,Finished,15,3,53
2025,16,4,4,classified,Finished,12,4,53
2025,16,5,5,classified,Finished,10,5,53
2025,16,6,6,classified,Finished,8,10,53
2025,16,7,7,classified,Finished,6,14,53
2025,16,8,8,classified,Finished,4,7,53
2025,16,9,9,classified,Finished,2,6,53
2025,16,10,10,classified,Finished,1,19,53
2025,16,11,11,classified,Finished,0,13,53
2025,16,12,12,classified,Finished,0,11,53
2025,16,13,13,classified,Finished,0,9,53
2025,16,14,14,classified,Finished,0,18,53
2025,16,15,15,classified,Lapped,0,15,52
2025,16,16,16,classified,Lapped,0,20,52
2025,16,17,17,classified,Lapped,0,17,52
2025,16,18,18,classified,Lapped,0,16,52
2025,16,19,R,retired,Retired,0,8,24
2025,16,20,W,withdrawn,Did not start,0,12,0
2025,17,1,1,classified,Finished,25,1,51
2025,17,2,2,classified,Finished,18,5,51
2025,17,3,3,classified,Finished,15,2,51
2025,17,4,4,classified,Finished,12,4,51
2025,17,5,5,classified,Finished,10,3,51
2025,17,6,6,classified,Finished,8,6,51
2025,17,7,7,classified,Finished,6,7,51
2025,17,8,8,classified,Finished,4,12,51
2025,17,9,9,classified,Finished,2,10,51
2025,17,10,10,classified,Finished,1,8,51
2025,17,11,11,classified,Finished,0,13,51
2025,17,12,12,classified,Finished,0,15,51
2025,17,13,13,classified,Finished,0,19,51
2025,17,14,14,classified,Finished,0,20,51
2025,17,15,15,classified,Finished,0,11,51
2025,17,16,16,classified,Finished,0,17,51
2025,17,17,17,classified,Finished,0,14,51
2025,17,18,18,classified,Lapped,0,18,50
2025,17,19,19,classified,Lapped,0,16,50
2025,17,20,R,retired,Retired,0,9,0
2025,18,1,1,classified,Finished,25,1,62
2025,18,2,2,classified,Finished,18,2,62
2025,18,3,3,classified,Finished,15,5,62
2025,18,4,4,classified,Finished,12,3,62
2025,18,5,5,classified,Finished,10,4,62
2025,18,6,6,classified,Finished,8,7,62
2025,18,7,7,classified,Finished,6,10,62
2025,18,8,8,classified,Finished,4,6,62
2025,18,9,9,classified,Finished,2,9,62
2025,18,10,10,classified,Lapped,1,18,61
2025,18,11,11,classified,Lapped,0,8,61
2025,18,12,12,classified,Lapped,0,13,61
2025,18,13,13,classified,Lapped,0,15,61
2025,18,14,14,classified,Lapped,0,20,61
2025,18,15,15,classified,Lapped,0,12,61
2025,18,16,16,classified,Lapped,0,16,61
2025,18,17,17,classified,Lapped,0,14,61
2025,18,18,18,classified,Lapped,0,17,61
2025,18,19,19,classified,Lapped,0,19,61
2025,18,20,20,classified,Lapped,0,11,61
2025,19,1,1,classified,Finished,25,1,56
2025,19,2,2,classified,Finished,18,2,56
2025,19,3,3,classified,Finished,15,3,56
2025,19,4,4,classified,Finished,12,5,56
2025,19,5,5,classified,Finished,10,6,56
2025,19,6,6,classified,Finished,8,4,56
2025,19,7,7,classified,Finished,6,13,56
2025,19,8,8,classified,Finished,4,11,56
2025,19,9,9,classified,Finished,2,8,56
2025,19,10,10,classified,Finished,1,10,56
2025,19,11,11,classified,Finished,0,12,56
2025,19,12,12,classified,Finished,0,19,56
2025,19,13,13,classified,Finished,0,7,56
2025,19,14,14,classified,Finished,0,18,56
2025,19,15,15,classified,Finished,0,17,56
2025,19,16,16,classified,Finished,0,20,56
2025,19,17,17,classified,Lapped,0,15,55
2025,19,18,18,classified,Lapped,0,16,55
2025,19,19,19,classified,Lapped,0,14,55
2025,19,20,R,retired,Retired,0,9,5
2025,20,1,1,classified,Finished,25,1,71
2025,20,2,2,classified,Finished,18,2,71
2025,20,3,3,classified,Finished,15,5,71
2025,20,4,4,classified,Finished,12,9,71
2025,20,5,5,classified,Finished,10,7,71
2025,20,6,6,classified,Finished,8,6,71
2025,20,7,7,classified,Finished,6,4,71
2025,20,8,8,classified,Finished,4,3,71
2025,20,9,9,classified,Finished,2,11,71
2025,20,10,10,classified,Finished,1,16,71
2025,20,11,11,classified,Finished,0,10,71
2025,20,12,12,classified,Lapped,0,17,70
2025,20,13,13,classified,Lapped,0,8,70
2025,20,14,14,classified,Lapped,0,19,70
2025,20,15,15,classified,Lapped,0,18,70
2025,20,16,16,classified,Lapped,0,20,70
2025,20,17,17,classified,Retired,0,12,67
2025,20,18,R,retired,Retired,0,14,34
2025,20,19,R,retired,Retired,0,13,25
2025,20,20,R,retired,Retired,0,15,5
2025,21,1,1,classified,Finished,25,1,71
2025,21,2,2,classified,Finished,18,2,71
2025,21,3,3,classified,Finished,15,19,71
2025,21,4,4,classified,Finished,12,6,71
2025,21,5,5,classified,Finished,10,4,71
2025,21,6,6,classified,Finished,8,8,71
2025,21,7,7,classified,Finished,6,7,71
2025,21,8,8,classified,Finished,4,5,71
2025,21,9,9,classified,Finished,2,10,71
2025,21,10,10,classified,Finished,1,9,71
2025,21,11,11,classified,Finished,0,12,71
2025,21,12,12,classified,Finished,0,20,71
2025,21,13,13,classified,Finished,0,15,71
2025,21,14,14,classified,Finished,0,11,71
2025,21,15,15,classified,Finished,0,16,71
2025,21,16,16,classified,Finished,0,14,71
2025,21,17,17,classified,Finished,0,17,71
2025,21,18,R,retired,Retired,0,13,37
2025,21,19,R,retired,Retired,0,3,5
2025,21,20,R,retired,Retired,0,18,0
2025,22,1,1,classified,Finished,25,2,50
2025,22,2,2,classified,Finished,18,4,50
2025,22,3,3,classified,Finished,15,17,50
2025,22,4,4,classified,Finished,12,9,50
2025,22,5,5,classified,Finished,10,3,50
2025,22,6,6,classified,Finished,8,8,50
2025,22,7,7,classified,Finished,6,11,50
2025,22,8,8,classified,Finished,4,19,50
2025,22,9,9,classified,Finished,2,13,50
2025,22,10,10,classified,Finished,1,14,50
2025,22,11,11,classified,Finished,0,7,50
2025,22,12,12,classified,Finished,0,20,50
2025,22,13,13,classified,Finished,0,10,50
2025,22,14,14,classified,Lapped,0,6,49
2025,22,15,15,classified,Lapped,0,15,49
2025,22,16,R,retired,Retired,0,16,35
2025,22,17,R,retired,Retired,0,18,2
2025,22,18,R,retired,Retired,0,12,0
2025,22,19,D,disqualified,Disqualified,0,1,50
2025,22,20,D,disqualified,Disqualified,0,5,50
2025,23,1,1,classified,Finished,25,3,57
2025,23,2,2,classified,Finished,18,1,57
2025,23,3,3,classified,Finished,15,7,57
2025,23,4,4,classified,Finished,12,2,57
2025,23,5,5,classified,Finished,10,5,57
2025,23,6,6,classified,Finished,8,4,57
2025,23,7,7,classified,Finished,6,8,57
2025,23,8,8,classified,Finished,4,10,57
2025,23,9,9,classified,Finished,2,12,57
2025,23,10,10,classified,Finished,1,15,57
2025,23,11,11,classified,Finished,0,14,57
2025,23,12,12,classified,Finished,0,17,57
2025,23,13,13,classified,Finished,0,19,57
2025,23,14,14,classified,Lapped,0,20,56
2025,23,15,15,classified,Lapped,0,16,56
2025,23,16,16,classified,Lapped,0,9,56
2025,23,17,17,classified,Retired,0,18,55
2025,23,18,18,classified,Retired,0,6,55
2025,23,19,R,retired,Retired,0,13,41
2025,23,20,R,retired,Retired,0,11,6
2025,24,1,1,classified,Finished,25,1,58
2025,24,2,2,classified,Finished,18,3,58
2025,24,3,3,classified,Finished,15,2,58
2025,24,4,4,classified,Finished,12,5,58
2025,24,5,5,classified,Finished,10,4,58
2025,24,6,6,classified,Finished,8,6,58
2025,24,7,7,classified,Finished,6,8,58
2025,24,8,8,classified,Finished,4,16,58
2025,24,9,9,classified,Finished,2,18,58
2025,24,10,10,classified,Finished,1,15,58
2025,24,11,11,classified,Finished,0,7,58
2025,24,12,12,classified,Finished,0,11,58
2025,24,13,13,classified,Finished,0,12,58
2025,24,14,14,classified,Finished,0,10,58
2025,24,15,15,classified,Finished,0,14,58
2025,24,16,16,classified,Finished,0,17,58
2025,24,17,17,classified,Lapped,0,9,57
2025,24,18,18,classified,Lapped,0,13,57
2025,24,19,19,classified,Lapped,0,19,57
2025,24,20,20,classified,Lapped,0,20,57
